sim_id,file_path,record_id,earthquake_id,pga_g,scale_factor,struct_id,n_stories,T1_s,T2_s,material_type,yield_drift_ratio,peak_roof_disp_m,peak_roof_accel_g,max_interstory_drift_ratio,total_hysteretic_energy_J
0,data/simulations/mdof/sim_000000.npz,RSN0001_PGA_0p050g,RSN0001,0.05,0.3310179018338407,3S_T035,3,0.34999999999999987,0.1249135537622733,elastic,0.004,0.00030831393945519555,0.011491863674370426,4.7501422231376244e-05,0.029623839313532598
1,data/simulations/mdof/sim_000001.npz,RSN0001_PGA_0p050g,RSN0001,0.05,0.3310179018338407,3S_T035,3,0.34999999999999987,0.1249135537622733,bilinear,0.004,0.00030831393945519517,0.011491863674370412,4.7501422231376197e-05,0.029623839313532484
2,data/simulations/mdof/sim_000002.npz,RSN0001_PGA_0p050g,RSN0001,0.05,0.3310179018338407,3S_T035,3,0.34999999999999987,0.1249135537622733,bilinear,0.007,0.00030831393945519517,0.011491863674370412,4.7501422231376197e-05,0.029623839313532484
3,data/simulations/mdof/sim_000003.npz,RSN0001_PGA_0p050g,RSN0001,0.05,0.3310179018338407,3S_T060,3,0.6,0.21413752073532566,elastic,0.004,0.0012215959807996696,0.013588743930432443,0.0001655586602206639,0.18049029594015253
4,data/simulations/mdof/sim_000004.npz,RSN0001_PGA_0p050g,RSN0001,0.05,0.3310179018338407,3S_T060,3,0.6,0.21413752073532566,bilinear,0.004,0.0012215959807996687,0.013588743930432452,0.00016555866022066365,0.18049029594015226
5,data/simulations/mdof/sim_000005.npz,RSN0001_PGA_0p050g,RSN0001,0.05,0.3310179018338407,3S_T060,3,0.6,0.21413752073532566,bilinear,0.007,0.0012215959807996687,0.013588743930432452,0.00016555866022066365,0.18049029594015226
6,data/simulations/mdof/sim_000006.npz,RSN0001_PGA_0p050g,RSN0001,0.05,0.3310179018338407,3S_T090,3,0.9,0.32120628110298843,elastic,0.004,0.0022421615722093865,0.01576899015978075,0.0002873516143713332,0.3637990323725931
7,data/simulations/mdof/sim_000007.npz,RSN0001_PGA_0p050g,RSN0001,0.05,0.3310179018338407,3S_T090,3,0.9,0.32120628110298843,bilinear,0.004,0.0022421615722093835,0.015768990159780838,0.00028735161437133314,0.3637990323725922
8,data/simulations/mdof/sim_000008.npz,RSN0001_PGA_0p050g,RSN0001,0.05,0.3310179018338407,3S_T090,3,0.9,0.32120628110298843,bilinear,0.007,0.0022421615722093835,0.015768990159780838,0.00028735161437133314,0.3637990323725922
9,data/simulations/mdof/sim_000009.npz,RSN0001_PGA_0p050g,RSN0001,0.05,0.3310179018338407,5S_T055,5,0.5499999999999999,0.18842159912490059,elastic,0.004,0.0009696196888392927,0.013278249858877557,9.560485784930055e-05,0.17780134623897448
10,data/simulations/mdof/sim_000010.npz,RSN0001_PGA_0p050g,RSN0001,0.05,0.3310179018338407,5S_T055,5,0.5499999999999999,0.18842159912490059,bilinear,0.004,0.000969619688839294,0.01327824985887763,9.560485784930067e-05,0.17780134623897492
11,data/simulations/mdof/sim_000011.npz,RSN0001_PGA_0p050g,RSN0001,0.05,0.3310179018338407,5S_T055,5,0.5499999999999999,0.18842159912490059,bilinear,0.007,0.000969619688839294,0.01327824985887763,9.560485784930067e-05,0.17780134623897492
12,data/simulations/mdof/sim_000012.npz,RSN0001_PGA_0p050g,RSN0001,0.05,0.3310179018338407,5S_T085,5,0.8499999999999999,0.29119701682939186,elastic,0.004,0.002338148975315104,0.01724808135499702,0.00019246103517818632,0.4970273485961354
13,data/simulations/mdof/sim_000013.npz,RSN0001_PGA_0p050g,RSN0001,0.05,0.3310179018338407,5S_T085,5,0.8499999999999999,0.29119701682939186,bilinear,0.004,0.0023381489753151077,0.01724808135499701,0.00019246103517818694,0.49702734859613734
14,data/simulations/mdof/sim_000014.npz,RSN0001_PGA_0p050g,RSN0001,0.05,0.3310179018338407,5S_T085,5,0.8499999999999999,0.29119701682939186,bilinear,0.007,0.0023381489753151077,0.01724808135499701,0.00019246103517818694,0.49702734859613734
15,data/simulations/mdof/sim_000015.npz,RSN0001_PGA_0p050g,RSN0001,0.05,0.3310179018338407,5S_T120,5,1.2000000000000008,0.41110167081796517,elastic,0.004,0.0029051694047856984,0.012104385862186155,0.00023241786701684334,0.485379955061327
16,data/simulations/mdof/sim_000016.npz,RSN0001_PGA_0p050g,RSN0001,0.05,0.3310179018338407,5S_T120,5,1.2000000000000008,0.41110167081796517,bilinear,0.004,0.002905169404785695,0.012104385862186224,0.0002324178670168429,0.4853799550613272
17,data/simulations/mdof/sim_000017.npz,RSN0001_PGA_0p050g,RSN0001,0.05,0.3310179018338407,5S_T120,5,1.2000000000000008,0.41110167081796517,bilinear,0.007,0.002905169404785695,0.012104385862186224,0.0002324178670168429,0.4853799550613272
18,data/simulations/mdof/sim_000018.npz,RSN0001_PGA_0p100g,RSN0001,0.1,0.6620358036676814,3S_T035,3,0.34999999999999987,0.1249135537622733,elastic,0.004,0.0006166278789103911,0.02298372734874085,9.500284446275249e-05,0.11849535725413039
19,data/simulations/mdof/sim_000019.npz,RSN0001_PGA_0p100g,RSN0001,0.1,0.6620358036676814,3S_T035,3,0.34999999999999987,0.1249135537622733,bilinear,0.004,0.0006166278789103903,0.022983727348740823,9.500284446275239e-05,0.11849535725412993
20,data/simulations/mdof/sim_000020.npz,RSN0001_PGA_0p100g,RSN0001,0.1,0.6620358036676814,3S_T035,3,0.34999999999999987,0.1249135537622733,bilinear,0.007,0.0006166278789103903,0.022983727348740823,9.500284446275239e-05,0.11849535725412993
21,data/simulations/mdof/sim_000021.npz,RSN0001_PGA_0p100g,RSN0001,0.1,0.6620358036676814,3S_T060,3,0.6,0.21413752073532566,elastic,0.004,0.002443191961599339,0.027177487860864886,0.0003311173204413278,0.7219611837606101
22,data/simulations/mdof/sim_000022.npz,RSN0001_PGA_0p100g,RSN0001,0.1,0.6620358036676814,3S_T060,3,0.6,0.21413752073532566,bilinear,0.004,0.0024431919615993374,0.027177487860864904,0.0003311173204413273,0.721961183760609
23,data/simulations/mdof/sim_000023.npz,RSN0001_PGA_0p100g,RSN0001,0.1,0.6620358036676814,3S_T060,3,0.6,0.21413752073532566,bilinear,0.007,0.0024431919615993374,0.027177487860864904,0.0003311173204413273,0.721961183760609
24,data/simulations/mdof/sim_000024.npz,RSN0001_PGA_0p100g,RSN0001,0.1,0.6620358036676814,3S_T090,3,0.9,0.32120628110298843,elastic,0.004,0.004484323144418773,0.0315379803195615,0.0005747032287426664,1.4551961294903724
25,data/simulations/mdof/sim_000025.npz,RSN0001_PGA_0p100g,RSN0001,0.1,0.6620358036676814,3S_T090,3,0.9,0.32120628110298843,bilinear,0.004,0.004484323144418767,0.031537980319561676,0.0005747032287426663,1.4551961294903688
26,data/simulations/mdof/sim_000026.npz,RSN0001_PGA_0p100g,RSN0001,0.1,0.6620358036676814,3S_T090,3,0.9,0.32120628110298843,bilinear,0.007,0.004484323144418767,0.031537980319561676,0.0005747032287426663,1.4551961294903688
27,data/simulations/mdof/sim_000027.npz,RSN0001_PGA_0p100g,RSN0001,0.1,0.6620358036676814,5S_T055,5,0.5499999999999999,0.18842159912490059,elastic,0.004,0.0019392393776785854,0.026556499717755113,0.0001912097156986011,0.7112053849558979
28,data/simulations/mdof/sim_000028.npz,RSN0001_PGA_0p100g,RSN0001,0.1,0.6620358036676814,5S_T055,5,0.5499999999999999,0.18842159912490059,bilinear,0.004,0.001939239377678588,0.02655649971775526,0.00019120971569860134,0.7112053849558997
29,data/simulations/mdof/sim_000029.npz,RSN0001_PGA_0p100g,RSN0001,0.1,0.6620358036676814,5S_T055,5,0.5499999999999999,0.18842159912490059,bilinear,0.007,0.001939239377678588,0.02655649971775526,0.00019120971569860134,0.7112053849558997
30,data/simulations/mdof/sim_000030.npz,RSN0001_PGA_0p100g,RSN0001,0.1,0.6620358036676814,5S_T085,5,0.8499999999999999,0.29119701682939186,elastic,0.004,0.004676297950630208,0.03449616270999404,0.00038492207035637264,1.9881093943845416
31,data/simulations/mdof/sim_000031.npz,RSN0001_PGA_0p100g,RSN0001,0.1,0.6620358036676814,5S_T085,5,0.8499999999999999,0.29119701682939186,bilinear,0.004,0.0046762979506302154,0.03449616270999402,0.0003849220703563739,1.9881093943845494
32,data/simulations/mdof/sim_000032.npz,RSN0001_PGA_0p100g,RSN0001,0.1,0.6620358036676814,5S_T085,5,0.8499999999999999,0.29119701682939186,bilinear,0.007,0.0046762979506302154,0.03449616270999402,0.0003849220703563739,1.9881093943845494
33,data/simulations/mdof/sim_000033.npz,RSN0001_PGA_0p100g,RSN0001,0.1,0.6620358036676814,5S_T120,5,1.2000000000000008,0.41110167081796517,elastic,0.004,0.005810338809571397,0.02420877172437231,0.0004648357340336867,1.941519820245308
34,data/simulations/mdof/sim_000034.npz,RSN0001_PGA_0p100g,RSN0001,0.1,0.6620358036676814,5S_T120,5,1.2000000000000008,0.41110167081796517,bilinear,0.004,0.005810338809571402,0.02420877172437226,0.00046483573403368624,1.9415198202453077
35,data/simulations/mdof/sim_000035.npz,RSN0001_PGA_0p100g,RSN0001,0.1,0.6620358036676814,5S_T120,5,1.2000000000000008,0.41110167081796517,bilinear,0.007,0.005810338809571402,0.02420877172437226,0.00046483573403368624,1.9415198202453077
36,data/simulations/mdof/sim_000036.npz,RSN0001_PGA_0p200g,RSN0001,0.2,1.3240716073353629,3S_T035,3,0.34999999999999987,0.1249135537622733,elastic,0.004,0.0012332557578207822,0.0459674546974817,0.00019000568892550498,0.47398142901652157
37,data/simulations/mdof/sim_000037.npz,RSN0001_PGA_0p200g,RSN0001,0.2,1.3240716073353629,3S_T035,3,0.34999999999999987,0.1249135537622733,bilinear,0.004,0.0012332557578207807,0.04596745469748165,0.00019000568892550479,0.47398142901651974
38,data/simulations/mdof/sim_000038.npz,RSN0001_PGA_0p200g,RSN0001,0.2,1.3240716073353629,3S_T035,3,0.34999999999999987,0.1249135537622733,bilinear,0.007,0.0012332557578207807,0.04596745469748165,0.00019000568892550479,0.47398142901651974
39,data/simulations/mdof/sim_000039.npz,RSN0001_PGA_0p200g,RSN0001,0.2,1.3240716073353629,3S_T060,3,0.6,0.21413752073532566,elastic,0.004,0.004886383923198678,0.05435497572172977,0.0006622346408826556,2.8878447350424405
40,data/simulations/mdof/sim_000040.npz,RSN0001_PGA_0p200g,RSN0001,0.2,1.3240716073353629,3S_T060,3,0.6,0.21413752073532566,bilinear,0.004,0.004886383923198675,0.05435497572172981,0.0006622346408826546,2.887844735042436
41,data/simulations/mdof/sim_000041.npz,RSN0001_PGA_0p200g,RSN0001,0.2,1.3240716073353629,3S_T060,3,0.6,0.21413752073532566,bilinear,0.007,0.004886383923198675,0.05435497572172981,0.0006622346408826546,2.887844735042436
42,data/simulations/mdof/sim_000042.npz,RSN0001_PGA_0p200g,RSN0001,0.2,1.3240716073353629,3S_T090,3,0.9,0.32120628110298843,elastic,0.004,0.008968646288837546,0.063075960639123,0.0011494064574853328,5.820784517961489
43,data/simulations/mdof/sim_000043.npz,RSN0001_PGA_0p200g,RSN0001,0.2,1.3240716073353629,3S_T090,3,0.9,0.32120628110298843,bilinear,0.004,0.008968646288837534,0.06307596063912335,0.0011494064574853326,5.820784517961475
44,data/simulations/mdof/sim_000044.npz,RSN0001_PGA_0p200g,RSN0001,0.2,1.3240716073353629,3S_T090,3,0.9,0.32120628110298843,bilinear,0.007,0.008968646288837534,0.06307596063912335,0.0011494064574853326,5.820784517961475
45,data/simulations/mdof/sim_000045.npz,RSN0001_PGA_0p200g,RSN0001,0.2,1.3240716073353629,5S_T055,5,0.5499999999999999,0.18842159912490059,elastic,0.004,0.0038784787553571708,0.053112999435510226,0.0003824194313972022,2.8448215398235916
46,data/simulations/mdof/sim_000046.npz,RSN0001_PGA_0p200g,RSN0001,0.2,1.3240716073353629,5S_T055,5,0.5499999999999999,0.18842159912490059,bilinear,0.004,0.003878478755357176,0.05311299943551052,0.0003824194313972027,2.8448215398235988
47,data/simulations/mdof/sim_000047.npz,RSN0001_PGA_0p200g,RSN0001,0.2,1.3240716073353629,5S_T055,5,0.5499999999999999,0.18842159912490059,bilinear,0.007,0.003878478755357176,0.05311299943551052,0.0003824194313972027,2.8448215398235988
48,data/simulations/mdof/sim_000048.npz,RSN0001_PGA_0p200g,RSN0001,0.2,1.3240716073353629,5S_T085,5,0.8499999999999999,0.29119701682939186,elastic,0.004,0.009352595901260415,0.06899232541998808,0.0007698441407127453,7.952437577538166
49,data/simulations/mdof/sim_000049.npz,RSN0001_PGA_0p200g,RSN0001,0.2,1.3240716073353629,5S_T085,5,0.8499999999999999,0.29119701682939186,bilinear,0.004,0.009352595901260394,0.06899232541998808,0.0007698441407127447,7.952437577538139
50,data/simulations/mdof/sim_000050.npz,RSN0001_PGA_0p200g,RSN0001,0.2,1.3240716073353629,5S_T085,5,0.8499999999999999,0.29119701682939186,bilinear,0.007,0.009352595901260394,0.06899232541998808,0.0007698441407127447,7.952437577538139
51,data/simulations/mdof/sim_000051.npz,RSN0001_PGA_0p200g,RSN0001,0.2,1.3240716073353629,5S_T120,5,1.2000000000000008,0.41110167081796517,elastic,0.004,0.011620677619142794,0.04841754344874462,0.0009296714680673733,7.766079280981232
52,data/simulations/mdof/sim_000052.npz,RSN0001_PGA_0p200g,RSN0001,0.2,1.3240716073353629,5S_T120,5,1.2000000000000008,0.41110167081796517,bilinear,0.004,0.011620677619142804,0.04841754344874452,0.0009296714680673725,7.766079280981231
53,data/simulations/mdof/sim_000053.npz,RSN0001_PGA_0p200g,RSN0001,0.2,1.3240716073353629,5S_T120,5,1.2000000000000008,0.41110167081796517,bilinear,0.007,0.011620677619142804,0.04841754344874452,0.0009296714680673725,7.766079280981231
54,data/simulations/mdof/sim_000054.npz,RSN0001_PGA_0p300g,RSN0001,0.3,1.986107411003044,3S_T035,3,0.34999999999999987,0.1249135537622733,elastic,0.004,0.0018498836367311711,0.06895118204622247,0.000285008533388257,1.06645821528717
55,data/simulations/mdof/sim_000055.npz,RSN0001_PGA_0p300g,RSN0001,0.3,1.986107411003044,3S_T035,3,0.34999999999999987,0.1249135537622733,bilinear,0.004,0.001849883636731172,0.06895118204622255,0.0002850085333882572,1.0664582152871702
56,data/simulations/mdof/sim_000056.npz,RSN0001_PGA_0p300g,RSN0001,0.3,1.986107411003044,3S_T035,3,0.34999999999999987,0.1249135537622733,bilinear,0.007,0.001849883636731172,0.06895118204622255,0.0002850085333882572,1.0664582152871702
57,data/simulations/mdof/sim_000057.npz,RSN0001_PGA_0p300g,RSN0001,0.3,1.986107411003044,3S_T060,3,0.6,0.21413752073532566,elastic,0.004,0.007329575884798021,0.08153246358259454,0.0009933519613239826,6.497650653845496
58,data/simulations/mdof/sim_000058.npz,RSN0001_PGA_0p300g,RSN0001,0.3,1.986107411003044,3S_T060,3,0.6,0.21413752073532566,bilinear,0.004,0.007329575884798024,0.08153246358259461,0.0009933519613239843,6.497650653845506
59,data/simulations/mdof/sim_000059.npz,RSN0001_PGA_0p300g,RSN0001,0.3,1.986107411003044,3S_T060,3,0.6,0.21413752073532566,bilinear,0.007,0.007329575884798024,0.08153246358259461,0.0009933519613239843,6.497650653845506
60,data/simulations/mdof/sim_000060.npz,RSN0001_PGA_0p300g,RSN0001,0.3,1.986107411003044,3S_T090,3,0.9,0.32120628110298843,elastic,0.004,0.01345296943325628,0.09461394095868436,0.0017241096862279954,13.09676516541327
61,data/simulations/mdof/sim_000061.npz,RSN0001_PGA_0p300g,RSN0001,0.3,1.986107411003044,3S_T090,3,0.9,0.32120628110298843,bilinear,0.004,0.013452969433256284,0.09461394095868447,0.0017241096862279982,13.09676516541331
62,data/simulations/mdof/sim_000062.npz,RSN0001_PGA_0p300g,RSN0001,0.3,1.986107411003044,3S_T090,3,0.9,0.32120628110298843,bilinear,0.007,0.013452969433256284,0.09461394095868447,0.0017241096862279982,13.09676516541331
63,data/simulations/mdof/sim_000063.npz,RSN0001_PGA_0p300g,RSN0001,0.3,1.986107411003044,5S_T055,5,0.5499999999999999,0.18842159912490059,elastic,0.004,0.005817718133035769,0.07966949915326581,0.0005736291470958039,6.400848464603113
64,data/simulations/mdof/sim_000064.npz,RSN0001_PGA_0p300g,RSN0001,0.3,1.986107411003044,5S_T055,5,0.5499999999999999,0.18842159912490059,bilinear,0.004,0.005817718133035762,0.07966949915326611,0.0005736291470958033,6.400848464603098
65,data/simulations/mdof/sim_000065.npz,RSN0001_PGA_0p300g,RSN0001,0.3,1.986107411003044,5S_T055,5,0.5499999999999999,0.18842159912490059,bilinear,0.007,0.005817718133035762,0.07966949915326611,0.0005736291470958033,6.400848464603098
66,data/simulations/mdof/sim_000066.npz,RSN0001_PGA_0p300g,RSN0001,0.3,1.986107411003044,5S_T085,5,0.8499999999999999,0.29119701682939186,elastic,0.004,0.014028893851890632,0.10348848812998276,0.0011547662110691177,17.892984549460905
67,data/simulations/mdof/sim_000067.npz,RSN0001_PGA_0p300g,RSN0001,0.3,1.986107411003044,5S_T085,5,0.8499999999999999,0.29119701682939186,bilinear,0.004,0.014028893851890658,0.10348848812998244,0.0011547662110691216,17.89298454946095
68,data/simulations/mdof/sim_000068.npz,RSN0001_PGA_0p300g,RSN0001,0.3,1.986107411003044,5S_T085,5,0.8499999999999999,0.29119701682939186,bilinear,0.007,0.014028893851890658,0.10348848812998244,0.0011547662110691216,17.89298454946095
69,data/simulations/mdof/sim_000069.npz,RSN0001_PGA_0p300g,RSN0001,0.3,1.986107411003044,5S_T120,5,1.2000000000000008,0.41110167081796517,elastic,0.004,0.017431016428714148,0.07262631517311709,0.00139450720210106,17.473678382207716
70,data/simulations/mdof/sim_000070.npz,RSN0001_PGA_0p300g,RSN0001,0.3,1.986107411003044,5S_T120,5,1.2000000000000008,0.41110167081796517,bilinear,0.004,0.01743101642871418,0.07262631517311721,0.0013945072021010598,17.47367838220777
71,data/simulations/mdof/sim_000071.npz,RSN0001_PGA_0p300g,RSN0001,0.3,1.986107411003044,5S_T120,5,1.2000000000000008,0.41110167081796517,bilinear,0.007,0.01743101642871418,0.07262631517311721,0.0013945072021010598,17.47367838220777
72,data/simulations/mdof/sim_000072.npz,RSN0001_PGA_0p400g,RSN0001,0.4,2.6481432146707258,3S_T035,3,0.34999999999999987,0.1249135537622733,elastic,0.004,0.0024665115156415644,0.0919349093949634,0.00038001137785100995,1.8959257160660863
73,data/simulations/mdof/sim_000073.npz,RSN0001_PGA_0p400g,RSN0001,0.4,2.6481432146707258,3S_T035,3,0.34999999999999987,0.1249135537622733,bilinear,0.004,0.0024665115156415614,0.0919349093949633,0.00038001137785100957,1.895925716066079
74,data/simulations/mdof/sim_000074.npz,RSN0001_PGA_0p400g,RSN0001,0.4,2.6481432146707258,3S_T035,3,0.34999999999999987,0.1249135537622733,bilinear,0.007,0.0024665115156415614,0.0919349093949633,0.00038001137785100957,1.895925716066079
75,data/simulations/mdof/sim_000075.npz,RSN0001_PGA_0p400g,RSN0001,0.4,2.6481432146707258,3S_T060,3,0.6,0.21413752073532566,elastic,0.004,0.009772767846397357,0.10870995144345955,0.0013244692817653112,11.551378940169762
76,data/simulations/mdof/sim_000076.npz,RSN0001_PGA_0p400g,RSN0001,0.4,2.6481432146707258,3S_T060,3,0.6,0.21413752073532566,bilinear,0.004,0.00977276784639735,0.10870995144345962,0.0013244692817653092,11.551378940169744
77,data/simulations/mdof/sim_000077.npz,RSN0001_PGA_0p400g,RSN0001,0.4,2.6481432146707258,3S_T060,3,0.6,0.21413752073532566,bilinear,0.007,0.00977276784639735,0.10870995144345962,0.0013244692817653092,11.551378940169744
78,data/simulations/mdof/sim_000078.npz,RSN0001_PGA_0p400g,RSN0001,0.4,2.6481432146707258,3S_T090,3,0.9,0.32120628110298843,elastic,0.004,0.017937292577675092,0.126151921278246,0.0022988129149706655,23.283138071845958
79,data/simulations/mdof/sim_000079.npz,RSN0001_PGA_0p400g,RSN0001,0.4,2.6481432146707258,3S_T090,3,0.9,0.32120628110298843,bilinear,0.004,0.017937292577675068,0.1261519212782467,0.002298812914970665,23.2831380718459
80,data/simulations/mdof/sim_000080.npz,RSN0001_PGA_0p400g,RSN0001,0.4,2.6481432146707258,3S_T090,3,0.9,0.32120628110298843,bilinear,0.007,0.017937292577675068,0.1261519212782467,0.002298812914970665,23.2831380718459
81,data/simulations/mdof/sim_000081.npz,RSN0001_PGA_0p400g,RSN0001,0.4,2.6481432146707258,5S_T055,5,0.5499999999999999,0.18842159912490059,elastic,0.004,0.0077569575107143416,0.10622599887102045,0.0007648388627944044,11.379286159294367
82,data/simulations/mdof/sim_000082.npz,RSN0001_PGA_0p400g,RSN0001,0.4,2.6481432146707258,5S_T055,5,0.5499999999999999,0.18842159912490059,bilinear,0.004,0.007756957510714352,0.10622599887102104,0.0007648388627944054,11.379286159294395
83,data/simulations/mdof/sim_000083.npz,RSN0001_PGA_0p400g,RSN0001,0.4,2.6481432146707258,5S_T055,5,0.5499999999999999,0.18842159912490059,bilinear,0.007,0.007756957510714352,0.10622599887102104,0.0007648388627944054,11.379286159294395
84,data/simulations/mdof/sim_000084.npz,RSN0001_PGA_0p400g,RSN0001,0.4,2.6481432146707258,5S_T085,5,0.8499999999999999,0.29119701682939186,elastic,0.004,0.01870519180252083,0.13798465083997616,0.0015396882814254905,31.809750310152666
85,data/simulations/mdof/sim_000085.npz,RSN0001_PGA_0p400g,RSN0001,0.4,2.6481432146707258,5S_T085,5,0.8499999999999999,0.29119701682939186,bilinear,0.004,0.01870519180252079,0.13798465083997616,0.0015396882814254895,31.809750310152555
86,data/simulations/mdof/sim_000086.npz,RSN0001_PGA_0p400g,RSN0001,0.4,2.6481432146707258,5S_T085,5,0.8499999999999999,0.29119701682939186,bilinear,0.007,0.01870519180252079,0.13798465083997616,0.0015396882814254895,31.809750310152555
87,data/simulations/mdof/sim_000087.npz,RSN0001_PGA_0p400g,RSN0001,0.4,2.6481432146707258,5S_T120,5,1.2000000000000008,0.41110167081796517,elastic,0.004,0.023241355238285587,0.09683508689748924,0.0018593429361347467,31.064317123924926
88,data/simulations/mdof/sim_000088.npz,RSN0001_PGA_0p400g,RSN0001,0.4,2.6481432146707258,5S_T120,5,1.2000000000000008,0.41110167081796517,bilinear,0.004,0.023241355238285608,0.09683508689748904,0.001859342936134745,31.064317123924923
89,data/simulations/mdof/sim_000089.npz,RSN0001_PGA_0p400g,RSN0001,0.4,2.6481432146707258,5S_T120,5,1.2000000000000008,0.41110167081796517,bilinear,0.007,0.023241355238285608,0.09683508689748904,0.001859342936134745,31.064317123924923
90,data/simulations/mdof/sim_000090.npz,RSN0001_PGA_0p500g,RSN0001,0.5,3.310179018338407,3S_T035,3,0.34999999999999987,0.1249135537622733,elastic,0.004,0.003083139394551956,0.1149186367437043,0.00047501422231376235,2.962383931353258
91,data/simulations/mdof/sim_000091.npz,RSN0001_PGA_0p500g,RSN0001,0.5,3.310179018338407,3S_T035,3,0.34999999999999987,0.1249135537622733,bilinear,0.004,0.0030831393945519544,0.11491863674370409,0.00047501422231376197,2.962383931353253
92,data/simulations/mdof/sim_000092.npz,RSN0001_PGA_0p500g,RSN0001,0.5,3.310179018338407,3S_T035,3,0.34999999999999987,0.1249135537622733,bilinear,0.007,0.0030831393945519544,0.11491863674370409,0.00047501422231376197,2.962383931353253
93,data/simulations/mdof/sim_000093.npz,RSN0001_PGA_0p500g,RSN0001,0.5,3.310179018338407,3S_T060,3,0.6,0.21413752073532566,elastic,0.004,0.012215959807996696,0.13588743930432415,0.0016555866022066347,18.049029594015234
94,data/simulations/mdof/sim_000094.npz,RSN0001_PGA_0p500g,RSN0001,0.5,3.310179018338407,3S_T060,3,0.6,0.21413752073532566,bilinear,0.004,0.012215959807996692,0.1358874393043242,0.0016555866022066354,18.049029594015234
95,data/simulations/mdof/sim_000095.npz,RSN0001_PGA_0p500g,RSN0001,0.5,3.310179018338407,3S_T060,3,0.6,0.21413752073532566,bilinear,0.007,0.012215959807996692,0.1358874393043242,0.0016555866022066354,18.049029594015234
96,data/simulations/mdof/sim_000096.npz,RSN0001_PGA_0p500g,RSN0001,0.5,3.310179018338407,3S_T090,3,0.9,0.32120628110298843,elastic,0.004,0.022421615722093783,0.15768990159780738,0.0028735161437133286,36.37990323725914
97,data/simulations/mdof/sim_000097.npz,RSN0001_PGA_0p500g,RSN0001,0.5,3.310179018338407,3S_T090,3,0.9,0.32120628110298843,bilinear,0.004,0.02242161572209381,0.15768990159780746,0.0028735161437133286,36.37990323725915
98,data/simulations/mdof/sim_000098.npz,RSN0001_PGA_0p500g,RSN0001,0.5,3.310179018338407,3S_T090,3,0.9,0.32120628110298843,bilinear,0.007,0.02242161572209381,0.15768990159780746,0.0028735161437133286,36.37990323725915
99,data/simulations/mdof/sim_000099.npz,RSN0001_PGA_0p500g,RSN0001,0.5,3.310179018338407,5S_T055,5,0.5499999999999999,0.18842159912490059,elastic,0.004,0.00969619688839294,0.13278249858877622,0.0009560485784930064,17.780134623897506
100,data/simulations/mdof/sim_000100.npz,RSN0001_PGA_0p500g,RSN0001,0.5,3.310179018338407,5S_T055,5,0.5499999999999999,0.18842159912490059,bilinear,0.004,0.00969619688839294,0.1327824985887761,0.0009560485784930067,17.780134623897503
101,data/simulations/mdof/sim_000101.npz,RSN0001_PGA_0p500g,RSN0001,0.5,3.310179018338407,5S_T055,5,0.5499999999999999,0.18842159912490059,bilinear,0.007,0.00969619688839294,0.1327824985887761,0.0009560485784930067,17.780134623897503
102,data/simulations/mdof/sim_000102.npz,RSN0001_PGA_0p500g,RSN0001,0.5,3.310179018338407,5S_T085,5,0.8499999999999999,0.29119701682939186,elastic,0.004,0.02338148975315099,0.17248081354997,0.0019246103517818625,49.702734859613415
103,data/simulations/mdof/sim_000103.npz,RSN0001_PGA_0p500g,RSN0001,0.5,3.310179018338407,5S_T085,5,0.8499999999999999,0.29119701682939186,bilinear,0.004,0.02338148975315104,0.1724808135499704,0.0019246103517818612,49.70273485961352
104,data/simulations/mdof/sim_000104.npz,RSN0001_PGA_0p500g,RSN0001,0.5,3.310179018338407,5S_T085,5,0.8499999999999999,0.29119701682939186,bilinear,0.007,0.02338148975315104,0.1724808135499704,0.0019246103517818612,49.70273485961352
105,data/simulations/mdof/sim_000105.npz,RSN0001_PGA_0p500g,RSN0001,0.5,3.310179018338407,5S_T120,5,1.2000000000000008,0.41110167081796517,elastic,0.004,0.029051694047856923,0.12104385862186176,0.0023241786701684287,48.53799550613256
106,data/simulations/mdof/sim_000106.npz,RSN0001_PGA_0p500g,RSN0001,0.5,3.310179018338407,5S_T120,5,1.2000000000000008,0.41110167081796517,bilinear,0.004,0.02905169404785697,0.121043858621862,0.0023241786701684356,48.537995506132695
107,data/simulations/mdof/sim_000107.npz,RSN0001_PGA_0p500g,RSN0001,0.5,3.310179018338407,5S_T120,5,1.2000000000000008,0.41110167081796517,bilinear,0.007,0.02905169404785697,0.121043858621862,0.0023241786701684356,48.537995506132695
108,data/simulations/mdof/sim_000108.npz,RSN0001_PGA_0p600g,RSN0001,0.6,3.972214822006088,3S_T035,3,0.34999999999999987,0.1249135537622733,elastic,0.004,0.0036997672734623423,0.13790236409244494,0.000570017066776514,4.26583286114868
109,data/simulations/mdof/sim_000109.npz,RSN0001_PGA_0p600g,RSN0001,0.6,3.972214822006088,3S_T035,3,0.34999999999999987,0.1249135537622733,bilinear,0.004,0.003699767273462344,0.1379023640924451,0.0005700170667765144,4.265832861148681
110,data/simulations/mdof/sim_000110.npz,RSN0001_PGA_0p600g,RSN0001,0.6,3.972214822006088,3S_T035,3,0.34999999999999987,0.1249135537622733,bilinear,0.007,0.003699767273462344,0.1379023640924451,0.0005700170667765144,4.265832861148681
111,data/simulations/mdof/sim_000111.npz,RSN0001_PGA_0p600g,RSN0001,0.6,3.972214822006088,3S_T060,3,0.6,0.21413752073532566,elastic,0.004,0.014659151769596042,0.16306492716518908,0.0019867039226479652,25.990602615381984
112,data/simulations/mdof/sim_000112.npz,RSN0001_PGA_0p600g,RSN0001,0.6,3.972214822006088,3S_T060,3,0.6,0.21413752073532566,bilinear,0.004,0.014659151769596049,0.16306492716518922,0.0019867039226479687,25.990602615382024
113,data/simulations/mdof/sim_000113.npz,RSN0001_PGA_0p600g,RSN0001,0.6,3.972214822006088,3S_T060,3,0.6,0.21413752073532566,bilinear,0.007,0.014659151769596049,0.16306492716518922,0.0019867039226479687,25.990602615382024
114,data/simulations/mdof/sim_000114.npz,RSN0001_PGA_0p600g,RSN0001,0.6,3.972214822006088,3S_T090,3,0.9,0.32120628110298843,elastic,0.004,0.02690593886651256,0.18922788191736872,0.0034482193724559907,52.38706066165308
115,data/simulations/mdof/sim_000115.npz,RSN0001_PGA_0p600g,RSN0001,0.6,3.972214822006088,3S_T090,3,0.9,0.32120628110298843,bilinear,0.004,0.026905938866512567,0.18922788191736895,0.0034482193724559964,52.38706066165324
116,data/simulations/mdof/sim_000116.npz,RSN0001_PGA_0p600g,RSN0001,0.6,3.972214822006088,3S_T090,3,0.9,0.32120628110298843,bilinear,0.007,0.026905938866512567,0.18922788191736895,0.0034482193724559964,52.38706066165324
117,data/simulations/mdof/sim_000117.npz,RSN0001_PGA_0p600g,RSN0001,0.6,3.972214822006088,5S_T055,5,0.5499999999999999,0.18842159912490059,elastic,0.004,0.011635436266071539,0.15933899830653162,0.0011472582941916079,25.603393858412453
118,data/simulations/mdof/sim_000118.npz,RSN0001_PGA_0p600g,RSN0001,0.6,3.972214822006088,5S_T055,5,0.5499999999999999,0.18842159912490059,bilinear,0.004,0.011635436266071523,0.15933899830653223,0.0011472582941916066,25.603393858412392
119,data/simulations/mdof/sim_000119.npz,RSN0001_PGA_0p600g,RSN0001,0.6,3.972214822006088,5S_T055,5,0.5499999999999999,0.18842159912490059,bilinear,0.007,0.011635436266071523,0.15933899830653223,0.0011472582941916066,25.603393858412392
120,data/simulations/mdof/sim_000120.npz,RSN0001_PGA_0p600g,RSN0001,0.6,3.972214822006088,5S_T085,5,0.8499999999999999,0.29119701682939186,elastic,0.004,0.028057787703781263,0.20697697625996553,0.0023095324221382354,71.57193819784362
121,data/simulations/mdof/sim_000121.npz,RSN0001_PGA_0p600g,RSN0001,0.6,3.972214822006088,5S_T085,5,0.8499999999999999,0.29119701682939186,bilinear,0.004,0.028057787703781315,0.2069769762599649,0.002309532422138243,71.5719381978438
122,data/simulations/mdof/sim_000122.npz,RSN0001_PGA_0p600g,RSN0001,0.6,3.972214822006088,5S_T085,5,0.8499999999999999,0.29119701682939186,bilinear,0.007,0.028057787703781315,0.2069769762599649,0.002309532422138243,71.5719381978438
123,data/simulations/mdof/sim_000123.npz,RSN0001_PGA_0p600g,RSN0001,0.6,3.972214822006088,5S_T120,5,1.2000000000000008,0.41110167081796517,elastic,0.004,0.034862032857428296,0.14525263034623417,0.00278901440420212,69.89471352883086
124,data/simulations/mdof/sim_000124.npz,RSN0001_PGA_0p600g,RSN0001,0.6,3.972214822006088,5S_T120,5,1.2000000000000008,0.41110167081796517,bilinear,0.004,0.03486203285742836,0.14525263034623442,0.0027890144042021195,69.89471352883108
125,data/simulations/mdof/sim_000125.npz,RSN0001_PGA_0p600g,RSN0001,0.6,3.972214822006088,5S_T120,5,1.2000000000000008,0.41110167081796517,bilinear,0.007,0.03486203285742836,0.14525263034623442,0.0027890144042021195,69.89471352883108
126,data/simulations/mdof/sim_000126.npz,RSN0001_PGA_0p800g,RSN0001,0.8,5.2962864293414516,3S_T035,3,0.34999999999999987,0.1249135537622733,elastic,0.004,0.004933023031283129,0.1838698187899268,0.0007600227557020199,7.583702864264345
127,data/simulations/mdof/sim_000127.npz,RSN0001_PGA_0p800g,RSN0001,0.8,5.2962864293414516,3S_T035,3,0.34999999999999987,0.1249135537622733,bilinear,0.004,0.004933023031283123,0.1838698187899266,0.0007600227557020191,7.583702864264316
128,data/simulations/mdof/sim_000128.npz,RSN0001_PGA_0p800g,RSN0001,0.8,5.2962864293414516,3S_T035,3,0.34999999999999987,0.1249135537622733,bilinear,0.007,0.004933023031283123,0.1838698187899266,0.0007600227557020191,7.583702864264316
129,data/simulations/mdof/sim_000129.npz,RSN0001_PGA_0p800g,RSN0001,0.8,5.2962864293414516,3S_T060,3,0.6,0.21413752073532566,elastic,0.004,0.019545535692794713,0.2174199028869191,0.0026489385635306223,46.20551576067905
130,data/simulations/mdof/sim_000130.npz,RSN0001_PGA_0p800g,RSN0001,0.8,5.2962864293414516,3S_T060,3,0.6,0.21413752073532566,bilinear,0.004,0.0195455356927947,0.21741990288691923,0.0026489385635306184,46.20551576067898
131,data/simulations/mdof/sim_000131.npz,RSN0001_PGA_0p800g,RSN0001,0.8,5.2962864293414516,3S_T060,3,0.6,0.21413752073532566,bilinear,0.007,0.0195455356927947,0.21741990288691923,0.0026489385635306184,46.20551576067898
132,data/simulations/mdof/sim_000132.npz,RSN0001_PGA_0p800g,RSN0001,0.8,5.2962864293414516,3S_T090,3,0.9,0.32120628110298843,elastic,0.004,0.035874585155350185,0.252303842556492,0.004597625829941331,93.13255228738383
133,data/simulations/mdof/sim_000133.npz,RSN0001_PGA_0p800g,RSN0001,0.8,5.2962864293414516,3S_T090,3,0.9,0.32120628110298843,bilinear,0.004,0.03554525288490965,0.24155431577225933,0.0048893052965519835,92.05724809919917
134,data/simulations/mdof/sim_000134.npz,RSN0001_PGA_0p800g,RSN0001,0.8,5.2962864293414516,3S_T090,3,0.9,0.32120628110298843,bilinear,0.007,0.035874585155350136,0.2523038425564934,0.00459762582994133,93.1325522873836
135,data/simulations/mdof/sim_000135.npz,RSN0001_PGA_0p800g,RSN0001,0.8,5.2962864293414516,5S_T055,5,0.5499999999999999,0.18842159912490059,elastic,0.004,0.015513915021428683,0.2124519977420409,0.0015296777255888088,45.517144637177466
136,data/simulations/mdof/sim_000136.npz,RSN0001_PGA_0p800g,RSN0001,0.8,5.2962864293414516,5S_T055,5,0.5499999999999999,0.18842159912490059,bilinear,0.004,0.015513915021428704,0.21245199774204207,0.0015296777255888107,45.51714463717758
137,data/simulations/mdof/sim_000137.npz,RSN0001_PGA_0p800g,RSN0001,0.8,5.2962864293414516,5S_T055,5,0.5499999999999999,0.18842159912490059,bilinear,0.007,0.015513915021428704,0.21245199774204207,0.0015296777255888107,45.51714463717758
138,data/simulations/mdof/sim_000138.npz,RSN0001_PGA_0p800g,RSN0001,0.8,5.2962864293414516,5S_T085,5,0.8499999999999999,0.29119701682939186,elastic,0.004,0.03741038360504166,0.2759693016799523,0.003079376562850981,127.23900124061066
139,data/simulations/mdof/sim_000139.npz,RSN0001_PGA_0p800g,RSN0001,0.8,5.2962864293414516,5S_T085,5,0.8499999999999999,0.29119701682939186,bilinear,0.004,0.03741038360504158,0.2759693016799523,0.003079376562850979,127.23900124061022
140,data/simulations/mdof/sim_000140.npz,RSN0001_PGA_0p800g,RSN0001,0.8,5.2962864293414516,5S_T085,5,0.8499999999999999,0.29119701682939186,bilinear,0.007,0.03741038360504158,0.2759693016799523,0.003079376562850979,127.23900124061022
141,data/simulations/mdof/sim_000141.npz,RSN0001_PGA_0p800g,RSN0001,0.8,5.2962864293414516,5S_T120,5,1.2000000000000008,0.41110167081796517,elastic,0.004,0.046482710476571175,0.19367017379497847,0.0037186858722694934,124.2572684956997
142,data/simulations/mdof/sim_000142.npz,RSN0001_PGA_0p800g,RSN0001,0.8,5.2962864293414516,5S_T120,5,1.2000000000000008,0.41110167081796517,bilinear,0.004,0.046482710476571217,0.19367017379497808,0.00371868587226949,124.25726849569969
143,data/simulations/mdof/sim_000143.npz,RSN0001_PGA_0p800g,RSN0001,0.8,5.2962864293414516,5S_T120,5,1.2000000000000008,0.41110167081796517,bilinear,0.007,0.046482710476571217,0.19367017379497808,0.00371868587226949,124.25726849569969
144,data/simulations/mdof/sim_000144.npz,RSN0001_PGA_1p000g,RSN0001,1.0,6.620358036676814,3S_T035,3,0.34999999999999987,0.1249135537622733,elastic,0.004,0.006166278789103912,0.2298372734874086,0.0009500284446275247,11.849535725413032
145,data/simulations/mdof/sim_000145.npz,RSN0001_PGA_1p000g,RSN0001,1.0,6.620358036676814,3S_T035,3,0.34999999999999987,0.1249135537622733,bilinear,0.004,0.006166278789103909,0.22983727348740818,0.0009500284446275239,11.849535725413013
146,data/simulations/mdof/sim_000146.npz,RSN0001_PGA_1p000g,RSN0001,1.0,6.620358036676814,3S_T035,3,0.34999999999999987,0.1249135537622733,bilinear,0.007,0.006166278789103909,0.22983727348740818,0.0009500284446275239,11.849535725413013
147,data/simulations/mdof/sim_000147.npz,RSN0001_PGA_1p000g,RSN0001,1.0,6.620358036676814,3S_T060,3,0.6,0.21413752073532566,elastic,0.004,0.02443191961599339,0.2717748786086483,0.0033111732044132695,72.19611837606094
148,data/simulations/mdof/sim_000148.npz,RSN0001_PGA_1p000g,RSN0001,1.0,6.620358036676814,3S_T060,3,0.6,0.21413752073532566,bilinear,0.004,0.024431919615993385,0.2717748786086484,0.0033111732044132708,72.19611837606094
149,data/simulations/mdof/sim_000149.npz,RSN0001_PGA_1p000g,RSN0001,1.0,6.620358036676814,3S_T060,3,0.6,0.21413752073532566,bilinear,0.007,0.024431919615993385,0.2717748786086484,0.0033111732044132708,72.19611837606094
150,data/simulations/mdof/sim_000150.npz,RSN0001_PGA_1p000g,RSN0001,1.0,6.620358036676814,3S_T090,3,0.9,0.32120628110298843,elastic,0.004,0.044843231444187566,0.31537980319561476,0.005747032287426657,145.51961294903657
151,data/simulations/mdof/sim_000151.npz,RSN0001_PGA_1p000g,RSN0001,1.0,6.620358036676814,3S_T090,3,0.9,0.32120628110298843,bilinear,0.004,0.04698059703305122,0.2763180738591878,0.00786497664578026,155.9865487393379
152,data/simulations/mdof/sim_000152.npz,RSN0001_PGA_1p000g,RSN0001,1.0,6.620358036676814,3S_T090,3,0.9,0.32120628110298843,bilinear,0.007,0.04484323144418762,0.3153798031956149,0.005747032287426657,145.5196129490366
153,data/simulations/mdof/sim_000153.npz,RSN0001_PGA_1p000g,RSN0001,1.0,6.620358036676814,5S_T055,5,0.5499999999999999,0.18842159912490059,elastic,0.004,0.01939239377678588,0.26556499717755244,0.0019120971569860127,71.12053849559003
154,data/simulations/mdof/sim_000154.npz,RSN0001_PGA_1p000g,RSN0001,1.0,6.620358036676814,5S_T055,5,0.5499999999999999,0.18842159912490059,bilinear,0.004,0.01939239377678588,0.2655649971775522,0.0019120971569860134,71.12053849559001
155,data/simulations/mdof/sim_000155.npz,RSN0001_PGA_1p000g,RSN0001,1.0,6.620358036676814,5S_T055,5,0.5499999999999999,0.18842159912490059,bilinear,0.007,0.01939239377678588,0.2655649971775522,0.0019120971569860134,71.12053849559001
156,data/simulations/mdof/sim_000156.npz,RSN0001_PGA_1p000g,RSN0001,1.0,6.620358036676814,5S_T085,5,0.8499999999999999,0.29119701682939186,elastic,0.004,0.04676297950630198,0.34496162709994,0.003849220703563725,198.81093943845366
157,data/simulations/mdof/sim_000157.npz,RSN0001_PGA_1p000g,RSN0001,1.0,6.620358036676814,5S_T085,5,0.8499999999999999,0.29119701682939186,bilinear,0.004,0.04676297950630208,0.3449616270999408,0.0038492207035637225,198.81093943845408
158,data/simulations/mdof/sim_000158.npz,RSN0001_PGA_1p000g,RSN0001,1.0,6.620358036676814,5S_T085,5,0.8499999999999999,0.29119701682939186,bilinear,0.007,0.04676297950630208,0.3449616270999408,0.0038492207035637225,198.81093943845408
159,data/simulations/mdof/sim_000159.npz,RSN0001_PGA_1p000g,RSN0001,1.0,6.620358036676814,5S_T120,5,1.2000000000000008,0.41110167081796517,elastic,0.004,0.058103388095713845,0.24208771724372352,0.004648357340336857,194.15198202453024
160,data/simulations/mdof/sim_000160.npz,RSN0001_PGA_1p000g,RSN0001,1.0,6.620358036676814,5S_T120,5,1.2000000000000008,0.41110167081796517,bilinear,0.004,0.054984376735915316,0.242087717243724,0.00511584972738102,194.70138873842035
161,data/simulations/mdof/sim_000161.npz,RSN0001_PGA_1p000g,RSN0001,1.0,6.620358036676814,5S_T120,5,1.2000000000000008,0.41110167081796517,bilinear,0.007,0.05810338809571394,0.242087717243724,0.004648357340336871,194.15198202453078
162,data/simulations/mdof/sim_000162.npz,RSN0001_PGA_1p200g,RSN0001,1.2,7.944429644012176,3S_T035,3,0.34999999999999987,0.1249135537622733,elastic,0.004,0.0073995345469246845,0.2758047281848899,0.001140034133553028,17.06333144459472
163,data/simulations/mdof/sim_000163.npz,RSN0001_PGA_1p200g,RSN0001,1.2,7.944429644012176,3S_T035,3,0.34999999999999987,0.1249135537622733,bilinear,0.004,0.007399534546924688,0.2758047281848902,0.0011400341335530287,17.063331444594724
164,data/simulations/mdof/sim_000164.npz,RSN0001_PGA_1p200g,RSN0001,1.2,7.944429644012176,3S_T035,3,0.34999999999999987,0.1249135537622733,bilinear,0.007,0.007399534546924688,0.2758047281848902,0.0011400341335530287,17.063331444594724
165,data/simulations/mdof/sim_000165.npz,RSN0001_PGA_1p200g,RSN0001,1.2,7.944429644012176,3S_T060,3,0.6,0.21413752073532566,elastic,0.004,0.029318303539192084,0.32612985433037817,0.0039734078452959305,103.96241046152794
166,data/simulations/mdof/sim_000166.npz,RSN0001_PGA_1p200g,RSN0001,1.2,7.944429644012176,3S_T060,3,0.6,0.21413752073532566,bilinear,0.004,0.029318303539192098,0.32612985433037844,0.003973407845295937,103.9624104615281
167,data/simulations/mdof/sim_000167.npz,RSN0001_PGA_1p200g,RSN0001,1.2,7.944429644012176,3S_T060,3,0.6,0.21413752073532566,bilinear,0.007,0.029318303539192098,0.32612985433037844,0.003973407845295937,103.9624104615281
168,data/simulations/mdof/sim_000168.npz,RSN0001_PGA_1p200g,RSN0001,1.2,7.944429644012176,3S_T090,3,0.9,0.32120628110298843,elastic,0.004,0.05381187773302512,0.37845576383473745,0.0068964387449119815,209.54824264661232
169,data/simulations/mdof/sim_000169.npz,RSN0001_PGA_1p200g,RSN0001,1.2,7.944429644012176,3S_T090,3,0.9,0.32120628110298843,bilinear,0.004,0.05700832583093237,0.30602211248332833,0.010569277714559842,245.2233446521328
170,data/simulations/mdof/sim_000170.npz,RSN0001_PGA_1p200g,RSN0001,1.2,7.944429644012176,3S_T090,3,0.9,0.32120628110298843,bilinear,0.007,0.053811877733025135,0.3784557638347379,0.006896438744911993,209.54824264661295
171,data/simulations/mdof/sim_000171.npz,RSN0001_PGA_1p200g,RSN0001,1.2,7.944429644012176,5S_T055,5,0.5499999999999999,0.18842159912490059,elastic,0.004,0.023270872532143078,0.31867799661306323,0.0022945165883832158,102.41357543364981
172,data/simulations/mdof/sim_000172.npz,RSN0001_PGA_1p200g,RSN0001,1.2,7.944429644012176,5S_T055,5,0.5499999999999999,0.18842159912490059,bilinear,0.004,0.023270872532143046,0.31867799661306445,0.002294516588383213,102.41357543364957
173,data/simulations/mdof/sim_000173.npz,RSN0001_PGA_1p200g,RSN0001,1.2,7.944429644012176,5S_T055,5,0.5499999999999999,0.18842159912490059,bilinear,0.007,0.023270872532143046,0.31867799661306445,0.002294516588383213,102.41357543364957
174,data/simulations/mdof/sim_000174.npz,RSN0001_PGA_1p200g,RSN0001,1.2,7.944429644012176,5S_T085,5,0.8499999999999999,0.29119701682939186,elastic,0.004,0.056115575407562526,0.41395395251993106,0.004619064844276471,286.2877527913745
175,data/simulations/mdof/sim_000175.npz,RSN0001_PGA_1p200g,RSN0001,1.2,7.944429644012176,5S_T085,5,0.8499999999999999,0.29119701682939186,bilinear,0.004,0.051492175230687214,0.4266708160822358,0.004830729855379751,289.71840561349967
176,data/simulations/mdof/sim_000176.npz,RSN0001_PGA_1p200g,RSN0001,1.2,7.944429644012176,5S_T085,5,0.8499999999999999,0.29119701682939186,bilinear,0.007,0.05611557540756263,0.4139539525199298,0.004619064844276486,286.2877527913752
177,data/simulations/mdof/sim_000177.npz,RSN0001_PGA_1p200g,RSN0001,1.2,7.944429644012176,5S_T120,5,1.2000000000000008,0.41110167081796517,elastic,0.004,0.06972406571485659,0.29050526069246835,0.00557802880840424,279.57885411532345
178,data/simulations/mdof/sim_000178.npz,RSN0001_PGA_1p200g,RSN0001,1.2,7.944429644012176,5S_T120,5,1.2000000000000008,0.41110167081796517,bilinear,0.004,0.062303084530895565,0.2964197707604754,0.006525438288168802,283.8595624316031
179,data/simulations/mdof/sim_000179.npz,RSN0001_PGA_1p200g,RSN0001,1.2,7.944429644012176,5S_T120,5,1.2000000000000008,0.41110167081796517,bilinear,0.007,0.06972406571485666,0.29050526069246874,0.005578028808404234,279.57885411532357
180,data/simulations/mdof/sim_000180.npz,RSN0002_PGA_0p050g,RSN0002,0.05,0.4090844771539869,3S_T035,3,0.34999999999999987,0.1249135537622733,elastic,0.004,0.00044688494890353895,0.01729695402909509,6.635837327102291e-05,0.06121494367909286
181,data/simulations/mdof/sim_000181.npz,RSN0002_PGA_0p050g,RSN0002,0.05,0.4090844771539869,3S_T035,3,0.34999999999999987,0.1249135537622733,bilinear,0.004,0.0004468849489035395,0.01729695402909509,6.635837327102295e-05,0.06121494367909302
182,data/simulations/mdof/sim_000182.npz,RSN0002_PGA_0p050g,RSN0002,0.05,0.4090844771539869,3S_T035,3,0.34999999999999987,0.1249135537622733,bilinear,0.007,0.0004468849489035395,0.01729695402909509,6.635837327102295e-05,0.06121494367909302
183,data/simulations/mdof/sim_000183.npz,RSN0002_PGA_0p050g,RSN0002,0.05,0.4090844771539869,3S_T060,3,0.6,0.21413752073532566,elastic,0.004,0.0006963790948103672,0.008142292243039816,0.00010779702709374824,0.0671050608606347
184,data/simulations/mdof/sim_000184.npz,RSN0002_PGA_0p050g,RSN0002,0.05,0.4090844771539869,3S_T060,3,0.6,0.21413752073532566,bilinear,0.004,0.0006963790948103675,0.008142292243039835,0.00010779702709374834,0.06710506086063478
185,data/simulations/mdof/sim_000185.npz,RSN0002_PGA_0p050g,RSN0002,0.05,0.4090844771539869,3S_T060,3,0.6,0.21413752073532566,bilinear,0.007,0.0006963790948103675,0.008142292243039835,0.00010779702709374834,0.06710506086063478
186,data/simulations/mdof/sim_000186.npz,RSN0002_PGA_0p050g,RSN0002,0.05,0.4090844771539869,3S_T090,3,0.9,0.32120628110298843,elastic,0.004,0.0013494783744390148,0.008559059751345207,0.00015847434212558825,0.12062020461255357
187,data/simulations/mdof/sim_000187.npz,RSN0002_PGA_0p050g,RSN0002,0.05,0.4090844771539869,3S_T090,3,0.9,0.32120628110298843,bilinear,0.004,0.0013494783744390174,0.008559059751345214,0.00015847434212558855,0.12062020461255411
188,data/simulations/mdof/sim_000188.npz,RSN0002_PGA_0p050g,RSN0002,0.05,0.4090844771539869,3S_T090,3,0.9,0.32120628110298843,bilinear,0.007,0.0013494783744390174,0.008559059751345214,0.00015847434212558855,0.12062020461255411
189,data/simulations/mdof/sim_000189.npz,RSN0002_PGA_0p050g,RSN0002,0.05,0.4090844771539869,5S_T055,5,0.5499999999999999,0.18842159912490059,elastic,0.004,0.0004928848855673795,0.008569796403148637,5.033804533944873e-05,0.05225359547259185
190,data/simulations/mdof/sim_000190.npz,RSN0002_PGA_0p050g,RSN0002,0.05,0.4090844771539869,5S_T055,5,0.5499999999999999,0.18842159912490059,bilinear,0.004,0.0004928848855673795,0.008569796403148639,5.033804533944865e-05,0.052253595472591854
191,data/simulations/mdof/sim_000191.npz,RSN0002_PGA_0p050g,RSN0002,0.05,0.4090844771539869,5S_T055,5,0.5499999999999999,0.18842159912490059,bilinear,0.007,0.0004928848855673795,0.008569796403148639,5.033804533944865e-05,0.052253595472591854
192,data/simulations/mdof/sim_000192.npz,RSN0002_PGA_0p050g,RSN0002,0.05,0.4090844771539869,5S_T085,5,0.8499999999999999,0.29119701682939186,elastic,0.004,0.0014616641346621216,0.011587522870767801,0.00013364562035904332,0.2167500864887969
193,data/simulations/mdof/sim_000193.npz,RSN0002_PGA_0p050g,RSN0002,0.05,0.4090844771539869,5S_T085,5,0.8499999999999999,0.29119701682939186,bilinear,0.004,0.001461664134662124,0.011587522870767798,0.0001336456203590433,0.21675008648879676
194,data/simulations/mdof/sim_000194.npz,RSN0002_PGA_0p050g,RSN0002,0.05,0.4090844771539869,5S_T085,5,0.8499999999999999,0.29119701682939186,bilinear,0.007,0.001461664134662124,0.011587522870767798,0.0001336456203590433,0.21675008648879676
195,data/simulations/mdof/sim_000195.npz,RSN0002_PGA_0p050g,RSN0002,0.05,0.4090844771539869,5S_T120,5,1.2000000000000008,0.41110167081796517,elastic,0.004,0.001704135827610465,0.006809543858042698,0.00012860290455128282,0.15512701266714565
196,data/simulations/mdof/sim_000196.npz,RSN0002_PGA_0p050g,RSN0002,0.05,0.4090844771539869,5S_T120,5,1.2000000000000008,0.41110167081796517,bilinear,0.004,0.001704135827610466,0.006809543858042698,0.00012860290455128277,0.1551270126671456
197,data/simulations/mdof/sim_000197.npz,RSN0002_PGA_0p050g,RSN0002,0.05,0.4090844771539869,5S_T120,5,1.2000000000000008,0.41110167081796517,bilinear,0.007,0.001704135827610466,0.006809543858042698,0.00012860290455128277,0.1551270126671456
198,data/simulations/mdof/sim_000198.npz,RSN0002_PGA_0p100g,RSN0002,0.1,0.8181689543079739,3S_T035,3,0.34999999999999987,0.1249135537622733,elastic,0.004,0.0008937698978070779,0.03459390805819018,0.00013271674654204583,0.24485977471637144
199,data/simulations/mdof/sim_000199.npz,RSN0002_PGA_0p100g,RSN0002,0.1,0.8181689543079739,3S_T035,3,0.34999999999999987,0.1249135537622733,bilinear,0.004,0.000893769897807079,0.03459390805819018,0.0001327167465420459,0.24485977471637208
200,data/simulations/mdof/sim_000200.npz,RSN0002_PGA_0p100g,RSN0002,0.1,0.8181689543079739,3S_T035,3,0.34999999999999987,0.1249135537622733,bilinear,0.007,0.000893769897807079,0.03459390805819018,0.0001327167465420459,0.24485977471637208
201,data/simulations/mdof/sim_000201.npz,RSN0002_PGA_0p100g,RSN0002,0.1,0.8181689543079739,3S_T060,3,0.6,0.21413752073532566,elastic,0.004,0.0013927581896207345,0.016284584486079633,0.00021559405418749647,0.2684202434425388
202,data/simulations/mdof/sim_000202.npz,RSN0002_PGA_0p100g,RSN0002,0.1,0.8181689543079739,3S_T060,3,0.6,0.21413752073532566,bilinear,0.004,0.001392758189620735,0.01628458448607967,0.0002155940541874967,0.2684202434425391
203,data/simulations/mdof/sim_000203.npz,RSN0002_PGA_0p100g,RSN0002,0.1,0.8181689543079739,3S_T060,3,0.6,0.21413752073532566,bilinear,0.007,0.001392758189620735,0.01628458448607967,0.0002155940541874967,0.2684202434425391
204,data/simulations/mdof/sim_000204.npz,RSN0002_PGA_0p100g,RSN0002,0.1,0.8181689543079739,3S_T090,3,0.9,0.32120628110298843,elastic,0.004,0.0026989567488780297,0.017118119502690415,0.0003169486842511765,0.4824808184502143
205,data/simulations/mdof/sim_000205.npz,RSN0002_PGA_0p100g,RSN0002,0.1,0.8181689543079739,3S_T090,3,0.9,0.32120628110298843,bilinear,0.004,0.002698956748878035,0.01711811950269043,0.0003169486842511771,0.48248081845021645
206,data/simulations/mdof/sim_000206.npz,RSN0002_PGA_0p100g,RSN0002,0.1,0.8181689543079739,3S_T090,3,0.9,0.32120628110298843,bilinear,0.007,0.002698956748878035,0.01711811950269043,0.0003169486842511771,0.48248081845021645
207,data/simulations/mdof/sim_000207.npz,RSN0002_PGA_0p100g,RSN0002,0.1,0.8181689543079739,5S_T055,5,0.5499999999999999,0.18842159912490059,elastic,0.004,0.000985769771134759,0.017139592806297274,0.00010067609067889747,0.2090143818903674
208,data/simulations/mdof/sim_000208.npz,RSN0002_PGA_0p100g,RSN0002,0.1,0.8181689543079739,5S_T055,5,0.5499999999999999,0.18842159912490059,bilinear,0.004,0.000985769771134758,0.017139592806297288,0.00010067609067889745,0.20901438189036747
209,data/simulations/mdof/sim_000209.npz,RSN0002_PGA_0p100g,RSN0002,0.1,0.8181689543079739,5S_T055,5,0.5499999999999999,0.18842159912490059,bilinear,0.007,0.000985769771134758,0.017139592806297288,0.00010067609067889745,0.20901438189036747
210,data/simulations/mdof/sim_000210.npz,RSN0002_PGA_0p100g,RSN0002,0.1,0.8181689543079739,5S_T085,5,0.8499999999999999,0.29119701682939186,elastic,0.004,0.0029233282693242432,0.023175045741535602,0.00026729124071808664,0.8670003459551876
211,data/simulations/mdof/sim_000211.npz,RSN0002_PGA_0p100g,RSN0002,0.1,0.8181689543079739,5S_T085,5,0.8499999999999999,0.29119701682939186,bilinear,0.004,0.0029233282693242463,0.023175045741535585,0.00026729124071808664,0.8670003459551875
212,data/simulations/mdof/sim_000212.npz,RSN0002_PGA_0p100g,RSN0002,0.1,0.8181689543079739,5S_T085,5,0.8499999999999999,0.29119701682939186,bilinear,0.007,0.0029233282693242463,0.023175045741535585,0.00026729124071808664,0.8670003459551875
213,data/simulations/mdof/sim_000213.npz,RSN0002_PGA_0p100g,RSN0002,0.1,0.8181689543079739,5S_T120,5,1.2000000000000008,0.41110167081796517,elastic,0.004,0.00340827165522093,0.013619087716085396,0.00025720580910256564,0.6205080506685826
214,data/simulations/mdof/sim_000214.npz,RSN0002_PGA_0p100g,RSN0002,0.1,0.8181689543079739,5S_T120,5,1.2000000000000008,0.41110167081796517,bilinear,0.004,0.003408271655220928,0.013619087716085356,0.0002572058091025659,0.6205080506685828
215,data/simulations/mdof/sim_000215.npz,RSN0002_PGA_0p100g,RSN0002,0.1,0.8181689543079739,5S_T120,5,1.2000000000000008,0.41110167081796517,bilinear,0.007,0.003408271655220928,0.013619087716085356,0.0002572058091025659,0.6205080506685828
216,data/simulations/mdof/sim_000216.npz,RSN0002_PGA_0p200g,RSN0002,0.2,1.6363379086159475,3S_T035,3,0.34999999999999987,0.1249135537622733,elastic,0.004,0.0017875397956141558,0.06918781611638036,0.00026543349308409166,0.9794390988654857
217,data/simulations/mdof/sim_000217.npz,RSN0002_PGA_0p200g,RSN0002,0.2,1.6363379086159475,3S_T035,3,0.34999999999999987,0.1249135537622733,bilinear,0.004,0.001787539795614158,0.06918781611638036,0.0002654334930840918,0.9794390988654883
218,data/simulations/mdof/sim_000218.npz,RSN0002_PGA_0p200g,RSN0002,0.2,1.6363379086159475,3S_T035,3,0.34999999999999987,0.1249135537622733,bilinear,0.007,0.001787539795614158,0.06918781611638036,0.0002654334930840918,0.9794390988654883
219,data/simulations/mdof/sim_000219.npz,RSN0002_PGA_0p200g,RSN0002,0.2,1.6363379086159475,3S_T060,3,0.6,0.21413752073532566,elastic,0.004,0.002785516379241469,0.032569168972159265,0.00043118810837499295,1.0736809737701551
220,data/simulations/mdof/sim_000220.npz,RSN0002_PGA_0p200g,RSN0002,0.2,1.6363379086159475,3S_T060,3,0.6,0.21413752073532566,bilinear,0.004,0.00278551637924147,0.03256916897215934,0.0004311881083749934,1.0736809737701565
221,data/simulations/mdof/sim_000221.npz,RSN0002_PGA_0p200g,RSN0002,0.2,1.6363379086159475,3S_T060,3,0.6,0.21413752073532566,bilinear,0.007,0.00278551637924147,0.03256916897215934,0.0004311881083749934,1.0736809737701565
222,data/simulations/mdof/sim_000222.npz,RSN0002_PGA_0p200g,RSN0002,0.2,1.6363379086159475,3S_T090,3,0.9,0.32120628110298843,elastic,0.004,0.005397913497756059,0.03423623900538083,0.000633897368502353,1.9299232738008572
223,data/simulations/mdof/sim_000223.npz,RSN0002_PGA_0p200g,RSN0002,0.2,1.6363379086159475,3S_T090,3,0.9,0.32120628110298843,bilinear,0.004,0.00539791349775607,0.03423623900538086,0.0006338973685023542,1.9299232738008658
224,data/simulations/mdof/sim_000224.npz,RSN0002_PGA_0p200g,RSN0002,0.2,1.6363379086159475,3S_T090,3,0.9,0.32120628110298843,bilinear,0.007,0.00539791349775607,0.03423623900538086,0.0006338973685023542,1.9299232738008658
225,data/simulations/mdof/sim_000225.npz,RSN0002_PGA_0p200g,RSN0002,0.2,1.6363379086159475,5S_T055,5,0.5499999999999999,0.18842159912490059,elastic,0.004,0.001971539542269518,0.03427918561259455,0.00020135218135779493,0.8360575275614696
226,data/simulations/mdof/sim_000226.npz,RSN0002_PGA_0p200g,RSN0002,0.2,1.6363379086159475,5S_T055,5,0.5499999999999999,0.18842159912490059,bilinear,0.004,0.001971539542269516,0.034279185612594576,0.0002013521813577949,0.8360575275614699
227,data/simulations/mdof/sim_000227.npz,RSN0002_PGA_0p200g,RSN0002,0.2,1.6363379086159475,5S_T055,5,0.5499999999999999,0.18842159912490059,bilinear,0.007,0.001971539542269516,0.034279185612594576,0.0002013521813577949,0.8360575275614699
228,data/simulations/mdof/sim_000228.npz,RSN0002_PGA_0p200g,RSN0002,0.2,1.6363379086159475,5S_T085,5,0.8499999999999999,0.29119701682939186,elastic,0.004,0.0058466565386484865,0.046350091483071204,0.0005345824814361733,3.4680013838207504
229,data/simulations/mdof/sim_000229.npz,RSN0002_PGA_0p200g,RSN0002,0.2,1.6363379086159475,5S_T085,5,0.8499999999999999,0.29119701682939186,bilinear,0.004,0.0058466565386484926,0.04635009148307117,0.0005345824814361733,3.46800138382075
230,data/simulations/mdof/sim_000230.npz,RSN0002_PGA_0p200g,RSN0002,0.2,1.6363379086159475,5S_T085,5,0.8499999999999999,0.29119701682939186,bilinear,0.007,0.0058466565386484926,0.04635009148307117,0.0005345824814361733,3.46800138382075
231,data/simulations/mdof/sim_000231.npz,RSN0002_PGA_0p200g,RSN0002,0.2,1.6363379086159475,5S_T120,5,1.2000000000000008,0.41110167081796517,elastic,0.004,0.00681654331044186,0.027238175432170792,0.0005144116182051313,2.4820322026743304
232,data/simulations/mdof/sim_000232.npz,RSN0002_PGA_0p200g,RSN0002,0.2,1.6363379086159475,5S_T120,5,1.2000000000000008,0.41110167081796517,bilinear,0.004,0.006816543310441869,0.02723817543217083,0.0005144116182051323,2.482032202674337
233,data/simulations/mdof/sim_000233.npz,RSN0002_PGA_0p200g,RSN0002,0.2,1.6363379086159475,5S_T120,5,1.2000000000000008,0.41110167081796517,bilinear,0.007,0.006816543310441869,0.02723817543217083,0.0005144116182051323,2.482032202674337
234,data/simulations/mdof/sim_000234.npz,RSN0002_PGA_0p300g,RSN0002,0.3,2.4545068629239215,3S_T035,3,0.34999999999999987,0.1249135537622733,elastic,0.004,0.0026813096934212364,0.10378172417457031,0.00039815023962613756,2.2037379724473456
235,data/simulations/mdof/sim_000235.npz,RSN0002_PGA_0p300g,RSN0002,0.3,2.4545068629239215,3S_T035,3,0.34999999999999987,0.1249135537622733,bilinear,0.004,0.0026813096934212356,0.10378172417457047,0.00039815023962613746,2.2037379724473443
236,data/simulations/mdof/sim_000236.npz,RSN0002_PGA_0p300g,RSN0002,0.3,2.4545068629239215,3S_T035,3,0.34999999999999987,0.1249135537622733,bilinear,0.007,0.0026813096934212356,0.10378172417457047,0.00039815023962613746,2.2037379724473443
237,data/simulations/mdof/sim_000237.npz,RSN0002_PGA_0p300g,RSN0002,0.3,2.4545068629239215,3S_T060,3,0.6,0.21413752073532566,elastic,0.004,0.004178274568862196,0.04885375345823922,0.0006467821625624886,2.4157821909828416
238,data/simulations/mdof/sim_000238.npz,RSN0002_PGA_0p300g,RSN0002,0.3,2.4545068629239215,3S_T060,3,0.6,0.21413752073532566,bilinear,0.004,0.004178274568862195,0.04885375345823899,0.0006467821625624891,2.4157821909828447
239,data/simulations/mdof/sim_000239.npz,RSN0002_PGA_0p300g,RSN0002,0.3,2.4545068629239215,3S_T060,3,0.6,0.21413752073532566,bilinear,0.007,0.004178274568862195,0.04885375345823899,0.0006467821625624891,2.4157821909828447
240,data/simulations/mdof/sim_000240.npz,RSN0002_PGA_0p300g,RSN0002,0.3,2.4545068629239215,3S_T090,3,0.9,0.32120628110298843,elastic,0.004,0.008096870246634105,0.051354358508071296,0.0009508460527535298,4.342327366051943
241,data/simulations/mdof/sim_000241.npz,RSN0002_PGA_0p300g,RSN0002,0.3,2.4545068629239215,3S_T090,3,0.9,0.32120628110298843,bilinear,0.004,0.008096870246634129,0.05135435850807131,0.0009508460527535332,4.34232736605197
242,data/simulations/mdof/sim_000242.npz,RSN0002_PGA_0p300g,RSN0002,0.3,2.4545068629239215,3S_T090,3,0.9,0.32120628110298843,bilinear,0.007,0.008096870246634129,0.05135435850807131,0.0009508460527535332,4.34232736605197
243,data/simulations/mdof/sim_000243.npz,RSN0002_PGA_0p300g,RSN0002,0.3,2.4545068629239215,5S_T055,5,0.5499999999999999,0.18842159912490059,elastic,0.004,0.0029573093134042717,0.05141877841889204,0.0003020282720366917,1.8811294370132998
244,data/simulations/mdof/sim_000244.npz,RSN0002_PGA_0p300g,RSN0002,0.3,2.4545068629239215,5S_T055,5,0.5499999999999999,0.18842159912490059,bilinear,0.004,0.0029573093134042765,0.05141877841889196,0.00030202827203669246,1.8811294370133047
245,data/simulations/mdof/sim_000245.npz,RSN0002_PGA_0p300g,RSN0002,0.3,2.4545068629239215,5S_T055,5,0.5499999999999999,0.18842159912490059,bilinear,0.007,0.0029573093134042765,0.05141877841889196,0.00030202827203669246,1.8811294370133047
246,data/simulations/mdof/sim_000246.npz,RSN0002_PGA_0p300g,RSN0002,0.3,2.4545068629239215,5S_T085,5,0.8499999999999999,0.29119701682939186,elastic,0.004,0.00876998480797275,0.06952513722460682,0.0008018737221542619,7.803003113596707
247,data/simulations/mdof/sim_000247.npz,RSN0002_PGA_0p300g,RSN0002,0.3,2.4545068629239215,5S_T085,5,0.8499999999999999,0.29119701682939186,bilinear,0.004,0.008769984807972739,0.06952513722460676,0.00080187372215426,7.803003113596692
248,data/simulations/mdof/sim_000248.npz,RSN0002_PGA_0p300g,RSN0002,0.3,2.4545068629239215,5S_T085,5,0.8499999999999999,0.29119701682939186,bilinear,0.007,0.008769984807972739,0.06952513722460676,0.00080187372215426,7.803003113596692
249,data/simulations/mdof/sim_000249.npz,RSN0002_PGA_0p300g,RSN0002,0.3,2.4545068629239215,5S_T120,5,1.2000000000000008,0.41110167081796517,elastic,0.004,0.010224814965662816,0.040857263148256176,0.0007716174273076998,5.584572456017278
250,data/simulations/mdof/sim_000250.npz,RSN0002_PGA_0p300g,RSN0002,0.3,2.4545068629239215,5S_T120,5,1.2000000000000008,0.41110167081796517,bilinear,0.004,0.010224814965662837,0.040857263148256114,0.0007716174273077003,5.584572456017299
251,data/simulations/mdof/sim_000251.npz,RSN0002_PGA_0p300g,RSN0002,0.3,2.4545068629239215,5S_T120,5,1.2000000000000008,0.41110167081796517,bilinear,0.007,0.010224814965662837,0.040857263148256114,0.0007716174273077003,5.584572456017299
252,data/simulations/mdof/sim_000252.npz,RSN0002_PGA_0p400g,RSN0002,0.4,3.2726758172318955,3S_T035,3,0.34999999999999987,0.1249135537622733,elastic,0.004,0.0035750795912283116,0.13837563223276073,0.0005308669861681833,3.917756395461943
253,data/simulations/mdof/sim_000253.npz,RSN0002_PGA_0p400g,RSN0002,0.4,3.2726758172318955,3S_T035,3,0.34999999999999987,0.1249135537622733,bilinear,0.004,0.003575079591228316,0.13837563223276073,0.0005308669861681836,3.917756395461953
254,data/simulations/mdof/sim_000254.npz,RSN0002_PGA_0p400g,RSN0002,0.4,3.2726758172318955,3S_T035,3,0.34999999999999987,0.1249135537622733,bilinear,0.007,0.003575079591228316,0.13837563223276073,0.0005308669861681836,3.917756395461953
255,data/simulations/mdof/sim_000255.npz,RSN0002_PGA_0p400g,RSN0002,0.4,3.2726758172318955,3S_T060,3,0.6,0.21413752073532566,elastic,0.004,0.005571032758482938,0.06513833794431853,0.0008623762167499859,4.294723895080621
256,data/simulations/mdof/sim_000256.npz,RSN0002_PGA_0p400g,RSN0002,0.4,3.2726758172318955,3S_T060,3,0.6,0.21413752073532566,bilinear,0.004,0.00557103275848294,0.06513833794431868,0.0008623762167499868,4.294723895080626
257,data/simulations/mdof/sim_000257.npz,RSN0002_PGA_0p400g,RSN0002,0.4,3.2726758172318955,3S_T060,3,0.6,0.21413752073532566,bilinear,0.007,0.00557103275848294,0.06513833794431868,0.0008623762167499868,4.294723895080626
258,data/simulations/mdof/sim_000258.npz,RSN0002_PGA_0p400g,RSN0002,0.4,3.2726758172318955,3S_T090,3,0.9,0.32120628110298843,elastic,0.004,0.010795826995512119,0.06847247801076166,0.001267794737004706,7.719693095203429
259,data/simulations/mdof/sim_000259.npz,RSN0002_PGA_0p400g,RSN0002,0.4,3.2726758172318955,3S_T090,3,0.9,0.32120628110298843,bilinear,0.004,0.01079582699551214,0.06847247801076171,0.0012677947370047084,7.719693095203463
260,data/simulations/mdof/sim_000260.npz,RSN0002_PGA_0p400g,RSN0002,0.4,3.2726758172318955,3S_T090,3,0.9,0.32120628110298843,bilinear,0.007,0.01079582699551214,0.06847247801076171,0.0012677947370047084,7.719693095203463
261,data/simulations/mdof/sim_000261.npz,RSN0002_PGA_0p400g,RSN0002,0.4,3.2726758172318955,5S_T055,5,0.5499999999999999,0.18842159912490059,elastic,0.004,0.003943079084539036,0.0685583712251891,0.00040270436271558986,3.3442301102458782
262,data/simulations/mdof/sim_000262.npz,RSN0002_PGA_0p400g,RSN0002,0.4,3.2726758172318955,5S_T055,5,0.5499999999999999,0.18842159912490059,bilinear,0.004,0.003943079084539032,0.06855837122518915,0.0004027043627155898,3.3442301102458796
263,data/simulations/mdof/sim_000263.npz,RSN0002_PGA_0p400g,RSN0002,0.4,3.2726758172318955,5S_T055,5,0.5499999999999999,0.18842159912490059,bilinear,0.007,0.003943079084539032,0.06855837122518915,0.0004027043627155898,3.3442301102458796
264,data/simulations/mdof/sim_000264.npz,RSN0002_PGA_0p400g,RSN0002,0.4,3.2726758172318955,5S_T085,5,0.8499999999999999,0.29119701682939186,elastic,0.004,0.011693313077296973,0.09270018296614241,0.0010691649628723466,13.872005535283002
265,data/simulations/mdof/sim_000265.npz,RSN0002_PGA_0p400g,RSN0002,0.4,3.2726758172318955,5S_T085,5,0.8499999999999999,0.29119701682939186,bilinear,0.004,0.011693313077296985,0.09270018296614234,0.0010691649628723466,13.872005535283
266,data/simulations/mdof/sim_000266.npz,RSN0002_PGA_0p400g,RSN0002,0.4,3.2726758172318955,5S_T085,5,0.8499999999999999,0.29119701682939186,bilinear,0.007,0.011693313077296985,0.09270018296614234,0.0010691649628723466,13.872005535283
267,data/simulations/mdof/sim_000267.npz,RSN0002_PGA_0p400g,RSN0002,0.4,3.2726758172318955,5S_T120,5,1.2000000000000008,0.41110167081796517,elastic,0.004,0.01363308662088372,0.054476350864341584,0.0010288232364102626,9.928128810697322
268,data/simulations/mdof/sim_000268.npz,RSN0002_PGA_0p400g,RSN0002,0.4,3.2726758172318955,5S_T120,5,1.2000000000000008,0.41110167081796517,bilinear,0.004,0.013633086620883738,0.05447635086434166,0.0010288232364102645,9.928128810697348
269,data/simulations/mdof/sim_000269.npz,RSN0002_PGA_0p400g,RSN0002,0.4,3.2726758172318955,5S_T120,5,1.2000000000000008,0.41110167081796517,bilinear,0.007,0.013633086620883738,0.05447635086434166,0.0010288232364102645,9.928128810697348
270,data/simulations/mdof/sim_000270.npz,RSN0002_PGA_0p500g,RSN0002,0.5,4.090844771539869,3S_T035,3,0.34999999999999987,0.1249135537622733,elastic,0.004,0.004468849489035391,0.17296954029095066,0.0006635837327102291,6.121494367909288
271,data/simulations/mdof/sim_000271.npz,RSN0002_PGA_0p500g,RSN0002,0.5,4.090844771539869,3S_T035,3,0.34999999999999987,0.1249135537622733,bilinear,0.004,0.004468849489035389,0.17296954029095088,0.0006635837327102287,6.121494367909285
272,data/simulations/mdof/sim_000272.npz,RSN0002_PGA_0p500g,RSN0002,0.5,4.090844771539869,3S_T035,3,0.34999999999999987,0.1249135537622733,bilinear,0.007,0.004468849489035389,0.17296954029095088,0.0006635837327102287,6.121494367909285
273,data/simulations/mdof/sim_000273.npz,RSN0002_PGA_0p500g,RSN0002,0.5,4.090844771539869,3S_T060,3,0.6,0.21413752073532566,elastic,0.004,0.006963790948103659,0.08142292243039845,0.0010779702709374818,6.7105060860634556
274,data/simulations/mdof/sim_000274.npz,RSN0002_PGA_0p500g,RSN0002,0.5,4.090844771539869,3S_T060,3,0.6,0.21413752073532566,bilinear,0.004,0.006963790948103653,0.08142292243039818,0.0010779702709374803,6.710506086063448
275,data/simulations/mdof/sim_000275.npz,RSN0002_PGA_0p500g,RSN0002,0.5,4.090844771539869,3S_T060,3,0.6,0.21413752073532566,bilinear,0.007,0.006963790948103653,0.08142292243039818,0.0010779702709374803,6.710506086063448
276,data/simulations/mdof/sim_000276.npz,RSN0002_PGA_0p500g,RSN0002,0.5,4.090844771539869,3S_T090,3,0.9,0.32120628110298843,elastic,0.004,0.013494783744390186,0.08559059751345227,0.0015847434212558859,12.062020461255427
277,data/simulations/mdof/sim_000277.npz,RSN0002_PGA_0p500g,RSN0002,0.5,4.090844771539869,3S_T090,3,0.9,0.32120628110298843,bilinear,0.004,0.013494783744390193,0.08559059751345213,0.0015847434212558874,12.062020461255454
278,data/simulations/mdof/sim_000278.npz,RSN0002_PGA_0p500g,RSN0002,0.5,4.090844771539869,3S_T090,3,0.9,0.32120628110298843,bilinear,0.007,0.013494783744390193,0.08559059751345213,0.0015847434212558874,12.062020461255454
279,data/simulations/mdof/sim_000279.npz,RSN0002_PGA_0p500g,RSN0002,0.5,4.090844771539869,5S_T055,5,0.5499999999999999,0.18842159912490059,elastic,0.004,0.0049288488556737875,0.08569796403148626,0.0005033804533944868,5.225359547259173
280,data/simulations/mdof/sim_000280.npz,RSN0002_PGA_0p500g,RSN0002,0.5,4.090844771539869,5S_T055,5,0.5499999999999999,0.18842159912490059,bilinear,0.004,0.004928848855673782,0.08569796403148663,0.0005033804533944856,5.225359547259171
281,data/simulations/mdof/sim_000281.npz,RSN0002_PGA_0p500g,RSN0002,0.5,4.090844771539869,5S_T055,5,0.5499999999999999,0.18842159912490059,bilinear,0.007,0.004928848855673782,0.08569796403148663,0.0005033804533944856,5.225359547259171
282,data/simulations/mdof/sim_000282.npz,RSN0002_PGA_0p500g,RSN0002,0.5,4.090844771539869,5S_T085,5,0.8499999999999999,0.29119701682939186,elastic,0.004,0.014616641346621242,0.11587522870767811,0.0013364562035904333,21.675008648879697
283,data/simulations/mdof/sim_000283.npz,RSN0002_PGA_0p500g,RSN0002,0.5,4.090844771539869,5S_T085,5,0.8499999999999999,0.29119701682939186,bilinear,0.004,0.014616641346621252,0.11587522870767848,0.0013364562035904353,21.675008648879775
284,data/simulations/mdof/sim_000284.npz,RSN0002_PGA_0p500g,RSN0002,0.5,4.090844771539869,5S_T085,5,0.8499999999999999,0.29119701682939186,bilinear,0.007,0.014616641346621252,0.11587522870767848,0.0013364562035904353,21.675008648879775
285,data/simulations/mdof/sim_000285.npz,RSN0002_PGA_0p500g,RSN0002,0.5,4.090844771539869,5S_T120,5,1.2000000000000008,0.41110167081796517,elastic,0.004,0.017041358276104673,0.06809543858042681,0.0012860290455128343,15.512701266714636
286,data/simulations/mdof/sim_000286.npz,RSN0002_PGA_0p500g,RSN0002,0.5,4.090844771539869,5S_T120,5,1.2000000000000008,0.41110167081796517,bilinear,0.004,0.01704135827610468,0.06809543858042734,0.001286029045512832,15.51270126671465
287,data/simulations/mdof/sim_000287.npz,RSN0002_PGA_0p500g,RSN0002,0.5,4.090844771539869,5S_T120,5,1.2000000000000008,0.41110167081796517,bilinear,0.007,0.01704135827610468,0.06809543858042734,0.001286029045512832,15.51270126671465
288,data/simulations/mdof/sim_000288.npz,RSN0002_PGA_0p600g,RSN0002,0.6,4.909013725847843,3S_T035,3,0.34999999999999987,0.1249135537622733,elastic,0.004,0.005362619386842473,0.20756344834914062,0.0007963004792522751,8.814951889789382
289,data/simulations/mdof/sim_000289.npz,RSN0002_PGA_0p600g,RSN0002,0.6,4.909013725847843,3S_T035,3,0.34999999999999987,0.1249135537622733,bilinear,0.004,0.005362619386842471,0.20756344834914095,0.0007963004792522749,8.814951889789377
290,data/simulations/mdof/sim_000290.npz,RSN0002_PGA_0p600g,RSN0002,0.6,4.909013725847843,3S_T035,3,0.34999999999999987,0.1249135537622733,bilinear,0.007,0.005362619386842471,0.20756344834914095,0.0007963004792522749,8.814951889789377
291,data/simulations/mdof/sim_000291.npz,RSN0002_PGA_0p600g,RSN0002,0.6,4.909013725847843,3S_T060,3,0.6,0.21413752073532566,elastic,0.004,0.008356549137724392,0.09770750691647843,0.0012935643251249772,9.663128763931367
292,data/simulations/mdof/sim_000292.npz,RSN0002_PGA_0p600g,RSN0002,0.6,4.909013725847843,3S_T060,3,0.6,0.21413752073532566,bilinear,0.004,0.00835654913772439,0.09770750691647798,0.0012935643251249782,9.663128763931379
293,data/simulations/mdof/sim_000293.npz,RSN0002_PGA_0p600g,RSN0002,0.6,4.909013725847843,3S_T060,3,0.6,0.21413752073532566,bilinear,0.007,0.00835654913772439,0.09770750691647798,0.0012935643251249782,9.663128763931379
294,data/simulations/mdof/sim_000294.npz,RSN0002_PGA_0p600g,RSN0002,0.6,4.909013725847843,3S_T090,3,0.9,0.32120628110298843,elastic,0.004,0.01619374049326821,0.10270871701614259,0.0019016921055070597,17.36930946420777
295,data/simulations/mdof/sim_000295.npz,RSN0002_PGA_0p600g,RSN0002,0.6,4.909013725847843,3S_T090,3,0.9,0.32120628110298843,bilinear,0.004,0.016193740493268258,0.10270871701614262,0.0019016921055070664,17.36930946420788
296,data/simulations/mdof/sim_000296.npz,RSN0002_PGA_0p600g,RSN0002,0.6,4.909013725847843,3S_T090,3,0.9,0.32120628110298843,bilinear,0.007,0.016193740493268258,0.10270871701614262,0.0019016921055070664,17.36930946420788
297,data/simulations/mdof/sim_000297.npz,RSN0002_PGA_0p600g,RSN0002,0.6,4.909013725847843,5S_T055,5,0.5499999999999999,0.18842159912490059,elastic,0.004,0.005914618626808543,0.10283755683778407,0.0006040565440733834,7.524517748053199
298,data/simulations/mdof/sim_000298.npz,RSN0002_PGA_0p600g,RSN0002,0.6,4.909013725847843,5S_T055,5,0.5499999999999999,0.18842159912490059,bilinear,0.004,0.005914618626808553,0.10283755683778392,0.0006040565440733849,7.524517748053219
299,data/simulations/mdof/sim_000299.npz,RSN0002_PGA_0p600g,RSN0002,0.6,4.909013725847843,5S_T055,5,0.5499999999999999,0.18842159912490059,bilinear,0.007,0.005914618626808553,0.10283755683778392,0.0006040565440733849,7.524517748053219
300,data/simulations/mdof/sim_000300.npz,RSN0002_PGA_0p600g,RSN0002,0.6,4.909013725847843,5S_T085,5,0.8499999999999999,0.29119701682939186,elastic,0.004,0.0175399696159455,0.13905027444921364,0.0016037474443085238,31.212012454386826
301,data/simulations/mdof/sim_000301.npz,RSN0002_PGA_0p600g,RSN0002,0.6,4.909013725847843,5S_T085,5,0.8499999999999999,0.29119701682939186,bilinear,0.004,0.017539969615945478,0.13905027444921353,0.00160374744430852,31.21201245438677
302,data/simulations/mdof/sim_000302.npz,RSN0002_PGA_0p600g,RSN0002,0.6,4.909013725847843,5S_T085,5,0.8499999999999999,0.29119701682939186,bilinear,0.007,0.017539969615945478,0.13905027444921353,0.00160374744430852,31.21201245438677
303,data/simulations/mdof/sim_000303.npz,RSN0002_PGA_0p600g,RSN0002,0.6,4.909013725847843,5S_T120,5,1.2000000000000008,0.41110167081796517,elastic,0.004,0.02044962993132563,0.08171452629651235,0.0015432348546153996,22.33828982406911
304,data/simulations/mdof/sim_000304.npz,RSN0002_PGA_0p600g,RSN0002,0.6,4.909013725847843,5S_T120,5,1.2000000000000008,0.41110167081796517,bilinear,0.004,0.02044962993132562,0.08171452629651219,0.0015432348546153998,22.33828982406912
305,data/simulations/mdof/sim_000305.npz,RSN0002_PGA_0p600g,RSN0002,0.6,4.909013725847843,5S_T120,5,1.2000000000000008,0.41110167081796517,bilinear,0.007,0.02044962993132562,0.08171452629651219,0.0015432348546153998,22.33828982406912
306,data/simulations/mdof/sim_000306.npz,RSN0002_PGA_0p800g,RSN0002,0.8,6.545351634463791,3S_T035,3,0.34999999999999987,0.1249135537622733,elastic,0.004,0.007150159182456623,0.27675126446552145,0.0010617339723363666,15.671025581847772
307,data/simulations/mdof/sim_000307.npz,RSN0002_PGA_0p800g,RSN0002,0.8,6.545351634463791,3S_T035,3,0.34999999999999987,0.1249135537622733,bilinear,0.004,0.007150159182456632,0.27675126446552145,0.0010617339723363673,15.671025581847813
308,data/simulations/mdof/sim_000308.npz,RSN0002_PGA_0p800g,RSN0002,0.8,6.545351634463791,3S_T035,3,0.34999999999999987,0.1249135537622733,bilinear,0.007,0.007150159182456632,0.27675126446552145,0.0010617339723363673,15.671025581847813
309,data/simulations/mdof/sim_000309.npz,RSN0002_PGA_0p800g,RSN0002,0.8,6.545351634463791,3S_T060,3,0.6,0.21413752073532566,elastic,0.004,0.011142065516965876,0.13027667588863706,0.0017247524334999718,17.178895580322482
310,data/simulations/mdof/sim_000310.npz,RSN0002_PGA_0p800g,RSN0002,0.8,6.545351634463791,3S_T060,3,0.6,0.21413752073532566,bilinear,0.004,0.01114206551696588,0.13027667588863737,0.0017247524334999735,17.178895580322504
311,data/simulations/mdof/sim_000311.npz,RSN0002_PGA_0p800g,RSN0002,0.8,6.545351634463791,3S_T060,3,0.6,0.21413752073532566,bilinear,0.007,0.01114206551696588,0.13027667588863737,0.0017247524334999735,17.178895580322504
312,data/simulations/mdof/sim_000312.npz,RSN0002_PGA_0p800g,RSN0002,0.8,6.545351634463791,3S_T090,3,0.9,0.32120628110298843,elastic,0.004,0.021591653991024237,0.13694495602152332,0.002535589474009412,30.878772380813714
313,data/simulations/mdof/sim_000313.npz,RSN0002_PGA_0p800g,RSN0002,0.8,6.545351634463791,3S_T090,3,0.9,0.32120628110298843,bilinear,0.004,0.02159165399102428,0.13694495602152343,0.0025355894740094168,30.878772380813853
314,data/simulations/mdof/sim_000314.npz,RSN0002_PGA_0p800g,RSN0002,0.8,6.545351634463791,3S_T090,3,0.9,0.32120628110298843,bilinear,0.007,0.02159165399102428,0.13694495602152343,0.0025355894740094168,30.878772380813853
315,data/simulations/mdof/sim_000315.npz,RSN0002_PGA_0p800g,RSN0002,0.8,6.545351634463791,5S_T055,5,0.5499999999999999,0.18842159912490059,elastic,0.004,0.007886158169078072,0.1371167424503782,0.0008054087254311797,13.376920440983513
316,data/simulations/mdof/sim_000316.npz,RSN0002_PGA_0p800g,RSN0002,0.8,6.545351634463791,5S_T055,5,0.5499999999999999,0.18842159912490059,bilinear,0.004,0.007886158169078065,0.1371167424503783,0.0008054087254311796,13.376920440983518
317,data/simulations/mdof/sim_000317.npz,RSN0002_PGA_0p800g,RSN0002,0.8,6.545351634463791,5S_T055,5,0.5499999999999999,0.18842159912490059,bilinear,0.007,0.007886158169078065,0.1371167424503783,0.0008054087254311796,13.376920440983518
318,data/simulations/mdof/sim_000318.npz,RSN0002_PGA_0p800g,RSN0002,0.8,6.545351634463791,5S_T085,5,0.8499999999999999,0.29119701682939186,elastic,0.004,0.023386626154593946,0.18540036593228482,0.002138329925744693,55.48802214113201
319,data/simulations/mdof/sim_000319.npz,RSN0002_PGA_0p800g,RSN0002,0.8,6.545351634463791,5S_T085,5,0.8499999999999999,0.29119701682939186,bilinear,0.004,0.02338662615459397,0.18540036593228468,0.002138329925744693,55.488022141132
320,data/simulations/mdof/sim_000320.npz,RSN0002_PGA_0p800g,RSN0002,0.8,6.545351634463791,5S_T085,5,0.8499999999999999,0.29119701682939186,bilinear,0.007,0.02338662615459397,0.18540036593228468,0.002138329925744693,55.488022141132
321,data/simulations/mdof/sim_000321.npz,RSN0002_PGA_0p800g,RSN0002,0.8,6.545351634463791,5S_T120,5,1.2000000000000008,0.41110167081796517,elastic,0.004,0.02726617324176744,0.10895270172868317,0.002057646472820525,39.71251524278929
322,data/simulations/mdof/sim_000322.npz,RSN0002_PGA_0p800g,RSN0002,0.8,6.545351634463791,5S_T120,5,1.2000000000000008,0.41110167081796517,bilinear,0.004,0.027266173241767513,0.10895270172868311,0.002057646472820528,39.71251524278944
323,data/simulations/mdof/sim_000323.npz,RSN0002_PGA_0p800g,RSN0002,0.8,6.545351634463791,5S_T120,5,1.2000000000000008,0.41110167081796517,bilinear,0.007,0.027266173241767513,0.10895270172868311,0.002057646472820528,39.71251524278944
324,data/simulations/mdof/sim_000324.npz,RSN0002_PGA_1p000g,RSN0002,1.0,8.181689543079738,3S_T035,3,0.34999999999999987,0.1249135537622733,elastic,0.004,0.008937698978070781,0.3459390805819013,0.0013271674654204582,24.485977471637153
325,data/simulations/mdof/sim_000325.npz,RSN0002_PGA_1p000g,RSN0002,1.0,8.181689543079738,3S_T035,3,0.34999999999999987,0.1249135537622733,bilinear,0.004,0.008937698978070778,0.34593908058190176,0.0013271674654204574,24.48597747163714
326,data/simulations/mdof/sim_000326.npz,RSN0002_PGA_1p000g,RSN0002,1.0,8.181689543079738,3S_T035,3,0.34999999999999987,0.1249135537622733,bilinear,0.007,0.008937698978070778,0.34593908058190176,0.0013271674654204574,24.48597747163714
327,data/simulations/mdof/sim_000327.npz,RSN0002_PGA_1p000g,RSN0002,1.0,8.181689543079738,3S_T060,3,0.6,0.21413752073532566,elastic,0.004,0.013927581896207318,0.1628458448607969,0.0021559405418749636,26.842024344253822
328,data/simulations/mdof/sim_000328.npz,RSN0002_PGA_1p000g,RSN0002,1.0,8.181689543079738,3S_T060,3,0.6,0.21413752073532566,bilinear,0.004,0.013927581896207306,0.16284584486079637,0.0021559405418749606,26.84202434425379
329,data/simulations/mdof/sim_000329.npz,RSN0002_PGA_1p000g,RSN0002,1.0,8.181689543079738,3S_T060,3,0.6,0.21413752073532566,bilinear,0.007,0.013927581896207306,0.16284584486079637,0.0021559405418749606,26.84202434425379
330,data/simulations/mdof/sim_000330.npz,RSN0002_PGA_1p000g,RSN0002,1.0,8.181689543079738,3S_T090,3,0.9,0.32120628110298843,elastic,0.004,0.026989567488780373,0.17118119502690454,0.0031694868425117717,48.24808184502171
331,data/simulations/mdof/sim_000331.npz,RSN0002_PGA_1p000g,RSN0002,1.0,8.181689543079738,3S_T090,3,0.9,0.32120628110298843,bilinear,0.004,0.026989567488780387,0.17118119502690426,0.0031694868425117748,48.248081845021815
332,data/simulations/mdof/sim_000332.npz,RSN0002_PGA_1p000g,RSN0002,1.0,8.181689543079738,3S_T090,3,0.9,0.32120628110298843,bilinear,0.007,0.026989567488780387,0.17118119502690426,0.0031694868425117748,48.248081845021815
333,data/simulations/mdof/sim_000333.npz,RSN0002_PGA_1p000g,RSN0002,1.0,8.181689543079738,5S_T055,5,0.5499999999999999,0.18842159912490059,elastic,0.004,0.009857697711347575,0.17139592806297252,0.0010067609067889735,20.901438189036693
334,data/simulations/mdof/sim_000334.npz,RSN0002_PGA_1p000g,RSN0002,1.0,8.181689543079738,5S_T055,5,0.5499999999999999,0.18842159912490059,bilinear,0.004,0.009857697711347565,0.17139592806297327,0.0010067609067889712,20.901438189036686
335,data/simulations/mdof/sim_000335.npz,RSN0002_PGA_1p000g,RSN0002,1.0,8.181689543079738,5S_T055,5,0.5499999999999999,0.18842159912490059,bilinear,0.007,0.009857697711347565,0.17139592806297327,0.0010067609067889712,20.901438189036686
336,data/simulations/mdof/sim_000336.npz,RSN0002_PGA_1p000g,RSN0002,1.0,8.181689543079738,5S_T085,5,0.8499999999999999,0.29119701682939186,elastic,0.004,0.029233282693242484,0.23175045741535621,0.0026729124071808667,86.70003459551879
337,data/simulations/mdof/sim_000337.npz,RSN0002_PGA_1p000g,RSN0002,1.0,8.181689543079738,5S_T085,5,0.8499999999999999,0.29119701682939186,bilinear,0.004,0.029233282693242477,0.23175045741535666,0.0026729124071808684,86.70003459551874
338,data/simulations/mdof/sim_000338.npz,RSN0002_PGA_1p000g,RSN0002,1.0,8.181689543079738,5S_T085,5,0.8499999999999999,0.29119701682939186,bilinear,0.007,0.029233282693242477,0.23175045741535666,0.0026729124071808684,86.70003459551874
339,data/simulations/mdof/sim_000339.npz,RSN0002_PGA_1p000g,RSN0002,1.0,8.181689543079738,5S_T120,5,1.2000000000000008,0.41110167081796517,elastic,0.004,0.03408271655220935,0.13619087716085362,0.0025720580910256687,62.050805066858544
340,data/simulations/mdof/sim_000340.npz,RSN0002_PGA_1p000g,RSN0002,1.0,8.181689543079738,5S_T120,5,1.2000000000000008,0.41110167081796517,bilinear,0.004,0.03408271655220936,0.13619087716085468,0.002572058091025664,62.0508050668586
341,data/simulations/mdof/sim_000341.npz,RSN0002_PGA_1p000g,RSN0002,1.0,8.181689543079738,5S_T120,5,1.2000000000000008,0.41110167081796517,bilinear,0.007,0.03408271655220936,0.13619087716085468,0.002572058091025664,62.0508050668586
342,data/simulations/mdof/sim_000342.npz,RSN0002_PGA_1p200g,RSN0002,1.2,9.818027451695686,3S_T035,3,0.34999999999999987,0.1249135537622733,elastic,0.004,0.010725238773684946,0.41512689669828123,0.0015926009585045503,35.25980755915753
343,data/simulations/mdof/sim_000343.npz,RSN0002_PGA_1p200g,RSN0002,1.2,9.818027451695686,3S_T035,3,0.34999999999999987,0.1249135537622733,bilinear,0.004,0.010725238773684942,0.4151268966982819,0.0015926009585045498,35.25980755915751
344,data/simulations/mdof/sim_000344.npz,RSN0002_PGA_1p200g,RSN0002,1.2,9.818027451695686,3S_T035,3,0.34999999999999987,0.1249135537622733,bilinear,0.007,0.010725238773684942,0.4151268966982819,0.0015926009585045498,35.25980755915751
345,data/simulations/mdof/sim_000345.npz,RSN0002_PGA_1p200g,RSN0002,1.2,9.818027451695686,3S_T060,3,0.6,0.21413752073532566,elastic,0.004,0.016713098275448784,0.19541501383295687,0.0025871286502499543,38.652515055725466
346,data/simulations/mdof/sim_000346.npz,RSN0002_PGA_1p200g,RSN0002,1.2,9.818027451695686,3S_T060,3,0.6,0.21413752073532566,bilinear,0.004,0.01671309827544878,0.19541501383295595,0.0025871286502499565,38.652515055725516
347,data/simulations/mdof/sim_000347.npz,RSN0002_PGA_1p200g,RSN0002,1.2,9.818027451695686,3S_T060,3,0.6,0.21413752073532566,bilinear,0.007,0.01671309827544878,0.19541501383295595,0.0025871286502499565,38.652515055725516
348,data/simulations/mdof/sim_000348.npz,RSN0002_PGA_1p200g,RSN0002,1.2,9.818027451695686,3S_T090,3,0.9,0.32120628110298843,elastic,0.004,0.03238748098653642,0.20541743403228518,0.0038033842110141193,69.47723785683108
349,data/simulations/mdof/sim_000349.npz,RSN0002_PGA_1p200g,RSN0002,1.2,9.818027451695686,3S_T090,3,0.9,0.32120628110298843,bilinear,0.004,0.032387480986536515,0.20541743403228524,0.0038033842110141327,69.47723785683152
350,data/simulations/mdof/sim_000350.npz,RSN0002_PGA_1p200g,RSN0002,1.2,9.818027451695686,3S_T090,3,0.9,0.32120628110298843,bilinear,0.007,0.032387480986536515,0.20541743403228524,0.0038033842110141327,69.47723785683152
351,data/simulations/mdof/sim_000351.npz,RSN0002_PGA_1p200g,RSN0002,1.2,9.818027451695686,5S_T055,5,0.5499999999999999,0.18842159912490059,elastic,0.004,0.011829237253617087,0.20567511367556815,0.0012081130881467668,30.098070992212797
352,data/simulations/mdof/sim_000352.npz,RSN0002_PGA_1p200g,RSN0002,1.2,9.818027451695686,5S_T055,5,0.5499999999999999,0.18842159912490059,bilinear,0.004,0.011829237253617106,0.20567511367556784,0.0012081130881467699,30.098070992212875
353,data/simulations/mdof/sim_000353.npz,RSN0002_PGA_1p200g,RSN0002,1.2,9.818027451695686,5S_T055,5,0.5499999999999999,0.18842159912490059,bilinear,0.007,0.011829237253617106,0.20567511367556784,0.0012081130881467699,30.098070992212875
354,data/simulations/mdof/sim_000354.npz,RSN0002_PGA_1p200g,RSN0002,1.2,9.818027451695686,5S_T085,5,0.8499999999999999,0.29119701682939186,elastic,0.004,0.035079939231891,0.2781005488984273,0.0032074948886170475,124.8480498175473
355,data/simulations/mdof/sim_000355.npz,RSN0002_PGA_1p200g,RSN0002,1.2,9.818027451695686,5S_T085,5,0.8499999999999999,0.29119701682939186,bilinear,0.004,0.03507993923189102,0.2781005488984275,0.0032074948886170553,124.84804981754762
356,data/simulations/mdof/sim_000356.npz,RSN0002_PGA_1p200g,RSN0002,1.2,9.818027451695686,5S_T085,5,0.8499999999999999,0.29119701682939186,bilinear,0.007,0.03507993923189102,0.2781005488984275,0.0032074948886170553,124.84804981754762
357,data/simulations/mdof/sim_000357.npz,RSN0002_PGA_1p200g,RSN0002,1.2,9.818027451695686,5S_T120,5,1.2000000000000008,0.41110167081796517,elastic,0.004,0.04089925986265126,0.1634290525930247,0.003086469709230799,89.35315929627644
358,data/simulations/mdof/sim_000358.npz,RSN0002_PGA_1p200g,RSN0002,1.2,9.818027451695686,5S_T120,5,1.2000000000000008,0.41110167081796517,bilinear,0.004,0.04089925986265124,0.16342905259302437,0.0030864697092307996,89.35315929627647
359,data/simulations/mdof/sim_000359.npz,RSN0002_PGA_1p200g,RSN0002,1.2,9.818027451695686,5S_T120,5,1.2000000000000008,0.41110167081796517,bilinear,0.007,0.04089925986265124,0.16342905259302437,0.0030864697092307996,89.35315929627647
360,data/simulations/mdof/sim_000360.npz,RSN0003_PGA_0p050g,RSN0003,0.05,0.4470579672676484,3S_T035,3,0.34999999999999987,0.1249135537622733,elastic,0.004,0.00038730183145544686,0.013162823994416744,6.298783698799291e-05,0.04814463128264604
361,data/simulations/mdof/sim_000361.npz,RSN0003_PGA_0p050g,RSN0003,0.05,0.4470579672676484,3S_T035,3,0.34999999999999987,0.1249135537622733,bilinear,0.004,0.0003873018314554469,0.01316282399441677,6.298783698799287e-05,0.048144631282646
362,data/simulations/mdof/sim_000362.npz,RSN0003_PGA_0p050g,RSN0003,0.05,0.4470579672676484,3S_T035,3,0.34999999999999987,0.1249135537622733,bilinear,0.007,0.0003873018314554469,0.01316282399441677,6.298783698799287e-05,0.048144631282646
363,data/simulations/mdof/sim_000363.npz,RSN0003_PGA_0p050g,RSN0003,0.05,0.4470579672676484,3S_T060,3,0.6,0.21413752073532566,elastic,0.004,0.000959294234733228,0.013404739330053777,0.0001271847326361413,0.11062054416126199
364,data/simulations/mdof/sim_000364.npz,RSN0003_PGA_0p050g,RSN0003,0.05,0.4470579672676484,3S_T060,3,0.6,0.21413752073532566,bilinear,0.004,0.000959294234733228,0.013404739330053785,0.0001271847326361412,0.11062054416126195
365,data/simulations/mdof/sim_000365.npz,RSN0003_PGA_0p050g,RSN0003,0.05,0.4470579672676484,3S_T060,3,0.6,0.21413752073532566,bilinear,0.007,0.000959294234733228,0.013404739330053785,0.0001271847326361412,0.11062054416126195
366,data/simulations/mdof/sim_000366.npz,RSN0003_PGA_0p050g,RSN0003,0.05,0.4470579672676484,3S_T090,3,0.9,0.32120628110298843,elastic,0.004,0.002141539095034264,0.012674356870531287,0.0002655195282347779,0.3073893465458303
367,data/simulations/mdof/sim_000367.npz,RSN0003_PGA_0p050g,RSN0003,0.05,0.4470579672676484,3S_T090,3,0.9,0.32120628110298843,bilinear,0.004,0.002141539095034273,0.01267435687053135,0.0002655195282347791,0.30738934654583255
368,data/simulations/mdof/sim_000368.npz,RSN0003_PGA_0p050g,RSN0003,0.05,0.4470579672676484,3S_T090,3,0.9,0.32120628110298843,bilinear,0.007,0.002141539095034273,0.01267435687053135,0.0002655195282347791,0.30738934654583255
369,data/simulations/mdof/sim_000369.npz,RSN0003_PGA_0p050g,RSN0003,0.05,0.4470579672676484,5S_T055,5,0.5499999999999999,0.18842159912490059,elastic,0.004,0.0009121492065216373,0.012571782722409656,8.576682985080731e-05,0.1551358418880254
370,data/simulations/mdof/sim_000370.npz,RSN0003_PGA_0p050g,RSN0003,0.05,0.4470579672676484,5S_T055,5,0.5499999999999999,0.18842159912490059,bilinear,0.004,0.0009121492065216373,0.012571782722409688,8.576682985080723e-05,0.15513584188802537
371,data/simulations/mdof/sim_000371.npz,RSN0003_PGA_0p050g,RSN0003,0.05,0.4470579672676484,5S_T055,5,0.5499999999999999,0.18842159912490059,bilinear,0.007,0.0009121492065216373,0.012571782722409688,8.576682985080723e-05,0.15513584188802537
372,data/simulations/mdof/sim_000372.npz,RSN0003_PGA_0p050g,RSN0003,0.05,0.4470579672676484,5S_T085,5,0.8499999999999999,0.29119701682939186,elastic,0.004,0.0019279336347001361,0.011401970897454964,0.0001703198462674805,0.3445714716989247
373,data/simulations/mdof/sim_000373.npz,RSN0003_PGA_0p050g,RSN0003,0.05,0.4470579672676484,5S_T085,5,0.8499999999999999,0.29119701682939186,bilinear,0.004,0.0019279336347001392,0.011401970897454976,0.0001703198462674803,0.34457147169892577
374,data/simulations/mdof/sim_000374.npz,RSN0003_PGA_0p050g,RSN0003,0.05,0.4470579672676484,5S_T085,5,0.8499999999999999,0.29119701682939186,bilinear,0.007,0.0019279336347001392,0.011401970897454976,0.0001703198462674803,0.34457147169892577
375,data/simulations/mdof/sim_000375.npz,RSN0003_PGA_0p050g,RSN0003,0.05,0.4470579672676484,5S_T120,5,1.2000000000000008,0.41110167081796517,elastic,0.004,0.0023043137254056888,0.010881304284279757,0.0001886602617095575,0.3113059694753752
376,data/simulations/mdof/sim_000376.npz,RSN0003_PGA_0p050g,RSN0003,0.05,0.4470579672676484,5S_T120,5,1.2000000000000008,0.41110167081796517,bilinear,0.004,0.0023043137254056883,0.010881304284279686,0.00018866026170955772,0.311305969475376
377,data/simulations/mdof/sim_000377.npz,RSN0003_PGA_0p050g,RSN0003,0.05,0.4470579672676484,5S_T120,5,1.2000000000000008,0.41110167081796517,bilinear,0.007,0.0023043137254056883,0.010881304284279686,0.00018866026170955772,0.311305969475376
378,data/simulations/mdof/sim_000378.npz,RSN0003_PGA_0p100g,RSN0003,0.1,0.8941159345352968,3S_T035,3,0.34999999999999987,0.1249135537622733,elastic,0.004,0.0007746036629108937,0.026325647988833488,0.00012597567397598582,0.19257852513058416
379,data/simulations/mdof/sim_000379.npz,RSN0003_PGA_0p100g,RSN0003,0.1,0.8941159345352968,3S_T035,3,0.34999999999999987,0.1249135537622733,bilinear,0.004,0.0007746036629108938,0.02632564798883354,0.00012597567397598574,0.192578525130584
380,data/simulations/mdof/sim_000380.npz,RSN0003_PGA_0p100g,RSN0003,0.1,0.8941159345352968,3S_T035,3,0.34999999999999987,0.1249135537622733,bilinear,0.007,0.0007746036629108938,0.02632564798883354,0.00012597567397598574,0.192578525130584
381,data/simulations/mdof/sim_000381.npz,RSN0003_PGA_0p100g,RSN0003,0.1,0.8941159345352968,3S_T060,3,0.6,0.21413752073532566,elastic,0.004,0.001918588469466456,0.026809478660107553,0.0002543694652722826,0.44248217664504796
382,data/simulations/mdof/sim_000382.npz,RSN0003_PGA_0p100g,RSN0003,0.1,0.8941159345352968,3S_T060,3,0.6,0.21413752073532566,bilinear,0.004,0.001918588469466456,0.02680947866010757,0.0002543694652722824,0.4424821766450478
383,data/simulations/mdof/sim_000383.npz,RSN0003_PGA_0p100g,RSN0003,0.1,0.8941159345352968,3S_T060,3,0.6,0.21413752073532566,bilinear,0.007,0.001918588469466456,0.02680947866010757,0.0002543694652722824,0.4424821766450478
384,data/simulations/mdof/sim_000384.npz,RSN0003_PGA_0p100g,RSN0003,0.1,0.8941159345352968,3S_T090,3,0.9,0.32120628110298843,elastic,0.004,0.004283078190068528,0.025348713741062574,0.0005310390564695558,1.229557386183321
385,data/simulations/mdof/sim_000385.npz,RSN0003_PGA_0p100g,RSN0003,0.1,0.8941159345352968,3S_T090,3,0.9,0.32120628110298843,bilinear,0.004,0.004283078190068546,0.0253487137410627,0.0005310390564695582,1.2295573861833302
386,data/simulations/mdof/sim_000386.npz,RSN0003_PGA_0p100g,RSN0003,0.1,0.8941159345352968,3S_T090,3,0.9,0.32120628110298843,bilinear,0.007,0.004283078190068546,0.0253487137410627,0.0005310390564695582,1.2295573861833302
387,data/simulations/mdof/sim_000387.npz,RSN0003_PGA_0p100g,RSN0003,0.1,0.8941159345352968,5S_T055,5,0.5499999999999999,0.18842159912490059,elastic,0.004,0.0018242984130432745,0.025143565444819313,0.00017153365970161462,0.6205433675521016
388,data/simulations/mdof/sim_000388.npz,RSN0003_PGA_0p100g,RSN0003,0.1,0.8941159345352968,5S_T055,5,0.5499999999999999,0.18842159912490059,bilinear,0.004,0.0018242984130432745,0.025143565444819375,0.00017153365970161446,0.6205433675521015
389,data/simulations/mdof/sim_000389.npz,RSN0003_PGA_0p100g,RSN0003,0.1,0.8941159345352968,5S_T055,5,0.5499999999999999,0.18842159912490059,bilinear,0.007,0.0018242984130432745,0.025143565444819375,0.00017153365970161446,0.6205433675521015
390,data/simulations/mdof/sim_000390.npz,RSN0003_PGA_0p100g,RSN0003,0.1,0.8941159345352968,5S_T085,5,0.8499999999999999,0.29119701682939186,elastic,0.004,0.0038558672694002723,0.022803941794909927,0.000340639692534961,1.3782858867956989
391,data/simulations/mdof/sim_000391.npz,RSN0003_PGA_0p100g,RSN0003,0.1,0.8941159345352968,5S_T085,5,0.8499999999999999,0.29119701682939186,bilinear,0.004,0.0038558672694002784,0.02280394179490995,0.0003406396925349606,1.378285886795703
392,data/simulations/mdof/sim_000392.npz,RSN0003_PGA_0p100g,RSN0003,0.1,0.8941159345352968,5S_T085,5,0.8499999999999999,0.29119701682939186,bilinear,0.007,0.0038558672694002784,0.02280394179490995,0.0003406396925349606,1.378285886795703
393,data/simulations/mdof/sim_000393.npz,RSN0003_PGA_0p100g,RSN0003,0.1,0.8941159345352968,5S_T120,5,1.2000000000000008,0.41110167081796517,elastic,0.004,0.0046086274508113775,0.021762608568559515,0.000377320523419115,1.2452238779015008
394,data/simulations/mdof/sim_000394.npz,RSN0003_PGA_0p100g,RSN0003,0.1,0.8941159345352968,5S_T120,5,1.2000000000000008,0.41110167081796517,bilinear,0.004,0.004608627450811377,0.021762608568559372,0.00037732052341911545,1.245223877901504
395,data/simulations/mdof/sim_000395.npz,RSN0003_PGA_0p100g,RSN0003,0.1,0.8941159345352968,5S_T120,5,1.2000000000000008,0.41110167081796517,bilinear,0.007,0.004608627450811377,0.021762608568559372,0.00037732052341911545,1.245223877901504
396,data/simulations/mdof/sim_000396.npz,RSN0003_PGA_0p200g,RSN0003,0.2,1.7882318690705936,3S_T035,3,0.34999999999999987,0.1249135537622733,elastic,0.004,0.0015492073258217874,0.052651295977666976,0.00025195134795197164,0.7703141005223366
397,data/simulations/mdof/sim_000397.npz,RSN0003_PGA_0p200g,RSN0003,0.2,1.7882318690705936,3S_T035,3,0.34999999999999987,0.1249135537622733,bilinear,0.004,0.0015492073258217877,0.05265129597766708,0.0002519513479519715,0.770314100522336
398,data/simulations/mdof/sim_000398.npz,RSN0003_PGA_0p200g,RSN0003,0.2,1.7882318690705936,3S_T035,3,0.34999999999999987,0.1249135537622733,bilinear,0.007,0.0015492073258217877,0.05265129597766708,0.0002519513479519715,0.770314100522336
399,data/simulations/mdof/sim_000399.npz,RSN0003_PGA_0p200g,RSN0003,0.2,1.7882318690705936,3S_T060,3,0.6,0.21413752073532566,elastic,0.004,0.003837176938932912,0.053618957320215106,0.0005087389305445652,1.7699287065801919
400,data/simulations/mdof/sim_000400.npz,RSN0003_PGA_0p200g,RSN0003,0.2,1.7882318690705936,3S_T060,3,0.6,0.21413752073532566,bilinear,0.004,0.003837176938932912,0.05361895732021514,0.0005087389305445648,1.7699287065801912
401,data/simulations/mdof/sim_000401.npz,RSN0003_PGA_0p200g,RSN0003,0.2,1.7882318690705936,3S_T060,3,0.6,0.21413752073532566,bilinear,0.007,0.003837176938932912,0.05361895732021514,0.0005087389305445648,1.7699287065801912
402,data/simulations/mdof/sim_000402.npz,RSN0003_PGA_0p200g,RSN0003,0.2,1.7882318690705936,3S_T090,3,0.9,0.32120628110298843,elastic,0.004,0.008566156380137056,0.05069742748212515,0.0010620781129391116,4.918229544733284
403,data/simulations/mdof/sim_000403.npz,RSN0003_PGA_0p200g,RSN0003,0.2,1.7882318690705936,3S_T090,3,0.9,0.32120628110298843,bilinear,0.004,0.008566156380137092,0.0506974274821254,0.0010620781129391163,4.918229544733321
404,data/simulations/mdof/sim_000404.npz,RSN0003_PGA_0p200g,RSN0003,0.2,1.7882318690705936,3S_T090,3,0.9,0.32120628110298843,bilinear,0.007,0.008566156380137092,0.0506974274821254,0.0010620781129391163,4.918229544733321
405,data/simulations/mdof/sim_000405.npz,RSN0003_PGA_0p200g,RSN0003,0.2,1.7882318690705936,5S_T055,5,0.5499999999999999,0.18842159912490059,elastic,0.004,0.003648596826086549,0.050287130889638626,0.00034306731940322925,2.4821734702084064
406,data/simulations/mdof/sim_000406.npz,RSN0003_PGA_0p200g,RSN0003,0.2,1.7882318690705936,5S_T055,5,0.5499999999999999,0.18842159912490059,bilinear,0.004,0.003648596826086549,0.05028713088963875,0.0003430673194032289,2.482173470208406
407,data/simulations/mdof/sim_000407.npz,RSN0003_PGA_0p200g,RSN0003,0.2,1.7882318690705936,5S_T055,5,0.5499999999999999,0.18842159912490059,bilinear,0.007,0.003648596826086549,0.05028713088963875,0.0003430673194032289,2.482173470208406
408,data/simulations/mdof/sim_000408.npz,RSN0003_PGA_0p200g,RSN0003,0.2,1.7882318690705936,5S_T085,5,0.8499999999999999,0.29119701682939186,elastic,0.004,0.007711734538800545,0.045607883589819855,0.000681279385069922,5.513143547182795
409,data/simulations/mdof/sim_000409.npz,RSN0003_PGA_0p200g,RSN0003,0.2,1.7882318690705936,5S_T085,5,0.8499999999999999,0.29119701682939186,bilinear,0.004,0.007711734538800557,0.0456078835898199,0.0006812793850699212,5.513143547182812
410,data/simulations/mdof/sim_000410.npz,RSN0003_PGA_0p200g,RSN0003,0.2,1.7882318690705936,5S_T085,5,0.8499999999999999,0.29119701682939186,bilinear,0.007,0.007711734538800557,0.0456078835898199,0.0006812793850699212,5.513143547182812
411,data/simulations/mdof/sim_000411.npz,RSN0003_PGA_0p200g,RSN0003,0.2,1.7882318690705936,5S_T120,5,1.2000000000000008,0.41110167081796517,elastic,0.004,0.009217254901622755,0.04352521713711903,0.00075464104683823,4.980895511606003
412,data/simulations/mdof/sim_000412.npz,RSN0003_PGA_0p200g,RSN0003,0.2,1.7882318690705936,5S_T120,5,1.2000000000000008,0.41110167081796517,bilinear,0.004,0.009217254901622741,0.043525217137118696,0.0007546410468382298,4.980895511606002
413,data/simulations/mdof/sim_000413.npz,RSN0003_PGA_0p200g,RSN0003,0.2,1.7882318690705936,5S_T120,5,1.2000000000000008,0.41110167081796517,bilinear,0.007,0.009217254901622741,0.043525217137118696,0.0007546410468382298,4.980895511606002
414,data/simulations/mdof/sim_000414.npz,RSN0003_PGA_0p300g,RSN0003,0.3,2.68234780360589,3S_T035,3,0.34999999999999987,0.1249135537622733,elastic,0.004,0.002323810988732679,0.07897694396650053,0.00037792702192795735,1.7332067261752542
415,data/simulations/mdof/sim_000415.npz,RSN0003_PGA_0p300g,RSN0003,0.3,2.68234780360589,3S_T035,3,0.34999999999999987,0.1249135537622733,bilinear,0.004,0.0023238109887326777,0.07897694396650033,0.0003779270219279569,1.7332067261752517
416,data/simulations/mdof/sim_000416.npz,RSN0003_PGA_0p300g,RSN0003,0.3,2.68234780360589,3S_T035,3,0.34999999999999987,0.1249135537622733,bilinear,0.007,0.0023238109887326777,0.07897694396650033,0.0003779270219279569,1.7332067261752517
417,data/simulations/mdof/sim_000417.npz,RSN0003_PGA_0p300g,RSN0003,0.3,2.68234780360589,3S_T060,3,0.6,0.21413752073532566,elastic,0.004,0.005755765408399362,0.08042843598032258,0.0007631083958168467,3.9823395898054246
418,data/simulations/mdof/sim_000418.npz,RSN0003_PGA_0p300g,RSN0003,0.3,2.68234780360589,3S_T060,3,0.6,0.21413752073532566,bilinear,0.004,0.005755765408399373,0.08042843598032262,0.0007631083958168481,3.9823395898054397
419,data/simulations/mdof/sim_000419.npz,RSN0003_PGA_0p300g,RSN0003,0.3,2.68234780360589,3S_T060,3,0.6,0.21413752073532566,bilinear,0.007,0.005755765408399373,0.08042843598032262,0.0007631083958168481,3.9823395898054397
420,data/simulations/mdof/sim_000420.npz,RSN0003_PGA_0p300g,RSN0003,0.3,2.68234780360589,3S_T090,3,0.9,0.32120628110298843,elastic,0.004,0.012849234570205677,0.07604614122318834,0.0015931171694086766,11.066016475650041
421,data/simulations/mdof/sim_000421.npz,RSN0003_PGA_0p300g,RSN0003,0.3,2.68234780360589,3S_T090,3,0.9,0.32120628110298843,bilinear,0.004,0.012849234570205642,0.07604614122318812,0.0015931171694086713,11.066016475649985
422,data/simulations/mdof/sim_000422.npz,RSN0003_PGA_0p300g,RSN0003,0.3,2.68234780360589,3S_T090,3,0.9,0.32120628110298843,bilinear,0.007,0.012849234570205642,0.07604614122318812,0.0015931171694086713,11.066016475649985
423,data/simulations/mdof/sim_000423.npz,RSN0003_PGA_0p300g,RSN0003,0.3,2.68234780360589,5S_T055,5,0.5499999999999999,0.18842159912490059,elastic,0.004,0.005472895239129827,0.07543069633445819,0.0005146009791048437,5.58489030796892
424,data/simulations/mdof/sim_000424.npz,RSN0003_PGA_0p300g,RSN0003,0.3,2.68234780360589,5S_T055,5,0.5499999999999999,0.18842159912490059,bilinear,0.004,0.005472895239129822,0.07543069633445809,0.0005146009791048429,5.584890307968907
425,data/simulations/mdof/sim_000425.npz,RSN0003_PGA_0p300g,RSN0003,0.3,2.68234780360589,5S_T055,5,0.5499999999999999,0.18842159912490059,bilinear,0.007,0.005472895239129822,0.07543069633445809,0.0005146009791048429,5.584890307968907
426,data/simulations/mdof/sim_000426.npz,RSN0003_PGA_0p300g,RSN0003,0.3,2.68234780360589,5S_T085,5,0.8499999999999999,0.29119701682939186,elastic,0.004,0.01156760180820082,0.06841182538472994,0.001021919077604882,12.404572981161287
427,data/simulations/mdof/sim_000427.npz,RSN0003_PGA_0p300g,RSN0003,0.3,2.68234780360589,5S_T085,5,0.8499999999999999,0.29119701682939186,bilinear,0.004,0.011567601808200838,0.06841182538472972,0.0010219190776048815,12.404572981161307
428,data/simulations/mdof/sim_000428.npz,RSN0003_PGA_0p300g,RSN0003,0.3,2.68234780360589,5S_T085,5,0.8499999999999999,0.29119701682939186,bilinear,0.007,0.011567601808200838,0.06841182538472972,0.0010219190776048815,12.404572981161307
429,data/simulations/mdof/sim_000429.npz,RSN0003_PGA_0p300g,RSN0003,0.3,2.68234780360589,5S_T120,5,1.2000000000000008,0.41110167081796517,elastic,0.004,0.013825882352434116,0.0652878257056783,0.0011319615702573445,11.20701490111348
430,data/simulations/mdof/sim_000430.npz,RSN0003_PGA_0p300g,RSN0003,0.3,2.68234780360589,5S_T120,5,1.2000000000000008,0.41110167081796517,bilinear,0.004,0.013825882352434132,0.06528782570567847,0.001131961570257346,11.207014901113508
431,data/simulations/mdof/sim_000431.npz,RSN0003_PGA_0p300g,RSN0003,0.3,2.68234780360589,5S_T120,5,1.2000000000000008,0.41110167081796517,bilinear,0.007,0.013825882352434132,0.06528782570567847,0.001131961570257346,11.207014901113508
432,data/simulations/mdof/sim_000432.npz,RSN0003_PGA_0p400g,RSN0003,0.4,3.5764637381411872,3S_T035,3,0.34999999999999987,0.1249135537622733,elastic,0.004,0.003098414651643575,0.10530259195533395,0.0005039026959039433,3.0812564020893465
433,data/simulations/mdof/sim_000433.npz,RSN0003_PGA_0p400g,RSN0003,0.4,3.5764637381411872,3S_T035,3,0.34999999999999987,0.1249135537622733,bilinear,0.004,0.0030984146516435753,0.10530259195533416,0.000503902695903943,3.081256402089344
434,data/simulations/mdof/sim_000434.npz,RSN0003_PGA_0p400g,RSN0003,0.4,3.5764637381411872,3S_T035,3,0.34999999999999987,0.1249135537622733,bilinear,0.007,0.0030984146516435753,0.10530259195533416,0.000503902695903943,3.081256402089344
435,data/simulations/mdof/sim_000435.npz,RSN0003_PGA_0p400g,RSN0003,0.4,3.5764637381411872,3S_T060,3,0.6,0.21413752073532566,elastic,0.004,0.007674353877865824,0.10723791464043021,0.0010174778610891305,7.079714826320767
436,data/simulations/mdof/sim_000436.npz,RSN0003_PGA_0p400g,RSN0003,0.4,3.5764637381411872,3S_T060,3,0.6,0.21413752073532566,bilinear,0.004,0.007674353877865824,0.10723791464043028,0.0010174778610891296,7.079714826320765
437,data/simulations/mdof/sim_000437.npz,RSN0003_PGA_0p400g,RSN0003,0.4,3.5764637381411872,3S_T060,3,0.6,0.21413752073532566,bilinear,0.007,0.007674353877865824,0.10723791464043028,0.0010174778610891296,7.079714826320765
438,data/simulations/mdof/sim_000438.npz,RSN0003_PGA_0p400g,RSN0003,0.4,3.5764637381411872,3S_T090,3,0.9,0.32120628110298843,elastic,0.004,0.01713231276027411,0.1013948549642503,0.002124156225878223,19.672918178933138
439,data/simulations/mdof/sim_000439.npz,RSN0003_PGA_0p400g,RSN0003,0.4,3.5764637381411872,3S_T090,3,0.9,0.32120628110298843,bilinear,0.004,0.017132312760274184,0.1013948549642508,0.0021241562258782327,19.672918178933283
440,data/simulations/mdof/sim_000440.npz,RSN0003_PGA_0p400g,RSN0003,0.4,3.5764637381411872,3S_T090,3,0.9,0.32120628110298843,bilinear,0.007,0.017132312760274184,0.1013948549642508,0.0021241562258782327,19.672918178933283
441,data/simulations/mdof/sim_000441.npz,RSN0003_PGA_0p400g,RSN0003,0.4,3.5764637381411872,5S_T055,5,0.5499999999999999,0.18842159912490059,elastic,0.004,0.007297193652173098,0.10057426177927725,0.0006861346388064585,9.928693880833626
442,data/simulations/mdof/sim_000442.npz,RSN0003_PGA_0p400g,RSN0003,0.4,3.5764637381411872,5S_T055,5,0.5499999999999999,0.18842159912490059,bilinear,0.004,0.007297193652173098,0.1005742617792775,0.0006861346388064578,9.928693880833624
443,data/simulations/mdof/sim_000443.npz,RSN0003_PGA_0p400g,RSN0003,0.4,3.5764637381411872,5S_T055,5,0.5499999999999999,0.18842159912490059,bilinear,0.007,0.007297193652173098,0.1005742617792775,0.0006861346388064578,9.928693880833624
444,data/simulations/mdof/sim_000444.npz,RSN0003_PGA_0p400g,RSN0003,0.4,3.5764637381411872,5S_T085,5,0.8499999999999999,0.29119701682939186,elastic,0.004,0.01542346907760109,0.09121576717963971,0.001362558770139844,22.05257418873118
445,data/simulations/mdof/sim_000445.npz,RSN0003_PGA_0p400g,RSN0003,0.4,3.5764637381411872,5S_T085,5,0.8499999999999999,0.29119701682939186,bilinear,0.004,0.0154234690776011,0.09121576717963982,0.0013625587701398465,22.05257418873121
446,data/simulations/mdof/sim_000446.npz,RSN0003_PGA_0p400g,RSN0003,0.4,3.5764637381411872,5S_T085,5,0.8499999999999999,0.29119701682939186,bilinear,0.007,0.0154234690776011,0.09121576717963982,0.0013625587701398465,22.05257418873121
447,data/simulations/mdof/sim_000447.npz,RSN0003_PGA_0p400g,RSN0003,0.4,3.5764637381411872,5S_T120,5,1.2000000000000008,0.41110167081796517,elastic,0.004,0.01843450980324551,0.08705043427423806,0.00150928209367646,19.923582046424013
448,data/simulations/mdof/sim_000448.npz,RSN0003_PGA_0p400g,RSN0003,0.4,3.5764637381411872,5S_T120,5,1.2000000000000008,0.41110167081796517,bilinear,0.004,0.018434509803245482,0.08705043427423739,0.0015092820936764596,19.92358204642401
449,data/simulations/mdof/sim_000449.npz,RSN0003_PGA_0p400g,RSN0003,0.4,3.5764637381411872,5S_T120,5,1.2000000000000008,0.41110167081796517,bilinear,0.007,0.018434509803245482,0.08705043427423739,0.0015092820936764596,19.92358204642401
450,data/simulations/mdof/sim_000450.npz,RSN0003_PGA_0p500g,RSN0003,0.5,4.470579672676483,3S_T035,3,0.34999999999999987,0.1249135537622733,elastic,0.004,0.003873018314554461,0.13162823994416709,0.000629878369879928,4.814463128264585
451,data/simulations/mdof/sim_000451.npz,RSN0003_PGA_0p500g,RSN0003,0.5,4.470579672676483,3S_T035,3,0.34999999999999987,0.1249135537622733,bilinear,0.004,0.003873018314554466,0.13162823994416734,0.0006298783698799282,4.8144631282645935
452,data/simulations/mdof/sim_000452.npz,RSN0003_PGA_0p500g,RSN0003,0.5,4.470579672676483,3S_T035,3,0.34999999999999987,0.1249135537622733,bilinear,0.007,0.003873018314554466,0.13162823994416734,0.0006298783698799282,4.8144631282645935
453,data/simulations/mdof/sim_000453.npz,RSN0003_PGA_0p500g,RSN0003,0.5,4.470579672676483,3S_T060,3,0.6,0.21413752073532566,elastic,0.004,0.009592942347332255,0.13404739330053772,0.0012718473263614084,11.06205441612614
454,data/simulations/mdof/sim_000454.npz,RSN0003_PGA_0p500g,RSN0003,0.5,4.470579672676483,3S_T060,3,0.6,0.21413752073532566,bilinear,0.004,0.009592942347332259,0.13404739330053772,0.0012718473263614101,11.06205441612615
455,data/simulations/mdof/sim_000455.npz,RSN0003_PGA_0p500g,RSN0003,0.5,4.470579672676483,3S_T060,3,0.6,0.21413752073532566,bilinear,0.007,0.009592942347332259,0.13404739330053772,0.0012718473263614101,11.06205441612615
456,data/simulations/mdof/sim_000456.npz,RSN0003_PGA_0p500g,RSN0003,0.5,4.470579672676483,3S_T090,3,0.9,0.32120628110298843,elastic,0.004,0.021415390950342686,0.1267435687053124,0.002655195282347787,30.738934654583186
457,data/simulations/mdof/sim_000457.npz,RSN0003_PGA_0p500g,RSN0003,0.5,4.470579672676483,3S_T090,3,0.9,0.32120628110298843,bilinear,0.004,0.02141539095034275,0.12674356870531264,0.0026551952823477935,30.73893465458333
458,data/simulations/mdof/sim_000458.npz,RSN0003_PGA_0p500g,RSN0003,0.5,4.470579672676483,3S_T090,3,0.9,0.32120628110298843,bilinear,0.007,0.02141539095034275,0.12674356870531264,0.0026551952823477935,30.73893465458333
459,data/simulations/mdof/sim_000459.npz,RSN0003_PGA_0p500g,RSN0003,0.5,4.470579672676483,5S_T055,5,0.5499999999999999,0.18842159912490059,elastic,0.004,0.009121492065216367,0.12571782722409708,0.0008576682985080718,15.513584188802508
460,data/simulations/mdof/sim_000460.npz,RSN0003_PGA_0p500g,RSN0003,0.5,4.470579672676483,5S_T055,5,0.5499999999999999,0.18842159912490059,bilinear,0.004,0.009121492065216372,0.12571782722409705,0.0008576682985080726,15.513584188802536
461,data/simulations/mdof/sim_000461.npz,RSN0003_PGA_0p500g,RSN0003,0.5,4.470579672676483,5S_T055,5,0.5499999999999999,0.18842159912490059,bilinear,0.007,0.009121492065216372,0.12571782722409705,0.0008576682985080726,15.513584188802536
462,data/simulations/mdof/sim_000462.npz,RSN0003_PGA_0p500g,RSN0003,0.5,4.470579672676483,5S_T085,5,0.8499999999999999,0.29119701682939186,elastic,0.004,0.01927933634700141,0.1140197089745494,0.0017031984626748073,34.45714716989264
463,data/simulations/mdof/sim_000463.npz,RSN0003_PGA_0p500g,RSN0003,0.5,4.470579672676483,5S_T085,5,0.8499999999999999,0.29119701682939186,bilinear,0.004,0.01927933634700144,0.11401970897454962,0.0017031984626748075,34.457147169892764
464,data/simulations/mdof/sim_000464.npz,RSN0003_PGA_0p500g,RSN0003,0.5,4.470579672676483,5S_T085,5,0.8499999999999999,0.29119701682939186,bilinear,0.007,0.01927933634700144,0.11401970897454962,0.0017031984626748075,34.457147169892764
465,data/simulations/mdof/sim_000465.npz,RSN0003_PGA_0p500g,RSN0003,0.5,4.470579672676483,5S_T120,5,1.2000000000000008,0.41110167081796517,elastic,0.004,0.023043137254056843,0.10881304284279719,0.0018866026170955732,31.13059694753742
466,data/simulations/mdof/sim_000466.npz,RSN0003_PGA_0p500g,RSN0003,0.5,4.470579672676483,5S_T120,5,1.2000000000000008,0.41110167081796517,bilinear,0.004,0.023043137254056874,0.10881304284279744,0.0018866026170955715,31.130596947537416
467,data/simulations/mdof/sim_000467.npz,RSN0003_PGA_0p500g,RSN0003,0.5,4.470579672676483,5S_T120,5,1.2000000000000008,0.41110167081796517,bilinear,0.007,0.023043137254056874,0.10881304284279744,0.0018866026170955715,31.130596947537416
468,data/simulations/mdof/sim_000468.npz,RSN0003_PGA_0p600g,RSN0003,0.6,5.36469560721178,3S_T035,3,0.34999999999999987,0.1249135537622733,elastic,0.004,0.004647621977465358,0.15795388793300105,0.0007558540438559147,6.932826904701017
469,data/simulations/mdof/sim_000469.npz,RSN0003_PGA_0p600g,RSN0003,0.6,5.36469560721178,3S_T035,3,0.34999999999999987,0.1249135537622733,bilinear,0.004,0.004647621977465355,0.15795388793300066,0.0007558540438559138,6.932826904701007
470,data/simulations/mdof/sim_000470.npz,RSN0003_PGA_0p600g,RSN0003,0.6,5.36469560721178,3S_T035,3,0.34999999999999987,0.1249135537622733,bilinear,0.007,0.004647621977465355,0.15795388793300066,0.0007558540438559138,6.932826904701007
471,data/simulations/mdof/sim_000471.npz,RSN0003_PGA_0p600g,RSN0003,0.6,5.36469560721178,3S_T060,3,0.6,0.21413752073532566,elastic,0.004,0.011511530816798725,0.16085687196064516,0.0015262167916336934,15.929358359221698
472,data/simulations/mdof/sim_000472.npz,RSN0003_PGA_0p600g,RSN0003,0.6,5.36469560721178,3S_T060,3,0.6,0.21413752073532566,bilinear,0.004,0.011511530816798746,0.16085687196064524,0.0015262167916336963,15.929358359221759
473,data/simulations/mdof/sim_000473.npz,RSN0003_PGA_0p600g,RSN0003,0.6,5.36469560721178,3S_T060,3,0.6,0.21413752073532566,bilinear,0.007,0.011511530816798746,0.16085687196064524,0.0015262167916336963,15.929358359221759
474,data/simulations/mdof/sim_000474.npz,RSN0003_PGA_0p600g,RSN0003,0.6,5.36469560721178,3S_T090,3,0.9,0.32120628110298843,elastic,0.004,0.025698469140411354,0.15209228244637668,0.003186234338817353,44.264065902600166
475,data/simulations/mdof/sim_000475.npz,RSN0003_PGA_0p600g,RSN0003,0.6,5.36469560721178,3S_T090,3,0.9,0.32120628110298843,bilinear,0.004,0.025698469140411285,0.15209228244637624,0.0031862343388173427,44.26406590259994
476,data/simulations/mdof/sim_000476.npz,RSN0003_PGA_0p600g,RSN0003,0.6,5.36469560721178,3S_T090,3,0.9,0.32120628110298843,bilinear,0.007,0.025698469140411285,0.15209228244637624,0.0031862343388173427,44.26406590259994
477,data/simulations/mdof/sim_000477.npz,RSN0003_PGA_0p600g,RSN0003,0.6,5.36469560721178,5S_T055,5,0.5499999999999999,0.18842159912490059,elastic,0.004,0.010945790478259654,0.15086139266891638,0.0010292019582096874,22.33956123187568
478,data/simulations/mdof/sim_000478.npz,RSN0003_PGA_0p600g,RSN0003,0.6,5.36469560721178,5S_T055,5,0.5499999999999999,0.18842159912490059,bilinear,0.004,0.010945790478259644,0.15086139266891618,0.0010292019582096858,22.339561231875628
479,data/simulations/mdof/sim_000479.npz,RSN0003_PGA_0p600g,RSN0003,0.6,5.36469560721178,5S_T055,5,0.5499999999999999,0.18842159912490059,bilinear,0.007,0.010945790478259644,0.15086139266891618,0.0010292019582096858,22.339561231875628
480,data/simulations/mdof/sim_000480.npz,RSN0003_PGA_0p600g,RSN0003,0.6,5.36469560721178,5S_T085,5,0.8499999999999999,0.29119701682939186,elastic,0.004,0.02313520361640164,0.13682365076945988,0.002043838155209764,49.61829192464515
481,data/simulations/mdof/sim_000481.npz,RSN0003_PGA_0p600g,RSN0003,0.6,5.36469560721178,5S_T085,5,0.8499999999999999,0.29119701682939186,bilinear,0.004,0.023135203616401676,0.13682365076945943,0.002043838155209763,49.61829192464523
482,data/simulations/mdof/sim_000482.npz,RSN0003_PGA_0p600g,RSN0003,0.6,5.36469560721178,5S_T085,5,0.8499999999999999,0.29119701682939186,bilinear,0.007,0.023135203616401676,0.13682365076945943,0.002043838155209763,49.61829192464523
483,data/simulations/mdof/sim_000483.npz,RSN0003_PGA_0p600g,RSN0003,0.6,5.36469560721178,5S_T120,5,1.2000000000000008,0.41110167081796517,elastic,0.004,0.027651764704868232,0.1305756514113566,0.002263923140514689,44.82805960445392
484,data/simulations/mdof/sim_000484.npz,RSN0003_PGA_0p600g,RSN0003,0.6,5.36469560721178,5S_T120,5,1.2000000000000008,0.41110167081796517,bilinear,0.004,0.027651764704868263,0.13057565141135694,0.002263923140514692,44.82805960445403
485,data/simulations/mdof/sim_000485.npz,RSN0003_PGA_0p600g,RSN0003,0.6,5.36469560721178,5S_T120,5,1.2000000000000008,0.41110167081796517,bilinear,0.007,0.027651764704868263,0.13057565141135694,0.002263923140514692,44.82805960445403
486,data/simulations/mdof/sim_000486.npz,RSN0003_PGA_0p800g,RSN0003,0.8,7.1529274762823745,3S_T035,3,0.34999999999999987,0.1249135537622733,elastic,0.004,0.00619682930328715,0.2106051839106679,0.0010078053918078866,12.325025608357386
487,data/simulations/mdof/sim_000487.npz,RSN0003_PGA_0p800g,RSN0003,0.8,7.1529274762823745,3S_T035,3,0.34999999999999987,0.1249135537622733,bilinear,0.004,0.006196829303287151,0.21060518391066832,0.001007805391807886,12.325025608357375
488,data/simulations/mdof/sim_000488.npz,RSN0003_PGA_0p800g,RSN0003,0.8,7.1529274762823745,3S_T035,3,0.34999999999999987,0.1249135537622733,bilinear,0.007,0.006196829303287151,0.21060518391066832,0.001007805391807886,12.325025608357375
489,data/simulations/mdof/sim_000489.npz,RSN0003_PGA_0p800g,RSN0003,0.8,7.1529274762823745,3S_T060,3,0.6,0.21413752073532566,elastic,0.004,0.015348707755731649,0.21447582928086042,0.002034955722178261,28.31885930528307
490,data/simulations/mdof/sim_000490.npz,RSN0003_PGA_0p800g,RSN0003,0.8,7.1529274762823745,3S_T060,3,0.6,0.21413752073532566,bilinear,0.004,0.015348707755731649,0.21447582928086056,0.0020349557221782592,28.31885930528306
491,data/simulations/mdof/sim_000491.npz,RSN0003_PGA_0p800g,RSN0003,0.8,7.1529274762823745,3S_T060,3,0.6,0.21413752073532566,bilinear,0.007,0.015348707755731649,0.21447582928086056,0.0020349557221782592,28.31885930528306
492,data/simulations/mdof/sim_000492.npz,RSN0003_PGA_0p800g,RSN0003,0.8,7.1529274762823745,3S_T090,3,0.9,0.32120628110298843,elastic,0.004,0.03426462552054822,0.2027897099285006,0.004248312451756446,78.69167271573255
493,data/simulations/mdof/sim_000493.npz,RSN0003_PGA_0p800g,RSN0003,0.8,7.1529274762823745,3S_T090,3,0.9,0.32120628110298843,bilinear,0.004,0.034265094181059275,0.20272169252467798,0.00429336657817486,78.74755723028032
494,data/simulations/mdof/sim_000494.npz,RSN0003_PGA_0p800g,RSN0003,0.8,7.1529274762823745,3S_T090,3,0.9,0.32120628110298843,bilinear,0.007,0.03426462552054837,0.2027897099285016,0.004248312451756465,78.69167271573313
495,data/simulations/mdof/sim_000495.npz,RSN0003_PGA_0p800g,RSN0003,0.8,7.1529274762823745,5S_T055,5,0.5499999999999999,0.18842159912490059,elastic,0.004,0.014594387304346196,0.2011485235585545,0.001372269277612917,39.7147755233345
496,data/simulations/mdof/sim_000496.npz,RSN0003_PGA_0p800g,RSN0003,0.8,7.1529274762823745,5S_T055,5,0.5499999999999999,0.18842159912490059,bilinear,0.004,0.014594387304346196,0.201148523558555,0.0013722692776129157,39.714775523334495
497,data/simulations/mdof/sim_000497.npz,RSN0003_PGA_0p800g,RSN0003,0.8,7.1529274762823745,5S_T055,5,0.5499999999999999,0.18842159912490059,bilinear,0.007,0.014594387304346196,0.201148523558555,0.0013722692776129157,39.714775523334495
498,data/simulations/mdof/sim_000498.npz,RSN0003_PGA_0p800g,RSN0003,0.8,7.1529274762823745,5S_T085,5,0.8499999999999999,0.29119701682939186,elastic,0.004,0.03084693815520218,0.18243153435927942,0.002725117540279688,88.21029675492473
499,data/simulations/mdof/sim_000499.npz,RSN0003_PGA_0p800g,RSN0003,0.8,7.1529274762823745,5S_T085,5,0.8499999999999999,0.29119701682939186,bilinear,0.004,0.0308469381552022,0.18243153435927964,0.002725117540279693,88.21029675492484
500,data/simulations/mdof/sim_000500.npz,RSN0003_PGA_0p800g,RSN0003,0.8,7.1529274762823745,5S_T085,5,0.8499999999999999,0.29119701682939186,bilinear,0.007,0.0308469381552022,0.18243153435927964,0.002725117540279693,88.21029675492484
501,data/simulations/mdof/sim_000501.npz,RSN0003_PGA_0p800g,RSN0003,0.8,7.1529274762823745,5S_T120,5,1.2000000000000008,0.41110167081796517,elastic,0.004,0.03686901960649102,0.17410086854847612,0.00301856418735292,79.69432818569605
502,data/simulations/mdof/sim_000502.npz,RSN0003_PGA_0p800g,RSN0003,0.8,7.1529274762823745,5S_T120,5,1.2000000000000008,0.41110167081796517,bilinear,0.004,0.036869019606490964,0.17410086854847479,0.0030185641873529193,79.69432818569604
503,data/simulations/mdof/sim_000503.npz,RSN0003_PGA_0p800g,RSN0003,0.8,7.1529274762823745,5S_T120,5,1.2000000000000008,0.41110167081796517,bilinear,0.007,0.036869019606490964,0.17410086854847479,0.0030185641873529193,79.69432818569604
504,data/simulations/mdof/sim_000504.npz,RSN0003_PGA_1p000g,RSN0003,1.0,8.941159345352967,3S_T035,3,0.34999999999999987,0.1249135537622733,elastic,0.004,0.007746036629108922,0.26325647988833417,0.001259756739759856,19.25785251305834
505,data/simulations/mdof/sim_000505.npz,RSN0003_PGA_1p000g,RSN0003,1.0,8.941159345352967,3S_T035,3,0.34999999999999987,0.1249135537622733,bilinear,0.004,0.007746036629108932,0.26325647988833467,0.0012597567397598564,19.257852513058374
506,data/simulations/mdof/sim_000506.npz,RSN0003_PGA_1p000g,RSN0003,1.0,8.941159345352967,3S_T035,3,0.34999999999999987,0.1249135537622733,bilinear,0.007,0.007746036629108932,0.26325647988833467,0.0012597567397598564,19.257852513058374
507,data/simulations/mdof/sim_000507.npz,RSN0003_PGA_1p000g,RSN0003,1.0,8.941159345352967,3S_T060,3,0.6,0.21413752073532566,elastic,0.004,0.01918588469466451,0.26809478660107544,0.0025436946527228168,44.24821766450456
508,data/simulations/mdof/sim_000508.npz,RSN0003_PGA_1p000g,RSN0003,1.0,8.941159345352967,3S_T060,3,0.6,0.21413752073532566,bilinear,0.004,0.019185884694664517,0.26809478660107544,0.0025436946527228202,44.2482176645046
509,data/simulations/mdof/sim_000509.npz,RSN0003_PGA_1p000g,RSN0003,1.0,8.941159345352967,3S_T060,3,0.6,0.21413752073532566,bilinear,0.007,0.019185884694664517,0.26809478660107544,0.0025436946527228202,44.2482176645046
510,data/simulations/mdof/sim_000510.npz,RSN0003_PGA_1p000g,RSN0003,1.0,8.941159345352967,3S_T090,3,0.9,0.32120628110298843,elastic,0.004,0.04283078190068537,0.2534871374106248,0.005310390564695574,122.95573861833275
511,data/simulations/mdof/sim_000511.npz,RSN0003_PGA_1p000g,RSN0003,1.0,8.941159345352967,3S_T090,3,0.9,0.32120628110298843,bilinear,0.004,0.03658437839805875,0.2569892208948198,0.005481499673528829,131.37625532054125
512,data/simulations/mdof/sim_000512.npz,RSN0003_PGA_1p000g,RSN0003,1.0,8.941159345352967,3S_T090,3,0.9,0.32120628110298843,bilinear,0.007,0.0428307819006855,0.2534871374106253,0.005310390564695587,122.95573861833331
513,data/simulations/mdof/sim_000513.npz,RSN0003_PGA_1p000g,RSN0003,1.0,8.941159345352967,5S_T055,5,0.5499999999999999,0.18842159912490059,elastic,0.004,0.018242984130432734,0.25143565444819416,0.0017153365970161436,62.05433675521003
514,data/simulations/mdof/sim_000514.npz,RSN0003_PGA_1p000g,RSN0003,1.0,8.941159345352967,5S_T055,5,0.5499999999999999,0.18842159912490059,bilinear,0.004,0.018242984130432745,0.2514356544481941,0.001715336597016145,62.054336755210144
515,data/simulations/mdof/sim_000515.npz,RSN0003_PGA_1p000g,RSN0003,1.0,8.941159345352967,5S_T055,5,0.5499999999999999,0.18842159912490059,bilinear,0.007,0.018242984130432745,0.2514356544481941,0.001715336597016145,62.054336755210144
516,data/simulations/mdof/sim_000516.npz,RSN0003_PGA_1p000g,RSN0003,1.0,8.941159345352967,5S_T085,5,0.8499999999999999,0.29119701682939186,elastic,0.004,0.03855867269400282,0.2280394179490988,0.0034063969253496145,137.82858867957057
517,data/simulations/mdof/sim_000517.npz,RSN0003_PGA_1p000g,RSN0003,1.0,8.941159345352967,5S_T085,5,0.8499999999999999,0.29119701682939186,bilinear,0.004,0.03855867269400288,0.22803941794909924,0.003406396925349615,137.82858867957106
518,data/simulations/mdof/sim_000518.npz,RSN0003_PGA_1p000g,RSN0003,1.0,8.941159345352967,5S_T085,5,0.8499999999999999,0.29119701682939186,bilinear,0.007,0.03855867269400288,0.22803941794909924,0.003406396925349615,137.82858867957106
519,data/simulations/mdof/sim_000519.npz,RSN0003_PGA_1p000g,RSN0003,1.0,8.941159345352967,5S_T120,5,1.2000000000000008,0.41110167081796517,elastic,0.004,0.04608627450811369,0.21762608568559438,0.0037732052341911465,124.52238779014968
520,data/simulations/mdof/sim_000520.npz,RSN0003_PGA_1p000g,RSN0003,1.0,8.941159345352967,5S_T120,5,1.2000000000000008,0.41110167081796517,bilinear,0.004,0.04608627450811375,0.21762608568559488,0.003773205234191143,124.52238779014966
521,data/simulations/mdof/sim_000521.npz,RSN0003_PGA_1p000g,RSN0003,1.0,8.941159345352967,5S_T120,5,1.2000000000000008,0.41110167081796517,bilinear,0.007,0.04608627450811375,0.21762608568559488,0.003773205234191143,124.52238779014966
522,data/simulations/mdof/sim_000522.npz,RSN0003_PGA_1p200g,RSN0003,1.2,10.72939121442356,3S_T035,3,0.34999999999999987,0.1249135537622733,elastic,0.004,0.009295243954930716,0.3159077758660021,0.0015117080877118294,27.731307618804067
523,data/simulations/mdof/sim_000523.npz,RSN0003_PGA_1p200g,RSN0003,1.2,10.72939121442356,3S_T035,3,0.34999999999999987,0.1249135537622733,bilinear,0.004,0.00929524395493071,0.31590777586600133,0.0015117080877118277,27.731307618804028
524,data/simulations/mdof/sim_000524.npz,RSN0003_PGA_1p200g,RSN0003,1.2,10.72939121442356,3S_T035,3,0.34999999999999987,0.1249135537622733,bilinear,0.007,0.00929524395493071,0.31590777586600133,0.0015117080877118277,27.731307618804028
525,data/simulations/mdof/sim_000525.npz,RSN0003_PGA_1p200g,RSN0003,1.2,10.72939121442356,3S_T060,3,0.6,0.21413752073532566,elastic,0.004,0.02302306163359745,0.3217137439212903,0.003052433583267387,63.71743343688679
526,data/simulations/mdof/sim_000526.npz,RSN0003_PGA_1p200g,RSN0003,1.2,10.72939121442356,3S_T060,3,0.6,0.21413752073532566,bilinear,0.004,0.02302306163359749,0.3217137439212905,0.0030524335832673925,63.717433436887035
527,data/simulations/mdof/sim_000527.npz,RSN0003_PGA_1p200g,RSN0003,1.2,10.72939121442356,3S_T060,3,0.6,0.21413752073532566,bilinear,0.007,0.02302306163359749,0.3217137439212905,0.0030524335832673925,63.717433436887035
528,data/simulations/mdof/sim_000528.npz,RSN0003_PGA_1p200g,RSN0003,1.2,10.72939121442356,3S_T090,3,0.9,0.32120628110298843,elastic,0.004,0.05139693828082271,0.30418456489275336,0.006372468677634706,177.05626361040066
529,data/simulations/mdof/sim_000529.npz,RSN0003_PGA_1p200g,RSN0003,1.2,10.72939121442356,3S_T090,3,0.9,0.32120628110298843,bilinear,0.004,0.0434093585173132,0.27816946942957205,0.006089339242949608,201.0332161636819
530,data/simulations/mdof/sim_000530.npz,RSN0003_PGA_1p200g,RSN0003,1.2,10.72939121442356,3S_T090,3,0.9,0.32120628110298843,bilinear,0.007,0.05139693828082257,0.3041845648927525,0.006372468677634685,177.05626361039975
531,data/simulations/mdof/sim_000531.npz,RSN0003_PGA_1p200g,RSN0003,1.2,10.72939121442356,5S_T055,5,0.5499999999999999,0.18842159912490059,elastic,0.004,0.02189158095651931,0.30172278533783276,0.0020584039164193747,89.35824492750272
532,data/simulations/mdof/sim_000532.npz,RSN0003_PGA_1p200g,RSN0003,1.2,10.72939121442356,5S_T055,5,0.5499999999999999,0.18842159912490059,bilinear,0.004,0.021891580956519288,0.30172278533783237,0.0020584039164193717,89.35824492750251
533,data/simulations/mdof/sim_000533.npz,RSN0003_PGA_1p200g,RSN0003,1.2,10.72939121442356,5S_T055,5,0.5499999999999999,0.18842159912490059,bilinear,0.007,0.021891580956519288,0.30172278533783237,0.0020584039164193717,89.35824492750251
534,data/simulations/mdof/sim_000534.npz,RSN0003_PGA_1p200g,RSN0003,1.2,10.72939121442356,5S_T085,5,0.8499999999999999,0.29119701682939186,elastic,0.004,0.04627040723280328,0.27364730153891975,0.004087676310419528,198.4731676985806
535,data/simulations/mdof/sim_000535.npz,RSN0003_PGA_1p200g,RSN0003,1.2,10.72939121442356,5S_T085,5,0.8499999999999999,0.29119701682939186,bilinear,0.004,0.04627041169220581,0.27364730153891886,0.004108679990721743,197.87974397358624
536,data/simulations/mdof/sim_000536.npz,RSN0003_PGA_1p200g,RSN0003,1.2,10.72939121442356,5S_T085,5,0.8499999999999999,0.29119701682939186,bilinear,0.007,0.04627040723280335,0.27364730153891886,0.004087676310419526,198.4731676985809
537,data/simulations/mdof/sim_000537.npz,RSN0003_PGA_1p200g,RSN0003,1.2,10.72939121442356,5S_T120,5,1.2000000000000008,0.41110167081796517,elastic,0.004,0.055303529409736464,0.2611513028227132,0.004527846281029378,179.31223841781568
538,data/simulations/mdof/sim_000538.npz,RSN0003_PGA_1p200g,RSN0003,1.2,10.72939121442356,5S_T120,5,1.2000000000000008,0.41110167081796517,bilinear,0.004,0.05530352940973653,0.26115130282271387,0.004957653761292316,188.60340462204383
539,data/simulations/mdof/sim_000539.npz,RSN0003_PGA_1p200g,RSN0003,1.2,10.72939121442356,5S_T120,5,1.2000000000000008,0.41110167081796517,bilinear,0.007,0.05530352940973653,0.26115130282271387,0.004527846281029384,179.31223841781613
540,data/simulations/mdof/sim_000540.npz,RSN0004_PGA_0p050g,RSN0004,0.05,0.3160701693797497,3S_T035,3,0.34999999999999987,0.1249135537622733,elastic,0.004,0.0004278805684899265,0.014376933510174226,6.36244067847706e-05,0.05767057524641266
541,data/simulations/mdof/sim_000541.npz,RSN0004_PGA_0p050g,RSN0004,0.05,0.3160701693797497,3S_T035,3,0.34999999999999987,0.1249135537622733,bilinear,0.004,0.0004278805684899262,0.014376933510174212,6.362440678477053e-05,0.057670575246412566
542,data/simulations/mdof/sim_000542.npz,RSN0004_PGA_0p050g,RSN0004,0.05,0.3160701693797497,3S_T035,3,0.34999999999999987,0.1249135537622733,bilinear,0.007,0.0004278805684899262,0.014376933510174212,6.362440678477053e-05,0.057670575246412566
543,data/simulations/mdof/sim_000543.npz,RSN0004_PGA_0p050g,RSN0004,0.05,0.3160701693797497,3S_T060,3,0.6,0.21413752073532566,elastic,0.004,0.0008784896345560034,0.01398379432378697,0.00011926740557674693,0.09865252012934939
544,data/simulations/mdof/sim_000544.npz,RSN0004_PGA_0p050g,RSN0004,0.05,0.3160701693797497,3S_T060,3,0.6,0.21413752073532566,bilinear,0.004,0.0008784896345560033,0.013983794323786939,0.0001192674055767472,0.09865252012934954
545,data/simulations/mdof/sim_000545.npz,RSN0004_PGA_0p050g,RSN0004,0.05,0.3160701693797497,3S_T060,3,0.6,0.21413752073532566,bilinear,0.007,0.0008784896345560033,0.013983794323786939,0.0001192674055767472,0.09865252012934954
546,data/simulations/mdof/sim_000546.npz,RSN0004_PGA_0p050g,RSN0004,0.05,0.3160701693797497,3S_T090,3,0.9,0.32120628110298843,elastic,0.004,0.002128098077461645,0.01612720863962501,0.00028540585897143063,0.3436747911969079
547,data/simulations/mdof/sim_000547.npz,RSN0004_PGA_0p050g,RSN0004,0.05,0.3160701693797497,3S_T090,3,0.9,0.32120628110298843,bilinear,0.004,0.0021280980774616505,0.016127208639624985,0.00028540585897143166,0.3436747911969093
548,data/simulations/mdof/sim_000548.npz,RSN0004_PGA_0p050g,RSN0004,0.05,0.3160701693797497,3S_T090,3,0.9,0.32120628110298843,bilinear,0.007,0.0021280980774616505,0.016127208639624985,0.00028540585897143166,0.3436747911969093
549,data/simulations/mdof/sim_000549.npz,RSN0004_PGA_0p050g,RSN0004,0.05,0.3160701693797497,5S_T055,5,0.5499999999999999,0.18842159912490059,elastic,0.004,0.0009143188023286205,0.015109434034435747,8.421249661975452e-05,0.1547283376440888
550,data/simulations/mdof/sim_000550.npz,RSN0004_PGA_0p050g,RSN0004,0.05,0.3160701693797497,5S_T055,5,0.5499999999999999,0.18842159912490059,bilinear,0.004,0.0009143188023286194,0.015109434034435702,8.421249661975468e-05,0.1547283376440887
551,data/simulations/mdof/sim_000551.npz,RSN0004_PGA_0p050g,RSN0004,0.05,0.3160701693797497,5S_T055,5,0.5499999999999999,0.18842159912490059,bilinear,0.007,0.0009143188023286194,0.015109434034435702,8.421249661975468e-05,0.1547283376440887
552,data/simulations/mdof/sim_000552.npz,RSN0004_PGA_0p050g,RSN0004,0.05,0.3160701693797497,5S_T085,5,0.8499999999999999,0.29119701682939186,elastic,0.004,0.00213918198909286,0.016384205373552774,0.00018240878782930988,0.4181863090386796
553,data/simulations/mdof/sim_000553.npz,RSN0004_PGA_0p050g,RSN0004,0.05,0.3160701693797497,5S_T085,5,0.8499999999999999,0.29119701682939186,bilinear,0.004,0.002139181989092858,0.016384205373552795,0.00018240878782930955,0.4181863090386784
554,data/simulations/mdof/sim_000554.npz,RSN0004_PGA_0p050g,RSN0004,0.05,0.3160701693797497,5S_T085,5,0.8499999999999999,0.29119701682939186,bilinear,0.007,0.002139181989092858,0.016384205373552795,0.00018240878782930955,0.4181863090386784
555,data/simulations/mdof/sim_000555.npz,RSN0004_PGA_0p050g,RSN0004,0.05,0.3160701693797497,5S_T120,5,1.2000000000000008,0.41110167081796517,elastic,0.004,0.001754658749752155,0.008711761606197481,0.00016034238018698493,0.20154389617540797
556,data/simulations/mdof/sim_000556.npz,RSN0004_PGA_0p050g,RSN0004,0.05,0.3160701693797497,5S_T120,5,1.2000000000000008,0.41110167081796517,bilinear,0.004,0.0017546587497521548,0.008711761606197495,0.0001603423801869847,0.2015438961754075
557,data/simulations/mdof/sim_000557.npz,RSN0004_PGA_0p050g,RSN0004,0.05,0.3160701693797497,5S_T120,5,1.2000000000000008,0.41110167081796517,bilinear,0.007,0.0017546587497521548,0.008711761606197495,0.0001603423801869847,0.2015438961754075
558,data/simulations/mdof/sim_000558.npz,RSN0004_PGA_0p100g,RSN0004,0.1,0.6321403387594994,3S_T035,3,0.34999999999999987,0.1249135537622733,elastic,0.004,0.000855761136979853,0.02875386702034845,0.0001272488135695412,0.23068230098565065
559,data/simulations/mdof/sim_000559.npz,RSN0004_PGA_0p100g,RSN0004,0.1,0.6321403387594994,3S_T035,3,0.34999999999999987,0.1249135537622733,bilinear,0.004,0.0008557611369798524,0.028753867020348423,0.00012724881356954105,0.23068230098565026
560,data/simulations/mdof/sim_000560.npz,RSN0004_PGA_0p100g,RSN0004,0.1,0.6321403387594994,3S_T035,3,0.34999999999999987,0.1249135537622733,bilinear,0.007,0.0008557611369798524,0.028753867020348423,0.00012724881356954105,0.23068230098565026
561,data/simulations/mdof/sim_000561.npz,RSN0004_PGA_0p100g,RSN0004,0.1,0.6321403387594994,3S_T060,3,0.6,0.21413752073532566,elastic,0.004,0.0017569792691120069,0.02796758864757394,0.00023853481115349386,0.39461008051739754
562,data/simulations/mdof/sim_000562.npz,RSN0004_PGA_0p100g,RSN0004,0.1,0.6321403387594994,3S_T060,3,0.6,0.21413752073532566,bilinear,0.004,0.0017569792691120066,0.027967588647573878,0.0002385348111534944,0.39461008051739815
563,data/simulations/mdof/sim_000563.npz,RSN0004_PGA_0p100g,RSN0004,0.1,0.6321403387594994,3S_T060,3,0.6,0.21413752073532566,bilinear,0.007,0.0017569792691120066,0.027967588647573878,0.0002385348111534944,0.39461008051739815
564,data/simulations/mdof/sim_000564.npz,RSN0004_PGA_0p100g,RSN0004,0.1,0.6321403387594994,3S_T090,3,0.9,0.32120628110298843,elastic,0.004,0.00425619615492329,0.03225441727925002,0.0005708117179428613,1.3746991647876317
565,data/simulations/mdof/sim_000565.npz,RSN0004_PGA_0p100g,RSN0004,0.1,0.6321403387594994,3S_T090,3,0.9,0.32120628110298843,bilinear,0.004,0.004256196154923301,0.03225441727924997,0.0005708117179428633,1.3746991647876372
566,data/simulations/mdof/sim_000566.npz,RSN0004_PGA_0p100g,RSN0004,0.1,0.6321403387594994,3S_T090,3,0.9,0.32120628110298843,bilinear,0.007,0.004256196154923301,0.03225441727924997,0.0005708117179428633,1.3746991647876372
567,data/simulations/mdof/sim_000567.npz,RSN0004_PGA_0p100g,RSN0004,0.1,0.6321403387594994,5S_T055,5,0.5499999999999999,0.18842159912490059,elastic,0.004,0.001828637604657241,0.030218868068871495,0.00016842499323950903,0.6189133505763552
568,data/simulations/mdof/sim_000568.npz,RSN0004_PGA_0p100g,RSN0004,0.1,0.6321403387594994,5S_T055,5,0.5499999999999999,0.18842159912490059,bilinear,0.004,0.0018286376046572387,0.030218868068871405,0.00016842499323950936,0.6189133505763548
569,data/simulations/mdof/sim_000569.npz,RSN0004_PGA_0p100g,RSN0004,0.1,0.6321403387594994,5S_T055,5,0.5499999999999999,0.18842159912490059,bilinear,0.007,0.0018286376046572387,0.030218868068871405,0.00016842499323950936,0.6189133505763548
570,data/simulations/mdof/sim_000570.npz,RSN0004_PGA_0p100g,RSN0004,0.1,0.6321403387594994,5S_T085,5,0.8499999999999999,0.29119701682939186,elastic,0.004,0.00427836397818572,0.03276841074710555,0.00036481757565861976,1.6727452361547184
571,data/simulations/mdof/sim_000571.npz,RSN0004_PGA_0p100g,RSN0004,0.1,0.6321403387594994,5S_T085,5,0.8499999999999999,0.29119701682939186,bilinear,0.004,0.004278363978185716,0.03276841074710559,0.0003648175756586191,1.6727452361547137
572,data/simulations/mdof/sim_000572.npz,RSN0004_PGA_0p100g,RSN0004,0.1,0.6321403387594994,5S_T085,5,0.8499999999999999,0.29119701682939186,bilinear,0.007,0.004278363978185716,0.03276841074710559,0.0003648175756586191,1.6727452361547137
573,data/simulations/mdof/sim_000573.npz,RSN0004_PGA_0p100g,RSN0004,0.1,0.6321403387594994,5S_T120,5,1.2000000000000008,0.41110167081796517,elastic,0.004,0.00350931749950431,0.017423523212394963,0.00032068476037396985,0.8061755847016319
574,data/simulations/mdof/sim_000574.npz,RSN0004_PGA_0p100g,RSN0004,0.1,0.6321403387594994,5S_T120,5,1.2000000000000008,0.41110167081796517,bilinear,0.004,0.0035093174995043082,0.01742352321239502,0.00032068476037396893,0.80617558470163
575,data/simulations/mdof/sim_000575.npz,RSN0004_PGA_0p100g,RSN0004,0.1,0.6321403387594994,5S_T120,5,1.2000000000000008,0.41110167081796517,bilinear,0.007,0.0035093174995043082,0.01742352321239502,0.00032068476037396893,0.80617558470163
576,data/simulations/mdof/sim_000576.npz,RSN0004_PGA_0p200g,RSN0004,0.2,1.2642806775189988,3S_T035,3,0.34999999999999987,0.1249135537622733,elastic,0.004,0.001711522273959706,0.0575077340406969,0.0002544976271390824,0.9227292039426026
577,data/simulations/mdof/sim_000577.npz,RSN0004_PGA_0p200g,RSN0004,0.2,1.2642806775189988,3S_T035,3,0.34999999999999987,0.1249135537622733,bilinear,0.004,0.0017115222739597048,0.057507734040696847,0.0002544976271390821,0.922729203942601
578,data/simulations/mdof/sim_000578.npz,RSN0004_PGA_0p200g,RSN0004,0.2,1.2642806775189988,3S_T035,3,0.34999999999999987,0.1249135537622733,bilinear,0.007,0.0017115222739597048,0.057507734040696847,0.0002544976271390821,0.922729203942601
579,data/simulations/mdof/sim_000579.npz,RSN0004_PGA_0p200g,RSN0004,0.2,1.2642806775189988,3S_T060,3,0.6,0.21413752073532566,elastic,0.004,0.0035139585382240137,0.05593517729514788,0.00047706962230698773,1.5784403220695902
580,data/simulations/mdof/sim_000580.npz,RSN0004_PGA_0p200g,RSN0004,0.2,1.2642806775189988,3S_T060,3,0.6,0.21413752073532566,bilinear,0.004,0.0035139585382240133,0.055935177295147756,0.0004770696223069888,1.5784403220695926
581,data/simulations/mdof/sim_000581.npz,RSN0004_PGA_0p200g,RSN0004,0.2,1.2642806775189988,3S_T060,3,0.6,0.21413752073532566,bilinear,0.007,0.0035139585382240133,0.055935177295147756,0.0004770696223069888,1.5784403220695926
582,data/simulations/mdof/sim_000582.npz,RSN0004_PGA_0p200g,RSN0004,0.2,1.2642806775189988,3S_T090,3,0.9,0.32120628110298843,elastic,0.004,0.00851239230984658,0.06450883455850004,0.0011416234358857225,5.498796659150527
583,data/simulations/mdof/sim_000583.npz,RSN0004_PGA_0p200g,RSN0004,0.2,1.2642806775189988,3S_T090,3,0.9,0.32120628110298843,bilinear,0.004,0.008512392309846602,0.06450883455849994,0.0011416234358857266,5.498796659150549
584,data/simulations/mdof/sim_000584.npz,RSN0004_PGA_0p200g,RSN0004,0.2,1.2642806775189988,3S_T090,3,0.9,0.32120628110298843,bilinear,0.007,0.008512392309846602,0.06450883455849994,0.0011416234358857266,5.498796659150549
585,data/simulations/mdof/sim_000585.npz,RSN0004_PGA_0p200g,RSN0004,0.2,1.2642806775189988,5S_T055,5,0.5499999999999999,0.18842159912490059,elastic,0.004,0.003657275209314482,0.06043773613774299,0.00033684998647901806,2.475653402305421
586,data/simulations/mdof/sim_000586.npz,RSN0004_PGA_0p200g,RSN0004,0.2,1.2642806775189988,5S_T055,5,0.5499999999999999,0.18842159912490059,bilinear,0.004,0.0036572752093144774,0.06043773613774281,0.0003368499864790187,2.475653402305419
587,data/simulations/mdof/sim_000587.npz,RSN0004_PGA_0p200g,RSN0004,0.2,1.2642806775189988,5S_T055,5,0.5499999999999999,0.18842159912490059,bilinear,0.007,0.0036572752093144774,0.06043773613774281,0.0003368499864790187,2.475653402305419
588,data/simulations/mdof/sim_000588.npz,RSN0004_PGA_0p200g,RSN0004,0.2,1.2642806775189988,5S_T085,5,0.8499999999999999,0.29119701682939186,elastic,0.004,0.00855672795637144,0.0655368214942111,0.0007296351513172395,6.6909809446188735
589,data/simulations/mdof/sim_000589.npz,RSN0004_PGA_0p200g,RSN0004,0.2,1.2642806775189988,5S_T085,5,0.8499999999999999,0.29119701682939186,bilinear,0.004,0.008556727956371437,0.0655368214942114,0.0007296351513172377,6.690980944618866
590,data/simulations/mdof/sim_000590.npz,RSN0004_PGA_0p200g,RSN0004,0.2,1.2642806775189988,5S_T085,5,0.8499999999999999,0.29119701682939186,bilinear,0.007,0.008556727956371437,0.0655368214942114,0.0007296351513172377,6.690980944618866
591,data/simulations/mdof/sim_000591.npz,RSN0004_PGA_0p200g,RSN0004,0.2,1.2642806775189988,5S_T120,5,1.2000000000000008,0.41110167081796517,elastic,0.004,0.00701863499900862,0.034847046424789925,0.0006413695207479397,3.2247023388065275
592,data/simulations/mdof/sim_000592.npz,RSN0004_PGA_0p200g,RSN0004,0.2,1.2642806775189988,5S_T120,5,1.2000000000000008,0.41110167081796517,bilinear,0.004,0.0070186349990086164,0.03484704642479004,0.0006413695207479379,3.22470233880652
593,data/simulations/mdof/sim_000593.npz,RSN0004_PGA_0p200g,RSN0004,0.2,1.2642806775189988,5S_T120,5,1.2000000000000008,0.41110167081796517,bilinear,0.007,0.0070186349990086164,0.03484704642479004,0.0006413695207479379,3.22470233880652
594,data/simulations/mdof/sim_000594.npz,RSN0004_PGA_0p300g,RSN0004,0.3,1.8964210162784976,3S_T035,3,0.34999999999999987,0.1249135537622733,elastic,0.004,0.002567283410939554,0.08626160106104562,0.0003817464407086229,2.0761407088708497
595,data/simulations/mdof/sim_000595.npz,RSN0004_PGA_0p300g,RSN0004,0.3,1.8964210162784976,3S_T035,3,0.34999999999999987,0.1249135537622733,bilinear,0.004,0.002567283410939556,0.08626160106104545,0.0003817464407086231,2.076140708870852
596,data/simulations/mdof/sim_000596.npz,RSN0004_PGA_0p300g,RSN0004,0.3,1.8964210162784976,3S_T035,3,0.34999999999999987,0.1249135537622733,bilinear,0.007,0.002567283410939556,0.08626160106104545,0.0003817464407086231,2.076140708870852
597,data/simulations/mdof/sim_000597.npz,RSN0004_PGA_0p300g,RSN0004,0.3,1.8964210162784976,3S_T060,3,0.6,0.21413752073532566,elastic,0.004,0.005270937807336021,0.08390276594272177,0.0007156044334604808,3.5514907246565715
598,data/simulations/mdof/sim_000598.npz,RSN0004_PGA_0p300g,RSN0004,0.3,1.8964210162784976,3S_T060,3,0.6,0.21413752073532566,bilinear,0.004,0.005270937807336017,0.0839027659427218,0.0007156044334604819,3.551490724656576
599,data/simulations/mdof/sim_000599.npz,RSN0004_PGA_0p300g,RSN0004,0.3,1.8964210162784976,3S_T060,3,0.6,0.21413752073532566,bilinear,0.007,0.005270937807336017,0.0839027659427218,0.0007156044334604819,3.551490724656576
600,data/simulations/mdof/sim_000600.npz,RSN0004_PGA_0p300g,RSN0004,0.3,1.8964210162784976,3S_T090,3,0.9,0.32120628110298843,elastic,0.004,0.01276858846476987,0.09676325183774939,0.0017124351538285825,12.37229248308866
601,data/simulations/mdof/sim_000601.npz,RSN0004_PGA_0p300g,RSN0004,0.3,1.8964210162784976,3S_T090,3,0.9,0.32120628110298843,bilinear,0.004,0.012768588464769871,0.09676325183774932,0.001712435153828582,12.372292483088664
602,data/simulations/mdof/sim_000602.npz,RSN0004_PGA_0p300g,RSN0004,0.3,1.8964210162784976,3S_T090,3,0.9,0.32120628110298843,bilinear,0.007,0.012768588464769871,0.09676325183774932,0.001712435153828582,12.372292483088664
603,data/simulations/mdof/sim_000603.npz,RSN0004_PGA_0p300g,RSN0004,0.3,1.8964210162784976,5S_T055,5,0.5499999999999999,0.18842159912490059,elastic,0.004,0.005485912813971722,0.09065660420661484,0.0005052749797185267,5.570220155187181
604,data/simulations/mdof/sim_000604.npz,RSN0004_PGA_0p300g,RSN0004,0.3,1.8964210162784976,5S_T055,5,0.5499999999999999,0.18842159912490059,bilinear,0.004,0.0054859128139717215,0.09065660420661456,0.0005052749797185269,5.5702201551871875
605,data/simulations/mdof/sim_000605.npz,RSN0004_PGA_0p300g,RSN0004,0.3,1.8964210162784976,5S_T055,5,0.5499999999999999,0.18842159912490059,bilinear,0.007,0.0054859128139717215,0.09065660420661456,0.0005052749797185269,5.5702201551871875
606,data/simulations/mdof/sim_000606.npz,RSN0004_PGA_0p300g,RSN0004,0.3,1.8964210162784976,5S_T085,5,0.8499999999999999,0.29119701682939186,elastic,0.004,0.012835091934557136,0.09830523224131607,0.0010944527269758583,15.054707125392426
607,data/simulations/mdof/sim_000607.npz,RSN0004_PGA_0p300g,RSN0004,0.3,1.8964210162784976,5S_T085,5,0.8499999999999999,0.29119701682939186,bilinear,0.004,0.012835091934557155,0.09830523224131682,0.0010944527269758592,15.054707125392465
608,data/simulations/mdof/sim_000608.npz,RSN0004_PGA_0p300g,RSN0004,0.3,1.8964210162784976,5S_T085,5,0.8499999999999999,0.29119701682939186,bilinear,0.007,0.012835091934557155,0.09830523224131682,0.0010944527269758592,15.054707125392465
609,data/simulations/mdof/sim_000609.npz,RSN0004_PGA_0p300g,RSN0004,0.3,1.8964210162784976,5S_T120,5,1.2000000000000008,0.41110167081796517,elastic,0.004,0.010527952498512905,0.05227056963718505,0.0009620542811219081,7.25558026231466
610,data/simulations/mdof/sim_000610.npz,RSN0004_PGA_0p300g,RSN0004,0.3,1.8964210162784976,5S_T120,5,1.2000000000000008,0.41110167081796517,bilinear,0.004,0.010527952498512917,0.052270569637184884,0.0009620542811219089,7.255580262314677
611,data/simulations/mdof/sim_000611.npz,RSN0004_PGA_0p300g,RSN0004,0.3,1.8964210162784976,5S_T120,5,1.2000000000000008,0.41110167081796517,bilinear,0.007,0.010527952498512917,0.052270569637184884,0.0009620542811219089,7.255580262314677
612,data/simulations/mdof/sim_000612.npz,RSN0004_PGA_0p400g,RSN0004,0.4,2.5285613550379975,3S_T035,3,0.34999999999999987,0.1249135537622733,elastic,0.004,0.003423044547919412,0.1150154680813938,0.0005089952542781648,3.6909168157704104
613,data/simulations/mdof/sim_000613.npz,RSN0004_PGA_0p400g,RSN0004,0.4,2.5285613550379975,3S_T035,3,0.34999999999999987,0.1249135537622733,bilinear,0.004,0.0034230445479194096,0.11501546808139369,0.0005089952542781642,3.690916815770404
614,data/simulations/mdof/sim_000614.npz,RSN0004_PGA_0p400g,RSN0004,0.4,2.5285613550379975,3S_T035,3,0.34999999999999987,0.1249135537622733,bilinear,0.007,0.0034230445479194096,0.11501546808139369,0.0005089952542781642,3.690916815770404
615,data/simulations/mdof/sim_000615.npz,RSN0004_PGA_0p400g,RSN0004,0.4,2.5285613550379975,3S_T060,3,0.6,0.21413752073532566,elastic,0.004,0.0070279170764480274,0.11187035459029576,0.0009541392446139755,6.313761288278361
616,data/simulations/mdof/sim_000616.npz,RSN0004_PGA_0p400g,RSN0004,0.4,2.5285613550379975,3S_T060,3,0.6,0.21413752073532566,bilinear,0.004,0.007027917076448027,0.11187035459029551,0.0009541392446139776,6.3137612882783705
617,data/simulations/mdof/sim_000617.npz,RSN0004_PGA_0p400g,RSN0004,0.4,2.5285613550379975,3S_T060,3,0.6,0.21413752073532566,bilinear,0.007,0.007027917076448027,0.11187035459029551,0.0009541392446139776,6.3137612882783705
618,data/simulations/mdof/sim_000618.npz,RSN0004_PGA_0p400g,RSN0004,0.4,2.5285613550379975,3S_T090,3,0.9,0.32120628110298843,elastic,0.004,0.01702478461969316,0.12901766911700008,0.002283246871771445,21.995186636602106
619,data/simulations/mdof/sim_000619.npz,RSN0004_PGA_0p400g,RSN0004,0.4,2.5285613550379975,3S_T090,3,0.9,0.32120628110298843,bilinear,0.004,0.017024784619693204,0.12901766911699988,0.0022832468717714533,21.995186636602195
620,data/simulations/mdof/sim_000620.npz,RSN0004_PGA_0p400g,RSN0004,0.4,2.5285613550379975,3S_T090,3,0.9,0.32120628110298843,bilinear,0.007,0.017024784619693204,0.12901766911699988,0.0022832468717714533,21.995186636602195
621,data/simulations/mdof/sim_000621.npz,RSN0004_PGA_0p400g,RSN0004,0.4,2.5285613550379975,5S_T055,5,0.5499999999999999,0.18842159912490059,elastic,0.004,0.007314550418628964,0.12087547227548598,0.0006736999729580361,9.902613609221683
622,data/simulations/mdof/sim_000622.npz,RSN0004_PGA_0p400g,RSN0004,0.4,2.5285613550379975,5S_T055,5,0.5499999999999999,0.18842159912490059,bilinear,0.004,0.007314550418628955,0.12087547227548562,0.0006736999729580374,9.902613609221676
623,data/simulations/mdof/sim_000623.npz,RSN0004_PGA_0p400g,RSN0004,0.4,2.5285613550379975,5S_T055,5,0.5499999999999999,0.18842159912490059,bilinear,0.007,0.007314550418628955,0.12087547227548562,0.0006736999729580374,9.902613609221676
624,data/simulations/mdof/sim_000624.npz,RSN0004_PGA_0p400g,RSN0004,0.4,2.5285613550379975,5S_T085,5,0.8499999999999999,0.29119701682939186,elastic,0.004,0.01711345591274288,0.1310736429884222,0.001459270302634479,26.763923778475494
625,data/simulations/mdof/sim_000625.npz,RSN0004_PGA_0p400g,RSN0004,0.4,2.5285613550379975,5S_T085,5,0.8499999999999999,0.29119701682939186,bilinear,0.004,0.01711345591274288,0.1310736429884227,0.001459270302634478,26.76392377847546
626,data/simulations/mdof/sim_000626.npz,RSN0004_PGA_0p400g,RSN0004,0.4,2.5285613550379975,5S_T085,5,0.8499999999999999,0.29119701682939186,bilinear,0.007,0.01711345591274288,0.1310736429884227,0.001459270302634478,26.76392377847546
627,data/simulations/mdof/sim_000627.npz,RSN0004_PGA_0p400g,RSN0004,0.4,2.5285613550379975,5S_T120,5,1.2000000000000008,0.41110167081796517,elastic,0.004,0.01403726999801724,0.06969409284957985,0.0012827390414958794,12.89880935522611
628,data/simulations/mdof/sim_000628.npz,RSN0004_PGA_0p400g,RSN0004,0.4,2.5285613550379975,5S_T120,5,1.2000000000000008,0.41110167081796517,bilinear,0.004,0.014037269998017231,0.06969409284958006,0.001282739041495878,12.898809355226096
629,data/simulations/mdof/sim_000629.npz,RSN0004_PGA_0p400g,RSN0004,0.4,2.5285613550379975,5S_T120,5,1.2000000000000008,0.41110167081796517,bilinear,0.007,0.014037269998017231,0.06969409284958006,0.001282739041495878,12.898809355226096
630,data/simulations/mdof/sim_000630.npz,RSN0004_PGA_0p500g,RSN0004,0.5,3.1607016937974968,3S_T035,3,0.34999999999999987,0.1249135537622733,elastic,0.004,0.004278805684899255,0.1437693351017423,0.0006362440678477041,5.767057524641235
631,data/simulations/mdof/sim_000631.npz,RSN0004_PGA_0p500g,RSN0004,0.5,3.1607016937974968,3S_T035,3,0.34999999999999987,0.1249135537622733,bilinear,0.004,0.004278805684899252,0.1437693351017423,0.0006362440678477043,5.76705752464123
632,data/simulations/mdof/sim_000632.npz,RSN0004_PGA_0p500g,RSN0004,0.5,3.1607016937974968,3S_T035,3,0.34999999999999987,0.1249135537622733,bilinear,0.007,0.004278805684899252,0.1437693351017423,0.0006362440678477043,5.76705752464123
633,data/simulations/mdof/sim_000633.npz,RSN0004_PGA_0p500g,RSN0004,0.5,3.1607016937974968,3S_T060,3,0.6,0.21413752073532566,elastic,0.004,0.00878489634556003,0.13983794323786958,0.001192674055767471,9.865252012934947
634,data/simulations/mdof/sim_000634.npz,RSN0004_PGA_0p500g,RSN0004,0.5,3.1607016937974968,3S_T060,3,0.6,0.21413752073532566,bilinear,0.004,0.008784896345560029,0.1398379432378696,0.0011926740557674704,9.865252012934944
635,data/simulations/mdof/sim_000635.npz,RSN0004_PGA_0p500g,RSN0004,0.5,3.1607016937974968,3S_T060,3,0.6,0.21413752073532566,bilinear,0.007,0.008784896345560029,0.1398379432378696,0.0011926740557674704,9.865252012934944
636,data/simulations/mdof/sim_000636.npz,RSN0004_PGA_0p500g,RSN0004,0.5,3.1607016937974968,3S_T090,3,0.9,0.32120628110298843,elastic,0.004,0.021280980774616466,0.1612720863962495,0.002854058589714308,34.36747911969081
637,data/simulations/mdof/sim_000637.npz,RSN0004_PGA_0p500g,RSN0004,0.5,3.1607016937974968,3S_T090,3,0.9,0.32120628110298843,bilinear,0.004,0.02128098077461645,0.16127208639624926,0.0028540585897143082,34.367479119690756
638,data/simulations/mdof/sim_000638.npz,RSN0004_PGA_0p500g,RSN0004,0.5,3.1607016937974968,3S_T090,3,0.9,0.32120628110298843,bilinear,0.007,0.02128098077461645,0.16127208639624926,0.0028540585897143082,34.367479119690756
639,data/simulations/mdof/sim_000639.npz,RSN0004_PGA_0p500g,RSN0004,0.5,3.1607016937974968,5S_T055,5,0.5499999999999999,0.18842159912490059,elastic,0.004,0.009143188023286229,0.1510943403443584,0.000842124966197547,15.472833764408946
640,data/simulations/mdof/sim_000640.npz,RSN0004_PGA_0p500g,RSN0004,0.5,3.1607016937974968,5S_T055,5,0.5499999999999999,0.18842159912490059,bilinear,0.004,0.009143188023286232,0.15109434034435798,0.0008421249661975495,15.472833764408971
641,data/simulations/mdof/sim_000641.npz,RSN0004_PGA_0p500g,RSN0004,0.5,3.1607016937974968,5S_T055,5,0.5499999999999999,0.18842159912490059,bilinear,0.007,0.009143188023286232,0.15109434034435798,0.0008421249661975495,15.472833764408971
642,data/simulations/mdof/sim_000642.npz,RSN0004_PGA_0p500g,RSN0004,0.5,3.1607016937974968,5S_T085,5,0.8499999999999999,0.29119701682939186,elastic,0.004,0.021391819890928573,0.16384205373552765,0.0018240878782930943,41.81863090386786
643,data/simulations/mdof/sim_000643.npz,RSN0004_PGA_0p500g,RSN0004,0.5,3.1607016937974968,5S_T085,5,0.8499999999999999,0.29119701682939186,bilinear,0.004,0.021391819890928584,0.1638420537355271,0.0018240878782930993,41.81863090386788
644,data/simulations/mdof/sim_000644.npz,RSN0004_PGA_0p500g,RSN0004,0.5,3.1607016937974968,5S_T085,5,0.8499999999999999,0.29119701682939186,bilinear,0.007,0.021391819890928584,0.1638420537355271,0.0018240878782930993,41.81863090386788
645,data/simulations/mdof/sim_000645.npz,RSN0004_PGA_0p500g,RSN0004,0.5,3.1607016937974968,5S_T120,5,1.2000000000000008,0.41110167081796517,elastic,0.004,0.017546587497521506,0.08711761606197464,0.0016034238018698445,20.154389617540723
646,data/simulations/mdof/sim_000646.npz,RSN0004_PGA_0p500g,RSN0004,0.5,3.1607016937974968,5S_T120,5,1.2000000000000008,0.41110167081796517,bilinear,0.004,0.017546587497521533,0.08711761606197478,0.00160342380186985,20.15438961754079
647,data/simulations/mdof/sim_000647.npz,RSN0004_PGA_0p500g,RSN0004,0.5,3.1607016937974968,5S_T120,5,1.2000000000000008,0.41110167081796517,bilinear,0.007,0.017546587497521533,0.08711761606197478,0.00160342380186985,20.15438961754079
648,data/simulations/mdof/sim_000648.npz,RSN0004_PGA_0p600g,RSN0004,0.6,3.792842032556995,3S_T035,3,0.34999999999999987,0.1249135537622733,elastic,0.004,0.005134566821879108,0.17252320212209124,0.0007634928814172458,8.304562835483399
649,data/simulations/mdof/sim_000649.npz,RSN0004_PGA_0p600g,RSN0004,0.6,3.792842032556995,3S_T035,3,0.34999999999999987,0.1249135537622733,bilinear,0.004,0.005134566821879112,0.1725232021220909,0.0007634928814172462,8.304562835483408
650,data/simulations/mdof/sim_000650.npz,RSN0004_PGA_0p600g,RSN0004,0.6,3.792842032556995,3S_T035,3,0.34999999999999987,0.1249135537622733,bilinear,0.007,0.005134566821879112,0.1725232021220909,0.0007634928814172462,8.304562835483408
651,data/simulations/mdof/sim_000651.npz,RSN0004_PGA_0p600g,RSN0004,0.6,3.792842032556995,3S_T060,3,0.6,0.21413752073532566,elastic,0.004,0.010541875614672042,0.16780553188544353,0.0014312088669209617,14.205962898626286
652,data/simulations/mdof/sim_000652.npz,RSN0004_PGA_0p600g,RSN0004,0.6,3.792842032556995,3S_T060,3,0.6,0.21413752073532566,bilinear,0.004,0.010541875614672035,0.1678055318854436,0.0014312088669209638,14.205962898626304
653,data/simulations/mdof/sim_000653.npz,RSN0004_PGA_0p600g,RSN0004,0.6,3.792842032556995,3S_T060,3,0.6,0.21413752073532566,bilinear,0.007,0.010541875614672035,0.1678055318854436,0.0014312088669209638,14.205962898626304
654,data/simulations/mdof/sim_000654.npz,RSN0004_PGA_0p600g,RSN0004,0.6,3.792842032556995,3S_T090,3,0.9,0.32120628110298843,elastic,0.004,0.02553717692953974,0.19352650367549878,0.003424870307657165,49.48916993235464
655,data/simulations/mdof/sim_000655.npz,RSN0004_PGA_0p600g,RSN0004,0.6,3.792842032556995,3S_T090,3,0.9,0.32120628110298843,bilinear,0.004,0.025537176929539742,0.19352650367549865,0.003424870307657164,49.489169932354656
656,data/simulations/mdof/sim_000656.npz,RSN0004_PGA_0p600g,RSN0004,0.6,3.792842032556995,3S_T090,3,0.9,0.32120628110298843,bilinear,0.007,0.025537176929539742,0.19352650367549865,0.003424870307657164,49.489169932354656
657,data/simulations/mdof/sim_000657.npz,RSN0004_PGA_0p600g,RSN0004,0.6,3.792842032556995,5S_T055,5,0.5499999999999999,0.18842159912490059,elastic,0.004,0.010971825627943445,0.18131320841322968,0.0010105499594370534,22.280880620748725
658,data/simulations/mdof/sim_000658.npz,RSN0004_PGA_0p600g,RSN0004,0.6,3.792842032556995,5S_T055,5,0.5499999999999999,0.18842159912490059,bilinear,0.004,0.010971825627943447,0.18131320841322884,0.0010105499594370558,22.280880620748796
659,data/simulations/mdof/sim_000659.npz,RSN0004_PGA_0p600g,RSN0004,0.6,3.792842032556995,5S_T055,5,0.5499999999999999,0.18842159912490059,bilinear,0.007,0.010971825627943447,0.18131320841322884,0.0010105499594370558,22.280880620748796
660,data/simulations/mdof/sim_000660.npz,RSN0004_PGA_0p600g,RSN0004,0.6,3.792842032556995,5S_T085,5,0.8499999999999999,0.29119701682939186,elastic,0.004,0.025670183869114273,0.19661046448263214,0.0021889054539517166,60.2188285015697
661,data/simulations/mdof/sim_000661.npz,RSN0004_PGA_0p600g,RSN0004,0.6,3.792842032556995,5S_T085,5,0.8499999999999999,0.29119701682939186,bilinear,0.004,0.025670183869114356,0.19661046448263347,0.0021889054539517205,60.21882850157002
662,data/simulations/mdof/sim_000662.npz,RSN0004_PGA_0p600g,RSN0004,0.6,3.792842032556995,5S_T085,5,0.8499999999999999,0.29119701682939186,bilinear,0.007,0.025670183869114356,0.19661046448263347,0.0021889054539517205,60.21882850157002
663,data/simulations/mdof/sim_000663.npz,RSN0004_PGA_0p600g,RSN0004,0.6,3.792842032556995,5S_T120,5,1.2000000000000008,0.41110167081796517,elastic,0.004,0.02105590499702581,0.1045411392743701,0.0019241085622438163,29.02232104925864
664,data/simulations/mdof/sim_000664.npz,RSN0004_PGA_0p600g,RSN0004,0.6,3.792842032556995,5S_T120,5,1.2000000000000008,0.41110167081796517,bilinear,0.004,0.02105590499702582,0.10454113927436956,0.0019241085622438152,29.022321049258682
665,data/simulations/mdof/sim_000665.npz,RSN0004_PGA_0p600g,RSN0004,0.6,3.792842032556995,5S_T120,5,1.2000000000000008,0.41110167081796517,bilinear,0.007,0.02105590499702582,0.10454113927436956,0.0019241085622438152,29.022321049258682
666,data/simulations/mdof/sim_000666.npz,RSN0004_PGA_0p800g,RSN0004,0.8,5.057122710075995,3S_T035,3,0.34999999999999987,0.1249135537622733,elastic,0.004,0.006846089095838824,0.2300309361627876,0.0010179905085563295,14.763667263081642
667,data/simulations/mdof/sim_000667.npz,RSN0004_PGA_0p800g,RSN0004,0.8,5.057122710075995,3S_T035,3,0.34999999999999987,0.1249135537622733,bilinear,0.004,0.006846089095838819,0.23003093616278739,0.0010179905085563284,14.763667263081617
668,data/simulations/mdof/sim_000668.npz,RSN0004_PGA_0p800g,RSN0004,0.8,5.057122710075995,3S_T035,3,0.34999999999999987,0.1249135537622733,bilinear,0.007,0.006846089095838819,0.23003093616278739,0.0010179905085563284,14.763667263081617
669,data/simulations/mdof/sim_000669.npz,RSN0004_PGA_0p800g,RSN0004,0.8,5.057122710075995,3S_T060,3,0.6,0.21413752073532566,elastic,0.004,0.014055834152896055,0.22374070918059152,0.001908278489227951,25.255045153113443
670,data/simulations/mdof/sim_000670.npz,RSN0004_PGA_0p800g,RSN0004,0.8,5.057122710075995,3S_T060,3,0.6,0.21413752073532566,bilinear,0.004,0.014055834152896053,0.22374070918059102,0.0019082784892279553,25.255045153113482
671,data/simulations/mdof/sim_000671.npz,RSN0004_PGA_0p800g,RSN0004,0.8,5.057122710075995,3S_T060,3,0.6,0.21413752073532566,bilinear,0.007,0.014055834152896053,0.22374070918059102,0.0019082784892279553,25.255045153113482
672,data/simulations/mdof/sim_000672.npz,RSN0004_PGA_0p800g,RSN0004,0.8,5.057122710075995,3S_T090,3,0.9,0.32120628110298843,elastic,0.004,0.03404956923938632,0.25803533823400016,0.00456649374354289,87.98074654640843
673,data/simulations/mdof/sim_000673.npz,RSN0004_PGA_0p800g,RSN0004,0.8,5.057122710075995,3S_T090,3,0.9,0.32120628110298843,bilinear,0.004,0.03405155315352357,0.23963162557280995,0.004750427934684364,85.95606254887035
674,data/simulations/mdof/sim_000674.npz,RSN0004_PGA_0p800g,RSN0004,0.8,5.057122710075995,3S_T090,3,0.9,0.32120628110298843,bilinear,0.007,0.03404956923938641,0.25803533823399977,0.0045664937435429065,87.98074654640878
675,data/simulations/mdof/sim_000675.npz,RSN0004_PGA_0p800g,RSN0004,0.8,5.057122710075995,5S_T055,5,0.5499999999999999,0.18842159912490059,elastic,0.004,0.014629100837257929,0.24175094455097196,0.0013473999459160722,39.610454436886734
676,data/simulations/mdof/sim_000676.npz,RSN0004_PGA_0p800g,RSN0004,0.8,5.057122710075995,5S_T055,5,0.5499999999999999,0.18842159912490059,bilinear,0.004,0.014629100837257913,0.24175094455097168,0.001347399945916073,39.610454436886684
677,data/simulations/mdof/sim_000677.npz,RSN0004_PGA_0p800g,RSN0004,0.8,5.057122710075995,5S_T055,5,0.5499999999999999,0.18842159912490059,bilinear,0.007,0.014629100837257913,0.24175094455097168,0.001347399945916073,39.610454436886684
678,data/simulations/mdof/sim_000678.npz,RSN0004_PGA_0p800g,RSN0004,0.8,5.057122710075995,5S_T085,5,0.8499999999999999,0.29119701682939186,elastic,0.004,0.03422691182548576,0.2621472859768444,0.002918540605268958,107.05569511390198
679,data/simulations/mdof/sim_000679.npz,RSN0004_PGA_0p800g,RSN0004,0.8,5.057122710075995,5S_T085,5,0.8499999999999999,0.29119701682939186,bilinear,0.004,0.03422691182548576,0.2621472859768454,0.002918540605268956,107.05569511390183
680,data/simulations/mdof/sim_000680.npz,RSN0004_PGA_0p800g,RSN0004,0.8,5.057122710075995,5S_T085,5,0.8499999999999999,0.29119701682939186,bilinear,0.007,0.03422691182548576,0.2621472859768454,0.002918540605268956,107.05569511390183
681,data/simulations/mdof/sim_000681.npz,RSN0004_PGA_0p800g,RSN0004,0.8,5.057122710075995,5S_T120,5,1.2000000000000008,0.41110167081796517,elastic,0.004,0.02807453999603448,0.1393881856991597,0.002565478082991759,51.59523742090444
682,data/simulations/mdof/sim_000682.npz,RSN0004_PGA_0p800g,RSN0004,0.8,5.057122710075995,5S_T120,5,1.2000000000000008,0.41110167081796517,bilinear,0.004,0.028074539996034476,0.13938818569915987,0.0025654780829917575,51.595237420904446
683,data/simulations/mdof/sim_000683.npz,RSN0004_PGA_0p800g,RSN0004,0.8,5.057122710075995,5S_T120,5,1.2000000000000008,0.41110167081796517,bilinear,0.007,0.028074539996034476,0.13938818569915987,0.0025654780829917575,51.595237420904446
684,data/simulations/mdof/sim_000684.npz,RSN0004_PGA_1p000g,RSN0004,1.0,6.3214033875949935,3S_T035,3,0.34999999999999987,0.1249135537622733,elastic,0.004,0.00855761136979851,0.2875386702034846,0.0012724881356954083,23.06823009856494
685,data/simulations/mdof/sim_000685.npz,RSN0004_PGA_1p000g,RSN0004,1.0,6.3214033875949935,3S_T035,3,0.34999999999999987,0.1249135537622733,bilinear,0.004,0.008557611369798504,0.2875386702034846,0.0012724881356954087,23.06823009856492
686,data/simulations/mdof/sim_000686.npz,RSN0004_PGA_1p000g,RSN0004,1.0,6.3214033875949935,3S_T035,3,0.34999999999999987,0.1249135537622733,bilinear,0.007,0.008557611369798504,0.2875386702034846,0.0012724881356954087,23.06823009856492
687,data/simulations/mdof/sim_000687.npz,RSN0004_PGA_1p000g,RSN0004,1.0,6.3214033875949935,3S_T060,3,0.6,0.21413752073532566,elastic,0.004,0.01756979269112006,0.27967588647573915,0.002385348111534942,39.46100805173979
688,data/simulations/mdof/sim_000688.npz,RSN0004_PGA_1p000g,RSN0004,1.0,6.3214033875949935,3S_T060,3,0.6,0.21413752073532566,bilinear,0.004,0.017569792691120058,0.2796758864757392,0.002385348111534941,39.461008051739775
689,data/simulations/mdof/sim_000689.npz,RSN0004_PGA_1p000g,RSN0004,1.0,6.3214033875949935,3S_T060,3,0.6,0.21413752073532566,bilinear,0.007,0.017569792691120058,0.2796758864757392,0.002385348111534941,39.461008051739775
690,data/simulations/mdof/sim_000690.npz,RSN0004_PGA_1p000g,RSN0004,1.0,6.3214033875949935,3S_T090,3,0.9,0.32120628110298843,elastic,0.004,0.04256196154923293,0.322544172792499,0.005708117179428616,137.46991647876325
691,data/simulations/mdof/sim_000691.npz,RSN0004_PGA_1p000g,RSN0004,1.0,6.3214033875949935,3S_T090,3,0.9,0.32120628110298843,bilinear,0.004,0.03977140615367407,0.2617146270478254,0.006158892997012397,136.20217442039302
692,data/simulations/mdof/sim_000692.npz,RSN0004_PGA_1p000g,RSN0004,1.0,6.3214033875949935,3S_T090,3,0.9,0.32120628110298843,bilinear,0.007,0.0425619615492329,0.32254417279249853,0.0057081171794286165,137.46991647876303
693,data/simulations/mdof/sim_000693.npz,RSN0004_PGA_1p000g,RSN0004,1.0,6.3214033875949935,5S_T055,5,0.5499999999999999,0.18842159912490059,elastic,0.004,0.018286376046572458,0.3021886806887168,0.001684249932395094,61.891335057635786
694,data/simulations/mdof/sim_000694.npz,RSN0004_PGA_1p000g,RSN0004,1.0,6.3214033875949935,5S_T055,5,0.5499999999999999,0.18842159912490059,bilinear,0.004,0.018286376046572465,0.30218868068871596,0.001684249932395099,61.891335057635885
695,data/simulations/mdof/sim_000695.npz,RSN0004_PGA_1p000g,RSN0004,1.0,6.3214033875949935,5S_T055,5,0.5499999999999999,0.18842159912490059,bilinear,0.007,0.018286376046572465,0.30218868068871596,0.001684249932395099,61.891335057635885
696,data/simulations/mdof/sim_000696.npz,RSN0004_PGA_1p000g,RSN0004,1.0,6.3214033875949935,5S_T085,5,0.8499999999999999,0.29119701682939186,elastic,0.004,0.04278363978185715,0.3276841074710553,0.0036481757565861887,167.27452361547145
697,data/simulations/mdof/sim_000697.npz,RSN0004_PGA_1p000g,RSN0004,1.0,6.3214033875949935,5S_T085,5,0.8499999999999999,0.29119701682939186,bilinear,0.004,0.04278363978185717,0.3276841074710542,0.0036481757565861987,167.2745236154715
698,data/simulations/mdof/sim_000698.npz,RSN0004_PGA_1p000g,RSN0004,1.0,6.3214033875949935,5S_T085,5,0.8499999999999999,0.29119701682939186,bilinear,0.007,0.04278363978185717,0.3276841074710542,0.0036481757565861987,167.2745236154715
699,data/simulations/mdof/sim_000699.npz,RSN0004_PGA_1p000g,RSN0004,1.0,6.3214033875949935,5S_T120,5,1.2000000000000008,0.41110167081796517,elastic,0.004,0.03509317499504301,0.17423523212394929,0.003206847603739689,80.61755847016289
700,data/simulations/mdof/sim_000700.npz,RSN0004_PGA_1p000g,RSN0004,1.0,6.3214033875949935,5S_T120,5,1.2000000000000008,0.41110167081796517,bilinear,0.004,0.03509317499504305,0.17423523212394965,0.0032068476037396968,80.61755847016302
701,data/simulations/mdof/sim_000701.npz,RSN0004_PGA_1p000g,RSN0004,1.0,6.3214033875949935,5S_T120,5,1.2000000000000008,0.41110167081796517,bilinear,0.007,0.03509317499504305,0.17423523212394965,0.0032068476037396968,80.61755847016302
702,data/simulations/mdof/sim_000702.npz,RSN0004_PGA_1p200g,RSN0004,1.2,7.585684065113991,3S_T035,3,0.34999999999999987,0.1249135537622733,elastic,0.004,0.010269133643758217,0.3450464042441825,0.0015269857628344916,33.218251341933595
703,data/simulations/mdof/sim_000703.npz,RSN0004_PGA_1p200g,RSN0004,1.2,7.585684065113991,3S_T035,3,0.34999999999999987,0.1249135537622733,bilinear,0.004,0.010269133643758224,0.3450464042441818,0.0015269857628344924,33.21825134193363
704,data/simulations/mdof/sim_000704.npz,RSN0004_PGA_1p200g,RSN0004,1.2,7.585684065113991,3S_T035,3,0.34999999999999987,0.1249135537622733,bilinear,0.007,0.010269133643758224,0.3450464042441818,0.0015269857628344924,33.21825134193363
705,data/simulations/mdof/sim_000705.npz,RSN0004_PGA_1p200g,RSN0004,1.2,7.585684065113991,3S_T060,3,0.6,0.21413752073532566,elastic,0.004,0.021083751229344083,0.33561106377088706,0.0028624177338419233,56.82385159450514
706,data/simulations/mdof/sim_000706.npz,RSN0004_PGA_1p200g,RSN0004,1.2,7.585684065113991,3S_T060,3,0.6,0.21413752073532566,bilinear,0.004,0.02108375122934407,0.3356110637708872,0.0028624177338419277,56.823851594505214
707,data/simulations/mdof/sim_000707.npz,RSN0004_PGA_1p200g,RSN0004,1.2,7.585684065113991,3S_T060,3,0.6,0.21413752073532566,bilinear,0.007,0.02108375122934407,0.3356110637708872,0.0028624177338419277,56.823851594505214
708,data/simulations/mdof/sim_000708.npz,RSN0004_PGA_1p200g,RSN0004,1.2,7.585684065113991,3S_T090,3,0.9,0.32120628110298843,elastic,0.004,0.05107435385907948,0.38705300735099757,0.00684974061531433,197.95667972941857
709,data/simulations/mdof/sim_000709.npz,RSN0004_PGA_1p200g,RSN0004,1.2,7.585684065113991,3S_T090,3,0.9,0.32120628110298843,bilinear,0.004,0.04108883982820032,0.28562303416975904,0.006151752945869687,206.53420986134645
710,data/simulations/mdof/sim_000710.npz,RSN0004_PGA_1p200g,RSN0004,1.2,7.585684065113991,3S_T090,3,0.9,0.32120628110298843,bilinear,0.007,0.051074353859079484,0.3870530073509973,0.006849740615314328,197.95667972941862
711,data/simulations/mdof/sim_000711.npz,RSN0004_PGA_1p200g,RSN0004,1.2,7.585684065113991,5S_T055,5,0.5499999999999999,0.18842159912490059,elastic,0.004,0.02194365125588689,0.36262641682645935,0.0020210999188741067,89.1235224829949
712,data/simulations/mdof/sim_000712.npz,RSN0004_PGA_1p200g,RSN0004,1.2,7.585684065113991,5S_T055,5,0.5499999999999999,0.18842159912490059,bilinear,0.004,0.021943651255886893,0.3626264168264577,0.0020210999188741115,89.12352248299518
713,data/simulations/mdof/sim_000713.npz,RSN0004_PGA_1p200g,RSN0004,1.2,7.585684065113991,5S_T055,5,0.5499999999999999,0.18842159912490059,bilinear,0.007,0.021943651255886893,0.3626264168264577,0.0020210999188741115,89.12352248299518
714,data/simulations/mdof/sim_000714.npz,RSN0004_PGA_1p200g,RSN0004,1.2,7.585684065113991,5S_T085,5,0.8499999999999999,0.29119701682939186,elastic,0.004,0.051340367738228546,0.3932209289652643,0.004377810907903433,240.8753140062788
715,data/simulations/mdof/sim_000715.npz,RSN0004_PGA_1p200g,RSN0004,1.2,7.585684065113991,5S_T085,5,0.8499999999999999,0.29119701682939186,bilinear,0.004,0.05159030675239416,0.396702709896007,0.004678737865587658,242.3242933997355
716,data/simulations/mdof/sim_000716.npz,RSN0004_PGA_1p200g,RSN0004,1.2,7.585684065113991,5S_T085,5,0.8499999999999999,0.29119701682939186,bilinear,0.007,0.05134036773822871,0.39322092896526695,0.004377810907903441,240.8753140062801
717,data/simulations/mdof/sim_000717.npz,RSN0004_PGA_1p200g,RSN0004,1.2,7.585684065113991,5S_T120,5,1.2000000000000008,0.41110167081796517,elastic,0.004,0.04211180999405162,0.2090822785487402,0.0038482171244876326,116.08928419703456
718,data/simulations/mdof/sim_000718.npz,RSN0004_PGA_1p200g,RSN0004,1.2,7.585684065113991,5S_T120,5,1.2000000000000008,0.41110167081796517,bilinear,0.004,0.04211180999405157,0.20908227854873976,0.003848217124487629,116.08928419703443
719,data/simulations/mdof/sim_000719.npz,RSN0004_PGA_1p200g,RSN0004,1.2,7.585684065113991,5S_T120,5,1.2000000000000008,0.41110167081796517,bilinear,0.007,0.04211180999405157,0.20908227854873976,0.003848217124487629,116.08928419703443
720,data/simulations/mdof/sim_000720.npz,RSN0005_PGA_0p050g,RSN0005,0.05,1.0124186690996488,3S_T035,3,0.34999999999999987,0.1249135537622733,elastic,0.004,0.0002336310112278728,0.007154765451988492,3.645565533812857e-05,0.017997846580735805
721,data/simulations/mdof/sim_000721.npz,RSN0005_PGA_0p050g,RSN0005,0.05,1.0124186690996488,3S_T035,3,0.34999999999999987,0.1249135537622733,bilinear,0.004,0.00023363101122787268,0.007154765451988467,3.645565533812864e-05,0.017997846580735825
722,data/simulations/mdof/sim_000722.npz,RSN0005_PGA_0p050g,RSN0005,0.05,1.0124186690996488,3S_T035,3,0.34999999999999987,0.1249135537622733,bilinear,0.007,0.00023363101122787268,0.007154765451988467,3.645565533812864e-05,0.017997846580735825
723,data/simulations/mdof/sim_000723.npz,RSN0005_PGA_0p050g,RSN0005,0.05,1.0124186690996488,3S_T060,3,0.6,0.21413752073532566,elastic,0.004,0.0008555172532056021,0.009024088393889487,0.00011985231585851005,0.09219646025602944
724,data/simulations/mdof/sim_000724.npz,RSN0005_PGA_0p050g,RSN0005,0.05,1.0124186690996488,3S_T060,3,0.6,0.21413752073532566,bilinear,0.004,0.0008555172532056021,0.009024088393889495,0.0001198523158585099,0.0921964602560295
725,data/simulations/mdof/sim_000725.npz,RSN0005_PGA_0p050g,RSN0005,0.05,1.0124186690996488,3S_T060,3,0.6,0.21413752073532566,bilinear,0.007,0.0008555172532056021,0.009024088393889495,0.0001198523158585099,0.0921964602560295
726,data/simulations/mdof/sim_000726.npz,RSN0005_PGA_0p050g,RSN0005,0.05,1.0124186690996488,3S_T090,3,0.9,0.32120628110298843,elastic,0.004,0.0012423765593227098,0.009042241804729288,0.00016339102732914522,0.11044351553047711
727,data/simulations/mdof/sim_000727.npz,RSN0005_PGA_0p050g,RSN0005,0.05,1.0124186690996488,3S_T090,3,0.9,0.32120628110298843,bilinear,0.004,0.0012423765593227117,0.009042241804729307,0.0001633910273291456,0.11044351553047767
728,data/simulations/mdof/sim_000728.npz,RSN0005_PGA_0p050g,RSN0005,0.05,1.0124186690996488,3S_T090,3,0.9,0.32120628110298843,bilinear,0.007,0.0012423765593227117,0.009042241804729307,0.0001633910273291456,0.11044351553047767
729,data/simulations/mdof/sim_000729.npz,RSN0005_PGA_0p050g,RSN0005,0.05,1.0124186690996488,5S_T055,5,0.5499999999999999,0.18842159912490059,elastic,0.004,0.000821239837006628,0.01172679923781171,7.739713450577431e-05,0.1251417811595766
730,data/simulations/mdof/sim_000730.npz,RSN0005_PGA_0p050g,RSN0005,0.05,1.0124186690996488,5S_T055,5,0.5499999999999999,0.18842159912490059,bilinear,0.004,0.0008212398370066257,0.011726799237811671,7.739713450577401e-05,0.12514178115957605
731,data/simulations/mdof/sim_000731.npz,RSN0005_PGA_0p050g,RSN0005,0.05,1.0124186690996488,5S_T055,5,0.5499999999999999,0.18842159912490059,bilinear,0.007,0.0008212398370066257,0.011726799237811671,7.739713450577401e-05,0.12514178115957605
732,data/simulations/mdof/sim_000732.npz,RSN0005_PGA_0p050g,RSN0005,0.05,1.0124186690996488,5S_T085,5,0.8499999999999999,0.29119701682939186,elastic,0.004,0.0009849798250593782,0.0074560784328789875,8.884057386046096e-05,0.0949699737229701
733,data/simulations/mdof/sim_000733.npz,RSN0005_PGA_0p050g,RSN0005,0.05,1.0124186690996488,5S_T085,5,0.8499999999999999,0.29119701682939186,bilinear,0.004,0.0009849798250593778,0.007456078432878954,8.884057386046068e-05,0.0949699737229698
734,data/simulations/mdof/sim_000734.npz,RSN0005_PGA_0p050g,RSN0005,0.05,1.0124186690996488,5S_T085,5,0.8499999999999999,0.29119701682939186,bilinear,0.007,0.0009849798250593778,0.007456078432878954,8.884057386046068e-05,0.0949699737229698
735,data/simulations/mdof/sim_000735.npz,RSN0005_PGA_0p050g,RSN0005,0.05,1.0124186690996488,5S_T120,5,1.2000000000000008,0.41110167081796517,elastic,0.004,0.0015077502678748631,0.006586575910569667,0.00012510204419445992,0.12941143894394183
736,data/simulations/mdof/sim_000736.npz,RSN0005_PGA_0p050g,RSN0005,0.05,1.0124186690996488,5S_T120,5,1.2000000000000008,0.41110167081796517,bilinear,0.004,0.0015077502678748633,0.006586575910569674,0.00012510204419446003,0.12941143894394172
737,data/simulations/mdof/sim_000737.npz,RSN0005_PGA_0p050g,RSN0005,0.05,1.0124186690996488,5S_T120,5,1.2000000000000008,0.41110167081796517,bilinear,0.007,0.0015077502678748633,0.006586575910569674,0.00012510204419446003,0.12941143894394172
738,data/simulations/mdof/sim_000738.npz,RSN0005_PGA_0p100g,RSN0005,0.1,2.0248373381992977,3S_T035,3,0.34999999999999987,0.1249135537622733,elastic,0.004,0.0004672620224557456,0.014309530903976984,7.291131067625713e-05,0.07199138632294322
739,data/simulations/mdof/sim_000739.npz,RSN0005_PGA_0p100g,RSN0005,0.1,2.0248373381992977,3S_T035,3,0.34999999999999987,0.1249135537622733,bilinear,0.004,0.00046726202245574535,0.014309530903976934,7.291131067625728e-05,0.0719913863229433
740,data/simulations/mdof/sim_000740.npz,RSN0005_PGA_0p100g,RSN0005,0.1,2.0248373381992977,3S_T035,3,0.34999999999999987,0.1249135537622733,bilinear,0.007,0.00046726202245574535,0.014309530903976934,7.291131067625728e-05,0.0719913863229433
741,data/simulations/mdof/sim_000741.npz,RSN0005_PGA_0p100g,RSN0005,0.1,2.0248373381992977,3S_T060,3,0.6,0.21413752073532566,elastic,0.004,0.0017110345064112042,0.018048176787778973,0.0002397046317170201,0.36878584102411777
742,data/simulations/mdof/sim_000742.npz,RSN0005_PGA_0p100g,RSN0005,0.1,2.0248373381992977,3S_T060,3,0.6,0.21413752073532566,bilinear,0.004,0.0017110345064112042,0.01804817678777899,0.0002397046317170198,0.368785841024118
743,data/simulations/mdof/sim_000743.npz,RSN0005_PGA_0p100g,RSN0005,0.1,2.0248373381992977,3S_T060,3,0.6,0.21413752073532566,bilinear,0.007,0.0017110345064112042,0.01804817678777899,0.0002397046317170198,0.368785841024118
744,data/simulations/mdof/sim_000744.npz,RSN0005_PGA_0p100g,RSN0005,0.1,2.0248373381992977,3S_T090,3,0.9,0.32120628110298843,elastic,0.004,0.0024847531186454196,0.018084483609458576,0.00032678205465829044,0.44177406212190845
745,data/simulations/mdof/sim_000745.npz,RSN0005_PGA_0p100g,RSN0005,0.1,2.0248373381992977,3S_T090,3,0.9,0.32120628110298843,bilinear,0.004,0.0024847531186454235,0.018084483609458614,0.0003267820546582912,0.44177406212191067
746,data/simulations/mdof/sim_000746.npz,RSN0005_PGA_0p100g,RSN0005,0.1,2.0248373381992977,3S_T090,3,0.9,0.32120628110298843,bilinear,0.007,0.0024847531186454235,0.018084483609458614,0.0003267820546582912,0.44177406212191067
747,data/simulations/mdof/sim_000747.npz,RSN0005_PGA_0p100g,RSN0005,0.1,2.0248373381992977,5S_T055,5,0.5499999999999999,0.18842159912490059,elastic,0.004,0.001642479674013256,0.02345359847562342,0.00015479426901154861,0.5005671246383064
748,data/simulations/mdof/sim_000748.npz,RSN0005_PGA_0p100g,RSN0005,0.1,2.0248373381992977,5S_T055,5,0.5499999999999999,0.18842159912490059,bilinear,0.004,0.0016424796740132513,0.023453598475623342,0.00015479426901154802,0.5005671246383042
749,data/simulations/mdof/sim_000749.npz,RSN0005_PGA_0p100g,RSN0005,0.1,2.0248373381992977,5S_T055,5,0.5499999999999999,0.18842159912490059,bilinear,0.007,0.0016424796740132513,0.023453598475623342,0.00015479426901154802,0.5005671246383042
750,data/simulations/mdof/sim_000750.npz,RSN0005_PGA_0p100g,RSN0005,0.1,2.0248373381992977,5S_T085,5,0.8499999999999999,0.29119701682939186,elastic,0.004,0.0019699596501187564,0.014912156865757975,0.00017768114772092193,0.3798798948918804
751,data/simulations/mdof/sim_000751.npz,RSN0005_PGA_0p100g,RSN0005,0.1,2.0248373381992977,5S_T085,5,0.8499999999999999,0.29119701682939186,bilinear,0.004,0.0019699596501187556,0.014912156865757907,0.00017768114772092136,0.3798798948918792
752,data/simulations/mdof/sim_000752.npz,RSN0005_PGA_0p100g,RSN0005,0.1,2.0248373381992977,5S_T085,5,0.8499999999999999,0.29119701682939186,bilinear,0.007,0.0019699596501187556,0.014912156865757907,0.00017768114772092136,0.3798798948918792
753,data/simulations/mdof/sim_000753.npz,RSN0005_PGA_0p100g,RSN0005,0.1,2.0248373381992977,5S_T120,5,1.2000000000000008,0.41110167081796517,elastic,0.004,0.0030155005357497262,0.013173151821139335,0.00025020408838891985,0.5176457557757673
754,data/simulations/mdof/sim_000754.npz,RSN0005_PGA_0p100g,RSN0005,0.1,2.0248373381992977,5S_T120,5,1.2000000000000008,0.41110167081796517,bilinear,0.004,0.0030155005357497267,0.013173151821139348,0.00025020408838892006,0.5176457557757669
755,data/simulations/mdof/sim_000755.npz,RSN0005_PGA_0p100g,RSN0005,0.1,2.0248373381992977,5S_T120,5,1.2000000000000008,0.41110167081796517,bilinear,0.007,0.0030155005357497267,0.013173151821139348,0.00025020408838892006,0.5176457557757669
756,data/simulations/mdof/sim_000756.npz,RSN0005_PGA_0p200g,RSN0005,0.2,4.049674676398595,3S_T035,3,0.34999999999999987,0.1249135537622733,elastic,0.004,0.0009345240449114912,0.02861906180795397,0.00014582262135251427,0.2879655452917729
757,data/simulations/mdof/sim_000757.npz,RSN0005_PGA_0p200g,RSN0005,0.2,4.049674676398595,3S_T035,3,0.34999999999999987,0.1249135537622733,bilinear,0.004,0.0009345240449114907,0.028619061807953868,0.00014582262135251457,0.2879655452917732
758,data/simulations/mdof/sim_000758.npz,RSN0005_PGA_0p200g,RSN0005,0.2,4.049674676398595,3S_T035,3,0.34999999999999987,0.1249135537622733,bilinear,0.007,0.0009345240449114907,0.028619061807953868,0.00014582262135251457,0.2879655452917732
759,data/simulations/mdof/sim_000759.npz,RSN0005_PGA_0p200g,RSN0005,0.2,4.049674676398595,3S_T060,3,0.6,0.21413752073532566,elastic,0.004,0.0034220690128224083,0.036096353575557946,0.0004794092634340402,1.475143364096471
760,data/simulations/mdof/sim_000760.npz,RSN0005_PGA_0p200g,RSN0005,0.2,4.049674676398595,3S_T060,3,0.6,0.21413752073532566,bilinear,0.004,0.0034220690128224083,0.03609635357555798,0.0004794092634340396,1.475143364096472
761,data/simulations/mdof/sim_000761.npz,RSN0005_PGA_0p200g,RSN0005,0.2,4.049674676398595,3S_T060,3,0.6,0.21413752073532566,bilinear,0.007,0.0034220690128224083,0.03609635357555798,0.0004794092634340396,1.475143364096472
762,data/simulations/mdof/sim_000762.npz,RSN0005_PGA_0p200g,RSN0005,0.2,4.049674676398595,3S_T090,3,0.9,0.32120628110298843,elastic,0.004,0.004969506237290839,0.03616896721891715,0.0006535641093165809,1.7670962484876338
763,data/simulations/mdof/sim_000763.npz,RSN0005_PGA_0p200g,RSN0005,0.2,4.049674676398595,3S_T090,3,0.9,0.32120628110298843,bilinear,0.004,0.004969506237290847,0.03616896721891723,0.0006535641093165824,1.7670962484876427
764,data/simulations/mdof/sim_000764.npz,RSN0005_PGA_0p200g,RSN0005,0.2,4.049674676398595,3S_T090,3,0.9,0.32120628110298843,bilinear,0.007,0.004969506237290847,0.03616896721891723,0.0006535641093165824,1.7670962484876427
765,data/simulations/mdof/sim_000765.npz,RSN0005_PGA_0p200g,RSN0005,0.2,4.049674676398595,5S_T055,5,0.5499999999999999,0.18842159912490059,elastic,0.004,0.003284959348026512,0.04690719695124684,0.00030958853802309723,2.0022684985532258
766,data/simulations/mdof/sim_000766.npz,RSN0005_PGA_0p200g,RSN0005,0.2,4.049674676398595,5S_T055,5,0.5499999999999999,0.18842159912490059,bilinear,0.004,0.0032849593480265026,0.046907196951246684,0.00030958853802309604,2.002268498553217
767,data/simulations/mdof/sim_000767.npz,RSN0005_PGA_0p200g,RSN0005,0.2,4.049674676398595,5S_T055,5,0.5499999999999999,0.18842159912490059,bilinear,0.007,0.0032849593480265026,0.046907196951246684,0.00030958853802309604,2.002268498553217
768,data/simulations/mdof/sim_000768.npz,RSN0005_PGA_0p200g,RSN0005,0.2,4.049674676398595,5S_T085,5,0.8499999999999999,0.29119701682939186,elastic,0.004,0.003939919300237513,0.02982431373151595,0.00035536229544184386,1.5195195795675216
769,data/simulations/mdof/sim_000769.npz,RSN0005_PGA_0p200g,RSN0005,0.2,4.049674676398595,5S_T085,5,0.8499999999999999,0.29119701682939186,bilinear,0.004,0.003939919300237511,0.029824313731515815,0.0003553622954418427,1.5195195795675167
770,data/simulations/mdof/sim_000770.npz,RSN0005_PGA_0p200g,RSN0005,0.2,4.049674676398595,5S_T085,5,0.8499999999999999,0.29119701682939186,bilinear,0.007,0.003939919300237511,0.029824313731515815,0.0003553622954418427,1.5195195795675167
771,data/simulations/mdof/sim_000771.npz,RSN0005_PGA_0p200g,RSN0005,0.2,4.049674676398595,5S_T120,5,1.2000000000000008,0.41110167081796517,elastic,0.004,0.0060310010714994524,0.02634630364227867,0.0005004081767778397,2.0705830231030693
772,data/simulations/mdof/sim_000772.npz,RSN0005_PGA_0p200g,RSN0005,0.2,4.049674676398595,5S_T120,5,1.2000000000000008,0.41110167081796517,bilinear,0.004,0.006031001071499453,0.026346303642278697,0.0005004081767778401,2.0705830231030675
773,data/simulations/mdof/sim_000773.npz,RSN0005_PGA_0p200g,RSN0005,0.2,4.049674676398595,5S_T120,5,1.2000000000000008,0.41110167081796517,bilinear,0.007,0.006031001071499453,0.026346303642278697,0.0005004081767778401,2.0705830231030675
774,data/simulations/mdof/sim_000774.npz,RSN0005_PGA_0p300g,RSN0005,0.3,6.074512014597893,3S_T035,3,0.34999999999999987,0.1249135537622733,elastic,0.004,0.001401786067367236,0.04292859271193093,0.00021873393202877144,0.647922476906489
775,data/simulations/mdof/sim_000775.npz,RSN0005_PGA_0p300g,RSN0005,0.3,6.074512014597893,3S_T035,3,0.34999999999999987,0.1249135537622733,bilinear,0.004,0.0014017860673672354,0.04292859271193092,0.00021873393202877155,0.6479224769064893
776,data/simulations/mdof/sim_000776.npz,RSN0005_PGA_0p300g,RSN0005,0.3,6.074512014597893,3S_T035,3,0.34999999999999987,0.1249135537622733,bilinear,0.007,0.0014017860673672354,0.04292859271193092,0.00021873393202877155,0.6479224769064893
777,data/simulations/mdof/sim_000777.npz,RSN0005_PGA_0p300g,RSN0005,0.3,6.074512014597893,3S_T060,3,0.6,0.21413752073532566,elastic,0.004,0.005133103519233612,0.054144530363337065,0.0007191138951510596,3.3190725692170577
778,data/simulations/mdof/sim_000778.npz,RSN0005_PGA_0p300g,RSN0005,0.3,6.074512014597893,3S_T060,3,0.6,0.21413752073532566,bilinear,0.004,0.005133103519233614,0.054144530363337044,0.0007191138951510608,3.3190725692170653
779,data/simulations/mdof/sim_000779.npz,RSN0005_PGA_0p300g,RSN0005,0.3,6.074512014597893,3S_T060,3,0.6,0.21413752073532566,bilinear,0.007,0.005133103519233614,0.054144530363337044,0.0007191138951510608,3.3190725692170653
780,data/simulations/mdof/sim_000780.npz,RSN0005_PGA_0p300g,RSN0005,0.3,6.074512014597893,3S_T090,3,0.9,0.32120628110298843,elastic,0.004,0.007454259355936247,0.05425345082837567,0.0009803461639748686,3.9759665590971687
781,data/simulations/mdof/sim_000781.npz,RSN0005_PGA_0p300g,RSN0005,0.3,6.074512014597893,3S_T090,3,0.9,0.32120628110298843,bilinear,0.004,0.007454259355936247,0.05425345082837571,0.0009803461639748697,3.975966559097171
782,data/simulations/mdof/sim_000782.npz,RSN0005_PGA_0p300g,RSN0005,0.3,6.074512014597893,3S_T090,3,0.9,0.32120628110298843,bilinear,0.007,0.007454259355936247,0.05425345082837571,0.0009803461639748697,3.975966559097171
783,data/simulations/mdof/sim_000783.npz,RSN0005_PGA_0p300g,RSN0005,0.3,6.074512014597893,5S_T055,5,0.5499999999999999,0.18842159912490059,elastic,0.004,0.004927439022039762,0.07036079542687039,0.00046438280703464473,4.505104121744742
784,data/simulations/mdof/sim_000784.npz,RSN0005_PGA_0p300g,RSN0005,0.3,6.074512014597893,5S_T055,5,0.5499999999999999,0.18842159912490059,bilinear,0.004,0.004927439022039767,0.07036079542687024,0.0004643828070346448,4.505104121744754
785,data/simulations/mdof/sim_000785.npz,RSN0005_PGA_0p300g,RSN0005,0.3,6.074512014597893,5S_T055,5,0.5499999999999999,0.18842159912490059,bilinear,0.007,0.004927439022039767,0.07036079542687024,0.0004643828070346448,4.505104121744754
786,data/simulations/mdof/sim_000786.npz,RSN0005_PGA_0p300g,RSN0005,0.3,6.074512014597893,5S_T085,5,0.8499999999999999,0.29119701682939186,elastic,0.004,0.005909878950356265,0.044736470597273655,0.0005330434431627656,3.4189190540269228
787,data/simulations/mdof/sim_000787.npz,RSN0005_PGA_0p300g,RSN0005,0.3,6.074512014597893,5S_T085,5,0.8499999999999999,0.29119701682939186,bilinear,0.004,0.0059098789503562715,0.04473647059727378,0.0005330434431627656,3.4189190540269236
788,data/simulations/mdof/sim_000788.npz,RSN0005_PGA_0p300g,RSN0005,0.3,6.074512014597893,5S_T085,5,0.8499999999999999,0.29119701682939186,bilinear,0.007,0.0059098789503562715,0.04473647059727378,0.0005330434431627656,3.4189190540269236
789,data/simulations/mdof/sim_000789.npz,RSN0005_PGA_0p300g,RSN0005,0.3,6.074512014597893,5S_T120,5,1.2000000000000008,0.41110167081796517,elastic,0.004,0.009046501607249192,0.03951945546341786,0.0007506122651667622,4.658811801981924
790,data/simulations/mdof/sim_000790.npz,RSN0005_PGA_0p300g,RSN0005,0.3,6.074512014597893,5S_T120,5,1.2000000000000008,0.41110167081796517,bilinear,0.004,0.009046501607249194,0.039519455463417986,0.0007506122651667632,4.658811801981929
791,data/simulations/mdof/sim_000791.npz,RSN0005_PGA_0p300g,RSN0005,0.3,6.074512014597893,5S_T120,5,1.2000000000000008,0.41110167081796517,bilinear,0.007,0.009046501607249194,0.039519455463417986,0.0007506122651667632,4.658811801981929
792,data/simulations/mdof/sim_000792.npz,RSN0005_PGA_0p400g,RSN0005,0.4,8.09934935279719,3S_T035,3,0.34999999999999987,0.1249135537622733,elastic,0.004,0.0018690480898229825,0.05723812361590794,0.00029164524270502854,1.1518621811670915
793,data/simulations/mdof/sim_000793.npz,RSN0005_PGA_0p400g,RSN0005,0.4,8.09934935279719,3S_T035,3,0.34999999999999987,0.1249135537622733,bilinear,0.004,0.0018690480898229814,0.057238123615907736,0.00029164524270502913,1.1518621811670928
794,data/simulations/mdof/sim_000794.npz,RSN0005_PGA_0p400g,RSN0005,0.4,8.09934935279719,3S_T035,3,0.34999999999999987,0.1249135537622733,bilinear,0.007,0.0018690480898229814,0.057238123615907736,0.00029164524270502913,1.1518621811670928
795,data/simulations/mdof/sim_000795.npz,RSN0005_PGA_0p400g,RSN0005,0.4,8.09934935279719,3S_T060,3,0.6,0.21413752073532566,elastic,0.004,0.006844138025644817,0.07219270715111589,0.0009588185268680804,5.900573456385884
796,data/simulations/mdof/sim_000796.npz,RSN0005_PGA_0p400g,RSN0005,0.4,8.09934935279719,3S_T060,3,0.6,0.21413752073532566,bilinear,0.004,0.006844138025644817,0.07219270715111596,0.0009588185268680792,5.900573456385888
797,data/simulations/mdof/sim_000797.npz,RSN0005_PGA_0p400g,RSN0005,0.4,8.09934935279719,3S_T060,3,0.6,0.21413752073532566,bilinear,0.007,0.006844138025644817,0.07219270715111596,0.0009588185268680792,5.900573456385888
798,data/simulations/mdof/sim_000798.npz,RSN0005_PGA_0p400g,RSN0005,0.4,8.09934935279719,3S_T090,3,0.9,0.32120628110298843,elastic,0.004,0.009939012474581678,0.0723379344378343,0.0013071282186331618,7.068384993950535
799,data/simulations/mdof/sim_000799.npz,RSN0005_PGA_0p400g,RSN0005,0.4,8.09934935279719,3S_T090,3,0.9,0.32120628110298843,bilinear,0.004,0.009939012474581694,0.07233793443783446,0.0013071282186331648,7.068384993950571
800,data/simulations/mdof/sim_000800.npz,RSN0005_PGA_0p400g,RSN0005,0.4,8.09934935279719,3S_T090,3,0.9,0.32120628110298843,bilinear,0.007,0.009939012474581694,0.07233793443783446,0.0013071282186331648,7.068384993950571
801,data/simulations/mdof/sim_000801.npz,RSN0005_PGA_0p400g,RSN0005,0.4,8.09934935279719,5S_T055,5,0.5499999999999999,0.18842159912490059,elastic,0.004,0.006569918696053024,0.09381439390249369,0.0006191770760461945,8.009073994212903
802,data/simulations/mdof/sim_000802.npz,RSN0005_PGA_0p400g,RSN0005,0.4,8.09934935279719,5S_T055,5,0.5499999999999999,0.18842159912490059,bilinear,0.004,0.006569918696053005,0.09381439390249337,0.0006191770760461921,8.009073994212867
803,data/simulations/mdof/sim_000803.npz,RSN0005_PGA_0p400g,RSN0005,0.4,8.09934935279719,5S_T055,5,0.5499999999999999,0.18842159912490059,bilinear,0.007,0.006569918696053005,0.09381439390249337,0.0006191770760461921,8.009073994212867
804,data/simulations/mdof/sim_000804.npz,RSN0005_PGA_0p400g,RSN0005,0.4,8.09934935279719,5S_T085,5,0.8499999999999999,0.29119701682939186,elastic,0.004,0.007879838600475026,0.0596486274630319,0.0007107245908836877,6.078078318270086
805,data/simulations/mdof/sim_000805.npz,RSN0005_PGA_0p400g,RSN0005,0.4,8.09934935279719,5S_T085,5,0.8499999999999999,0.29119701682939186,bilinear,0.004,0.007879838600475022,0.05964862746303163,0.0007107245908836854,6.078078318270067
806,data/simulations/mdof/sim_000806.npz,RSN0005_PGA_0p400g,RSN0005,0.4,8.09934935279719,5S_T085,5,0.8499999999999999,0.29119701682939186,bilinear,0.007,0.007879838600475022,0.05964862746303163,0.0007107245908836854,6.078078318270067
807,data/simulations/mdof/sim_000807.npz,RSN0005_PGA_0p400g,RSN0005,0.4,8.09934935279719,5S_T120,5,1.2000000000000008,0.41110167081796517,elastic,0.004,0.012062002142998905,0.05269260728455734,0.0010008163535556794,8.282332092412277
808,data/simulations/mdof/sim_000808.npz,RSN0005_PGA_0p400g,RSN0005,0.4,8.09934935279719,5S_T120,5,1.2000000000000008,0.41110167081796517,bilinear,0.004,0.012062002142998891,0.05269260728455732,0.0010008163535556785,8.282332092412238
809,data/simulations/mdof/sim_000809.npz,RSN0005_PGA_0p400g,RSN0005,0.4,8.09934935279719,5S_T120,5,1.2000000000000008,0.41110167081796517,bilinear,0.007,0.012062002142998891,0.05269260728455732,0.0010008163535556785,8.282332092412238
810,data/simulations/mdof/sim_000810.npz,RSN0005_PGA_0p500g,RSN0005,0.5,10.124186690996488,3S_T035,3,0.34999999999999987,0.1249135537622733,elastic,0.004,0.0023363101122787265,0.07154765451988455,0.00036455655338128555,1.7997846580735788
811,data/simulations/mdof/sim_000811.npz,RSN0005_PGA_0p500g,RSN0005,0.5,10.124186690996488,3S_T035,3,0.34999999999999987,0.1249135537622733,bilinear,0.004,0.0023363101122787257,0.07154765451988465,0.00036455655338128555,1.79978465807358
812,data/simulations/mdof/sim_000812.npz,RSN0005_PGA_0p500g,RSN0005,0.5,10.124186690996488,3S_T035,3,0.34999999999999987,0.1249135537622733,bilinear,0.007,0.0023363101122787257,0.07154765451988465,0.00036455655338128555,1.79978465807358
813,data/simulations/mdof/sim_000813.npz,RSN0005_PGA_0p500g,RSN0005,0.5,10.124186690996488,3S_T060,3,0.6,0.21413752073532566,elastic,0.004,0.00855517253205604,0.09024088393889525,0.001198523158585103,9.219646025602973
814,data/simulations/mdof/sim_000814.npz,RSN0005_PGA_0p500g,RSN0005,0.5,10.124186690996488,3S_T060,3,0.6,0.21413752073532566,bilinear,0.004,0.00855517253205605,0.0902408839388955,0.0011985231585851033,9.219646025603005
815,data/simulations/mdof/sim_000815.npz,RSN0005_PGA_0p500g,RSN0005,0.5,10.124186690996488,3S_T060,3,0.6,0.21413752073532566,bilinear,0.007,0.00855517253205605,0.0902408839388955,0.0011985231585851033,9.219646025603005
816,data/simulations/mdof/sim_000816.npz,RSN0005_PGA_0p500g,RSN0005,0.5,10.124186690996488,3S_T090,3,0.9,0.32120628110298843,elastic,0.004,0.012423765593227049,0.09042241804729305,0.0016339102732914454,11.044351553047644
817,data/simulations/mdof/sim_000817.npz,RSN0005_PGA_0p500g,RSN0005,0.5,10.124186690996488,3S_T090,3,0.9,0.32120628110298843,bilinear,0.004,0.01242376559322707,0.09042241804729335,0.0016339102732914497,11.044351553047694
818,data/simulations/mdof/sim_000818.npz,RSN0005_PGA_0p500g,RSN0005,0.5,10.124186690996488,3S_T090,3,0.9,0.32120628110298843,bilinear,0.007,0.01242376559322707,0.09042241804729335,0.0016339102732914497,11.044351553047694
819,data/simulations/mdof/sim_000819.npz,RSN0005_PGA_0p500g,RSN0005,0.5,10.124186690996488,5S_T055,5,0.5499999999999999,0.18842159912490059,elastic,0.004,0.008212398370066263,0.1172679923781174,0.0007739713450577415,12.514178115957604
820,data/simulations/mdof/sim_000820.npz,RSN0005_PGA_0p500g,RSN0005,0.5,10.124186690996488,5S_T055,5,0.5499999999999999,0.18842159912490059,bilinear,0.004,0.008212398370066277,0.11726799237811746,0.0007739713450577419,12.514178115957645
821,data/simulations/mdof/sim_000821.npz,RSN0005_PGA_0p500g,RSN0005,0.5,10.124186690996488,5S_T055,5,0.5499999999999999,0.18842159912490059,bilinear,0.007,0.008212398370066277,0.11726799237811746,0.0007739713450577419,12.514178115957645
822,data/simulations/mdof/sim_000822.npz,RSN0005_PGA_0p500g,RSN0005,0.5,10.124186690996488,5S_T085,5,0.8499999999999999,0.29119701682939186,elastic,0.004,0.009849798250593783,0.07456078432878983,0.0008884057386046053,9.496997372296967
823,data/simulations/mdof/sim_000823.npz,RSN0005_PGA_0p500g,RSN0005,0.5,10.124186690996488,5S_T085,5,0.8499999999999999,0.29119701682939186,bilinear,0.004,0.009849798250593775,0.07456078432878956,0.0008884057386046082,9.496997372296978
824,data/simulations/mdof/sim_000824.npz,RSN0005_PGA_0p500g,RSN0005,0.5,10.124186690996488,5S_T085,5,0.8499999999999999,0.29119701682939186,bilinear,0.007,0.009849798250593775,0.07456078432878956,0.0008884057386046082,9.496997372296978
825,data/simulations/mdof/sim_000825.npz,RSN0005_PGA_0p500g,RSN0005,0.5,10.124186690996488,5S_T120,5,1.2000000000000008,0.41110167081796517,elastic,0.004,0.015077502678748602,0.06586575910569656,0.0012510204419445997,12.941143894394134
826,data/simulations/mdof/sim_000826.npz,RSN0005_PGA_0p500g,RSN0005,0.5,10.124186690996488,5S_T120,5,1.2000000000000008,0.41110167081796517,bilinear,0.004,0.015077502678748602,0.06586575910569654,0.0012510204419445962,12.941143894394111
827,data/simulations/mdof/sim_000827.npz,RSN0005_PGA_0p500g,RSN0005,0.5,10.124186690996488,5S_T120,5,1.2000000000000008,0.41110167081796517,bilinear,0.007,0.015077502678748602,0.06586575910569654,0.0012510204419445962,12.941143894394111
828,data/simulations/mdof/sim_000828.npz,RSN0005_PGA_0p600g,RSN0005,0.6,12.149024029195786,3S_T035,3,0.34999999999999987,0.1249135537622733,elastic,0.004,0.002803572134734472,0.08585718542386186,0.0004374678640575429,2.591689907625956
829,data/simulations/mdof/sim_000829.npz,RSN0005_PGA_0p600g,RSN0005,0.6,12.149024029195786,3S_T035,3,0.34999999999999987,0.1249135537622733,bilinear,0.004,0.002803572134734471,0.08585718542386184,0.0004374678640575431,2.591689907625957
830,data/simulations/mdof/sim_000830.npz,RSN0005_PGA_0p600g,RSN0005,0.6,12.149024029195786,3S_T035,3,0.34999999999999987,0.1249135537622733,bilinear,0.007,0.002803572134734471,0.08585718542386184,0.0004374678640575431,2.591689907625957
831,data/simulations/mdof/sim_000831.npz,RSN0005_PGA_0p600g,RSN0005,0.6,12.149024029195786,3S_T060,3,0.6,0.21413752073532566,elastic,0.004,0.010266207038467224,0.10828906072667413,0.0014382277903021191,13.276290276868231
832,data/simulations/mdof/sim_000832.npz,RSN0005_PGA_0p600g,RSN0005,0.6,12.149024029195786,3S_T060,3,0.6,0.21413752073532566,bilinear,0.004,0.010266207038467229,0.10828906072667409,0.0014382277903021215,13.276290276868261
833,data/simulations/mdof/sim_000833.npz,RSN0005_PGA_0p600g,RSN0005,0.6,12.149024029195786,3S_T060,3,0.6,0.21413752073532566,bilinear,0.007,0.010266207038467229,0.10828906072667409,0.0014382277903021215,13.276290276868261
834,data/simulations/mdof/sim_000834.npz,RSN0005_PGA_0p600g,RSN0005,0.6,12.149024029195786,3S_T090,3,0.9,0.32120628110298843,elastic,0.004,0.014908518711872494,0.10850690165675134,0.0019606923279497372,15.903866236388675
835,data/simulations/mdof/sim_000835.npz,RSN0005_PGA_0p600g,RSN0005,0.6,12.149024029195786,3S_T090,3,0.9,0.32120628110298843,bilinear,0.004,0.014908518711872494,0.10850690165675142,0.0019606923279497394,15.903866236388684
836,data/simulations/mdof/sim_000836.npz,RSN0005_PGA_0p600g,RSN0005,0.6,12.149024029195786,3S_T090,3,0.9,0.32120628110298843,bilinear,0.007,0.014908518711872494,0.10850690165675142,0.0019606923279497394,15.903866236388684
837,data/simulations/mdof/sim_000837.npz,RSN0005_PGA_0p600g,RSN0005,0.6,12.149024029195786,5S_T055,5,0.5499999999999999,0.18842159912490059,elastic,0.004,0.009854878044079524,0.14072159085374078,0.0009287656140692895,18.020416486978966
838,data/simulations/mdof/sim_000838.npz,RSN0005_PGA_0p600g,RSN0005,0.6,12.149024029195786,5S_T055,5,0.5499999999999999,0.18842159912490059,bilinear,0.004,0.009854878044079534,0.14072159085374047,0.0009287656140692896,18.020416486979016
839,data/simulations/mdof/sim_000839.npz,RSN0005_PGA_0p600g,RSN0005,0.6,12.149024029195786,5S_T055,5,0.5499999999999999,0.18842159912490059,bilinear,0.007,0.009854878044079534,0.14072159085374047,0.0009287656140692896,18.020416486979016
840,data/simulations/mdof/sim_000840.npz,RSN0005_PGA_0p600g,RSN0005,0.6,12.149024029195786,5S_T085,5,0.8499999999999999,0.29119701682939186,elastic,0.004,0.01181975790071253,0.08947294119454731,0.0010660868863255311,13.675676216107691
841,data/simulations/mdof/sim_000841.npz,RSN0005_PGA_0p600g,RSN0005,0.6,12.149024029195786,5S_T085,5,0.8499999999999999,0.29119701682939186,bilinear,0.004,0.011819757900712543,0.08947294119454756,0.0010660868863255311,13.675676216107695
842,data/simulations/mdof/sim_000842.npz,RSN0005_PGA_0p600g,RSN0005,0.6,12.149024029195786,5S_T085,5,0.8499999999999999,0.29119701682939186,bilinear,0.007,0.011819757900712543,0.08947294119454756,0.0010660868863255311,13.675676216107695
843,data/simulations/mdof/sim_000843.npz,RSN0005_PGA_0p600g,RSN0005,0.6,12.149024029195786,5S_T120,5,1.2000000000000008,0.41110167081796517,elastic,0.004,0.018093003214498384,0.07903891092683572,0.0015012245303335245,18.635247207927694
844,data/simulations/mdof/sim_000844.npz,RSN0005_PGA_0p600g,RSN0005,0.6,12.149024029195786,5S_T120,5,1.2000000000000008,0.41110167081796517,bilinear,0.004,0.018093003214498388,0.07903891092683597,0.0015012245303335264,18.635247207927716
845,data/simulations/mdof/sim_000845.npz,RSN0005_PGA_0p600g,RSN0005,0.6,12.149024029195786,5S_T120,5,1.2000000000000008,0.41110167081796517,bilinear,0.007,0.018093003214498388,0.07903891092683597,0.0015012245303335264,18.635247207927716
846,data/simulations/mdof/sim_000846.npz,RSN0005_PGA_0p800g,RSN0005,0.8,16.19869870559438,3S_T035,3,0.34999999999999987,0.1249135537622733,elastic,0.004,0.003738096179645965,0.11447624723181588,0.0005832904854100571,4.607448724668366
847,data/simulations/mdof/sim_000847.npz,RSN0005_PGA_0p800g,RSN0005,0.8,16.19869870559438,3S_T035,3,0.34999999999999987,0.1249135537622733,bilinear,0.004,0.003738096179645963,0.11447624723181547,0.0005832904854100583,4.607448724668371
848,data/simulations/mdof/sim_000848.npz,RSN0005_PGA_0p800g,RSN0005,0.8,16.19869870559438,3S_T035,3,0.34999999999999987,0.1249135537622733,bilinear,0.007,0.003738096179645963,0.11447624723181547,0.0005832904854100583,4.607448724668371
849,data/simulations/mdof/sim_000849.npz,RSN0005_PGA_0p800g,RSN0005,0.8,16.19869870559438,3S_T060,3,0.6,0.21413752073532566,elastic,0.004,0.013688276051289633,0.14438541430223178,0.0019176370537361607,23.602293825543537
850,data/simulations/mdof/sim_000850.npz,RSN0005_PGA_0p800g,RSN0005,0.8,16.19869870559438,3S_T060,3,0.6,0.21413752073532566,bilinear,0.004,0.013688276051289633,0.14438541430223192,0.0019176370537361583,23.60229382554355
851,data/simulations/mdof/sim_000851.npz,RSN0005_PGA_0p800g,RSN0005,0.8,16.19869870559438,3S_T060,3,0.6,0.21413752073532566,bilinear,0.007,0.013688276051289633,0.14438541430223192,0.0019176370537361583,23.60229382554355
852,data/simulations/mdof/sim_000852.npz,RSN0005_PGA_0p800g,RSN0005,0.8,16.19869870559438,3S_T090,3,0.9,0.32120628110298843,elastic,0.004,0.019878024949163357,0.1446758688756686,0.0026142564372663235,28.27353997580214
853,data/simulations/mdof/sim_000853.npz,RSN0005_PGA_0p800g,RSN0005,0.8,16.19869870559438,3S_T090,3,0.9,0.32120628110298843,bilinear,0.004,0.019878024949163388,0.1446758688756689,0.0026142564372663296,28.273539975802283
854,data/simulations/mdof/sim_000854.npz,RSN0005_PGA_0p800g,RSN0005,0.8,16.19869870559438,3S_T090,3,0.9,0.32120628110298843,bilinear,0.007,0.019878024949163388,0.1446758688756689,0.0026142564372663296,28.273539975802283
855,data/simulations/mdof/sim_000855.npz,RSN0005_PGA_0p800g,RSN0005,0.8,16.19869870559438,5S_T055,5,0.5499999999999999,0.18842159912490059,elastic,0.004,0.013139837392106049,0.18762878780498737,0.001238354152092389,32.03629597685161
856,data/simulations/mdof/sim_000856.npz,RSN0005_PGA_0p800g,RSN0005,0.8,16.19869870559438,5S_T055,5,0.5499999999999999,0.18842159912490059,bilinear,0.004,0.01313983739210601,0.18762878780498674,0.0012383541520923841,32.03629597685147
857,data/simulations/mdof/sim_000857.npz,RSN0005_PGA_0p800g,RSN0005,0.8,16.19869870559438,5S_T055,5,0.5499999999999999,0.18842159912490059,bilinear,0.007,0.01313983739210601,0.18762878780498674,0.0012383541520923841,32.03629597685147
858,data/simulations/mdof/sim_000858.npz,RSN0005_PGA_0p800g,RSN0005,0.8,16.19869870559438,5S_T085,5,0.8499999999999999,0.29119701682939186,elastic,0.004,0.01575967720095005,0.1192972549260638,0.0014214491817673754,24.312313273080346
859,data/simulations/mdof/sim_000859.npz,RSN0005_PGA_0p800g,RSN0005,0.8,16.19869870559438,5S_T085,5,0.8499999999999999,0.29119701682939186,bilinear,0.004,0.015759677200950045,0.11929725492606326,0.0014214491817673709,24.312313273080267
860,data/simulations/mdof/sim_000860.npz,RSN0005_PGA_0p800g,RSN0005,0.8,16.19869870559438,5S_T085,5,0.8499999999999999,0.29119701682939186,bilinear,0.007,0.015759677200950045,0.11929725492606326,0.0014214491817673709,24.312313273080267
861,data/simulations/mdof/sim_000861.npz,RSN0005_PGA_0p800g,RSN0005,0.8,16.19869870559438,5S_T120,5,1.2000000000000008,0.41110167081796517,elastic,0.004,0.02412400428599781,0.10538521456911468,0.0020016327071113588,33.12932836964911
862,data/simulations/mdof/sim_000862.npz,RSN0005_PGA_0p800g,RSN0005,0.8,16.19869870559438,5S_T120,5,1.2000000000000008,0.41110167081796517,bilinear,0.004,0.024124004285997782,0.10538521456911464,0.002001632707111357,33.12932836964895
863,data/simulations/mdof/sim_000863.npz,RSN0005_PGA_0p800g,RSN0005,0.8,16.19869870559438,5S_T120,5,1.2000000000000008,0.41110167081796517,bilinear,0.007,0.024124004285997782,0.10538521456911464,0.002001632707111357,33.12932836964895
864,data/simulations/mdof/sim_000864.npz,RSN0005_PGA_1p000g,RSN0005,1.0,20.248373381992977,3S_T035,3,0.34999999999999987,0.1249135537622733,elastic,0.004,0.004672620224557453,0.1430953090397691,0.0007291131067625711,7.199138632294315
865,data/simulations/mdof/sim_000865.npz,RSN0005_PGA_1p000g,RSN0005,1.0,20.248373381992977,3S_T035,3,0.34999999999999987,0.1249135537622733,bilinear,0.004,0.004672620224557451,0.1430953090397693,0.0007291131067625711,7.19913863229432
866,data/simulations/mdof/sim_000866.npz,RSN0005_PGA_1p000g,RSN0005,1.0,20.248373381992977,3S_T035,3,0.34999999999999987,0.1249135537622733,bilinear,0.007,0.004672620224557451,0.1430953090397693,0.0007291131067625711,7.19913863229432
867,data/simulations/mdof/sim_000867.npz,RSN0005_PGA_1p000g,RSN0005,1.0,20.248373381992977,3S_T060,3,0.6,0.21413752073532566,elastic,0.004,0.01711034506411208,0.1804817678777905,0.002397046317170206,36.87858410241189
868,data/simulations/mdof/sim_000868.npz,RSN0005_PGA_1p000g,RSN0005,1.0,20.248373381992977,3S_T060,3,0.6,0.21413752073532566,bilinear,0.004,0.0171103450641121,0.180481767877791,0.0023970463171702067,36.87858410241202
869,data/simulations/mdof/sim_000869.npz,RSN0005_PGA_1p000g,RSN0005,1.0,20.248373381992977,3S_T060,3,0.6,0.21413752073532566,bilinear,0.007,0.0171103450641121,0.180481767877791,0.0023970463171702067,36.87858410241202
870,data/simulations/mdof/sim_000870.npz,RSN0005_PGA_1p000g,RSN0005,1.0,20.248373381992977,3S_T090,3,0.9,0.32120628110298843,elastic,0.004,0.024847531186454098,0.1808448360945861,0.0032678205465828908,44.177406212190576
871,data/simulations/mdof/sim_000871.npz,RSN0005_PGA_1p000g,RSN0005,1.0,20.248373381992977,3S_T090,3,0.9,0.32120628110298843,bilinear,0.004,0.02484753118645414,0.1808448360945867,0.0032678205465828994,44.177406212190775
872,data/simulations/mdof/sim_000872.npz,RSN0005_PGA_1p000g,RSN0005,1.0,20.248373381992977,3S_T090,3,0.9,0.32120628110298843,bilinear,0.007,0.02484753118645414,0.1808448360945867,0.0032678205465828994,44.177406212190775
873,data/simulations/mdof/sim_000873.npz,RSN0005_PGA_1p000g,RSN0005,1.0,20.248373381992977,5S_T055,5,0.5499999999999999,0.18842159912490059,elastic,0.004,0.016424796740132527,0.2345359847562348,0.001547942690115483,50.056712463830415
874,data/simulations/mdof/sim_000874.npz,RSN0005_PGA_1p000g,RSN0005,1.0,20.248373381992977,5S_T055,5,0.5499999999999999,0.18842159912490059,bilinear,0.004,0.016424796740132554,0.2345359847562349,0.0015479426901154837,50.05671246383058
875,data/simulations/mdof/sim_000875.npz,RSN0005_PGA_1p000g,RSN0005,1.0,20.248373381992977,5S_T055,5,0.5499999999999999,0.18842159912490059,bilinear,0.007,0.016424796740132554,0.2345359847562349,0.0015479426901154837,50.05671246383058
876,data/simulations/mdof/sim_000876.npz,RSN0005_PGA_1p000g,RSN0005,1.0,20.248373381992977,5S_T085,5,0.8499999999999999,0.29119701682939186,elastic,0.004,0.019699596501187567,0.14912156865757967,0.0017768114772092106,37.98798948918787
877,data/simulations/mdof/sim_000877.npz,RSN0005_PGA_1p000g,RSN0005,1.0,20.248373381992977,5S_T085,5,0.8499999999999999,0.29119701682939186,bilinear,0.004,0.01969959650118755,0.1491215686575791,0.0017768114772092165,37.98798948918791
878,data/simulations/mdof/sim_000878.npz,RSN0005_PGA_1p000g,RSN0005,1.0,20.248373381992977,5S_T085,5,0.8499999999999999,0.29119701682939186,bilinear,0.007,0.01969959650118755,0.1491215686575791,0.0017768114772092165,37.98798948918791
879,data/simulations/mdof/sim_000879.npz,RSN0005_PGA_1p000g,RSN0005,1.0,20.248373381992977,5S_T120,5,1.2000000000000008,0.41110167081796517,elastic,0.004,0.030155005357497204,0.13173151821139312,0.0025020408838891993,51.76457557757654
880,data/simulations/mdof/sim_000880.npz,RSN0005_PGA_1p000g,RSN0005,1.0,20.248373381992977,5S_T120,5,1.2000000000000008,0.41110167081796517,bilinear,0.004,0.030155005357497204,0.1317315182113931,0.0025020408838891924,51.764575577576444
881,data/simulations/mdof/sim_000881.npz,RSN0005_PGA_1p000g,RSN0005,1.0,20.248373381992977,5S_T120,5,1.2000000000000008,0.41110167081796517,bilinear,0.007,0.030155005357497204,0.1317315182113931,0.0025020408838891924,51.764575577576444
882,data/simulations/mdof/sim_000882.npz,RSN0005_PGA_1p200g,RSN0005,1.2,24.298048058391572,3S_T035,3,0.34999999999999987,0.1249135537622733,elastic,0.004,0.005607144269468944,0.17171437084772373,0.0008749357281150858,10.366759630503823
883,data/simulations/mdof/sim_000883.npz,RSN0005_PGA_1p200g,RSN0005,1.2,24.298048058391572,3S_T035,3,0.34999999999999987,0.1249135537622733,bilinear,0.004,0.005607144269468942,0.17171437084772367,0.0008749357281150862,10.366759630503829
884,data/simulations/mdof/sim_000884.npz,RSN0005_PGA_1p200g,RSN0005,1.2,24.298048058391572,3S_T035,3,0.34999999999999987,0.1249135537622733,bilinear,0.007,0.005607144269468942,0.17171437084772367,0.0008749357281150862,10.366759630503829
885,data/simulations/mdof/sim_000885.npz,RSN0005_PGA_1p200g,RSN0005,1.2,24.298048058391572,3S_T060,3,0.6,0.21413752073532566,elastic,0.004,0.020532414076934447,0.21657812145334826,0.0028764555806042383,53.105161107472924
886,data/simulations/mdof/sim_000886.npz,RSN0005_PGA_1p200g,RSN0005,1.2,24.298048058391572,3S_T060,3,0.6,0.21413752073532566,bilinear,0.004,0.020532414076934458,0.21657812145334818,0.002876455580604243,53.105161107473045
887,data/simulations/mdof/sim_000887.npz,RSN0005_PGA_1p200g,RSN0005,1.2,24.298048058391572,3S_T060,3,0.6,0.21413752073532566,bilinear,0.007,0.020532414076934458,0.21657812145334818,0.002876455580604243,53.105161107473045
888,data/simulations/mdof/sim_000888.npz,RSN0005_PGA_1p200g,RSN0005,1.2,24.298048058391572,3S_T090,3,0.9,0.32120628110298843,elastic,0.004,0.029817037423744988,0.21701380331350267,0.0039213846558994745,63.6154649455547
889,data/simulations/mdof/sim_000889.npz,RSN0005_PGA_1p200g,RSN0005,1.2,24.298048058391572,3S_T090,3,0.9,0.32120628110298843,bilinear,0.004,0.029817037423744988,0.21701380331350284,0.003921384655899479,63.615464945554734
890,data/simulations/mdof/sim_000890.npz,RSN0005_PGA_1p200g,RSN0005,1.2,24.298048058391572,3S_T090,3,0.9,0.32120628110298843,bilinear,0.007,0.029817037423744988,0.21701380331350284,0.003921384655899479,63.615464945554734
891,data/simulations/mdof/sim_000891.npz,RSN0005_PGA_1p200g,RSN0005,1.2,24.298048058391572,5S_T055,5,0.5499999999999999,0.18842159912490059,elastic,0.004,0.019709756088159048,0.28144318170748156,0.001857531228138579,72.08166594791587
892,data/simulations/mdof/sim_000892.npz,RSN0005_PGA_1p200g,RSN0005,1.2,24.298048058391572,5S_T055,5,0.5499999999999999,0.18842159912490059,bilinear,0.004,0.01970975608815907,0.28144318170748095,0.0018575312281385791,72.08166594791606
893,data/simulations/mdof/sim_000893.npz,RSN0005_PGA_1p200g,RSN0005,1.2,24.298048058391572,5S_T055,5,0.5499999999999999,0.18842159912490059,bilinear,0.007,0.01970975608815907,0.28144318170748095,0.0018575312281385791,72.08166594791606
894,data/simulations/mdof/sim_000894.npz,RSN0005_PGA_1p200g,RSN0005,1.2,24.298048058391572,5S_T085,5,0.8499999999999999,0.29119701682939186,elastic,0.004,0.02363951580142506,0.17894588238909462,0.0021321737726510623,54.702704864430764
895,data/simulations/mdof/sim_000895.npz,RSN0005_PGA_1p200g,RSN0005,1.2,24.298048058391572,5S_T085,5,0.8499999999999999,0.29119701682939186,bilinear,0.004,0.023639515801425086,0.17894588238909512,0.0021321737726510623,54.70270486443078
896,data/simulations/mdof/sim_000896.npz,RSN0005_PGA_1p200g,RSN0005,1.2,24.298048058391572,5S_T085,5,0.8499999999999999,0.29119701682939186,bilinear,0.007,0.023639515801425086,0.17894588238909512,0.0021321737726510623,54.70270486443078
897,data/simulations/mdof/sim_000897.npz,RSN0005_PGA_1p200g,RSN0005,1.2,24.298048058391572,5S_T120,5,1.2000000000000008,0.41110167081796517,elastic,0.004,0.03618600642899677,0.15807782185367145,0.003002449060667049,74.54098883171078
898,data/simulations/mdof/sim_000898.npz,RSN0005_PGA_1p200g,RSN0005,1.2,24.298048058391572,5S_T120,5,1.2000000000000008,0.41110167081796517,bilinear,0.004,0.036186006428996775,0.15807782185367195,0.003002449060667053,74.54098883171086
899,data/simulations/mdof/sim_000899.npz,RSN0005_PGA_1p200g,RSN0005,1.2,24.298048058391572,5S_T120,5,1.2000000000000008,0.41110167081796517,bilinear,0.007,0.036186006428996775,0.15807782185367195,0.003002449060667053,74.54098883171086
900,data/simulations/mdof/sim_000900.npz,RSN0006_PGA_0p050g,RSN0006,0.05,0.4147081978967875,3S_T035,3,0.34999999999999987,0.1249135537622733,elastic,0.004,0.0005063590131418931,0.013810080049864436,7.726800298517518e-05,0.08111411097572148
901,data/simulations/mdof/sim_000901.npz,RSN0006_PGA_0p050g,RSN0006,0.05,0.4147081978967875,3S_T035,3,0.34999999999999987,0.1249135537622733,bilinear,0.004,0.0005063590131418924,0.013810080049864431,7.726800298517503e-05,0.08111411097572126
902,data/simulations/mdof/sim_000902.npz,RSN0006_PGA_0p050g,RSN0006,0.05,0.4147081978967875,3S_T035,3,0.34999999999999987,0.1249135537622733,bilinear,0.007,0.0005063590131418924,0.013810080049864431,7.726800298517503e-05,0.08111411097572126
903,data/simulations/mdof/sim_000903.npz,RSN0006_PGA_0p050g,RSN0006,0.05,0.4147081978967875,3S_T060,3,0.6,0.21413752073532566,elastic,0.004,0.0010092755158537616,0.01373380268038486,0.00013750017073561614,0.1292827173139273
904,data/simulations/mdof/sim_000904.npz,RSN0006_PGA_0p050g,RSN0006,0.05,0.4147081978967875,3S_T060,3,0.6,0.21413752073532566,bilinear,0.004,0.0010092755158537605,0.013733802680384847,0.00013750017073561573,0.1292827173139265
905,data/simulations/mdof/sim_000905.npz,RSN0006_PGA_0p050g,RSN0006,0.05,0.4147081978967875,3S_T060,3,0.6,0.21413752073532566,bilinear,0.007,0.0010092755158537605,0.013733802680384847,0.00013750017073561573,0.1292827173139265
906,data/simulations/mdof/sim_000906.npz,RSN0006_PGA_0p050g,RSN0006,0.05,0.4147081978967875,3S_T090,3,0.9,0.32120628110298843,elastic,0.004,0.0021977929219184856,0.012861729164956048,0.0002725150371891434,0.32877836753892137
907,data/simulations/mdof/sim_000907.npz,RSN0006_PGA_0p050g,RSN0006,0.05,0.4147081978967875,3S_T090,3,0.9,0.32120628110298843,bilinear,0.004,0.0021977929219184843,0.012861729164956011,0.0002725150371891434,0.32877836753892126
908,data/simulations/mdof/sim_000908.npz,RSN0006_PGA_0p050g,RSN0006,0.05,0.4147081978967875,3S_T090,3,0.9,0.32120628110298843,bilinear,0.007,0.0021977929219184843,0.012861729164956011,0.0002725150371891434,0.32877836753892126
909,data/simulations/mdof/sim_000909.npz,RSN0006_PGA_0p050g,RSN0006,0.05,0.4147081978967875,5S_T055,5,0.5499999999999999,0.18842159912490059,elastic,0.004,0.00094942779303751,0.015186505820222945,9.317100859577635e-05,0.17651592949096132
910,data/simulations/mdof/sim_000910.npz,RSN0006_PGA_0p050g,RSN0006,0.05,0.4147081978967875,5S_T055,5,0.5499999999999999,0.18842159912490059,bilinear,0.004,0.0009494277930375133,0.015186505820223016,9.31710085957766e-05,0.17651592949096265
911,data/simulations/mdof/sim_000911.npz,RSN0006_PGA_0p050g,RSN0006,0.05,0.4147081978967875,5S_T055,5,0.5499999999999999,0.18842159912490059,bilinear,0.007,0.0009494277930375133,0.015186505820223016,9.31710085957766e-05,0.17651592949096265
912,data/simulations/mdof/sim_000912.npz,RSN0006_PGA_0p050g,RSN0006,0.05,0.4147081978967875,5S_T085,5,0.8499999999999999,0.29119701682939186,elastic,0.004,0.001671612808452091,0.010981159782515387,0.00014388317489768502,0.2649088724897672
913,data/simulations/mdof/sim_000913.npz,RSN0006_PGA_0p050g,RSN0006,0.05,0.4147081978967875,5S_T085,5,0.8499999999999999,0.29119701682939186,bilinear,0.004,0.001671612808452092,0.010981159782515452,0.00014388317489768515,0.2649088724897678
914,data/simulations/mdof/sim_000914.npz,RSN0006_PGA_0p050g,RSN0006,0.05,0.4147081978967875,5S_T085,5,0.8499999999999999,0.29119701682939186,bilinear,0.007,0.001671612808452092,0.010981159782515452,0.00014388317489768515,0.2649088724897678
915,data/simulations/mdof/sim_000915.npz,RSN0006_PGA_0p050g,RSN0006,0.05,0.4147081978967875,5S_T120,5,1.2000000000000008,0.41110167081796517,elastic,0.004,0.0033610609151789,0.011912293783474795,0.0002827350955360528,0.6342077789482589
916,data/simulations/mdof/sim_000916.npz,RSN0006_PGA_0p050g,RSN0006,0.05,0.4147081978967875,5S_T120,5,1.2000000000000008,0.41110167081796517,bilinear,0.004,0.0033610609151789013,0.011912293783474762,0.0002827350955360526,0.6342077789482594
917,data/simulations/mdof/sim_000917.npz,RSN0006_PGA_0p050g,RSN0006,0.05,0.4147081978967875,5S_T120,5,1.2000000000000008,0.41110167081796517,bilinear,0.007,0.0033610609151789013,0.011912293783474762,0.0002827350955360526,0.6342077789482594
918,data/simulations/mdof/sim_000918.npz,RSN0006_PGA_0p100g,RSN0006,0.1,0.829416395793575,3S_T035,3,0.34999999999999987,0.1249135537622733,elastic,0.004,0.0010127180262837863,0.027620160099728872,0.00015453600597035037,0.3244564439028859
919,data/simulations/mdof/sim_000919.npz,RSN0006_PGA_0p100g,RSN0006,0.1,0.829416395793575,3S_T035,3,0.34999999999999987,0.1249135537622733,bilinear,0.004,0.0010127180262837847,0.027620160099728862,0.00015453600597035007,0.32445644390288503
920,data/simulations/mdof/sim_000920.npz,RSN0006_PGA_0p100g,RSN0006,0.1,0.829416395793575,3S_T035,3,0.34999999999999987,0.1249135537622733,bilinear,0.007,0.0010127180262837847,0.027620160099728862,0.00015453600597035007,0.32445644390288503
921,data/simulations/mdof/sim_000921.npz,RSN0006_PGA_0p100g,RSN0006,0.1,0.829416395793575,3S_T060,3,0.6,0.21413752073532566,elastic,0.004,0.0020185510317075233,0.02746760536076972,0.0002750003414712323,0.5171308692557092
922,data/simulations/mdof/sim_000922.npz,RSN0006_PGA_0p100g,RSN0006,0.1,0.829416395793575,3S_T060,3,0.6,0.21413752073532566,bilinear,0.004,0.002018551031707521,0.027467605360769694,0.00027500034147123146,0.517130869255706
923,data/simulations/mdof/sim_000923.npz,RSN0006_PGA_0p100g,RSN0006,0.1,0.829416395793575,3S_T060,3,0.6,0.21413752073532566,bilinear,0.007,0.002018551031707521,0.027467605360769694,0.00027500034147123146,0.517130869255706
924,data/simulations/mdof/sim_000924.npz,RSN0006_PGA_0p100g,RSN0006,0.1,0.829416395793575,3S_T090,3,0.9,0.32120628110298843,elastic,0.004,0.004395585843836971,0.025723458329912095,0.0005450300743782868,1.3151134701556855
925,data/simulations/mdof/sim_000925.npz,RSN0006_PGA_0p100g,RSN0006,0.1,0.829416395793575,3S_T090,3,0.9,0.32120628110298843,bilinear,0.004,0.004395585843836969,0.025723458329912022,0.0005450300743782868,1.315113470155685
926,data/simulations/mdof/sim_000926.npz,RSN0006_PGA_0p100g,RSN0006,0.1,0.829416395793575,3S_T090,3,0.9,0.32120628110298843,bilinear,0.007,0.004395585843836969,0.025723458329912022,0.0005450300743782868,1.315113470155685
927,data/simulations/mdof/sim_000927.npz,RSN0006_PGA_0p100g,RSN0006,0.1,0.829416395793575,5S_T055,5,0.5499999999999999,0.18842159912490059,elastic,0.004,0.00189885558607502,0.03037301164044589,0.0001863420171915527,0.7060637179638453
928,data/simulations/mdof/sim_000928.npz,RSN0006_PGA_0p100g,RSN0006,0.1,0.829416395793575,5S_T055,5,0.5499999999999999,0.18842159912490059,bilinear,0.004,0.0018988555860750267,0.03037301164044603,0.0001863420171915532,0.7060637179638506
929,data/simulations/mdof/sim_000929.npz,RSN0006_PGA_0p100g,RSN0006,0.1,0.829416395793575,5S_T055,5,0.5499999999999999,0.18842159912490059,bilinear,0.007,0.0018988555860750267,0.03037301164044603,0.0001863420171915532,0.7060637179638506
930,data/simulations/mdof/sim_000930.npz,RSN0006_PGA_0p100g,RSN0006,0.1,0.829416395793575,5S_T085,5,0.8499999999999999,0.29119701682939186,elastic,0.004,0.003343225616904182,0.021962319565030773,0.00028776634979537003,1.0596354899590688
931,data/simulations/mdof/sim_000931.npz,RSN0006_PGA_0p100g,RSN0006,0.1,0.829416395793575,5S_T085,5,0.8499999999999999,0.29119701682939186,bilinear,0.004,0.0033432256169041853,0.021962319565030784,0.00028776634979537063,1.059635489959073
932,data/simulations/mdof/sim_000932.npz,RSN0006_PGA_0p100g,RSN0006,0.1,0.829416395793575,5S_T085,5,0.8499999999999999,0.29119701682939186,bilinear,0.007,0.0033432256169041853,0.021962319565030784,0.00028776634979537063,1.059635489959073
933,data/simulations/mdof/sim_000933.npz,RSN0006_PGA_0p100g,RSN0006,0.1,0.829416395793575,5S_T120,5,1.2000000000000008,0.41110167081796517,elastic,0.004,0.0067221218303578,0.02382458756694959,0.0005654701910721056,2.5368311157930354
934,data/simulations/mdof/sim_000934.npz,RSN0006_PGA_0p100g,RSN0006,0.1,0.829416395793575,5S_T120,5,1.2000000000000008,0.41110167081796517,bilinear,0.004,0.006722121830357803,0.023824587566949523,0.0005654701910721052,2.5368311157930377
935,data/simulations/mdof/sim_000935.npz,RSN0006_PGA_0p100g,RSN0006,0.1,0.829416395793575,5S_T120,5,1.2000000000000008,0.41110167081796517,bilinear,0.007,0.006722121830357803,0.023824587566949523,0.0005654701910721052,2.5368311157930377
936,data/simulations/mdof/sim_000936.npz,RSN0006_PGA_0p200g,RSN0006,0.2,1.65883279158715,3S_T035,3,0.34999999999999987,0.1249135537622733,elastic,0.004,0.0020254360525675725,0.055240320199457744,0.00030907201194070073,1.2978257756115437
937,data/simulations/mdof/sim_000937.npz,RSN0006_PGA_0p200g,RSN0006,0.2,1.65883279158715,3S_T035,3,0.34999999999999987,0.1249135537622733,bilinear,0.004,0.0020254360525675695,0.055240320199457724,0.00030907201194070014,1.2978257756115401
938,data/simulations/mdof/sim_000938.npz,RSN0006_PGA_0p200g,RSN0006,0.2,1.65883279158715,3S_T035,3,0.34999999999999987,0.1249135537622733,bilinear,0.007,0.0020254360525675695,0.055240320199457724,0.00030907201194070014,1.2978257756115401
939,data/simulations/mdof/sim_000939.npz,RSN0006_PGA_0p200g,RSN0006,0.2,1.65883279158715,3S_T060,3,0.6,0.21413752073532566,elastic,0.004,0.0040371020634150465,0.05493521072153944,0.0005500006829424645,2.0685234770228367
940,data/simulations/mdof/sim_000940.npz,RSN0006_PGA_0p200g,RSN0006,0.2,1.65883279158715,3S_T060,3,0.6,0.21413752073532566,bilinear,0.004,0.004037102063415042,0.05493521072153939,0.0005500006829424629,2.068523477022824
941,data/simulations/mdof/sim_000941.npz,RSN0006_PGA_0p200g,RSN0006,0.2,1.65883279158715,3S_T060,3,0.6,0.21413752073532566,bilinear,0.007,0.004037102063415042,0.05493521072153939,0.0005500006829424629,2.068523477022824
942,data/simulations/mdof/sim_000942.npz,RSN0006_PGA_0p200g,RSN0006,0.2,1.65883279158715,3S_T090,3,0.9,0.32120628110298843,elastic,0.004,0.008791171687673942,0.05144691665982419,0.0010900601487565736,5.260453880622742
943,data/simulations/mdof/sim_000943.npz,RSN0006_PGA_0p200g,RSN0006,0.2,1.65883279158715,3S_T090,3,0.9,0.32120628110298843,bilinear,0.004,0.008791171687673937,0.051446916659824045,0.0010900601487565736,5.26045388062274
944,data/simulations/mdof/sim_000944.npz,RSN0006_PGA_0p200g,RSN0006,0.2,1.65883279158715,3S_T090,3,0.9,0.32120628110298843,bilinear,0.007,0.008791171687673937,0.051446916659824045,0.0010900601487565736,5.26045388062274
945,data/simulations/mdof/sim_000945.npz,RSN0006_PGA_0p200g,RSN0006,0.2,1.65883279158715,5S_T055,5,0.5499999999999999,0.18842159912490059,elastic,0.004,0.00379771117215004,0.06074602328089178,0.0003726840343831054,2.824254871855381
946,data/simulations/mdof/sim_000946.npz,RSN0006_PGA_0p200g,RSN0006,0.2,1.65883279158715,5S_T055,5,0.5499999999999999,0.18842159912490059,bilinear,0.004,0.0037977111721500534,0.06074602328089206,0.0003726840343831064,2.8242548718554024
947,data/simulations/mdof/sim_000947.npz,RSN0006_PGA_0p200g,RSN0006,0.2,1.65883279158715,5S_T055,5,0.5499999999999999,0.18842159912490059,bilinear,0.007,0.0037977111721500534,0.06074602328089206,0.0003726840343831064,2.8242548718554024
948,data/simulations/mdof/sim_000948.npz,RSN0006_PGA_0p200g,RSN0006,0.2,1.65883279158715,5S_T085,5,0.8499999999999999,0.29119701682939186,elastic,0.004,0.006686451233808364,0.043924639130061546,0.0005755326995907401,4.238541959836275
949,data/simulations/mdof/sim_000949.npz,RSN0006_PGA_0p200g,RSN0006,0.2,1.65883279158715,5S_T085,5,0.8499999999999999,0.29119701682939186,bilinear,0.004,0.006686451233808371,0.04392463913006157,0.0005755326995907413,4.238541959836292
950,data/simulations/mdof/sim_000950.npz,RSN0006_PGA_0p200g,RSN0006,0.2,1.65883279158715,5S_T085,5,0.8499999999999999,0.29119701682939186,bilinear,0.007,0.006686451233808371,0.04392463913006157,0.0005755326995907413,4.238541959836292
951,data/simulations/mdof/sim_000951.npz,RSN0006_PGA_0p200g,RSN0006,0.2,1.65883279158715,5S_T120,5,1.2000000000000008,0.41110167081796517,elastic,0.004,0.0134442436607156,0.04764917513389918,0.0011309403821442112,10.147324463172142
952,data/simulations/mdof/sim_000952.npz,RSN0006_PGA_0p200g,RSN0006,0.2,1.65883279158715,5S_T120,5,1.2000000000000008,0.41110167081796517,bilinear,0.004,0.013444243660715588,0.04764917513389916,0.0011309403821442088,10.147324463172124
953,data/simulations/mdof/sim_000953.npz,RSN0006_PGA_0p200g,RSN0006,0.2,1.65883279158715,5S_T120,5,1.2000000000000008,0.41110167081796517,bilinear,0.007,0.013444243660715588,0.04764917513389916,0.0011309403821442088,10.147324463172124
954,data/simulations/mdof/sim_000954.npz,RSN0006_PGA_0p300g,RSN0006,0.3,2.4882491873807244,3S_T035,3,0.34999999999999987,0.1249135537622733,elastic,0.004,0.00303815407885136,0.08286048029918662,0.00046360801791105145,2.920107995125976
955,data/simulations/mdof/sim_000955.npz,RSN0006_PGA_0p300g,RSN0006,0.3,2.4882491873807244,3S_T035,3,0.34999999999999987,0.1249135537622733,bilinear,0.004,0.0030381540788513572,0.08286048029918656,0.00046360801791105085,2.9201079951259716
956,data/simulations/mdof/sim_000956.npz,RSN0006_PGA_0p300g,RSN0006,0.3,2.4882491873807244,3S_T035,3,0.34999999999999987,0.1249135537622733,bilinear,0.007,0.0030381540788513572,0.08286048029918656,0.00046360801791105085,2.9201079951259716
957,data/simulations/mdof/sim_000957.npz,RSN0006_PGA_0p300g,RSN0006,0.3,2.4882491873807244,3S_T060,3,0.6,0.21413752073532566,elastic,0.004,0.0060556530951225585,0.08240281608230929,0.0008250010244136946,4.654177823301394
958,data/simulations/mdof/sim_000958.npz,RSN0006_PGA_0p300g,RSN0006,0.3,2.4882491873807244,3S_T060,3,0.6,0.21413752073532566,bilinear,0.004,0.00605565309512255,0.08240281608230898,0.0008250010244136947,4.654177823301374
959,data/simulations/mdof/sim_000959.npz,RSN0006_PGA_0p300g,RSN0006,0.3,2.4882491873807244,3S_T060,3,0.6,0.21413752073532566,bilinear,0.007,0.00605565309512255,0.08240281608230898,0.0008250010244136947,4.654177823301374
960,data/simulations/mdof/sim_000960.npz,RSN0006_PGA_0p300g,RSN0006,0.3,2.4882491873807244,3S_T090,3,0.9,0.32120628110298843,elastic,0.004,0.013186757531510884,0.07717037498973572,0.0016350902231348598,11.836021231401126
961,data/simulations/mdof/sim_000961.npz,RSN0006_PGA_0p300g,RSN0006,0.3,2.4882491873807244,3S_T090,3,0.9,0.32120628110298843,bilinear,0.004,0.01318675753151089,0.07717037498973589,0.001635090223134858,11.836021231401121
962,data/simulations/mdof/sim_000962.npz,RSN0006_PGA_0p300g,RSN0006,0.3,2.4882491873807244,3S_T090,3,0.9,0.32120628110298843,bilinear,0.007,0.01318675753151089,0.07717037498973589,0.001635090223134858,11.836021231401121
963,data/simulations/mdof/sim_000963.npz,RSN0006_PGA_0p300g,RSN0006,0.3,2.4882491873807244,5S_T055,5,0.5499999999999999,0.18842159912490059,elastic,0.004,0.005696566758225072,0.0911190349213379,0.0005590260515746595,6.354573461674635
964,data/simulations/mdof/sim_000964.npz,RSN0006_PGA_0p300g,RSN0006,0.3,2.4882491873807244,5S_T055,5,0.5499999999999999,0.18842159912490059,bilinear,0.004,0.005696566758225082,0.091119034921338,0.0005590260515746599,6.35457346167466
965,data/simulations/mdof/sim_000965.npz,RSN0006_PGA_0p300g,RSN0006,0.3,2.4882491873807244,5S_T055,5,0.5499999999999999,0.18842159912490059,bilinear,0.007,0.005696566758225082,0.091119034921338,0.0005590260515746599,6.35457346167466
966,data/simulations/mdof/sim_000966.npz,RSN0006_PGA_0p300g,RSN0006,0.3,2.4882491873807244,5S_T085,5,0.8499999999999999,0.29119701682939186,elastic,0.004,0.01002967685071257,0.06588695869509258,0.0008632990493861126,9.536719409631669
967,data/simulations/mdof/sim_000967.npz,RSN0006_PGA_0p300g,RSN0006,0.3,2.4882491873807244,5S_T085,5,0.8499999999999999,0.29119701682939186,bilinear,0.004,0.01002967685071256,0.06588695869509267,0.0008632990493861112,9.536719409631647
968,data/simulations/mdof/sim_000968.npz,RSN0006_PGA_0p300g,RSN0006,0.3,2.4882491873807244,5S_T085,5,0.8499999999999999,0.29119701682939186,bilinear,0.007,0.01002967685071256,0.06588695869509267,0.0008632990493861112,9.536719409631647
969,data/simulations/mdof/sim_000969.npz,RSN0006_PGA_0p300g,RSN0006,0.3,2.4882491873807244,5S_T120,5,1.2000000000000008,0.41110167081796517,elastic,0.004,0.02016636549107339,0.07147376270084876,0.001696410573216313,22.831480042137272
970,data/simulations/mdof/sim_000970.npz,RSN0006_PGA_0p300g,RSN0006,0.3,2.4882491873807244,5S_T120,5,1.2000000000000008,0.41110167081796517,bilinear,0.004,0.02016636549107341,0.07147376270084879,0.0016964105732163158,22.83148004213735
971,data/simulations/mdof/sim_000971.npz,RSN0006_PGA_0p300g,RSN0006,0.3,2.4882491873807244,5S_T120,5,1.2000000000000008,0.41110167081796517,bilinear,0.007,0.02016636549107341,0.07147376270084879,0.0016964105732163158,22.83148004213735
972,data/simulations/mdof/sim_000972.npz,RSN0006_PGA_0p400g,RSN0006,0.4,3.3176655831743,3S_T035,3,0.34999999999999987,0.1249135537622733,elastic,0.004,0.004050872105135145,0.11048064039891549,0.0006181440238814015,5.191303102446175
973,data/simulations/mdof/sim_000973.npz,RSN0006_PGA_0p400g,RSN0006,0.4,3.3176655831743,3S_T035,3,0.34999999999999987,0.1249135537622733,bilinear,0.004,0.004050872105135139,0.11048064039891545,0.0006181440238814003,5.1913031024461604
974,data/simulations/mdof/sim_000974.npz,RSN0006_PGA_0p400g,RSN0006,0.4,3.3176655831743,3S_T035,3,0.34999999999999987,0.1249135537622733,bilinear,0.007,0.004050872105135139,0.11048064039891545,0.0006181440238814003,5.1913031024461604
975,data/simulations/mdof/sim_000975.npz,RSN0006_PGA_0p400g,RSN0006,0.4,3.3176655831743,3S_T060,3,0.6,0.21413752073532566,elastic,0.004,0.008074204126830093,0.10987042144307888,0.001100001365884929,8.274093908091347
976,data/simulations/mdof/sim_000976.npz,RSN0006_PGA_0p400g,RSN0006,0.4,3.3176655831743,3S_T060,3,0.6,0.21413752073532566,bilinear,0.004,0.008074204126830084,0.10987042144307878,0.0011000013658849258,8.274093908091295
977,data/simulations/mdof/sim_000977.npz,RSN0006_PGA_0p400g,RSN0006,0.4,3.3176655831743,3S_T060,3,0.6,0.21413752073532566,bilinear,0.007,0.008074204126830084,0.10987042144307878,0.0011000013658849258,8.274093908091295
978,data/simulations/mdof/sim_000978.npz,RSN0006_PGA_0p400g,RSN0006,0.4,3.3176655831743,3S_T090,3,0.9,0.32120628110298843,elastic,0.004,0.017582343375347885,0.10289383331964838,0.002180120297513147,21.041815522490968
979,data/simulations/mdof/sim_000979.npz,RSN0006_PGA_0p400g,RSN0006,0.4,3.3176655831743,3S_T090,3,0.9,0.32120628110298843,bilinear,0.004,0.017582343375347875,0.10289383331964809,0.002180120297513147,21.04181552249096
980,data/simulations/mdof/sim_000980.npz,RSN0006_PGA_0p400g,RSN0006,0.4,3.3176655831743,3S_T090,3,0.9,0.32120628110298843,bilinear,0.007,0.017582343375347875,0.10289383331964809,0.002180120297513147,21.04181552249096
981,data/simulations/mdof/sim_000981.npz,RSN0006_PGA_0p400g,RSN0006,0.4,3.3176655831743,5S_T055,5,0.5499999999999999,0.18842159912490059,elastic,0.004,0.00759542234430008,0.12149204656178356,0.0007453680687662108,11.297019487421524
982,data/simulations/mdof/sim_000982.npz,RSN0006_PGA_0p400g,RSN0006,0.4,3.3176655831743,5S_T055,5,0.5499999999999999,0.18842159912490059,bilinear,0.004,0.007595422344300104,0.12149204656178361,0.0007453680687662129,11.297019487421577
983,data/simulations/mdof/sim_000983.npz,RSN0006_PGA_0p400g,RSN0006,0.4,3.3176655831743,5S_T055,5,0.5499999999999999,0.18842159912490059,bilinear,0.007,0.007595422344300104,0.12149204656178361,0.0007453680687662129,11.297019487421577
984,data/simulations/mdof/sim_000984.npz,RSN0006_PGA_0p400g,RSN0006,0.4,3.3176655831743,5S_T085,5,0.8499999999999999,0.29119701682939186,elastic,0.004,0.013372902467616727,0.08784927826012309,0.0011510653991814801,16.9541678393451
985,data/simulations/mdof/sim_000985.npz,RSN0006_PGA_0p400g,RSN0006,0.4,3.3176655831743,5S_T085,5,0.8499999999999999,0.29119701682939186,bilinear,0.004,0.013372902467616759,0.08784927826012313,0.001151065399181482,16.954167839345168
986,data/simulations/mdof/sim_000986.npz,RSN0006_PGA_0p400g,RSN0006,0.4,3.3176655831743,5S_T085,5,0.8499999999999999,0.29119701682939186,bilinear,0.007,0.013372902467616759,0.08784927826012313,0.001151065399181482,16.954167839345168
987,data/simulations/mdof/sim_000987.npz,RSN0006_PGA_0p400g,RSN0006,0.4,3.3176655831743,5S_T120,5,1.2000000000000008,0.41110167081796517,elastic,0.004,0.0268884873214312,0.09529835026779836,0.0022618807642884224,40.58929785268857
988,data/simulations/mdof/sim_000988.npz,RSN0006_PGA_0p400g,RSN0006,0.4,3.3176655831743,5S_T120,5,1.2000000000000008,0.41110167081796517,bilinear,0.004,0.026888487321431176,0.09529835026779832,0.0022618807642884177,40.589297852688496
989,data/simulations/mdof/sim_000989.npz,RSN0006_PGA_0p400g,RSN0006,0.4,3.3176655831743,5S_T120,5,1.2000000000000008,0.41110167081796517,bilinear,0.007,0.026888487321431176,0.09529835026779832,0.0022618807642884177,40.589297852688496
990,data/simulations/mdof/sim_000990.npz,RSN0006_PGA_0p500g,RSN0006,0.5,4.147081978967875,3S_T035,3,0.34999999999999987,0.1249135537622733,elastic,0.004,0.005063590131418917,0.1381008004986444,0.0007726800298517494,8.111411097572104
991,data/simulations/mdof/sim_000991.npz,RSN0006_PGA_0p500g,RSN0006,0.5,4.147081978967875,3S_T035,3,0.34999999999999987,0.1249135537622733,bilinear,0.004,0.00506359013141892,0.13810080049864462,0.0007726800298517508,8.111411097572098
992,data/simulations/mdof/sim_000992.npz,RSN0006_PGA_0p500g,RSN0006,0.5,4.147081978967875,3S_T035,3,0.34999999999999987,0.1249135537622733,bilinear,0.007,0.00506359013141892,0.13810080049864462,0.0007726800298517508,8.111411097572098
993,data/simulations/mdof/sim_000993.npz,RSN0006_PGA_0p500g,RSN0006,0.5,4.147081978967875,3S_T060,3,0.6,0.21413752073532566,elastic,0.004,0.010092755158537605,0.13733802680384838,0.0013750017073561585,12.928271731392687
994,data/simulations/mdof/sim_000994.npz,RSN0006_PGA_0p500g,RSN0006,0.5,4.147081978967875,3S_T060,3,0.6,0.21413752073532566,bilinear,0.004,0.010092755158537598,0.1373380268038483,0.0013750017073561574,12.928271731392687
995,data/simulations/mdof/sim_000995.npz,RSN0006_PGA_0p500g,RSN0006,0.5,4.147081978967875,3S_T060,3,0.6,0.21413752073532566,bilinear,0.007,0.010092755158537598,0.1373380268038483,0.0013750017073561574,12.928271731392687
996,data/simulations/mdof/sim_000996.npz,RSN0006_PGA_0p500g,RSN0006,0.5,4.147081978967875,3S_T090,3,0.9,0.32120628110298843,elastic,0.004,0.02197792921918483,0.12861729164956,0.0027251503718914295,32.87783675389201
997,data/simulations/mdof/sim_000997.npz,RSN0006_PGA_0p500g,RSN0006,0.5,4.147081978967875,3S_T090,3,0.9,0.32120628110298843,bilinear,0.004,0.021977929219184837,0.12861729164955987,0.0027251503718914334,32.87783675389206
998,data/simulations/mdof/sim_000998.npz,RSN0006_PGA_0p500g,RSN0006,0.5,4.147081978967875,3S_T090,3,0.9,0.32120628110298843,bilinear,0.007,0.021977929219184837,0.12861729164955987,0.0027251503718914334,32.87783675389206
999,data/simulations/mdof/sim_000999.npz,RSN0006_PGA_0p500g,RSN0006,0.5,4.147081978967875,5S_T055,5,0.5499999999999999,0.18842159912490059,elastic,0.004,0.00949427793037512,0.15186505820222926,0.0009317100859577663,17.6515929490962
1000,data/simulations/mdof/sim_001000.npz,RSN0006_PGA_0p500g,RSN0006,0.5,4.147081978967875,5S_T055,5,0.5499999999999999,0.18842159912490059,bilinear,0.004,0.009494277930375128,0.1518650582022293,0.0009317100859577675,17.651592949096216
1001,data/simulations/mdof/sim_001001.npz,RSN0006_PGA_0p500g,RSN0006,0.5,4.147081978967875,5S_T055,5,0.5499999999999999,0.18842159912490059,bilinear,0.007,0.009494277930375128,0.1518650582022293,0.0009317100859577675,17.651592949096216
1002,data/simulations/mdof/sim_001002.npz,RSN0006_PGA_0p500g,RSN0006,0.5,4.147081978967875,5S_T085,5,0.8499999999999999,0.29119701682939186,elastic,0.004,0.01671612808452093,0.1098115978251545,0.0014388317489768526,26.49088724897681
1003,data/simulations/mdof/sim_001003.npz,RSN0006_PGA_0p500g,RSN0006,0.5,4.147081978967875,5S_T085,5,0.8499999999999999,0.29119701682939186,bilinear,0.004,0.016716128084520922,0.10981159782515439,0.0014388317489768517,26.490887248976776
1004,data/simulations/mdof/sim_001004.npz,RSN0006_PGA_0p500g,RSN0006,0.5,4.147081978967875,5S_T085,5,0.8499999999999999,0.29119701682939186,bilinear,0.007,0.016716128084520922,0.10981159782515439,0.0014388317489768517,26.490887248976776
1005,data/simulations/mdof/sim_001005.npz,RSN0006_PGA_0p500g,RSN0006,0.5,4.147081978967875,5S_T120,5,1.2000000000000008,0.41110167081796517,elastic,0.004,0.033610609151788956,0.11912293783474778,0.00282735095536052,63.42077789482562
1006,data/simulations/mdof/sim_001006.npz,RSN0006_PGA_0p500g,RSN0006,0.5,4.147081978967875,5S_T120,5,1.2000000000000008,0.41110167081796517,bilinear,0.004,0.03361060915178899,0.11912293783474831,0.002827350955360525,63.420777894825875
1007,data/simulations/mdof/sim_001007.npz,RSN0006_PGA_0p500g,RSN0006,0.5,4.147081978967875,5S_T120,5,1.2000000000000008,0.41110167081796517,bilinear,0.007,0.03361060915178899,0.11912293783474831,0.002827350955360525,63.420777894825875
1008,data/simulations/mdof/sim_001008.npz,RSN0006_PGA_0p600g,RSN0006,0.6,4.976498374761449,3S_T035,3,0.34999999999999987,0.1249135537622733,elastic,0.004,0.00607630815770272,0.16572096059837324,0.0009272160358221029,11.680431980503904
1009,data/simulations/mdof/sim_001009.npz,RSN0006_PGA_0p600g,RSN0006,0.6,4.976498374761449,3S_T035,3,0.34999999999999987,0.1249135537622733,bilinear,0.004,0.0060763081577027145,0.16572096059837313,0.0009272160358221017,11.680431980503887
1010,data/simulations/mdof/sim_001010.npz,RSN0006_PGA_0p600g,RSN0006,0.6,4.976498374761449,3S_T035,3,0.34999999999999987,0.1249135537622733,bilinear,0.007,0.0060763081577027145,0.16572096059837313,0.0009272160358221017,11.680431980503887
1011,data/simulations/mdof/sim_001011.npz,RSN0006_PGA_0p600g,RSN0006,0.6,4.976498374761449,3S_T060,3,0.6,0.21413752073532566,elastic,0.004,0.012111306190245117,0.16480563216461858,0.0016500020488273892,18.616711293205576
1012,data/simulations/mdof/sim_001012.npz,RSN0006_PGA_0p600g,RSN0006,0.6,4.976498374761449,3S_T060,3,0.6,0.21413752073532566,bilinear,0.004,0.0121113061902451,0.16480563216461797,0.0016500020488273894,18.616711293205498
1013,data/simulations/mdof/sim_001013.npz,RSN0006_PGA_0p600g,RSN0006,0.6,4.976498374761449,3S_T060,3,0.6,0.21413752073532566,bilinear,0.007,0.0121113061902451,0.16480563216461797,0.0016500020488273894,18.616711293205498
1014,data/simulations/mdof/sim_001014.npz,RSN0006_PGA_0p600g,RSN0006,0.6,4.976498374761449,3S_T090,3,0.9,0.32120628110298843,elastic,0.004,0.02637351506302177,0.15434074997947145,0.0032701804462697197,47.344084925604506
1015,data/simulations/mdof/sim_001015.npz,RSN0006_PGA_0p600g,RSN0006,0.6,4.976498374761449,3S_T090,3,0.9,0.32120628110298843,bilinear,0.004,0.02637351506302178,0.15434074997947178,0.003270180446269716,47.344084925604484
1016,data/simulations/mdof/sim_001016.npz,RSN0006_PGA_0p600g,RSN0006,0.6,4.976498374761449,3S_T090,3,0.9,0.32120628110298843,bilinear,0.007,0.02637351506302178,0.15434074997947178,0.003270180446269716,47.344084925604484
1017,data/simulations/mdof/sim_001017.npz,RSN0006_PGA_0p600g,RSN0006,0.6,4.976498374761449,5S_T055,5,0.5499999999999999,0.18842159912490059,elastic,0.004,0.011393133516450145,0.1822380698426758,0.001118052103149319,25.41829384669854
1018,data/simulations/mdof/sim_001018.npz,RSN0006_PGA_0p600g,RSN0006,0.6,4.976498374761449,5S_T055,5,0.5499999999999999,0.18842159912490059,bilinear,0.004,0.011393133516450164,0.182238069842676,0.0011180521031493198,25.41829384669864
1019,data/simulations/mdof/sim_001019.npz,RSN0006_PGA_0p600g,RSN0006,0.6,4.976498374761449,5S_T055,5,0.5499999999999999,0.18842159912490059,bilinear,0.007,0.011393133516450164,0.182238069842676,0.0011180521031493198,25.41829384669864
1020,data/simulations/mdof/sim_001020.npz,RSN0006_PGA_0p600g,RSN0006,0.6,4.976498374761449,5S_T085,5,0.8499999999999999,0.29119701682939186,elastic,0.004,0.02005935370142514,0.13177391739018515,0.0017265980987722252,38.146877638526675
1021,data/simulations/mdof/sim_001021.npz,RSN0006_PGA_0p600g,RSN0006,0.6,4.976498374761449,5S_T085,5,0.8499999999999999,0.29119701682939186,bilinear,0.004,0.02005935370142512,0.13177391739018535,0.0017265980987722224,38.14687763852659
1022,data/simulations/mdof/sim_001022.npz,RSN0006_PGA_0p600g,RSN0006,0.6,4.976498374761449,5S_T085,5,0.8499999999999999,0.29119701682939186,bilinear,0.007,0.02005935370142512,0.13177391739018535,0.0017265980987722224,38.14687763852659
1023,data/simulations/mdof/sim_001023.npz,RSN0006_PGA_0p600g,RSN0006,0.6,4.976498374761449,5S_T120,5,1.2000000000000008,0.41110167081796517,elastic,0.004,0.04033273098214678,0.14294752540169753,0.003392821146432626,91.32592016854909
1024,data/simulations/mdof/sim_001024.npz,RSN0006_PGA_0p600g,RSN0006,0.6,4.976498374761449,5S_T120,5,1.2000000000000008,0.41110167081796517,bilinear,0.004,0.04033273098214684,0.14294752540169708,0.003392821146432634,91.32592016854949
1025,data/simulations/mdof/sim_001025.npz,RSN0006_PGA_0p600g,RSN0006,0.6,4.976498374761449,5S_T120,5,1.2000000000000008,0.41110167081796517,bilinear,0.007,0.04033273098214684,0.14294752540169708,0.003392821146432634,91.32592016854949
1026,data/simulations/mdof/sim_001026.npz,RSN0006_PGA_0p800g,RSN0006,0.8,6.6353311663486,3S_T035,3,0.34999999999999987,0.1249135537622733,elastic,0.004,0.00810174421027029,0.22096128079783098,0.001236288047762803,20.7652124097847
1027,data/simulations/mdof/sim_001027.npz,RSN0006_PGA_0p800g,RSN0006,0.8,6.6353311663486,3S_T035,3,0.34999999999999987,0.1249135537622733,bilinear,0.004,0.008101744210270278,0.2209612807978309,0.0012362880477628005,20.765212409784642
1028,data/simulations/mdof/sim_001028.npz,RSN0006_PGA_0p800g,RSN0006,0.8,6.6353311663486,3S_T035,3,0.34999999999999987,0.1249135537622733,bilinear,0.007,0.008101744210270278,0.2209612807978309,0.0012362880477628005,20.765212409784642
1029,data/simulations/mdof/sim_001029.npz,RSN0006_PGA_0p800g,RSN0006,0.8,6.6353311663486,3S_T060,3,0.6,0.21413752073532566,elastic,0.004,0.016148408253660186,0.21974084288615775,0.002200002731769858,33.09637563236539
1030,data/simulations/mdof/sim_001030.npz,RSN0006_PGA_0p800g,RSN0006,0.8,6.6353311663486,3S_T060,3,0.6,0.21413752073532566,bilinear,0.004,0.01614840825366017,0.21974084288615756,0.0022000027317698517,33.09637563236518
1031,data/simulations/mdof/sim_001031.npz,RSN0006_PGA_0p800g,RSN0006,0.8,6.6353311663486,3S_T060,3,0.6,0.21413752073532566,bilinear,0.007,0.01614840825366017,0.21974084288615756,0.0022000027317698517,33.09637563236518
1032,data/simulations/mdof/sim_001032.npz,RSN0006_PGA_0p800g,RSN0006,0.8,6.6353311663486,3S_T090,3,0.9,0.32120628110298843,elastic,0.004,0.03516468675069577,0.20578766663929676,0.004360240595026294,84.16726208996387
1033,data/simulations/mdof/sim_001033.npz,RSN0006_PGA_0p800g,RSN0006,0.8,6.6353311663486,3S_T090,3,0.9,0.32120628110298843,bilinear,0.004,0.03276319538122629,0.20995517779122475,0.004449657818190717,84.36266222010246
1034,data/simulations/mdof/sim_001034.npz,RSN0006_PGA_0p800g,RSN0006,0.8,6.6353311663486,3S_T090,3,0.9,0.32120628110298843,bilinear,0.007,0.03516468675069575,0.20578766663929618,0.004360240595026294,84.16726208996384
1035,data/simulations/mdof/sim_001035.npz,RSN0006_PGA_0p800g,RSN0006,0.8,6.6353311663486,5S_T055,5,0.5499999999999999,0.18842159912490059,elastic,0.004,0.01519084468860016,0.2429840931235671,0.0014907361375324215,45.1880779496861
1036,data/simulations/mdof/sim_001036.npz,RSN0006_PGA_0p800g,RSN0006,0.8,6.6353311663486,5S_T055,5,0.5499999999999999,0.18842159912490059,bilinear,0.004,0.015190844688600208,0.24298409312356722,0.0014907361375324259,45.18807794968631
1037,data/simulations/mdof/sim_001037.npz,RSN0006_PGA_0p800g,RSN0006,0.8,6.6353311663486,5S_T055,5,0.5499999999999999,0.18842159912490059,bilinear,0.007,0.015190844688600208,0.24298409312356722,0.0014907361375324259,45.18807794968631
1038,data/simulations/mdof/sim_001038.npz,RSN0006_PGA_0p800g,RSN0006,0.8,6.6353311663486,5S_T085,5,0.8499999999999999,0.29119701682939186,elastic,0.004,0.026745804935233455,0.17569855652024619,0.0023021307983629603,67.8166713573804
1039,data/simulations/mdof/sim_001039.npz,RSN0006_PGA_0p800g,RSN0006,0.8,6.6353311663486,5S_T085,5,0.8499999999999999,0.29119701682939186,bilinear,0.004,0.026745804935233517,0.17569855652024627,0.002302130798362964,67.81667135738067
1040,data/simulations/mdof/sim_001040.npz,RSN0006_PGA_0p800g,RSN0006,0.8,6.6353311663486,5S_T085,5,0.8499999999999999,0.29119701682939186,bilinear,0.007,0.026745804935233517,0.17569855652024627,0.002302130798362964,67.81667135738067
1041,data/simulations/mdof/sim_001041.npz,RSN0006_PGA_0p800g,RSN0006,0.8,6.6353311663486,5S_T120,5,1.2000000000000008,0.41110167081796517,elastic,0.004,0.0537769746428624,0.1905967005355967,0.004523761528576845,162.35719141075427
1042,data/simulations/mdof/sim_001042.npz,RSN0006_PGA_0p800g,RSN0006,0.8,6.6353311663486,5S_T120,5,1.2000000000000008,0.41110167081796517,bilinear,0.004,0.053777016287376696,0.1905967005355969,0.005111917294049342,172.1144733267992
1043,data/simulations/mdof/sim_001043.npz,RSN0006_PGA_0p800g,RSN0006,0.8,6.6353311663486,5S_T120,5,1.2000000000000008,0.41110167081796517,bilinear,0.007,0.053776974642862393,0.1905967005355969,0.004523761528576839,162.357191410754
1044,data/simulations/mdof/sim_001044.npz,RSN0006_PGA_1p000g,RSN0006,1.0,8.29416395793575,3S_T035,3,0.34999999999999987,0.1249135537622733,elastic,0.004,0.010127180262837834,0.2762016009972888,0.0015453600597034988,32.445644390288415
1045,data/simulations/mdof/sim_001045.npz,RSN0006_PGA_1p000g,RSN0006,1.0,8.29416395793575,3S_T035,3,0.34999999999999987,0.1249135537622733,bilinear,0.004,0.01012718026283784,0.27620160099728924,0.0015453600597035017,32.44564439028839
1046,data/simulations/mdof/sim_001046.npz,RSN0006_PGA_1p000g,RSN0006,1.0,8.29416395793575,3S_T035,3,0.34999999999999987,0.1249135537622733,bilinear,0.007,0.01012718026283784,0.27620160099728924,0.0015453600597035017,32.44564439028839
1047,data/simulations/mdof/sim_001047.npz,RSN0006_PGA_1p000g,RSN0006,1.0,8.29416395793575,3S_T060,3,0.6,0.21413752073532566,elastic,0.004,0.02018551031707521,0.27467605360769676,0.002750003414712317,51.71308692557075
1048,data/simulations/mdof/sim_001048.npz,RSN0006_PGA_1p000g,RSN0006,1.0,8.29416395793575,3S_T060,3,0.6,0.21413752073532566,bilinear,0.004,0.020185510317075196,0.2746760536076966,0.002750003414712315,51.71308692557075
1049,data/simulations/mdof/sim_001049.npz,RSN0006_PGA_1p000g,RSN0006,1.0,8.29416395793575,3S_T060,3,0.6,0.21413752073532566,bilinear,0.007,0.020185510317075196,0.2746760536076966,0.002750003414712315,51.71308692557075
1050,data/simulations/mdof/sim_001050.npz,RSN0006_PGA_1p000g,RSN0006,1.0,8.29416395793575,3S_T090,3,0.9,0.32120628110298843,elastic,0.004,0.04395585843836966,0.25723458329912,0.005450300743782859,131.51134701556805
1051,data/simulations/mdof/sim_001051.npz,RSN0006_PGA_1p000g,RSN0006,1.0,8.29416395793575,3S_T090,3,0.9,0.32120628110298843,bilinear,0.004,0.043636087883267775,0.2626373858357463,0.006903387124170372,140.01507615161503
1052,data/simulations/mdof/sim_001052.npz,RSN0006_PGA_1p000g,RSN0006,1.0,8.29416395793575,3S_T090,3,0.9,0.32120628110298843,bilinear,0.007,0.043955858438369674,0.25723458329911975,0.005450300743782867,131.51134701556825
1053,data/simulations/mdof/sim_001053.npz,RSN0006_PGA_1p000g,RSN0006,1.0,8.29416395793575,5S_T055,5,0.5499999999999999,0.18842159912490059,elastic,0.004,0.01898855586075024,0.3037301164044585,0.0018634201719155326,70.6063717963848
1054,data/simulations/mdof/sim_001054.npz,RSN0006_PGA_1p000g,RSN0006,1.0,8.29416395793575,5S_T055,5,0.5499999999999999,0.18842159912490059,bilinear,0.004,0.018988555860750257,0.3037301164044586,0.001863420171915535,70.60637179638486
1055,data/simulations/mdof/sim_001055.npz,RSN0006_PGA_1p000g,RSN0006,1.0,8.29416395793575,5S_T055,5,0.5499999999999999,0.18842159912490059,bilinear,0.007,0.018988555860750257,0.3037301164044586,0.001863420171915535,70.60637179638486
1056,data/simulations/mdof/sim_001056.npz,RSN0006_PGA_1p000g,RSN0006,1.0,8.29416395793575,5S_T085,5,0.8499999999999999,0.29119701682939186,elastic,0.004,0.03343225616904186,0.219623195650309,0.002877663497953705,105.96354899590725
1057,data/simulations/mdof/sim_001057.npz,RSN0006_PGA_1p000g,RSN0006,1.0,8.29416395793575,5S_T085,5,0.8499999999999999,0.29119701682939186,bilinear,0.004,0.033432256169041843,0.21962319565030877,0.0028776634979537034,105.9635489959071
1058,data/simulations/mdof/sim_001058.npz,RSN0006_PGA_1p000g,RSN0006,1.0,8.29416395793575,5S_T085,5,0.8499999999999999,0.29119701682939186,bilinear,0.007,0.033432256169041843,0.21962319565030877,0.0028776634979537034,105.9635489959071
1059,data/simulations/mdof/sim_001059.npz,RSN0006_PGA_1p000g,RSN0006,1.0,8.29416395793575,5S_T120,5,1.2000000000000008,0.41110167081796517,elastic,0.004,0.06722121830357791,0.23824587566949557,0.00565470191072104,253.68311157930248
1060,data/simulations/mdof/sim_001060.npz,RSN0006_PGA_1p000g,RSN0006,1.0,8.29416395793575,5S_T120,5,1.2000000000000008,0.41110167081796517,bilinear,0.004,0.06861581712504167,0.23642150427687908,0.008077029863932437,298.27998024307357
1061,data/simulations/mdof/sim_001061.npz,RSN0006_PGA_1p000g,RSN0006,1.0,8.29416395793575,5S_T120,5,1.2000000000000008,0.41110167081796517,bilinear,0.007,0.06722121830357798,0.23824587566949662,0.00565470191072105,253.6831115793035
1062,data/simulations/mdof/sim_001062.npz,RSN0006_PGA_1p200g,RSN0006,1.2,9.952996749522898,3S_T035,3,0.34999999999999987,0.1249135537622733,elastic,0.004,0.01215261631540544,0.3314419211967465,0.0018544320716442058,46.72172792201562
1063,data/simulations/mdof/sim_001063.npz,RSN0006_PGA_1p200g,RSN0006,1.2,9.952996749522898,3S_T035,3,0.34999999999999987,0.1249135537622733,bilinear,0.004,0.012152616315405429,0.33144192119674626,0.0018544320716442034,46.721727922015546
1064,data/simulations/mdof/sim_001064.npz,RSN0006_PGA_1p200g,RSN0006,1.2,9.952996749522898,3S_T035,3,0.34999999999999987,0.1249135537622733,bilinear,0.007,0.012152616315405429,0.33144192119674626,0.0018544320716442034,46.721727922015546
1065,data/simulations/mdof/sim_001065.npz,RSN0006_PGA_1p200g,RSN0006,1.2,9.952996749522898,3S_T060,3,0.6,0.21413752073532566,elastic,0.004,0.024222612380490234,0.32961126432923715,0.0033000040976547784,74.4668451728223
1066,data/simulations/mdof/sim_001066.npz,RSN0006_PGA_1p200g,RSN0006,1.2,9.952996749522898,3S_T060,3,0.6,0.21413752073532566,bilinear,0.004,0.0242226123804902,0.32961126432923593,0.003300004097654779,74.46684517282199
1067,data/simulations/mdof/sim_001067.npz,RSN0006_PGA_1p200g,RSN0006,1.2,9.952996749522898,3S_T060,3,0.6,0.21413752073532566,bilinear,0.007,0.0242226123804902,0.32961126432923593,0.003300004097654779,74.46684517282199
1068,data/simulations/mdof/sim_001068.npz,RSN0006_PGA_1p200g,RSN0006,1.2,9.952996749522898,3S_T090,3,0.9,0.32120628110298843,elastic,0.004,0.05274703012604354,0.3086814999589429,0.006540360892539439,189.37633970241802
1069,data/simulations/mdof/sim_001069.npz,RSN0006_PGA_1p200g,RSN0006,1.2,9.952996749522898,3S_T090,3,0.9,0.32120628110298843,bilinear,0.004,0.05479174275070625,0.29992000433269195,0.009978444343593082,211.82061123656547
1070,data/simulations/mdof/sim_001070.npz,RSN0006_PGA_1p200g,RSN0006,1.2,9.952996749522898,3S_T090,3,0.9,0.32120628110298843,bilinear,0.007,0.05274703012604356,0.30868149995894356,0.006540360892539432,189.37633970241794
1071,data/simulations/mdof/sim_001071.npz,RSN0006_PGA_1p200g,RSN0006,1.2,9.952996749522898,5S_T055,5,0.5499999999999999,0.18842159912490059,elastic,0.004,0.02278626703290029,0.3644761396853516,0.002236104206298638,101.67317538679416
1072,data/simulations/mdof/sim_001072.npz,RSN0006_PGA_1p200g,RSN0006,1.2,9.952996749522898,5S_T055,5,0.5499999999999999,0.18842159912490059,bilinear,0.004,0.022786267032900327,0.364476139685352,0.0022361042062986397,101.67317538679455
1073,data/simulations/mdof/sim_001073.npz,RSN0006_PGA_1p200g,RSN0006,1.2,9.952996749522898,5S_T055,5,0.5499999999999999,0.18842159912490059,bilinear,0.007,0.022786267032900327,0.364476139685352,0.0022361042062986397,101.67317538679455
1074,data/simulations/mdof/sim_001074.npz,RSN0006_PGA_1p200g,RSN0006,1.2,9.952996749522898,5S_T085,5,0.8499999999999999,0.29119701682939186,elastic,0.004,0.04011870740285028,0.2635478347803703,0.0034531961975444504,152.5875105541067
1075,data/simulations/mdof/sim_001075.npz,RSN0006_PGA_1p200g,RSN0006,1.2,9.952996749522898,5S_T085,5,0.8499999999999999,0.29119701682939186,bilinear,0.004,0.04011870740285024,0.2635478347803707,0.0034531961975444447,152.58751055410636
1076,data/simulations/mdof/sim_001076.npz,RSN0006_PGA_1p200g,RSN0006,1.2,9.952996749522898,5S_T085,5,0.8499999999999999,0.29119701682939186,bilinear,0.007,0.04011870740285024,0.2635478347803707,0.0034531961975444447,152.58751055410636
1077,data/simulations/mdof/sim_001077.npz,RSN0006_PGA_1p200g,RSN0006,1.2,9.952996749522898,5S_T120,5,1.2000000000000008,0.41110167081796517,elastic,0.004,0.08066546196429356,0.28589505080339506,0.006785642292865252,365.30368067419636
1078,data/simulations/mdof/sim_001078.npz,RSN0006_PGA_1p200g,RSN0006,1.2,9.952996749522898,5S_T120,5,1.2000000000000008,0.41110167081796517,bilinear,0.004,0.07556856443419145,0.27698995796547954,0.009307167941736652,488.49772954620175
1079,data/simulations/mdof/sim_001079.npz,RSN0006_PGA_1p200g,RSN0006,1.2,9.952996749522898,5S_T120,5,1.2000000000000008,0.41110167081796517,bilinear,0.007,0.08066546196429368,0.28589505080339417,0.006785642292865268,365.30368067419795
1080,data/simulations/mdof/sim_001080.npz,RSN0007_PGA_0p050g,RSN0007,0.05,0.9519024195170398,3S_T035,3,0.34999999999999987,0.1249135537622733,elastic,0.004,0.0003304048232363059,0.011304097063498377,5.0622946022221576e-05,0.03555208597353433
1081,data/simulations/mdof/sim_001081.npz,RSN0007_PGA_0p050g,RSN0007,0.05,0.9519024195170398,3S_T035,3,0.34999999999999987,0.1249135537622733,bilinear,0.004,0.0003304048232363061,0.011304097063498374,5.062294602222164e-05,0.035552085973534354
1082,data/simulations/mdof/sim_001082.npz,RSN0007_PGA_0p050g,RSN0007,0.05,0.9519024195170398,3S_T035,3,0.34999999999999987,0.1249135537622733,bilinear,0.007,0.0003304048232363061,0.011304097063498374,5.062294602222164e-05,0.035552085973534354
1083,data/simulations/mdof/sim_001083.npz,RSN0007_PGA_0p050g,RSN0007,0.05,0.9519024195170398,3S_T060,3,0.6,0.21413752073532566,elastic,0.004,0.0008760892236846001,0.009930537205656429,0.00012396901390931996,0.09842415824116113
1084,data/simulations/mdof/sim_001084.npz,RSN0007_PGA_0p050g,RSN0007,0.05,0.9519024195170398,3S_T060,3,0.6,0.21413752073532566,bilinear,0.004,0.0008760892236846007,0.009930537205656438,0.00012396901390931996,0.09842415824116145
1085,data/simulations/mdof/sim_001085.npz,RSN0007_PGA_0p050g,RSN0007,0.05,0.9519024195170398,3S_T060,3,0.6,0.21413752073532566,bilinear,0.007,0.0008760892236846007,0.009930537205656438,0.00012396901390931996,0.09842415824116145
1086,data/simulations/mdof/sim_001086.npz,RSN0007_PGA_0p050g,RSN0007,0.05,0.9519024195170398,3S_T090,3,0.9,0.32120628110298843,elastic,0.004,0.0016987298117092985,0.009253050009161051,0.0001970975151164051,0.18795626357015283
1087,data/simulations/mdof/sim_001087.npz,RSN0007_PGA_0p050g,RSN0007,0.05,0.9519024195170398,3S_T090,3,0.9,0.32120628110298843,bilinear,0.004,0.0016987298117093017,0.009253050009161065,0.00019709751511640542,0.1879562635701536
1088,data/simulations/mdof/sim_001088.npz,RSN0007_PGA_0p050g,RSN0007,0.05,0.9519024195170398,3S_T090,3,0.9,0.32120628110298843,bilinear,0.007,0.0016987298117093017,0.009253050009161065,0.00019709751511640542,0.1879562635701536
1089,data/simulations/mdof/sim_001089.npz,RSN0007_PGA_0p050g,RSN0007,0.05,0.9519024195170398,5S_T055,5,0.5499999999999999,0.18842159912490059,elastic,0.004,0.0006525939932183101,0.010155705141422935,6.285058006540231e-05,0.08140637456215478
1090,data/simulations/mdof/sim_001090.npz,RSN0007_PGA_0p050g,RSN0007,0.05,0.9519024195170398,5S_T055,5,0.5499999999999999,0.18842159912490059,bilinear,0.004,0.0006525939932183094,0.01015570514142297,6.28505800654022e-05,0.08140637456215452
1091,data/simulations/mdof/sim_001091.npz,RSN0007_PGA_0p050g,RSN0007,0.05,0.9519024195170398,5S_T055,5,0.5499999999999999,0.18842159912490059,bilinear,0.007,0.0006525939932183094,0.01015570514142297,6.28505800654022e-05,0.08140637456215452
1092,data/simulations/mdof/sim_001092.npz,RSN0007_PGA_0p050g,RSN0007,0.05,0.9519024195170398,5S_T085,5,0.8499999999999999,0.29119701682939186,elastic,0.004,0.0016302876395087114,0.008849953157455029,0.00014937112376788413,0.25112984903446894
1093,data/simulations/mdof/sim_001093.npz,RSN0007_PGA_0p050g,RSN0007,0.05,0.9519024195170398,5S_T085,5,0.8499999999999999,0.29119701682939186,bilinear,0.004,0.0016302876395087099,0.00884995315745503,0.0001493711237678841,0.25112984903446833
1094,data/simulations/mdof/sim_001094.npz,RSN0007_PGA_0p050g,RSN0007,0.05,0.9519024195170398,5S_T085,5,0.8499999999999999,0.29119701682939186,bilinear,0.007,0.0016302876395087099,0.00884995315745503,0.0001493711237678841,0.25112984903446833
1095,data/simulations/mdof/sim_001095.npz,RSN0007_PGA_0p050g,RSN0007,0.05,0.9519024195170398,5S_T120,5,1.2000000000000008,0.41110167081796517,elastic,0.004,0.0018610806538571537,0.009540867102551398,0.0001442521131232547,0.19947604069618338
1096,data/simulations/mdof/sim_001096.npz,RSN0007_PGA_0p050g,RSN0007,0.05,0.9519024195170398,5S_T120,5,1.2000000000000008,0.41110167081796517,bilinear,0.004,0.0018610806538571466,0.009540867102551349,0.00014425211312325435,0.19947604069618216
1097,data/simulations/mdof/sim_001097.npz,RSN0007_PGA_0p050g,RSN0007,0.05,0.9519024195170398,5S_T120,5,1.2000000000000008,0.41110167081796517,bilinear,0.007,0.0018610806538571466,0.009540867102551349,0.00014425211312325435,0.19947604069618216
1098,data/simulations/mdof/sim_001098.npz,RSN0007_PGA_0p100g,RSN0007,0.1,1.9038048390340796,3S_T035,3,0.34999999999999987,0.1249135537622733,elastic,0.004,0.0006608096464726118,0.022608194126996755,0.00010124589204444315,0.1422083438941373
1099,data/simulations/mdof/sim_001099.npz,RSN0007_PGA_0p100g,RSN0007,0.1,1.9038048390340796,3S_T035,3,0.34999999999999987,0.1249135537622733,bilinear,0.004,0.0006608096464726123,0.022608194126996748,0.00010124589204444327,0.14220834389413742
1100,data/simulations/mdof/sim_001100.npz,RSN0007_PGA_0p100g,RSN0007,0.1,1.9038048390340796,3S_T035,3,0.34999999999999987,0.1249135537622733,bilinear,0.007,0.0006608096464726123,0.022608194126996748,0.00010124589204444327,0.14220834389413742
1101,data/simulations/mdof/sim_001101.npz,RSN0007_PGA_0p100g,RSN0007,0.1,1.9038048390340796,3S_T060,3,0.6,0.21413752073532566,elastic,0.004,0.0017521784473692001,0.019861074411312858,0.0002479380278186399,0.3936966329646445
1102,data/simulations/mdof/sim_001102.npz,RSN0007_PGA_0p100g,RSN0007,0.1,1.9038048390340796,3S_T060,3,0.6,0.21413752073532566,bilinear,0.004,0.0017521784473692014,0.019861074411312876,0.0002479380278186399,0.3936966329646458
1103,data/simulations/mdof/sim_001103.npz,RSN0007_PGA_0p100g,RSN0007,0.1,1.9038048390340796,3S_T060,3,0.6,0.21413752073532566,bilinear,0.007,0.0017521784473692014,0.019861074411312876,0.0002479380278186399,0.3936966329646458
1104,data/simulations/mdof/sim_001104.npz,RSN0007_PGA_0p100g,RSN0007,0.1,1.9038048390340796,3S_T090,3,0.9,0.32120628110298843,elastic,0.004,0.003397459623418597,0.018506100018322102,0.0003941950302328102,0.7518250542806113
1105,data/simulations/mdof/sim_001105.npz,RSN0007_PGA_0p100g,RSN0007,0.1,1.9038048390340796,3S_T090,3,0.9,0.32120628110298843,bilinear,0.004,0.0033974596234186034,0.01850610001832213,0.00039419503023281085,0.7518250542806144
1106,data/simulations/mdof/sim_001106.npz,RSN0007_PGA_0p100g,RSN0007,0.1,1.9038048390340796,3S_T090,3,0.9,0.32120628110298843,bilinear,0.007,0.0033974596234186034,0.01850610001832213,0.00039419503023281085,0.7518250542806144
1107,data/simulations/mdof/sim_001107.npz,RSN0007_PGA_0p100g,RSN0007,0.1,1.9038048390340796,5S_T055,5,0.5499999999999999,0.18842159912490059,elastic,0.004,0.0013051879864366203,0.02031141028284587,0.00012570116013080462,0.32562549824861914
1108,data/simulations/mdof/sim_001108.npz,RSN0007_PGA_0p100g,RSN0007,0.1,1.9038048390340796,5S_T055,5,0.5499999999999999,0.18842159912490059,bilinear,0.004,0.0013051879864366188,0.02031141028284594,0.0001257011601308044,0.3256254982486181
1109,data/simulations/mdof/sim_001109.npz,RSN0007_PGA_0p100g,RSN0007,0.1,1.9038048390340796,5S_T055,5,0.5499999999999999,0.18842159912490059,bilinear,0.007,0.0013051879864366188,0.02031141028284594,0.0001257011601308044,0.3256254982486181
1110,data/simulations/mdof/sim_001110.npz,RSN0007_PGA_0p100g,RSN0007,0.1,1.9038048390340796,5S_T085,5,0.8499999999999999,0.29119701682939186,elastic,0.004,0.003260575279017423,0.017699906314910058,0.00029874224753576826,1.0045193961378758
1111,data/simulations/mdof/sim_001111.npz,RSN0007_PGA_0p100g,RSN0007,0.1,1.9038048390340796,5S_T085,5,0.8499999999999999,0.29119701682939186,bilinear,0.004,0.0032605752790174198,0.01769990631491006,0.0002987422475357682,1.0045193961378733
1112,data/simulations/mdof/sim_001112.npz,RSN0007_PGA_0p100g,RSN0007,0.1,1.9038048390340796,5S_T085,5,0.8499999999999999,0.29119701682939186,bilinear,0.007,0.0032605752790174198,0.01769990631491006,0.0002987422475357682,1.0045193961378733
1113,data/simulations/mdof/sim_001113.npz,RSN0007_PGA_0p100g,RSN0007,0.1,1.9038048390340796,5S_T120,5,1.2000000000000008,0.41110167081796517,elastic,0.004,0.0037221613077143075,0.019081734205102795,0.0002885042262465094,0.7979041627847335
1114,data/simulations/mdof/sim_001114.npz,RSN0007_PGA_0p100g,RSN0007,0.1,1.9038048390340796,5S_T120,5,1.2000000000000008,0.41110167081796517,bilinear,0.004,0.0037221613077143005,0.0190817342051027,0.0002885042262465087,0.7979041627847298
1115,data/simulations/mdof/sim_001115.npz,RSN0007_PGA_0p100g,RSN0007,0.1,1.9038048390340796,5S_T120,5,1.2000000000000008,0.41110167081796517,bilinear,0.007,0.0037221613077143005,0.0190817342051027,0.0002885042262465087,0.7979041627847298
1116,data/simulations/mdof/sim_001116.npz,RSN0007_PGA_0p200g,RSN0007,0.2,3.807609678068159,3S_T035,3,0.34999999999999987,0.1249135537622733,elastic,0.004,0.0013216192929452236,0.04521638825399351,0.0002024917840888863,0.5688333755765492
1117,data/simulations/mdof/sim_001117.npz,RSN0007_PGA_0p200g,RSN0007,0.2,3.807609678068159,3S_T035,3,0.34999999999999987,0.1249135537622733,bilinear,0.004,0.0013216192929452245,0.045216388253993496,0.00020249178408888655,0.5688333755765497
1118,data/simulations/mdof/sim_001118.npz,RSN0007_PGA_0p200g,RSN0007,0.2,3.807609678068159,3S_T035,3,0.34999999999999987,0.1249135537622733,bilinear,0.007,0.0013216192929452245,0.045216388253993496,0.00020249178408888655,0.5688333755765497
1119,data/simulations/mdof/sim_001119.npz,RSN0007_PGA_0p200g,RSN0007,0.2,3.807609678068159,3S_T060,3,0.6,0.21413752073532566,elastic,0.004,0.0035043568947384003,0.039722148822625716,0.0004958760556372799,1.574786531858578
1120,data/simulations/mdof/sim_001120.npz,RSN0007_PGA_0p200g,RSN0007,0.2,3.807609678068159,3S_T060,3,0.6,0.21413752073532566,bilinear,0.004,0.003504356894738403,0.03972214882262575,0.0004958760556372799,1.5747865318585832
1121,data/simulations/mdof/sim_001121.npz,RSN0007_PGA_0p200g,RSN0007,0.2,3.807609678068159,3S_T060,3,0.6,0.21413752073532566,bilinear,0.007,0.003504356894738403,0.03972214882262575,0.0004958760556372799,1.5747865318585832
1122,data/simulations/mdof/sim_001122.npz,RSN0007_PGA_0p200g,RSN0007,0.2,3.807609678068159,3S_T090,3,0.9,0.32120628110298843,elastic,0.004,0.006794919246837194,0.037012200036644204,0.0007883900604656204,3.007300217122445
1123,data/simulations/mdof/sim_001123.npz,RSN0007_PGA_0p200g,RSN0007,0.2,3.807609678068159,3S_T090,3,0.9,0.32120628110298843,bilinear,0.004,0.006794919246837207,0.03701220003664426,0.0007883900604656217,3.0073002171224577
1124,data/simulations/mdof/sim_001124.npz,RSN0007_PGA_0p200g,RSN0007,0.2,3.807609678068159,3S_T090,3,0.9,0.32120628110298843,bilinear,0.007,0.006794919246837207,0.03701220003664426,0.0007883900604656217,3.0073002171224577
1125,data/simulations/mdof/sim_001125.npz,RSN0007_PGA_0p200g,RSN0007,0.2,3.807609678068159,5S_T055,5,0.5499999999999999,0.18842159912490059,elastic,0.004,0.0026103759728732406,0.04062282056569174,0.00025140232026160924,1.3025019929944766
1126,data/simulations/mdof/sim_001126.npz,RSN0007_PGA_0p200g,RSN0007,0.2,3.807609678068159,5S_T055,5,0.5499999999999999,0.18842159912490059,bilinear,0.004,0.0026103759728732375,0.04062282056569188,0.0002514023202616088,1.3025019929944723
1127,data/simulations/mdof/sim_001127.npz,RSN0007_PGA_0p200g,RSN0007,0.2,3.807609678068159,5S_T055,5,0.5499999999999999,0.18842159912490059,bilinear,0.007,0.0026103759728732375,0.04062282056569188,0.0002514023202616088,1.3025019929944723
1128,data/simulations/mdof/sim_001128.npz,RSN0007_PGA_0p200g,RSN0007,0.2,3.807609678068159,5S_T085,5,0.8499999999999999,0.29119701682939186,elastic,0.004,0.006521150558034846,0.035399812629820115,0.0005974844950715365,4.018077584551503
1129,data/simulations/mdof/sim_001129.npz,RSN0007_PGA_0p200g,RSN0007,0.2,3.807609678068159,5S_T085,5,0.8499999999999999,0.29119701682939186,bilinear,0.004,0.00652115055803485,0.03539981262982031,0.0005974844950715363,4.018077584551507
1130,data/simulations/mdof/sim_001130.npz,RSN0007_PGA_0p200g,RSN0007,0.2,3.807609678068159,5S_T085,5,0.8499999999999999,0.29119701682939186,bilinear,0.007,0.00652115055803485,0.03539981262982031,0.0005974844950715363,4.018077584551507
1131,data/simulations/mdof/sim_001131.npz,RSN0007_PGA_0p200g,RSN0007,0.2,3.807609678068159,5S_T120,5,1.2000000000000008,0.41110167081796517,elastic,0.004,0.007444322615428615,0.03816346841020559,0.0005770084524930188,3.191616651138934
1132,data/simulations/mdof/sim_001132.npz,RSN0007_PGA_0p200g,RSN0007,0.2,3.807609678068159,5S_T120,5,1.2000000000000008,0.41110167081796517,bilinear,0.004,0.007444322615428601,0.0381634684102054,0.0005770084524930174,3.191616651138919
1133,data/simulations/mdof/sim_001133.npz,RSN0007_PGA_0p200g,RSN0007,0.2,3.807609678068159,5S_T120,5,1.2000000000000008,0.41110167081796517,bilinear,0.007,0.007444322615428601,0.0381634684102054,0.0005770084524930174,3.191616651138919
1134,data/simulations/mdof/sim_001134.npz,RSN0007_PGA_0p300g,RSN0007,0.3,5.711414517102239,3S_T035,3,0.34999999999999987,0.1249135537622733,elastic,0.004,0.0019824289394178396,0.06782458238099028,0.00030373767613333015,1.2798750950472402
1135,data/simulations/mdof/sim_001135.npz,RSN0007_PGA_0p300g,RSN0007,0.3,5.711414517102239,3S_T035,3,0.34999999999999987,0.1249135537622733,bilinear,0.004,0.0019824289394178357,0.06782458238099022,0.00030373767613332955,1.2798750950472353
1136,data/simulations/mdof/sim_001136.npz,RSN0007_PGA_0p300g,RSN0007,0.3,5.711414517102239,3S_T035,3,0.34999999999999987,0.1249135537622733,bilinear,0.007,0.0019824289394178357,0.06782458238099022,0.00030373767613332955,1.2798750950472353
1137,data/simulations/mdof/sim_001137.npz,RSN0007_PGA_0p300g,RSN0007,0.3,5.711414517102239,3S_T060,3,0.6,0.21413752073532566,elastic,0.004,0.005256535342107602,0.05958322323393866,0.0007438140834559201,3.543269696681808
1138,data/simulations/mdof/sim_001138.npz,RSN0007_PGA_0p300g,RSN0007,0.3,5.711414517102239,3S_T060,3,0.6,0.21413752073532566,bilinear,0.004,0.005256535342107586,0.0595832232339386,0.0007438140834559184,3.5432696966817976
1139,data/simulations/mdof/sim_001139.npz,RSN0007_PGA_0p300g,RSN0007,0.3,5.711414517102239,3S_T060,3,0.6,0.21413752073532566,bilinear,0.007,0.005256535342107586,0.0595832232339386,0.0007438140834559184,3.5432696966817976
1140,data/simulations/mdof/sim_001140.npz,RSN0007_PGA_0p300g,RSN0007,0.3,5.711414517102239,3S_T090,3,0.9,0.32120628110298843,elastic,0.004,0.0101923788702558,0.05551830005496631,0.0011825850906984315,6.766425488525516
1141,data/simulations/mdof/sim_001141.npz,RSN0007_PGA_0p300g,RSN0007,0.3,5.711414517102239,3S_T090,3,0.9,0.32120628110298843,bilinear,0.004,0.010192378870255793,0.05551830005496626,0.0011825850906984315,6.7664254885255115
1142,data/simulations/mdof/sim_001142.npz,RSN0007_PGA_0p300g,RSN0007,0.3,5.711414517102239,3S_T090,3,0.9,0.32120628110298843,bilinear,0.007,0.010192378870255793,0.05551830005496626,0.0011825850906984315,6.7664254885255115
1143,data/simulations/mdof/sim_001143.npz,RSN0007_PGA_0p300g,RSN0007,0.3,5.711414517102239,5S_T055,5,0.5499999999999999,0.18842159912490059,elastic,0.004,0.00391556395930986,0.06093423084853745,0.0003771034803924139,2.9306294842375746
1144,data/simulations/mdof/sim_001144.npz,RSN0007_PGA_0p300g,RSN0007,0.3,5.711414517102239,5S_T055,5,0.5499999999999999,0.18842159912490059,bilinear,0.004,0.0039155639593098585,0.060934230848537524,0.00037710348039241416,2.930629484237575
1145,data/simulations/mdof/sim_001145.npz,RSN0007_PGA_0p300g,RSN0007,0.3,5.711414517102239,5S_T055,5,0.5499999999999999,0.18842159912490059,bilinear,0.007,0.0039155639593098585,0.060934230848537524,0.00037710348039241416,2.930629484237575
1146,data/simulations/mdof/sim_001146.npz,RSN0007_PGA_0p300g,RSN0007,0.3,5.711414517102239,5S_T085,5,0.8499999999999999,0.29119701682939186,elastic,0.004,0.009781725837052273,0.05309971894473017,0.0008962267426073056,9.040674565240883
1147,data/simulations/mdof/sim_001147.npz,RSN0007_PGA_0p300g,RSN0007,0.3,5.711414517102239,5S_T085,5,0.8499999999999999,0.29119701682939186,bilinear,0.004,0.009781725837052276,0.05309971894473028,0.0008962267426073054,9.040674565240897
1148,data/simulations/mdof/sim_001148.npz,RSN0007_PGA_0p300g,RSN0007,0.3,5.711414517102239,5S_T085,5,0.8499999999999999,0.29119701682939186,bilinear,0.007,0.009781725837052276,0.05309971894473028,0.0008962267426073054,9.040674565240897
1149,data/simulations/mdof/sim_001149.npz,RSN0007_PGA_0p300g,RSN0007,0.3,5.711414517102239,5S_T120,5,1.2000000000000008,0.41110167081796517,elastic,0.004,0.011166483923142916,0.05724520261530806,0.0008655126787395277,7.181137465062578
1150,data/simulations/mdof/sim_001150.npz,RSN0007_PGA_0p300g,RSN0007,0.3,5.711414517102239,5S_T120,5,1.2000000000000008,0.41110167081796517,bilinear,0.004,0.011166483923142905,0.057245202615307925,0.0008655126787395292,7.181137465062582
1151,data/simulations/mdof/sim_001151.npz,RSN0007_PGA_0p300g,RSN0007,0.3,5.711414517102239,5S_T120,5,1.2000000000000008,0.41110167081796517,bilinear,0.007,0.011166483923142905,0.057245202615307925,0.0008655126787395292,7.181137465062582
1152,data/simulations/mdof/sim_001152.npz,RSN0007_PGA_0p400g,RSN0007,0.4,7.615219356136318,3S_T035,3,0.34999999999999987,0.1249135537622733,elastic,0.004,0.0026432385858904473,0.09043277650798702,0.0004049835681777726,2.275333502306197
1153,data/simulations/mdof/sim_001153.npz,RSN0007_PGA_0p400g,RSN0007,0.4,7.615219356136318,3S_T035,3,0.34999999999999987,0.1249135537622733,bilinear,0.004,0.002643238585890449,0.09043277650798699,0.0004049835681777731,2.2753335023061987
1154,data/simulations/mdof/sim_001154.npz,RSN0007_PGA_0p400g,RSN0007,0.4,7.615219356136318,3S_T035,3,0.34999999999999987,0.1249135537622733,bilinear,0.007,0.002643238585890449,0.09043277650798699,0.0004049835681777731,2.2753335023061987
1155,data/simulations/mdof/sim_001155.npz,RSN0007_PGA_0p400g,RSN0007,0.4,7.615219356136318,3S_T060,3,0.6,0.21413752073532566,elastic,0.004,0.0070087137894768005,0.07944429764525143,0.0009917521112745597,6.299146127434312
1156,data/simulations/mdof/sim_001156.npz,RSN0007_PGA_0p400g,RSN0007,0.4,7.615219356136318,3S_T060,3,0.6,0.21413752073532566,bilinear,0.004,0.007008713789476806,0.0794442976452515,0.0009917521112745597,6.299146127434333
1157,data/simulations/mdof/sim_001157.npz,RSN0007_PGA_0p400g,RSN0007,0.4,7.615219356136318,3S_T060,3,0.6,0.21413752073532566,bilinear,0.007,0.007008713789476806,0.0794442976452515,0.0009917521112745597,6.299146127434333
1158,data/simulations/mdof/sim_001158.npz,RSN0007_PGA_0p400g,RSN0007,0.4,7.615219356136318,3S_T090,3,0.9,0.32120628110298843,elastic,0.004,0.013589838493674388,0.07402440007328841,0.0015767801209312408,12.02920086848978
1159,data/simulations/mdof/sim_001159.npz,RSN0007_PGA_0p400g,RSN0007,0.4,7.615219356136318,3S_T090,3,0.9,0.32120628110298843,bilinear,0.004,0.013589838493674414,0.07402440007328852,0.0015767801209312434,12.02920086848983
1160,data/simulations/mdof/sim_001160.npz,RSN0007_PGA_0p400g,RSN0007,0.4,7.615219356136318,3S_T090,3,0.9,0.32120628110298843,bilinear,0.007,0.013589838493674414,0.07402440007328852,0.0015767801209312434,12.02920086848983
1161,data/simulations/mdof/sim_001161.npz,RSN0007_PGA_0p400g,RSN0007,0.4,7.615219356136318,5S_T055,5,0.5499999999999999,0.18842159912490059,elastic,0.004,0.005220751945746481,0.08124564113138348,0.0005028046405232185,5.210007971977906
1162,data/simulations/mdof/sim_001162.npz,RSN0007_PGA_0p400g,RSN0007,0.4,7.615219356136318,5S_T055,5,0.5499999999999999,0.18842159912490059,bilinear,0.004,0.005220751945746475,0.08124564113138376,0.0005028046405232176,5.210007971977889
1163,data/simulations/mdof/sim_001163.npz,RSN0007_PGA_0p400g,RSN0007,0.4,7.615219356136318,5S_T055,5,0.5499999999999999,0.18842159912490059,bilinear,0.007,0.005220751945746475,0.08124564113138376,0.0005028046405232176,5.210007971977889
1164,data/simulations/mdof/sim_001164.npz,RSN0007_PGA_0p400g,RSN0007,0.4,7.615219356136318,5S_T085,5,0.8499999999999999,0.29119701682939186,elastic,0.004,0.013042301116069691,0.07079962525964023,0.001194968990143073,16.072310338206012
1165,data/simulations/mdof/sim_001165.npz,RSN0007_PGA_0p400g,RSN0007,0.4,7.615219356136318,5S_T085,5,0.8499999999999999,0.29119701682939186,bilinear,0.004,0.0130423011160697,0.07079962525964062,0.0011949689901430726,16.072310338206027
1166,data/simulations/mdof/sim_001166.npz,RSN0007_PGA_0p400g,RSN0007,0.4,7.615219356136318,5S_T085,5,0.8499999999999999,0.29119701682939186,bilinear,0.007,0.0130423011160697,0.07079962525964062,0.0011949689901430726,16.072310338206027
1167,data/simulations/mdof/sim_001167.npz,RSN0007_PGA_0p400g,RSN0007,0.4,7.615219356136318,5S_T120,5,1.2000000000000008,0.41110167081796517,elastic,0.004,0.01488864523085723,0.07632693682041118,0.0011540169049860376,12.766466604555736
1168,data/simulations/mdof/sim_001168.npz,RSN0007_PGA_0p400g,RSN0007,0.4,7.615219356136318,5S_T120,5,1.2000000000000008,0.41110167081796517,bilinear,0.004,0.014888645230857202,0.0763269368204108,0.0011540169049860348,12.766466604555676
1169,data/simulations/mdof/sim_001169.npz,RSN0007_PGA_0p400g,RSN0007,0.4,7.615219356136318,5S_T120,5,1.2000000000000008,0.41110167081796517,bilinear,0.007,0.014888645230857202,0.0763269368204108,0.0011540169049860348,12.766466604555676
1170,data/simulations/mdof/sim_001170.npz,RSN0007_PGA_0p500g,RSN0007,0.5,9.519024195170395,3S_T035,3,0.34999999999999987,0.1249135537622733,elastic,0.004,0.0033040482323630667,0.11304097063498385,0.0005062294602222167,3.555208597353444
1171,data/simulations/mdof/sim_001171.npz,RSN0007_PGA_0p500g,RSN0007,0.5,9.519024195170395,3S_T035,3,0.34999999999999987,0.1249135537622733,bilinear,0.004,0.0033040482323630684,0.11304097063498397,0.000506229460222217,3.5552085973534453
1172,data/simulations/mdof/sim_001172.npz,RSN0007_PGA_0p500g,RSN0007,0.5,9.519024195170395,3S_T035,3,0.34999999999999987,0.1249135537622733,bilinear,0.007,0.0033040482323630684,0.11304097063498397,0.000506229460222217,3.5552085973534453
1173,data/simulations/mdof/sim_001173.npz,RSN0007_PGA_0p500g,RSN0007,0.5,9.519024195170395,3S_T060,3,0.6,0.21413752073532566,elastic,0.004,0.008760892236845983,0.09930537205656396,0.0012396901390931987,9.842415824116094
1174,data/simulations/mdof/sim_001174.npz,RSN0007_PGA_0p500g,RSN0007,0.5,9.519024195170395,3S_T060,3,0.6,0.21413752073532566,bilinear,0.004,0.008760892236845997,0.09930537205656419,0.0012396901390931974,9.842415824116094
1175,data/simulations/mdof/sim_001175.npz,RSN0007_PGA_0p500g,RSN0007,0.5,9.519024195170395,3S_T060,3,0.6,0.21413752073532566,bilinear,0.007,0.008760892236845997,0.09930537205656419,0.0012396901390931974,9.842415824116094
1176,data/simulations/mdof/sim_001176.npz,RSN0007_PGA_0p500g,RSN0007,0.5,9.519024195170395,3S_T090,3,0.9,0.32120628110298843,elastic,0.004,0.016987298117092986,0.09253050009161039,0.0019709751511640533,18.795626357015284
1177,data/simulations/mdof/sim_001177.npz,RSN0007_PGA_0p500g,RSN0007,0.5,9.519024195170395,3S_T090,3,0.9,0.32120628110298843,bilinear,0.004,0.01698729811709301,0.09253050009161054,0.001970975151164056,18.795626357015358
1178,data/simulations/mdof/sim_001178.npz,RSN0007_PGA_0p500g,RSN0007,0.5,9.519024195170395,3S_T090,3,0.9,0.32120628110298843,bilinear,0.007,0.01698729811709301,0.09253050009161054,0.001970975151164056,18.795626357015358
1179,data/simulations/mdof/sim_001179.npz,RSN0007_PGA_0p500g,RSN0007,0.5,9.519024195170395,5S_T055,5,0.5499999999999999,0.18842159912490059,elastic,0.004,0.006525939932183098,0.1015570514142297,0.0006285058006540222,8.14063745621547
1180,data/simulations/mdof/sim_001180.npz,RSN0007_PGA_0p500g,RSN0007,0.5,9.519024195170395,5S_T055,5,0.5499999999999999,0.18842159912490059,bilinear,0.004,0.006525939932183104,0.10155705141422953,0.0006285058006540227,8.140637456215483
1181,data/simulations/mdof/sim_001181.npz,RSN0007_PGA_0p500g,RSN0007,0.5,9.519024195170395,5S_T055,5,0.5499999999999999,0.18842159912490059,bilinear,0.007,0.006525939932183104,0.10155705141422953,0.0006285058006540227,8.140637456215483
1182,data/simulations/mdof/sim_001182.npz,RSN0007_PGA_0p500g,RSN0007,0.5,9.519024195170395,5S_T085,5,0.8499999999999999,0.29119701682939186,elastic,0.004,0.016302876395087113,0.0884995315745507,0.0014937112376788414,25.11298490344689
1183,data/simulations/mdof/sim_001183.npz,RSN0007_PGA_0p500g,RSN0007,0.5,9.519024195170395,5S_T085,5,0.8499999999999999,0.29119701682939186,bilinear,0.004,0.016302876395087106,0.0884995315745505,0.0014937112376788401,25.112984903446847
1184,data/simulations/mdof/sim_001184.npz,RSN0007_PGA_0p500g,RSN0007,0.5,9.519024195170395,5S_T085,5,0.8499999999999999,0.29119701682939186,bilinear,0.007,0.016302876395087106,0.0884995315745505,0.0014937112376788401,25.112984903446847
1185,data/simulations/mdof/sim_001185.npz,RSN0007_PGA_0p500g,RSN0007,0.5,9.519024195170395,5S_T120,5,1.2000000000000008,0.41110167081796517,elastic,0.004,0.018610806538571504,0.09540867102551374,0.001442521131232543,19.947604069618254
1186,data/simulations/mdof/sim_001186.npz,RSN0007_PGA_0p500g,RSN0007,0.5,9.519024195170395,5S_T120,5,1.2000000000000008,0.41110167081796517,bilinear,0.004,0.018610806538571473,0.09540867102551367,0.0014425211312325426,19.94760406961822
1187,data/simulations/mdof/sim_001187.npz,RSN0007_PGA_0p500g,RSN0007,0.5,9.519024195170395,5S_T120,5,1.2000000000000008,0.41110167081796517,bilinear,0.007,0.018610806538571473,0.09540867102551367,0.0014425211312325426,19.94760406961822
1188,data/simulations/mdof/sim_001188.npz,RSN0007_PGA_0p600g,RSN0007,0.6,11.422829034204478,3S_T035,3,0.34999999999999987,0.1249135537622733,elastic,0.004,0.003964857878835679,0.13564916476198055,0.0006074753522666603,5.119500380188961
1189,data/simulations/mdof/sim_001189.npz,RSN0007_PGA_0p600g,RSN0007,0.6,11.422829034204478,3S_T035,3,0.34999999999999987,0.1249135537622733,bilinear,0.004,0.003964857878835671,0.13564916476198044,0.0006074753522666591,5.119500380188941
1190,data/simulations/mdof/sim_001190.npz,RSN0007_PGA_0p600g,RSN0007,0.6,11.422829034204478,3S_T035,3,0.34999999999999987,0.1249135537622733,bilinear,0.007,0.003964857878835671,0.13564916476198044,0.0006074753522666591,5.119500380188941
1191,data/simulations/mdof/sim_001191.npz,RSN0007_PGA_0p600g,RSN0007,0.6,11.422829034204478,3S_T060,3,0.6,0.21413752073532566,elastic,0.004,0.010513070684215205,0.11916644646787732,0.0014876281669118402,14.173078786727231
1192,data/simulations/mdof/sim_001192.npz,RSN0007_PGA_0p600g,RSN0007,0.6,11.422829034204478,3S_T060,3,0.6,0.21413752073532566,bilinear,0.004,0.010513070684215172,0.1191664464678772,0.0014876281669118367,14.17307878672719
1193,data/simulations/mdof/sim_001193.npz,RSN0007_PGA_0p600g,RSN0007,0.6,11.422829034204478,3S_T060,3,0.6,0.21413752073532566,bilinear,0.007,0.010513070684215172,0.1191664464678772,0.0014876281669118367,14.17307878672719
1194,data/simulations/mdof/sim_001194.npz,RSN0007_PGA_0p600g,RSN0007,0.6,11.422829034204478,3S_T090,3,0.9,0.32120628110298843,elastic,0.004,0.0203847577405116,0.11103660010993262,0.002365170181396863,27.065701954102064
1195,data/simulations/mdof/sim_001195.npz,RSN0007_PGA_0p600g,RSN0007,0.6,11.422829034204478,3S_T090,3,0.9,0.32120628110298843,bilinear,0.004,0.020384757740511586,0.11103660010993252,0.002365170181396863,27.065701954102046
1196,data/simulations/mdof/sim_001196.npz,RSN0007_PGA_0p600g,RSN0007,0.6,11.422829034204478,3S_T090,3,0.9,0.32120628110298843,bilinear,0.007,0.020384757740511586,0.11103660010993252,0.002365170181396863,27.065701954102046
1197,data/simulations/mdof/sim_001197.npz,RSN0007_PGA_0p600g,RSN0007,0.6,11.422829034204478,5S_T055,5,0.5499999999999999,0.18842159912490059,elastic,0.004,0.00783112791861972,0.1218684616970749,0.0007542069607848278,11.722517936950299
1198,data/simulations/mdof/sim_001198.npz,RSN0007_PGA_0p600g,RSN0007,0.6,11.422829034204478,5S_T055,5,0.5499999999999999,0.18842159912490059,bilinear,0.004,0.007831127918619717,0.12186846169707505,0.0007542069607848283,11.7225179369503
1199,data/simulations/mdof/sim_001199.npz,RSN0007_PGA_0p600g,RSN0007,0.6,11.422829034204478,5S_T055,5,0.5499999999999999,0.18842159912490059,bilinear,0.007,0.007831127918619717,0.12186846169707505,0.0007542069607848283,11.7225179369503
1200,data/simulations/mdof/sim_001200.npz,RSN0007_PGA_0p600g,RSN0007,0.6,11.422829034204478,5S_T085,5,0.8499999999999999,0.29119701682939186,elastic,0.004,0.019563451674104546,0.10619943788946035,0.0017924534852146112,36.16269826096353
1201,data/simulations/mdof/sim_001201.npz,RSN0007_PGA_0p600g,RSN0007,0.6,11.422829034204478,5S_T085,5,0.8499999999999999,0.29119701682939186,bilinear,0.004,0.019563451674104552,0.10619943788946055,0.0017924534852146107,36.16269826096359
1202,data/simulations/mdof/sim_001202.npz,RSN0007_PGA_0p600g,RSN0007,0.6,11.422829034204478,5S_T085,5,0.8499999999999999,0.29119701682939186,bilinear,0.007,0.019563451674104552,0.10619943788946055,0.0017924534852146107,36.16269826096359
1203,data/simulations/mdof/sim_001203.npz,RSN0007_PGA_0p600g,RSN0007,0.6,11.422829034204478,5S_T120,5,1.2000000000000008,0.41110167081796517,elastic,0.004,0.022332967846285832,0.11449040523061613,0.0017310253574790554,28.724549860250313
1204,data/simulations/mdof/sim_001204.npz,RSN0007_PGA_0p600g,RSN0007,0.6,11.422829034204478,5S_T120,5,1.2000000000000008,0.41110167081796517,bilinear,0.004,0.02233296784628581,0.11449040523061585,0.0017310253574790585,28.724549860250328
1205,data/simulations/mdof/sim_001205.npz,RSN0007_PGA_0p600g,RSN0007,0.6,11.422829034204478,5S_T120,5,1.2000000000000008,0.41110167081796517,bilinear,0.007,0.02233296784628581,0.11449040523061585,0.0017310253574790585,28.724549860250328
1206,data/simulations/mdof/sim_001206.npz,RSN0007_PGA_0p800g,RSN0007,0.8,15.230438712272637,3S_T035,3,0.34999999999999987,0.1249135537622733,elastic,0.004,0.0052864771717808946,0.18086555301597404,0.0008099671363555452,9.101334009224788
1207,data/simulations/mdof/sim_001207.npz,RSN0007_PGA_0p800g,RSN0007,0.8,15.230438712272637,3S_T035,3,0.34999999999999987,0.1249135537622733,bilinear,0.004,0.005286477171780898,0.18086555301597398,0.0008099671363555462,9.101334009224795
1208,data/simulations/mdof/sim_001208.npz,RSN0007_PGA_0p800g,RSN0007,0.8,15.230438712272637,3S_T035,3,0.34999999999999987,0.1249135537622733,bilinear,0.007,0.005286477171780898,0.18086555301597398,0.0008099671363555462,9.101334009224795
1209,data/simulations/mdof/sim_001209.npz,RSN0007_PGA_0p800g,RSN0007,0.8,15.230438712272637,3S_T060,3,0.6,0.21413752073532566,elastic,0.004,0.014017427578953601,0.15888859529050287,0.0019835042225491194,25.19658450973725
1210,data/simulations/mdof/sim_001210.npz,RSN0007_PGA_0p800g,RSN0007,0.8,15.230438712272637,3S_T060,3,0.6,0.21413752073532566,bilinear,0.004,0.014017427578953611,0.158888595290503,0.0019835042225491194,25.19658450973733
1211,data/simulations/mdof/sim_001211.npz,RSN0007_PGA_0p800g,RSN0007,0.8,15.230438712272637,3S_T060,3,0.6,0.21413752073532566,bilinear,0.007,0.014017427578953611,0.158888595290503,0.0019835042225491194,25.19658450973733
1212,data/simulations/mdof/sim_001212.npz,RSN0007_PGA_0p800g,RSN0007,0.8,15.230438712272637,3S_T090,3,0.9,0.32120628110298843,elastic,0.004,0.027179676987348775,0.14804880014657681,0.0031535602418624816,48.11680347395912
1213,data/simulations/mdof/sim_001213.npz,RSN0007_PGA_0p800g,RSN0007,0.8,15.230438712272637,3S_T090,3,0.9,0.32120628110298843,bilinear,0.004,0.027179676987348828,0.14804880014657704,0.0031535602418624868,48.11680347395932
1214,data/simulations/mdof/sim_001214.npz,RSN0007_PGA_0p800g,RSN0007,0.8,15.230438712272637,3S_T090,3,0.9,0.32120628110298843,bilinear,0.007,0.027179676987348828,0.14804880014657704,0.0031535602418624868,48.11680347395932
1215,data/simulations/mdof/sim_001215.npz,RSN0007_PGA_0p800g,RSN0007,0.8,15.230438712272637,5S_T055,5,0.5499999999999999,0.18842159912490059,elastic,0.004,0.010441503891492962,0.16249128226276696,0.001005609281046437,20.840031887911625
1216,data/simulations/mdof/sim_001216.npz,RSN0007_PGA_0p800g,RSN0007,0.8,15.230438712272637,5S_T055,5,0.5499999999999999,0.18842159912490059,bilinear,0.004,0.01044150389149295,0.16249128226276752,0.0010056092810464352,20.840031887911557
1217,data/simulations/mdof/sim_001217.npz,RSN0007_PGA_0p800g,RSN0007,0.8,15.230438712272637,5S_T055,5,0.5499999999999999,0.18842159912490059,bilinear,0.007,0.01044150389149295,0.16249128226276752,0.0010056092810464352,20.840031887911557
1218,data/simulations/mdof/sim_001218.npz,RSN0007_PGA_0p800g,RSN0007,0.8,15.230438712272637,5S_T085,5,0.8499999999999999,0.29119701682939186,elastic,0.004,0.026084602232139383,0.14159925051928046,0.002389937980286146,64.28924135282405
1219,data/simulations/mdof/sim_001219.npz,RSN0007_PGA_0p800g,RSN0007,0.8,15.230438712272637,5S_T085,5,0.8499999999999999,0.29119701682939186,bilinear,0.004,0.0260846022321394,0.14159925051928124,0.002389937980286145,64.2892413528241
1220,data/simulations/mdof/sim_001220.npz,RSN0007_PGA_0p800g,RSN0007,0.8,15.230438712272637,5S_T085,5,0.8499999999999999,0.29119701682939186,bilinear,0.007,0.0260846022321394,0.14159925051928124,0.002389937980286145,64.2892413528241
1221,data/simulations/mdof/sim_001221.npz,RSN0007_PGA_0p800g,RSN0007,0.8,15.230438712272637,5S_T120,5,1.2000000000000008,0.41110167081796517,elastic,0.004,0.02977729046171446,0.15265387364082236,0.0023080338099720752,51.065866418222946
1222,data/simulations/mdof/sim_001222.npz,RSN0007_PGA_0p800g,RSN0007,0.8,15.230438712272637,5S_T120,5,1.2000000000000008,0.41110167081796517,bilinear,0.004,0.029777290461714404,0.1526538736408216,0.0023080338099720696,51.065866418222704
1223,data/simulations/mdof/sim_001223.npz,RSN0007_PGA_0p800g,RSN0007,0.8,15.230438712272637,5S_T120,5,1.2000000000000008,0.41110167081796517,bilinear,0.007,0.029777290461714404,0.1526538736408216,0.0023080338099720696,51.065866418222704
1224,data/simulations/mdof/sim_001224.npz,RSN0007_PGA_1p000g,RSN0007,1.0,19.03804839034079,3S_T035,3,0.34999999999999987,0.1249135537622733,elastic,0.004,0.006608096464726133,0.2260819412699677,0.0010124589204444335,14.220834389413776
1225,data/simulations/mdof/sim_001225.npz,RSN0007_PGA_1p000g,RSN0007,1.0,19.03804839034079,3S_T035,3,0.34999999999999987,0.1249135537622733,bilinear,0.004,0.006608096464726137,0.22608194126996795,0.001012458920444434,14.220834389413781
1226,data/simulations/mdof/sim_001226.npz,RSN0007_PGA_1p000g,RSN0007,1.0,19.03804839034079,3S_T035,3,0.34999999999999987,0.1249135537622733,bilinear,0.007,0.006608096464726137,0.22608194126996795,0.001012458920444434,14.220834389413781
1227,data/simulations/mdof/sim_001227.npz,RSN0007_PGA_1p000g,RSN0007,1.0,19.03804839034079,3S_T060,3,0.6,0.21413752073532566,elastic,0.004,0.017521784473691966,0.19861074411312793,0.0024793802781863973,39.369663296464374
1228,data/simulations/mdof/sim_001228.npz,RSN0007_PGA_1p000g,RSN0007,1.0,19.03804839034079,3S_T060,3,0.6,0.21413752073532566,bilinear,0.004,0.017521784473691994,0.19861074411312837,0.0024793802781863947,39.369663296464374
1229,data/simulations/mdof/sim_001229.npz,RSN0007_PGA_1p000g,RSN0007,1.0,19.03804839034079,3S_T060,3,0.6,0.21413752073532566,bilinear,0.007,0.017521784473691994,0.19861074411312837,0.0024793802781863947,39.369663296464374
1230,data/simulations/mdof/sim_001230.npz,RSN0007_PGA_1p000g,RSN0007,1.0,19.03804839034079,3S_T090,3,0.9,0.32120628110298843,elastic,0.004,0.03397459623418597,0.18506100018322078,0.003941950302328107,75.18250542806113
1231,data/simulations/mdof/sim_001231.npz,RSN0007_PGA_1p000g,RSN0007,1.0,19.03804839034079,3S_T090,3,0.9,0.32120628110298843,bilinear,0.004,0.03397459623418602,0.18506100018322108,0.003941950302328112,75.18250542806143
1232,data/simulations/mdof/sim_001232.npz,RSN0007_PGA_1p000g,RSN0007,1.0,19.03804839034079,3S_T090,3,0.9,0.32120628110298843,bilinear,0.007,0.03397459623418602,0.18506100018322108,0.003941950302328112,75.18250542806143
1233,data/simulations/mdof/sim_001233.npz,RSN0007_PGA_1p000g,RSN0007,1.0,19.03804839034079,5S_T055,5,0.5499999999999999,0.18842159912490059,elastic,0.004,0.013051879864366196,0.2031141028284594,0.0012570116013080443,32.56254982486188
1234,data/simulations/mdof/sim_001234.npz,RSN0007_PGA_1p000g,RSN0007,1.0,19.03804839034079,5S_T055,5,0.5499999999999999,0.18842159912490059,bilinear,0.004,0.013051879864366208,0.20311410282845907,0.0012570116013080454,32.56254982486193
1235,data/simulations/mdof/sim_001235.npz,RSN0007_PGA_1p000g,RSN0007,1.0,19.03804839034079,5S_T055,5,0.5499999999999999,0.18842159912490059,bilinear,0.007,0.013051879864366208,0.20311410282845907,0.0012570116013080454,32.56254982486193
1236,data/simulations/mdof/sim_001236.npz,RSN0007_PGA_1p000g,RSN0007,1.0,19.03804839034079,5S_T085,5,0.8499999999999999,0.29119701682939186,elastic,0.004,0.032605752790174226,0.1769990631491014,0.002987422475357683,100.45193961378756
1237,data/simulations/mdof/sim_001237.npz,RSN0007_PGA_1p000g,RSN0007,1.0,19.03804839034079,5S_T085,5,0.8499999999999999,0.29119701682939186,bilinear,0.004,0.03260575279017421,0.176999063149101,0.0029874224753576803,100.45193961378739
1238,data/simulations/mdof/sim_001238.npz,RSN0007_PGA_1p000g,RSN0007,1.0,19.03804839034079,5S_T085,5,0.8499999999999999,0.29119701682939186,bilinear,0.007,0.03260575279017421,0.176999063149101,0.0029874224753576803,100.45193961378739
1239,data/simulations/mdof/sim_001239.npz,RSN0007_PGA_1p000g,RSN0007,1.0,19.03804839034079,5S_T120,5,1.2000000000000008,0.41110167081796517,elastic,0.004,0.03722161307714301,0.1908173420510275,0.002885042262465086,79.79041627847302
1240,data/simulations/mdof/sim_001240.npz,RSN0007_PGA_1p000g,RSN0007,1.0,19.03804839034079,5S_T120,5,1.2000000000000008,0.41110167081796517,bilinear,0.004,0.037221613077142945,0.19081734205102735,0.0028850422624650852,79.79041627847288
1241,data/simulations/mdof/sim_001241.npz,RSN0007_PGA_1p000g,RSN0007,1.0,19.03804839034079,5S_T120,5,1.2000000000000008,0.41110167081796517,bilinear,0.007,0.037221613077142945,0.19081734205102735,0.0028850422624650852,79.79041627847288
1242,data/simulations/mdof/sim_001242.npz,RSN0007_PGA_1p200g,RSN0007,1.2,22.845658068408955,3S_T035,3,0.34999999999999987,0.1249135537622733,elastic,0.004,0.007929715757671358,0.2712983295239611,0.0012149507045333206,20.478001520755843
1243,data/simulations/mdof/sim_001243.npz,RSN0007_PGA_1p200g,RSN0007,1.2,22.845658068408955,3S_T035,3,0.34999999999999987,0.1249135537622733,bilinear,0.004,0.007929715757671343,0.2712983295239609,0.0012149507045333182,20.478001520755765
1244,data/simulations/mdof/sim_001244.npz,RSN0007_PGA_1p200g,RSN0007,1.2,22.845658068408955,3S_T035,3,0.34999999999999987,0.1249135537622733,bilinear,0.007,0.007929715757671343,0.2712983295239609,0.0012149507045333182,20.478001520755765
1245,data/simulations/mdof/sim_001245.npz,RSN0007_PGA_1p200g,RSN0007,1.2,22.845658068408955,3S_T060,3,0.6,0.21413752073532566,elastic,0.004,0.02102614136843041,0.23833289293575463,0.0029752563338236804,56.692315146908925
1246,data/simulations/mdof/sim_001246.npz,RSN0007_PGA_1p200g,RSN0007,1.2,22.845658068408955,3S_T060,3,0.6,0.21413752073532566,bilinear,0.004,0.021026141368430343,0.2383328929357544,0.0029752563338236735,56.69231514690876
1247,data/simulations/mdof/sim_001247.npz,RSN0007_PGA_1p200g,RSN0007,1.2,22.845658068408955,3S_T060,3,0.6,0.21413752073532566,bilinear,0.007,0.021026141368430343,0.2383328929357544,0.0029752563338236735,56.69231514690876
1248,data/simulations/mdof/sim_001248.npz,RSN0007_PGA_1p200g,RSN0007,1.2,22.845658068408955,3S_T090,3,0.9,0.32120628110298843,elastic,0.004,0.0407695154810232,0.22207320021986524,0.004730340362793726,108.26280781640826
1249,data/simulations/mdof/sim_001249.npz,RSN0007_PGA_1p200g,RSN0007,1.2,22.845658068408955,3S_T090,3,0.9,0.32120628110298843,bilinear,0.004,0.04081609195256491,0.21487144756906548,0.005666376777427498,116.75439650488227
1250,data/simulations/mdof/sim_001250.npz,RSN0007_PGA_1p200g,RSN0007,1.2,22.845658068408955,3S_T090,3,0.9,0.32120628110298843,bilinear,0.007,0.04076951548102317,0.22207320021986504,0.004730340362793726,108.26280781640818
1251,data/simulations/mdof/sim_001251.npz,RSN0007_PGA_1p200g,RSN0007,1.2,22.845658068408955,5S_T055,5,0.5499999999999999,0.18842159912490059,elastic,0.004,0.01566225583723944,0.2437369233941498,0.0015084139215696556,46.890071747801194
1252,data/simulations/mdof/sim_001252.npz,RSN0007_PGA_1p200g,RSN0007,1.2,22.845658068408955,5S_T055,5,0.5499999999999999,0.18842159912490059,bilinear,0.004,0.015662255837239434,0.2437369233941501,0.0015084139215696566,46.8900717478012
1253,data/simulations/mdof/sim_001253.npz,RSN0007_PGA_1p200g,RSN0007,1.2,22.845658068408955,5S_T055,5,0.5499999999999999,0.18842159912490059,bilinear,0.007,0.015662255837239434,0.2437369233941501,0.0015084139215696566,46.8900717478012
1254,data/simulations/mdof/sim_001254.npz,RSN0007_PGA_1p200g,RSN0007,1.2,22.845658068408955,5S_T085,5,0.8499999999999999,0.29119701682939186,elastic,0.004,0.03912690334820909,0.2123988757789207,0.0035849069704292223,144.65079304385412
1255,data/simulations/mdof/sim_001255.npz,RSN0007_PGA_1p200g,RSN0007,1.2,22.845658068408955,5S_T085,5,0.8499999999999999,0.29119701682939186,bilinear,0.004,0.039126903348209105,0.2123988757789211,0.0035849069704292215,144.65079304385435
1256,data/simulations/mdof/sim_001256.npz,RSN0007_PGA_1p200g,RSN0007,1.2,22.845658068408955,5S_T085,5,0.8499999999999999,0.29119701682939186,bilinear,0.007,0.039126903348209105,0.2123988757789211,0.0035849069704292215,144.65079304385435
1257,data/simulations/mdof/sim_001257.npz,RSN0007_PGA_1p200g,RSN0007,1.2,22.845658068408955,5S_T120,5,1.2000000000000008,0.41110167081796517,elastic,0.004,0.044665935692571664,0.22898081046123225,0.003462050714958111,114.89819944100125
1258,data/simulations/mdof/sim_001258.npz,RSN0007_PGA_1p200g,RSN0007,1.2,22.845658068408955,5S_T120,5,1.2000000000000008,0.41110167081796517,bilinear,0.004,0.04466593569257162,0.2289808104612317,0.003462050714958117,114.89819944100131
1259,data/simulations/mdof/sim_001259.npz,RSN0007_PGA_1p200g,RSN0007,1.2,22.845658068408955,5S_T120,5,1.2000000000000008,0.41110167081796517,bilinear,0.007,0.04466593569257162,0.2289808104612317,0.003462050714958117,114.89819944100131
1260,data/simulations/mdof/sim_001260.npz,RSN0008_PGA_0p050g,RSN0008,0.05,1.3025827278856863,3S_T035,3,0.34999999999999987,0.1249135537622733,elastic,0.004,0.0003438685336376255,0.009386160319207762,5.1937516317680946e-05,0.03965892508664891
1261,data/simulations/mdof/sim_001261.npz,RSN0008_PGA_0p050g,RSN0008,0.05,1.3025827278856863,3S_T035,3,0.34999999999999987,0.1249135537622733,bilinear,0.004,0.0003438685336376259,0.009386160319207757,5.193751631768107e-05,0.03965892508664901
1262,data/simulations/mdof/sim_001262.npz,RSN0008_PGA_0p050g,RSN0008,0.05,1.3025827278856863,3S_T035,3,0.34999999999999987,0.1249135537622733,bilinear,0.007,0.0003438685336376259,0.009386160319207757,5.193751631768107e-05,0.03965892508664901
1263,data/simulations/mdof/sim_001263.npz,RSN0008_PGA_0p050g,RSN0008,0.05,1.3025827278856863,3S_T060,3,0.6,0.21413752073532566,elastic,0.004,0.000922074526763448,0.012603054097117584,0.00013175743649164676,0.11408958179324999
1264,data/simulations/mdof/sim_001264.npz,RSN0008_PGA_0p050g,RSN0008,0.05,1.3025827278856863,3S_T060,3,0.6,0.21413752073532566,bilinear,0.004,0.0009220745267634482,0.012603054097117606,0.00013175743649164654,0.11408958179324975
1265,data/simulations/mdof/sim_001265.npz,RSN0008_PGA_0p050g,RSN0008,0.05,1.3025827278856863,3S_T060,3,0.6,0.21413752073532566,bilinear,0.007,0.0009220745267634482,0.012603054097117606,0.00013175743649164654,0.11408958179324975
1266,data/simulations/mdof/sim_001266.npz,RSN0008_PGA_0p050g,RSN0008,0.05,1.3025827278856863,3S_T090,3,0.9,0.32120628110298843,elastic,0.004,0.0016034523461827934,0.00939491087623611,0.00023967887904123691,0.2092726604243284
1267,data/simulations/mdof/sim_001267.npz,RSN0008_PGA_0p050g,RSN0008,0.05,1.3025827278856863,3S_T090,3,0.9,0.32120628110298843,bilinear,0.004,0.0016034523461827938,0.009394910876236139,0.00023967887904123697,0.20927266042432838
1268,data/simulations/mdof/sim_001268.npz,RSN0008_PGA_0p050g,RSN0008,0.05,1.3025827278856863,3S_T090,3,0.9,0.32120628110298843,bilinear,0.007,0.0016034523461827938,0.009394910876236139,0.00023967887904123697,0.20927266042432838
1269,data/simulations/mdof/sim_001269.npz,RSN0008_PGA_0p050g,RSN0008,0.05,1.3025827278856863,5S_T055,5,0.5499999999999999,0.18842159912490059,elastic,0.004,0.0007634989818557531,0.014276778263380268,6.390770242248575e-05,0.10574631005387086
1270,data/simulations/mdof/sim_001270.npz,RSN0008_PGA_0p050g,RSN0008,0.05,1.3025827278856863,5S_T055,5,0.5499999999999999,0.18842159912490059,bilinear,0.004,0.0007634989818557527,0.014276778263380271,6.390770242248579e-05,0.10574631005387086
1271,data/simulations/mdof/sim_001271.npz,RSN0008_PGA_0p050g,RSN0008,0.05,1.3025827278856863,5S_T055,5,0.5499999999999999,0.18842159912490059,bilinear,0.007,0.0007634989818557527,0.014276778263380271,6.390770242248579e-05,0.10574631005387086
1272,data/simulations/mdof/sim_001272.npz,RSN0008_PGA_0p050g,RSN0008,0.05,1.3025827278856863,5S_T085,5,0.8499999999999999,0.29119701682939186,elastic,0.004,0.00144762020721347,0.01009559032979331,0.00014039197131956131,0.21861319439166838
1273,data/simulations/mdof/sim_001273.npz,RSN0008_PGA_0p050g,RSN0008,0.05,1.3025827278856863,5S_T085,5,0.8499999999999999,0.29119701682939186,bilinear,0.004,0.0014476202072134718,0.010095590329793337,0.00014039197131956118,0.21861319439166846
1274,data/simulations/mdof/sim_001274.npz,RSN0008_PGA_0p050g,RSN0008,0.05,1.3025827278856863,5S_T085,5,0.8499999999999999,0.29119701682939186,bilinear,0.007,0.0014476202072134718,0.010095590329793337,0.00014039197131956118,0.21861319439166846
1275,data/simulations/mdof/sim_001275.npz,RSN0008_PGA_0p050g,RSN0008,0.05,1.3025827278856863,5S_T120,5,1.2000000000000008,0.41110167081796517,elastic,0.004,0.0030772317474656447,0.011668791676410209,0.0002485002205836378,0.5339989224101106
1276,data/simulations/mdof/sim_001276.npz,RSN0008_PGA_0p050g,RSN0008,0.05,1.3025827278856863,5S_T120,5,1.2000000000000008,0.41110167081796517,bilinear,0.004,0.00307723174746565,0.011668791676410228,0.0002485002205836381,0.5339989224101114
1277,data/simulations/mdof/sim_001277.npz,RSN0008_PGA_0p050g,RSN0008,0.05,1.3025827278856863,5S_T120,5,1.2000000000000008,0.41110167081796517,bilinear,0.007,0.00307723174746565,0.011668791676410228,0.0002485002205836381,0.5339989224101114
1278,data/simulations/mdof/sim_001278.npz,RSN0008_PGA_0p100g,RSN0008,0.1,2.605165455771373,3S_T035,3,0.34999999999999987,0.1249135537622733,elastic,0.004,0.000687737067275251,0.018772320638415524,0.00010387503263536189,0.15863570034659563
1279,data/simulations/mdof/sim_001279.npz,RSN0008_PGA_0p100g,RSN0008,0.1,2.605165455771373,3S_T035,3,0.34999999999999987,0.1249135537622733,bilinear,0.004,0.0006877370672752518,0.018772320638415513,0.00010387503263536214,0.15863570034659605
1280,data/simulations/mdof/sim_001280.npz,RSN0008_PGA_0p100g,RSN0008,0.1,2.605165455771373,3S_T035,3,0.34999999999999987,0.1249135537622733,bilinear,0.007,0.0006877370672752518,0.018772320638415513,0.00010387503263536214,0.15863570034659605
1281,data/simulations/mdof/sim_001281.npz,RSN0008_PGA_0p100g,RSN0008,0.1,2.605165455771373,3S_T060,3,0.6,0.21413752073532566,elastic,0.004,0.001844149053526896,0.025206108194235168,0.0002635148729832935,0.45635832717299996
1282,data/simulations/mdof/sim_001282.npz,RSN0008_PGA_0p100g,RSN0008,0.1,2.605165455771373,3S_T060,3,0.6,0.21413752073532566,bilinear,0.004,0.0018441490535268965,0.025206108194235213,0.0002635148729832931,0.456358327172999
1283,data/simulations/mdof/sim_001283.npz,RSN0008_PGA_0p100g,RSN0008,0.1,2.605165455771373,3S_T060,3,0.6,0.21413752073532566,bilinear,0.007,0.0018441490535268965,0.025206108194235213,0.0002635148729832931,0.456358327172999
1284,data/simulations/mdof/sim_001284.npz,RSN0008_PGA_0p100g,RSN0008,0.1,2.605165455771373,3S_T090,3,0.9,0.32120628110298843,elastic,0.004,0.0032069046923655867,0.01878982175247222,0.00047935775808247383,0.8370906416973136
1285,data/simulations/mdof/sim_001285.npz,RSN0008_PGA_0p100g,RSN0008,0.1,2.605165455771373,3S_T090,3,0.9,0.32120628110298843,bilinear,0.004,0.0032069046923655876,0.018789821752472277,0.00047935775808247394,0.8370906416973135
1286,data/simulations/mdof/sim_001286.npz,RSN0008_PGA_0p100g,RSN0008,0.1,2.605165455771373,3S_T090,3,0.9,0.32120628110298843,bilinear,0.007,0.0032069046923655876,0.018789821752472277,0.00047935775808247394,0.8370906416973135
1287,data/simulations/mdof/sim_001287.npz,RSN0008_PGA_0p100g,RSN0008,0.1,2.605165455771373,5S_T055,5,0.5499999999999999,0.18842159912490059,elastic,0.004,0.0015269979637115062,0.028553556526760535,0.0001278154048449715,0.42298524021548345
1288,data/simulations/mdof/sim_001288.npz,RSN0008_PGA_0p100g,RSN0008,0.1,2.605165455771373,5S_T055,5,0.5499999999999999,0.18842159912490059,bilinear,0.004,0.0015269979637115053,0.028553556526760542,0.00012781540484497157,0.42298524021548345
1289,data/simulations/mdof/sim_001289.npz,RSN0008_PGA_0p100g,RSN0008,0.1,2.605165455771373,5S_T055,5,0.5499999999999999,0.18842159912490059,bilinear,0.007,0.0015269979637115053,0.028553556526760542,0.00012781540484497157,0.42298524021548345
1290,data/simulations/mdof/sim_001290.npz,RSN0008_PGA_0p100g,RSN0008,0.1,2.605165455771373,5S_T085,5,0.8499999999999999,0.29119701682939186,elastic,0.004,0.00289524041442694,0.02019118065958662,0.00028078394263912263,0.8744527775666735
1291,data/simulations/mdof/sim_001291.npz,RSN0008_PGA_0p100g,RSN0008,0.1,2.605165455771373,5S_T085,5,0.8499999999999999,0.29119701682939186,bilinear,0.004,0.0028952404144269436,0.020191180659586673,0.00028078394263912236,0.8744527775666738
1292,data/simulations/mdof/sim_001292.npz,RSN0008_PGA_0p100g,RSN0008,0.1,2.605165455771373,5S_T085,5,0.8499999999999999,0.29119701682939186,bilinear,0.007,0.0028952404144269436,0.020191180659586673,0.00028078394263912236,0.8744527775666738
1293,data/simulations/mdof/sim_001293.npz,RSN0008_PGA_0p100g,RSN0008,0.1,2.605165455771373,5S_T120,5,1.2000000000000008,0.41110167081796517,elastic,0.004,0.006154463494931289,0.023337583352820417,0.0004970004411672756,2.1359956896404424
1294,data/simulations/mdof/sim_001294.npz,RSN0008_PGA_0p100g,RSN0008,0.1,2.605165455771373,5S_T120,5,1.2000000000000008,0.41110167081796517,bilinear,0.004,0.0061544634949313,0.023337583352820455,0.0004970004411672762,2.1359956896404455
1295,data/simulations/mdof/sim_001295.npz,RSN0008_PGA_0p100g,RSN0008,0.1,2.605165455771373,5S_T120,5,1.2000000000000008,0.41110167081796517,bilinear,0.007,0.0061544634949313,0.023337583352820455,0.0004970004411672762,2.1359956896404455
1296,data/simulations/mdof/sim_001296.npz,RSN0008_PGA_0p200g,RSN0008,0.2,5.210330911542746,3S_T035,3,0.34999999999999987,0.1249135537622733,elastic,0.004,0.001375474134550502,0.03754464127683105,0.00020775006527072378,0.6345428013863825
1297,data/simulations/mdof/sim_001297.npz,RSN0008_PGA_0p200g,RSN0008,0.2,5.210330911542746,3S_T035,3,0.34999999999999987,0.1249135537622733,bilinear,0.004,0.0013754741345505036,0.03754464127683103,0.00020775006527072427,0.6345428013863842
1298,data/simulations/mdof/sim_001298.npz,RSN0008_PGA_0p200g,RSN0008,0.2,5.210330911542746,3S_T035,3,0.34999999999999987,0.1249135537622733,bilinear,0.007,0.0013754741345505036,0.03754464127683103,0.00020775006527072427,0.6345428013863842
1299,data/simulations/mdof/sim_001299.npz,RSN0008_PGA_0p200g,RSN0008,0.2,5.210330911542746,3S_T060,3,0.6,0.21413752073532566,elastic,0.004,0.003688298107053792,0.050412216388470335,0.000527029745966587,1.8254333086919998
1300,data/simulations/mdof/sim_001300.npz,RSN0008_PGA_0p200g,RSN0008,0.2,5.210330911542746,3S_T060,3,0.6,0.21413752073532566,bilinear,0.004,0.003688298107053793,0.050412216388470425,0.0005270297459665862,1.825433308691996
1301,data/simulations/mdof/sim_001301.npz,RSN0008_PGA_0p200g,RSN0008,0.2,5.210330911542746,3S_T060,3,0.6,0.21413752073532566,bilinear,0.007,0.003688298107053793,0.050412216388470425,0.0005270297459665862,1.825433308691996
1302,data/simulations/mdof/sim_001302.npz,RSN0008_PGA_0p200g,RSN0008,0.2,5.210330911542746,3S_T090,3,0.9,0.32120628110298843,elastic,0.004,0.0064138093847311735,0.03757964350494444,0.0009587155161649477,3.3483625667892545
1303,data/simulations/mdof/sim_001303.npz,RSN0008_PGA_0p200g,RSN0008,0.2,5.210330911542746,3S_T090,3,0.9,0.32120628110298843,bilinear,0.004,0.006413809384731175,0.037579643504944554,0.0009587155161649479,3.348362566789254
1304,data/simulations/mdof/sim_001304.npz,RSN0008_PGA_0p200g,RSN0008,0.2,5.210330911542746,3S_T090,3,0.9,0.32120628110298843,bilinear,0.007,0.006413809384731175,0.037579643504944554,0.0009587155161649479,3.348362566789254
1305,data/simulations/mdof/sim_001305.npz,RSN0008_PGA_0p200g,RSN0008,0.2,5.210330911542746,5S_T055,5,0.5499999999999999,0.18842159912490059,elastic,0.004,0.0030539959274230124,0.05710711305352107,0.000255630809689943,1.6919409608619338
1306,data/simulations/mdof/sim_001306.npz,RSN0008_PGA_0p200g,RSN0008,0.2,5.210330911542746,5S_T055,5,0.5499999999999999,0.18842159912490059,bilinear,0.004,0.0030539959274230107,0.057107113053521084,0.00025563080968994315,1.6919409608619338
1307,data/simulations/mdof/sim_001307.npz,RSN0008_PGA_0p200g,RSN0008,0.2,5.210330911542746,5S_T055,5,0.5499999999999999,0.18842159912490059,bilinear,0.007,0.0030539959274230107,0.057107113053521084,0.00025563080968994315,1.6919409608619338
1308,data/simulations/mdof/sim_001308.npz,RSN0008_PGA_0p200g,RSN0008,0.2,5.210330911542746,5S_T085,5,0.8499999999999999,0.29119701682939186,elastic,0.004,0.00579048082885388,0.04038236131917324,0.0005615678852782453,3.497811110266694
1309,data/simulations/mdof/sim_001309.npz,RSN0008_PGA_0p200g,RSN0008,0.2,5.210330911542746,5S_T085,5,0.8499999999999999,0.29119701682939186,bilinear,0.004,0.005790480828853887,0.040382361319173346,0.0005615678852782447,3.4978111102666953
1310,data/simulations/mdof/sim_001310.npz,RSN0008_PGA_0p200g,RSN0008,0.2,5.210330911542746,5S_T085,5,0.8499999999999999,0.29119701682939186,bilinear,0.007,0.005790480828853887,0.040382361319173346,0.0005615678852782447,3.4978111102666953
1311,data/simulations/mdof/sim_001311.npz,RSN0008_PGA_0p200g,RSN0008,0.2,5.210330911542746,5S_T120,5,1.2000000000000008,0.41110167081796517,elastic,0.004,0.012308926989862579,0.046675166705640835,0.0009940008823345512,8.54398275856177
1312,data/simulations/mdof/sim_001312.npz,RSN0008_PGA_0p200g,RSN0008,0.2,5.210330911542746,5S_T120,5,1.2000000000000008,0.41110167081796517,bilinear,0.004,0.012308926989862542,0.046675166705640654,0.0009940008823345495,8.543982758561734
1313,data/simulations/mdof/sim_001313.npz,RSN0008_PGA_0p200g,RSN0008,0.2,5.210330911542746,5S_T120,5,1.2000000000000008,0.41110167081796517,bilinear,0.007,0.012308926989862542,0.046675166705640654,0.0009940008823345495,8.543982758561734
1314,data/simulations/mdof/sim_001314.npz,RSN0008_PGA_0p300g,RSN0008,0.3,7.815496367314118,3S_T035,3,0.34999999999999987,0.1249135537622733,elastic,0.004,0.0020632112018257524,0.05631696191524652,0.0003116250979060858,1.4277213031193614
1315,data/simulations/mdof/sim_001315.npz,RSN0008_PGA_0p300g,RSN0008,0.3,7.815496367314118,3S_T035,3,0.34999999999999987,0.1249135537622733,bilinear,0.004,0.0020632112018257555,0.05631696191524653,0.00031162509790608607,1.427721303119363
1316,data/simulations/mdof/sim_001316.npz,RSN0008_PGA_0p300g,RSN0008,0.3,7.815496367314118,3S_T035,3,0.34999999999999987,0.1249135537622733,bilinear,0.007,0.0020632112018257555,0.05631696191524653,0.00031162509790608607,1.427721303119363
1317,data/simulations/mdof/sim_001317.npz,RSN0008_PGA_0p300g,RSN0008,0.3,7.815496367314118,3S_T060,3,0.6,0.21413752073532566,elastic,0.004,0.005532447160580678,0.07561832458270529,0.0007905446189498777,4.107224944556977
1318,data/simulations/mdof/sim_001318.npz,RSN0008_PGA_0p300g,RSN0008,0.3,7.815496367314118,3S_T060,3,0.6,0.21413752073532566,bilinear,0.004,0.005532447160580678,0.07561832458270547,0.000790544618949877,4.107224944556977
1319,data/simulations/mdof/sim_001319.npz,RSN0008_PGA_0p300g,RSN0008,0.3,7.815496367314118,3S_T060,3,0.6,0.21413752073532566,bilinear,0.007,0.005532447160580678,0.07561832458270547,0.000790544618949877,4.107224944556977
1320,data/simulations/mdof/sim_001320.npz,RSN0008_PGA_0p300g,RSN0008,0.3,7.815496367314118,3S_T090,3,0.9,0.32120628110298843,elastic,0.004,0.009620714077096781,0.056369465257416825,0.0014380732742474227,7.53381577527583
1321,data/simulations/mdof/sim_001321.npz,RSN0008_PGA_0p300g,RSN0008,0.3,7.815496367314118,3S_T090,3,0.9,0.32120628110298843,bilinear,0.004,0.009620714077096797,0.05636946525741668,0.0014380732742474266,7.5338157752758566
1322,data/simulations/mdof/sim_001322.npz,RSN0008_PGA_0p300g,RSN0008,0.3,7.815496367314118,3S_T090,3,0.9,0.32120628110298843,bilinear,0.007,0.009620714077096797,0.05636946525741668,0.0014380732742474266,7.5338157752758566
1323,data/simulations/mdof/sim_001323.npz,RSN0008_PGA_0p300g,RSN0008,0.3,7.815496367314118,5S_T055,5,0.5499999999999999,0.18842159912490059,elastic,0.004,0.0045809938911345206,0.08566066958028154,0.0003834462145349143,3.80686716193935
1324,data/simulations/mdof/sim_001324.npz,RSN0008_PGA_0p300g,RSN0008,0.3,7.815496367314118,5S_T055,5,0.5499999999999999,0.18842159912490059,bilinear,0.004,0.0045809938911345075,0.08566066958028129,0.00038344621453491383,3.8068671619393393
1325,data/simulations/mdof/sim_001325.npz,RSN0008_PGA_0p300g,RSN0008,0.3,7.815496367314118,5S_T055,5,0.5499999999999999,0.18842159912490059,bilinear,0.007,0.0045809938911345075,0.08566066958028129,0.00038344621453491383,3.8068671619393393
1326,data/simulations/mdof/sim_001326.npz,RSN0008_PGA_0p300g,RSN0008,0.3,7.815496367314118,5S_T085,5,0.8499999999999999,0.29119701682939186,elastic,0.004,0.008685721243280814,0.060573541978760165,0.0008423518279173666,7.870074998100051
1327,data/simulations/mdof/sim_001327.npz,RSN0008_PGA_0p300g,RSN0008,0.3,7.815496367314118,5S_T085,5,0.8499999999999999,0.29119701682939186,bilinear,0.004,0.008685721243280823,0.06057354197876,0.0008423518279173658,7.870074998100063
1328,data/simulations/mdof/sim_001328.npz,RSN0008_PGA_0p300g,RSN0008,0.3,7.815496367314118,5S_T085,5,0.8499999999999999,0.29119701682939186,bilinear,0.007,0.008685721243280823,0.06057354197876,0.0008423518279173658,7.870074998100063
1329,data/simulations/mdof/sim_001329.npz,RSN0008_PGA_0p300g,RSN0008,0.3,7.815496367314118,5S_T120,5,1.2000000000000008,0.41110167081796517,elastic,0.004,0.01846339048479387,0.07001275005846151,0.0014910013235018295,19.223961206764024
1330,data/simulations/mdof/sim_001330.npz,RSN0008_PGA_0p300g,RSN0008,0.3,7.815496367314118,5S_T120,5,1.2000000000000008,0.41110167081796517,bilinear,0.004,0.018463390484793864,0.07001275005846129,0.0014910013235018263,19.223961206763985
1331,data/simulations/mdof/sim_001331.npz,RSN0008_PGA_0p300g,RSN0008,0.3,7.815496367314118,5S_T120,5,1.2000000000000008,0.41110167081796517,bilinear,0.007,0.018463390484793864,0.07001275005846129,0.0014910013235018263,19.223961206763985
1332,data/simulations/mdof/sim_001332.npz,RSN0008_PGA_0p400g,RSN0008,0.4,10.420661823085492,3S_T035,3,0.34999999999999987,0.1249135537622733,elastic,0.004,0.002750948269101004,0.0750892825536621,0.00041550013054144757,2.53817120554553
1333,data/simulations/mdof/sim_001333.npz,RSN0008_PGA_0p400g,RSN0008,0.4,10.420661823085492,3S_T035,3,0.34999999999999987,0.1249135537622733,bilinear,0.004,0.002750948269101007,0.07508928255366205,0.00041550013054144854,2.5381712055455368
1334,data/simulations/mdof/sim_001334.npz,RSN0008_PGA_0p400g,RSN0008,0.4,10.420661823085492,3S_T035,3,0.34999999999999987,0.1249135537622733,bilinear,0.007,0.002750948269101007,0.07508928255366205,0.00041550013054144854,2.5381712055455368
1335,data/simulations/mdof/sim_001335.npz,RSN0008_PGA_0p400g,RSN0008,0.4,10.420661823085492,3S_T060,3,0.6,0.21413752073532566,elastic,0.004,0.007376596214107584,0.10082443277694067,0.001054059491933174,7.301733234767999
1336,data/simulations/mdof/sim_001336.npz,RSN0008_PGA_0p400g,RSN0008,0.4,10.420661823085492,3S_T060,3,0.6,0.21413752073532566,bilinear,0.004,0.007376596214107586,0.10082443277694085,0.0010540594919331724,7.301733234767984
1337,data/simulations/mdof/sim_001337.npz,RSN0008_PGA_0p400g,RSN0008,0.4,10.420661823085492,3S_T060,3,0.6,0.21413752073532566,bilinear,0.007,0.007376596214107586,0.10082443277694085,0.0010540594919331724,7.301733234767984
1338,data/simulations/mdof/sim_001338.npz,RSN0008_PGA_0p400g,RSN0008,0.4,10.420661823085492,3S_T090,3,0.9,0.32120628110298843,elastic,0.004,0.012827618769462347,0.07515928700988889,0.0019174310323298953,13.393450267157018
1339,data/simulations/mdof/sim_001339.npz,RSN0008_PGA_0p400g,RSN0008,0.4,10.420661823085492,3S_T090,3,0.9,0.32120628110298843,bilinear,0.004,0.01282761876946235,0.07515928700988911,0.0019174310323298957,13.393450267157016
1340,data/simulations/mdof/sim_001340.npz,RSN0008_PGA_0p400g,RSN0008,0.4,10.420661823085492,3S_T090,3,0.9,0.32120628110298843,bilinear,0.007,0.01282761876946235,0.07515928700988911,0.0019174310323298957,13.393450267157016
1341,data/simulations/mdof/sim_001341.npz,RSN0008_PGA_0p400g,RSN0008,0.4,10.420661823085492,5S_T055,5,0.5499999999999999,0.18842159912490059,elastic,0.004,0.006107991854846025,0.11421422610704214,0.000511261619379886,6.767763843447735
1342,data/simulations/mdof/sim_001342.npz,RSN0008_PGA_0p400g,RSN0008,0.4,10.420661823085492,5S_T055,5,0.5499999999999999,0.18842159912490059,bilinear,0.004,0.006107991854846021,0.11421422610704217,0.0005112616193798863,6.767763843447735
1343,data/simulations/mdof/sim_001343.npz,RSN0008_PGA_0p400g,RSN0008,0.4,10.420661823085492,5S_T055,5,0.5499999999999999,0.18842159912490059,bilinear,0.007,0.006107991854846021,0.11421422610704217,0.0005112616193798863,6.767763843447735
1344,data/simulations/mdof/sim_001344.npz,RSN0008_PGA_0p400g,RSN0008,0.4,10.420661823085492,5S_T085,5,0.8499999999999999,0.29119701682939186,elastic,0.004,0.01158096165770776,0.08076472263834648,0.0011231357705564905,13.991244441066776
1345,data/simulations/mdof/sim_001345.npz,RSN0008_PGA_0p400g,RSN0008,0.4,10.420661823085492,5S_T085,5,0.8499999999999999,0.29119701682939186,bilinear,0.004,0.01158096165770776,0.08076472263834628,0.0011231357705564912,13.991244441066803
1346,data/simulations/mdof/sim_001346.npz,RSN0008_PGA_0p400g,RSN0008,0.4,10.420661823085492,5S_T085,5,0.8499999999999999,0.29119701682939186,bilinear,0.007,0.01158096165770776,0.08076472263834628,0.0011231357705564912,13.991244441066803
1347,data/simulations/mdof/sim_001347.npz,RSN0008_PGA_0p400g,RSN0008,0.4,10.420661823085492,5S_T120,5,1.2000000000000008,0.41110167081796517,elastic,0.004,0.024617853979725157,0.09335033341128167,0.0019880017646691024,34.17593103424708
1348,data/simulations/mdof/sim_001348.npz,RSN0008_PGA_0p400g,RSN0008,0.4,10.420661823085492,5S_T120,5,1.2000000000000008,0.41110167081796517,bilinear,0.004,0.024617853979725084,0.09335033341128131,0.001988001764669099,34.175931034246936
1349,data/simulations/mdof/sim_001349.npz,RSN0008_PGA_0p400g,RSN0008,0.4,10.420661823085492,5S_T120,5,1.2000000000000008,0.41110167081796517,bilinear,0.007,0.024617853979725084,0.09335033341128131,0.001988001764669099,34.175931034246936
1350,data/simulations/mdof/sim_001350.npz,RSN0008_PGA_0p500g,RSN0008,0.5,13.025827278856864,3S_T035,3,0.34999999999999987,0.1249135537622733,elastic,0.004,0.0034386853363762536,0.09386160319207722,0.0005193751631768095,3.9658925086648846
1351,data/simulations/mdof/sim_001351.npz,RSN0008_PGA_0p500g,RSN0008,0.5,13.025827278856864,3S_T035,3,0.34999999999999987,0.1249135537622733,bilinear,0.004,0.003438685336376259,0.09386160319207743,0.0005193751631768098,3.965892508664897
1352,data/simulations/mdof/sim_001352.npz,RSN0008_PGA_0p500g,RSN0008,0.5,13.025827278856864,3S_T035,3,0.34999999999999987,0.1249135537622733,bilinear,0.007,0.003438685336376259,0.09386160319207743,0.0005193751631768098,3.965892508664897
1353,data/simulations/mdof/sim_001353.npz,RSN0008_PGA_0p500g,RSN0008,0.5,13.025827278856864,3S_T060,3,0.6,0.21413752073532566,elastic,0.004,0.009220745267634492,0.12603054097117597,0.0013175743649164672,11.40895817932501
1354,data/simulations/mdof/sim_001354.npz,RSN0008_PGA_0p500g,RSN0008,0.5,13.025827278856864,3S_T060,3,0.6,0.21413752073532566,bilinear,0.004,0.00922074526763449,0.1260305409711762,0.0013175743649164657,11.408958179324983
1355,data/simulations/mdof/sim_001355.npz,RSN0008_PGA_0p500g,RSN0008,0.5,13.025827278856864,3S_T060,3,0.6,0.21413752073532566,bilinear,0.007,0.00922074526763449,0.1260305409711762,0.0013175743649164657,11.408958179324983
1356,data/simulations/mdof/sim_001356.npz,RSN0008_PGA_0p500g,RSN0008,0.5,13.025827278856864,3S_T090,3,0.9,0.32120628110298843,elastic,0.004,0.016034523461827963,0.09394910876236126,0.0023967887904123744,20.927266042432926
1357,data/simulations/mdof/sim_001357.npz,RSN0008_PGA_0p500g,RSN0008,0.5,13.025827278856864,3S_T090,3,0.9,0.32120628110298843,bilinear,0.004,0.01603452346182797,0.09394910876236122,0.0023967887904123753,20.927266042432898
1358,data/simulations/mdof/sim_001358.npz,RSN0008_PGA_0p500g,RSN0008,0.5,13.025827278856864,3S_T090,3,0.9,0.32120628110298843,bilinear,0.007,0.01603452346182797,0.09394910876236122,0.0023967887904123753,20.927266042432898
1359,data/simulations/mdof/sim_001359.npz,RSN0008_PGA_0p500g,RSN0008,0.5,13.025827278856864,5S_T055,5,0.5499999999999999,0.18842159912490059,elastic,0.004,0.007634989818557535,0.1427677826338029,0.0006390770242248569,10.57463100538709
1360,data/simulations/mdof/sim_001360.npz,RSN0008_PGA_0p500g,RSN0008,0.5,13.025827278856864,5S_T055,5,0.5499999999999999,0.18842159912490059,bilinear,0.004,0.007634989818557536,0.14276778263380308,0.0006390770242248551,10.574631005387099
1361,data/simulations/mdof/sim_001361.npz,RSN0008_PGA_0p500g,RSN0008,0.5,13.025827278856864,5S_T055,5,0.5499999999999999,0.18842159912490059,bilinear,0.007,0.007634989818557536,0.14276778263380308,0.0006390770242248551,10.574631005387099
1362,data/simulations/mdof/sim_001362.npz,RSN0008_PGA_0p500g,RSN0008,0.5,13.025827278856864,5S_T085,5,0.8499999999999999,0.29119701682939186,elastic,0.004,0.014476202072134707,0.10095590329793343,0.0014039197131956104,21.861319439166817
1363,data/simulations/mdof/sim_001363.npz,RSN0008_PGA_0p500g,RSN0008,0.5,13.025827278856864,5S_T085,5,0.8499999999999999,0.29119701682939186,bilinear,0.004,0.014476202072134658,0.10095590329793287,0.0014039197131956115,21.86131943916674
1364,data/simulations/mdof/sim_001364.npz,RSN0008_PGA_0p500g,RSN0008,0.5,13.025827278856864,5S_T085,5,0.8499999999999999,0.29119701682939186,bilinear,0.007,0.014476202072134658,0.10095590329793287,0.0014039197131956115,21.86131943916674
1365,data/simulations/mdof/sim_001365.npz,RSN0008_PGA_0p500g,RSN0008,0.5,13.025827278856864,5S_T120,5,1.2000000000000008,0.41110167081796517,elastic,0.004,0.030772317474656422,0.11668791676410205,0.0024850022058363745,53.399892241010946
1366,data/simulations/mdof/sim_001366.npz,RSN0008_PGA_0p500g,RSN0008,0.5,13.025827278856864,5S_T120,5,1.2000000000000008,0.41110167081796517,bilinear,0.004,0.03077231747465643,0.11668791676410235,0.002485002205836379,53.39989224101101
1367,data/simulations/mdof/sim_001367.npz,RSN0008_PGA_0p500g,RSN0008,0.5,13.025827278856864,5S_T120,5,1.2000000000000008,0.41110167081796517,bilinear,0.007,0.03077231747465643,0.11668791676410235,0.002485002205836379,53.39989224101101
1368,data/simulations/mdof/sim_001368.npz,RSN0008_PGA_0p600g,RSN0008,0.6,15.630992734628236,3S_T035,3,0.34999999999999987,0.1249135537622733,elastic,0.004,0.004126422403651505,0.11263392383049305,0.0006232501958121716,5.710885212477446
1369,data/simulations/mdof/sim_001369.npz,RSN0008_PGA_0p600g,RSN0008,0.6,15.630992734628236,3S_T035,3,0.34999999999999987,0.1249135537622733,bilinear,0.004,0.004126422403651511,0.11263392383049306,0.0006232501958121721,5.710885212477452
1370,data/simulations/mdof/sim_001370.npz,RSN0008_PGA_0p600g,RSN0008,0.6,15.630992734628236,3S_T035,3,0.34999999999999987,0.1249135537622733,bilinear,0.007,0.004126422403651511,0.11263392383049306,0.0006232501958121721,5.710885212477452
1371,data/simulations/mdof/sim_001371.npz,RSN0008_PGA_0p600g,RSN0008,0.6,15.630992734628236,3S_T060,3,0.6,0.21413752073532566,elastic,0.004,0.011064894321161357,0.15123664916541057,0.0015810892378997554,16.42889977822791
1372,data/simulations/mdof/sim_001372.npz,RSN0008_PGA_0p600g,RSN0008,0.6,15.630992734628236,3S_T060,3,0.6,0.21413752073532566,bilinear,0.004,0.011064894321161357,0.15123664916541094,0.001581089237899754,16.42889977822791
1373,data/simulations/mdof/sim_001373.npz,RSN0008_PGA_0p600g,RSN0008,0.6,15.630992734628236,3S_T060,3,0.6,0.21413752073532566,bilinear,0.007,0.011064894321161357,0.15123664916541094,0.001581089237899754,16.42889977822791
1374,data/simulations/mdof/sim_001374.npz,RSN0008_PGA_0p600g,RSN0008,0.6,15.630992734628236,3S_T090,3,0.9,0.32120628110298843,elastic,0.004,0.019241428154193562,0.11273893051483365,0.0028761465484948455,30.13526310110332
1375,data/simulations/mdof/sim_001375.npz,RSN0008_PGA_0p600g,RSN0008,0.6,15.630992734628236,3S_T090,3,0.9,0.32120628110298843,bilinear,0.004,0.019241428154193593,0.11273893051483336,0.0028761465484948533,30.135263101103426
1376,data/simulations/mdof/sim_001376.npz,RSN0008_PGA_0p600g,RSN0008,0.6,15.630992734628236,3S_T090,3,0.9,0.32120628110298843,bilinear,0.007,0.019241428154193593,0.11273893051483336,0.0028761465484948533,30.135263101103426
1377,data/simulations/mdof/sim_001377.npz,RSN0008_PGA_0p600g,RSN0008,0.6,15.630992734628236,5S_T055,5,0.5499999999999999,0.18842159912490059,elastic,0.004,0.009161987782269041,0.17132133916056308,0.0007668924290698286,15.2274686477574
1378,data/simulations/mdof/sim_001378.npz,RSN0008_PGA_0p600g,RSN0008,0.6,15.630992734628236,5S_T055,5,0.5499999999999999,0.18842159912490059,bilinear,0.004,0.009161987782269015,0.17132133916056258,0.0007668924290698277,15.227468647757357
1379,data/simulations/mdof/sim_001379.npz,RSN0008_PGA_0p600g,RSN0008,0.6,15.630992734628236,5S_T055,5,0.5499999999999999,0.18842159912490059,bilinear,0.007,0.009161987782269015,0.17132133916056258,0.0007668924290698277,15.227468647757357
1380,data/simulations/mdof/sim_001380.npz,RSN0008_PGA_0p600g,RSN0008,0.6,15.630992734628236,5S_T085,5,0.8499999999999999,0.29119701682939186,elastic,0.004,0.01737144248656163,0.12114708395752033,0.0016847036558347332,31.480299992400205
1381,data/simulations/mdof/sim_001381.npz,RSN0008_PGA_0p600g,RSN0008,0.6,15.630992734628236,5S_T085,5,0.8499999999999999,0.29119701682939186,bilinear,0.004,0.017371442486561684,0.1211470839575202,0.0016847036558347303,31.48029999240028
1382,data/simulations/mdof/sim_001382.npz,RSN0008_PGA_0p600g,RSN0008,0.6,15.630992734628236,5S_T085,5,0.8499999999999999,0.29119701682939186,bilinear,0.007,0.017371442486561684,0.1211470839575202,0.0016847036558347303,31.48029999240028
1383,data/simulations/mdof/sim_001383.npz,RSN0008_PGA_0p600g,RSN0008,0.6,15.630992734628236,5S_T120,5,1.2000000000000008,0.41110167081796517,elastic,0.004,0.03692678096958774,0.14002550011692302,0.002982002647003659,76.8958448270561
1384,data/simulations/mdof/sim_001384.npz,RSN0008_PGA_0p600g,RSN0008,0.6,15.630992734628236,5S_T120,5,1.2000000000000008,0.41110167081796517,bilinear,0.004,0.03692678096958773,0.14002550011692258,0.0029820026470036526,76.89584482705594
1385,data/simulations/mdof/sim_001385.npz,RSN0008_PGA_0p600g,RSN0008,0.6,15.630992734628236,5S_T120,5,1.2000000000000008,0.41110167081796517,bilinear,0.007,0.03692678096958773,0.14002550011692258,0.0029820026470036526,76.89584482705594
1386,data/simulations/mdof/sim_001386.npz,RSN0008_PGA_0p800g,RSN0008,0.8,20.841323646170984,3S_T035,3,0.34999999999999987,0.1249135537622733,elastic,0.004,0.005501896538202008,0.1501785651073242,0.0008310002610828951,10.15268482218212
1387,data/simulations/mdof/sim_001387.npz,RSN0008_PGA_0p800g,RSN0008,0.8,20.841323646170984,3S_T035,3,0.34999999999999987,0.1249135537622733,bilinear,0.004,0.005501896538202014,0.1501785651073241,0.0008310002610828971,10.152684822182147
1388,data/simulations/mdof/sim_001388.npz,RSN0008_PGA_0p800g,RSN0008,0.8,20.841323646170984,3S_T035,3,0.34999999999999987,0.1249135537622733,bilinear,0.007,0.005501896538202014,0.1501785651073241,0.0008310002610828971,10.152684822182147
1389,data/simulations/mdof/sim_001389.npz,RSN0008_PGA_0p800g,RSN0008,0.8,20.841323646170984,3S_T060,3,0.6,0.21413752073532566,elastic,0.004,0.014753192428215168,0.20164886555388134,0.002108118983866348,29.206932939071997
1390,data/simulations/mdof/sim_001390.npz,RSN0008_PGA_0p800g,RSN0008,0.8,20.841323646170984,3S_T060,3,0.6,0.21413752073532566,bilinear,0.004,0.014753192428215172,0.2016488655538817,0.0021081189838663447,29.206932939071937
1391,data/simulations/mdof/sim_001391.npz,RSN0008_PGA_0p800g,RSN0008,0.8,20.841323646170984,3S_T060,3,0.6,0.21413752073532566,bilinear,0.007,0.014753192428215172,0.2016488655538817,0.0021081189838663447,29.206932939071937
1392,data/simulations/mdof/sim_001392.npz,RSN0008_PGA_0p800g,RSN0008,0.8,20.841323646170984,3S_T090,3,0.9,0.32120628110298843,elastic,0.004,0.025655237538924694,0.15031857401977777,0.0038348620646597906,53.57380106862807
1393,data/simulations/mdof/sim_001393.npz,RSN0008_PGA_0p800g,RSN0008,0.8,20.841323646170984,3S_T090,3,0.9,0.32120628110298843,bilinear,0.004,0.0256552375389247,0.15031857401977822,0.0038348620646597915,53.573801068628065
1394,data/simulations/mdof/sim_001394.npz,RSN0008_PGA_0p800g,RSN0008,0.8,20.841323646170984,3S_T090,3,0.9,0.32120628110298843,bilinear,0.007,0.0256552375389247,0.15031857401977822,0.0038348620646597915,53.573801068628065
1395,data/simulations/mdof/sim_001395.npz,RSN0008_PGA_0p800g,RSN0008,0.8,20.841323646170984,5S_T055,5,0.5499999999999999,0.18842159912490059,elastic,0.004,0.01221598370969205,0.22842845221408428,0.001022523238759772,27.07105537379094
1396,data/simulations/mdof/sim_001396.npz,RSN0008_PGA_0p800g,RSN0008,0.8,20.841323646170984,5S_T055,5,0.5499999999999999,0.18842159912490059,bilinear,0.004,0.012215983709692043,0.22842845221408434,0.0010225232387597726,27.07105537379094
1397,data/simulations/mdof/sim_001397.npz,RSN0008_PGA_0p800g,RSN0008,0.8,20.841323646170984,5S_T055,5,0.5499999999999999,0.18842159912490059,bilinear,0.007,0.012215983709692043,0.22842845221408434,0.0010225232387597726,27.07105537379094
1398,data/simulations/mdof/sim_001398.npz,RSN0008_PGA_0p800g,RSN0008,0.8,20.841323646170984,5S_T085,5,0.8499999999999999,0.29119701682939186,elastic,0.004,0.02316192331541552,0.16152944527669297,0.002246271541112981,55.964977764267104
1399,data/simulations/mdof/sim_001399.npz,RSN0008_PGA_0p800g,RSN0008,0.8,20.841323646170984,5S_T085,5,0.8499999999999999,0.29119701682939186,bilinear,0.004,0.02316192331541552,0.16152944527669255,0.0022462715411129823,55.96497776426721
1400,data/simulations/mdof/sim_001400.npz,RSN0008_PGA_0p800g,RSN0008,0.8,20.841323646170984,5S_T085,5,0.8499999999999999,0.29119701682939186,bilinear,0.007,0.02316192331541552,0.16152944527669255,0.0022462715411129823,55.96497776426721
1401,data/simulations/mdof/sim_001401.npz,RSN0008_PGA_0p800g,RSN0008,0.8,20.841323646170984,5S_T120,5,1.2000000000000008,0.41110167081796517,elastic,0.004,0.049235707959450314,0.18670066682256334,0.003976003529338205,136.7037241369883
1402,data/simulations/mdof/sim_001402.npz,RSN0008_PGA_0p800g,RSN0008,0.8,20.841323646170984,5S_T120,5,1.2000000000000008,0.41110167081796517,bilinear,0.004,0.04923570795945017,0.18670066682256262,0.003976003529338198,136.70372413698774
1403,data/simulations/mdof/sim_001403.npz,RSN0008_PGA_0p800g,RSN0008,0.8,20.841323646170984,5S_T120,5,1.2000000000000008,0.41110167081796517,bilinear,0.007,0.04923570795945017,0.18670066682256262,0.003976003529338198,136.70372413698774
1404,data/simulations/mdof/sim_001404.npz,RSN0008_PGA_1p000g,RSN0008,1.0,26.05165455771373,3S_T035,3,0.34999999999999987,0.1249135537622733,elastic,0.004,0.006877370672752507,0.18772320638415443,0.001038750326353619,15.863570034659539
1405,data/simulations/mdof/sim_001405.npz,RSN0008_PGA_1p000g,RSN0008,1.0,26.05165455771373,3S_T035,3,0.34999999999999987,0.1249135537622733,bilinear,0.004,0.006877370672752518,0.18772320638415485,0.0010387503263536197,15.863570034659588
1406,data/simulations/mdof/sim_001406.npz,RSN0008_PGA_1p000g,RSN0008,1.0,26.05165455771373,3S_T035,3,0.34999999999999987,0.1249135537622733,bilinear,0.007,0.006877370672752518,0.18772320638415485,0.0010387503263536197,15.863570034659588
1407,data/simulations/mdof/sim_001407.npz,RSN0008_PGA_1p000g,RSN0008,1.0,26.05165455771373,3S_T060,3,0.6,0.21413752073532566,elastic,0.004,0.018441490535268983,0.25206108194235194,0.0026351487298329345,45.63583271730004
1408,data/simulations/mdof/sim_001408.npz,RSN0008_PGA_1p000g,RSN0008,1.0,26.05165455771373,3S_T060,3,0.6,0.21413752073532566,bilinear,0.004,0.01844149053526898,0.2520610819423524,0.0026351487298329314,45.635832717299934
1409,data/simulations/mdof/sim_001409.npz,RSN0008_PGA_1p000g,RSN0008,1.0,26.05165455771373,3S_T060,3,0.6,0.21413752073532566,bilinear,0.007,0.01844149053526898,0.2520610819423524,0.0026351487298329314,45.635832717299934
1410,data/simulations/mdof/sim_001410.npz,RSN0008_PGA_1p000g,RSN0008,1.0,26.05165455771373,3S_T090,3,0.9,0.32120628110298843,elastic,0.004,0.032069046923655926,0.18789821752472252,0.004793577580824749,83.7090641697317
1411,data/simulations/mdof/sim_001411.npz,RSN0008_PGA_1p000g,RSN0008,1.0,26.05165455771373,3S_T090,3,0.9,0.32120628110298843,bilinear,0.004,0.03210451441256733,0.19381606942254562,0.005321891596116822,92.01517909342213
1412,data/simulations/mdof/sim_001412.npz,RSN0008_PGA_1p000g,RSN0008,1.0,26.05165455771373,3S_T090,3,0.9,0.32120628110298843,bilinear,0.007,0.03206904692365594,0.18789821752472244,0.0047935775808247505,83.70906416973159
1413,data/simulations/mdof/sim_001413.npz,RSN0008_PGA_1p000g,RSN0008,1.0,26.05165455771373,5S_T055,5,0.5499999999999999,0.18842159912490059,elastic,0.004,0.01526997963711507,0.2855355652676058,0.0012781540484497137,42.29852402154836
1414,data/simulations/mdof/sim_001414.npz,RSN0008_PGA_1p000g,RSN0008,1.0,26.05165455771373,5S_T055,5,0.5499999999999999,0.18842159912490059,bilinear,0.004,0.015269979637115072,0.28553556526760615,0.0012781540484497103,42.298524021548396
1415,data/simulations/mdof/sim_001415.npz,RSN0008_PGA_1p000g,RSN0008,1.0,26.05165455771373,5S_T055,5,0.5499999999999999,0.18842159912490059,bilinear,0.007,0.015269979637115072,0.28553556526760615,0.0012781540484497103,42.298524021548396
1416,data/simulations/mdof/sim_001416.npz,RSN0008_PGA_1p000g,RSN0008,1.0,26.05165455771373,5S_T085,5,0.8499999999999999,0.29119701682939186,elastic,0.004,0.028952404144269413,0.20191180659586686,0.002807839426391221,87.44527775666727
1417,data/simulations/mdof/sim_001417.npz,RSN0008_PGA_1p000g,RSN0008,1.0,26.05165455771373,5S_T085,5,0.8499999999999999,0.29119701682939186,bilinear,0.004,0.028952404144269316,0.20191180659586574,0.002807839426391223,87.44527775666695
1418,data/simulations/mdof/sim_001418.npz,RSN0008_PGA_1p000g,RSN0008,1.0,26.05165455771373,5S_T085,5,0.8499999999999999,0.29119701682939186,bilinear,0.007,0.028952404144269316,0.20191180659586574,0.002807839426391223,87.44527775666695
1419,data/simulations/mdof/sim_001419.npz,RSN0008_PGA_1p000g,RSN0008,1.0,26.05165455771373,5S_T120,5,1.2000000000000008,0.41110167081796517,elastic,0.004,0.061544634949312844,0.2333758335282041,0.004970004411672749,213.59956896404378
1420,data/simulations/mdof/sim_001420.npz,RSN0008_PGA_1p000g,RSN0008,1.0,26.05165455771373,5S_T120,5,1.2000000000000008,0.41110167081796517,bilinear,0.004,0.055952597537068,0.24182580560283046,0.005875054175858947,230.73467333019778
1421,data/simulations/mdof/sim_001421.npz,RSN0008_PGA_1p000g,RSN0008,1.0,26.05165455771373,5S_T120,5,1.2000000000000008,0.41110167081796517,bilinear,0.007,0.06154463494931286,0.2333758335282047,0.004970004411672758,213.59956896404404
1422,data/simulations/mdof/sim_001422.npz,RSN0008_PGA_1p200g,RSN0008,1.2,31.261985469256473,3S_T035,3,0.34999999999999987,0.1249135537622733,elastic,0.004,0.00825284480730301,0.2252678476609861,0.0012465003916243432,22.843540849909783
1423,data/simulations/mdof/sim_001423.npz,RSN0008_PGA_1p200g,RSN0008,1.2,31.261985469256473,3S_T035,3,0.34999999999999987,0.1249135537622733,bilinear,0.004,0.008252844807303022,0.22526784766098612,0.0012465003916243443,22.843540849909807
1424,data/simulations/mdof/sim_001424.npz,RSN0008_PGA_1p200g,RSN0008,1.2,31.261985469256473,3S_T035,3,0.34999999999999987,0.1249135537622733,bilinear,0.007,0.008252844807303022,0.22526784766098612,0.0012465003916243443,22.843540849909807
1425,data/simulations/mdof/sim_001425.npz,RSN0008_PGA_1p200g,RSN0008,1.2,31.261985469256473,3S_T060,3,0.6,0.21413752073532566,elastic,0.004,0.022129788642322713,0.30247329833082115,0.0031621784757995108,65.71559911291163
1426,data/simulations/mdof/sim_001426.npz,RSN0008_PGA_1p200g,RSN0008,1.2,31.261985469256473,3S_T060,3,0.6,0.21413752073532566,bilinear,0.004,0.022129788642322713,0.30247329833082187,0.003162178475799508,65.71559911291163
1427,data/simulations/mdof/sim_001427.npz,RSN0008_PGA_1p200g,RSN0008,1.2,31.261985469256473,3S_T060,3,0.6,0.21413752073532566,bilinear,0.007,0.022129788642322713,0.30247329833082187,0.003162178475799508,65.71559911291163
1428,data/simulations/mdof/sim_001428.npz,RSN0008_PGA_1p200g,RSN0008,1.2,31.261985469256473,3S_T090,3,0.9,0.32120628110298843,elastic,0.004,0.038482856308387124,0.2254778610296673,0.005752293096989691,120.54105240441328
1429,data/simulations/mdof/sim_001429.npz,RSN0008_PGA_1p200g,RSN0008,1.2,31.261985469256473,3S_T090,3,0.9,0.32120628110298843,bilinear,0.004,0.03371329854992748,0.22646822858469273,0.005792893643163274,203.30190099112497
1430,data/simulations/mdof/sim_001430.npz,RSN0008_PGA_1p200g,RSN0008,1.2,31.261985469256473,3S_T090,3,0.9,0.32120628110298843,bilinear,0.007,0.03848285630838719,0.22547786102966672,0.0057522930969897065,120.5410524044137
1431,data/simulations/mdof/sim_001431.npz,RSN0008_PGA_1p200g,RSN0008,1.2,31.261985469256473,5S_T055,5,0.5499999999999999,0.18842159912490059,elastic,0.004,0.018323975564538082,0.34264267832112616,0.0015337848581396573,60.9098745910296
1432,data/simulations/mdof/sim_001432.npz,RSN0008_PGA_1p200g,RSN0008,1.2,31.261985469256473,5S_T055,5,0.5499999999999999,0.18842159912490059,bilinear,0.004,0.01832397556453803,0.34264267832112516,0.0015337848581396553,60.90987459102943
1433,data/simulations/mdof/sim_001433.npz,RSN0008_PGA_1p200g,RSN0008,1.2,31.261985469256473,5S_T055,5,0.5499999999999999,0.18842159912490059,bilinear,0.007,0.01832397556453803,0.34264267832112516,0.0015337848581396553,60.90987459102943
1434,data/simulations/mdof/sim_001434.npz,RSN0008_PGA_1p200g,RSN0008,1.2,31.261985469256473,5S_T085,5,0.8499999999999999,0.29119701682939186,elastic,0.004,0.03474288497312326,0.24229416791504066,0.0033694073116694663,125.92119996960082
1435,data/simulations/mdof/sim_001435.npz,RSN0008_PGA_1p200g,RSN0008,1.2,31.261985469256473,5S_T085,5,0.8499999999999999,0.29119701682939186,bilinear,0.004,0.03474288497312337,0.2422941679150404,0.0033694073116694607,125.92119996960112
1436,data/simulations/mdof/sim_001436.npz,RSN0008_PGA_1p200g,RSN0008,1.2,31.261985469256473,5S_T085,5,0.8499999999999999,0.29119701682939186,bilinear,0.007,0.03474288497312337,0.2422941679150404,0.0033694073116694607,125.92119996960112
1437,data/simulations/mdof/sim_001437.npz,RSN0008_PGA_1p200g,RSN0008,1.2,31.261985469256473,5S_T120,5,1.2000000000000008,0.41110167081796517,elastic,0.004,0.07385356193917549,0.28005100023384605,0.005964005294007318,307.5833793082244
1438,data/simulations/mdof/sim_001438.npz,RSN0008_PGA_1p200g,RSN0008,1.2,31.261985469256473,5S_T120,5,1.2000000000000008,0.41110167081796517,bilinear,0.004,0.0770167317663894,0.2854881769730804,0.010987145013805846,437.26963476888625
1439,data/simulations/mdof/sim_001439.npz,RSN0008_PGA_1p200g,RSN0008,1.2,31.261985469256473,5S_T120,5,1.2000000000000008,0.41110167081796517,bilinear,0.007,0.07385356193917546,0.28005100023384516,0.005964005294007305,307.58337930822375
1440,data/simulations/mdof/sim_001440.npz,RSN0009_PGA_0p050g,RSN0009,0.05,0.3252550653574107,3S_T035,3,0.34999999999999987,0.1249135537622733,elastic,0.004,0.00036919238978467173,0.011783031495397079,5.547492704883937e-05,0.04257517804770708
1441,data/simulations/mdof/sim_001441.npz,RSN0009_PGA_0p050g,RSN0009,0.05,0.3252550653574107,3S_T035,3,0.34999999999999987,0.1249135537622733,bilinear,0.004,0.0003691923897846719,0.011783031495397063,5.54749270488394e-05,0.042575178047707135
1442,data/simulations/mdof/sim_001442.npz,RSN0009_PGA_0p050g,RSN0009,0.05,0.3252550653574107,3S_T035,3,0.34999999999999987,0.1249135537622733,bilinear,0.007,0.0003691923897846719,0.011783031495397063,5.54749270488394e-05,0.042575178047707135
1443,data/simulations/mdof/sim_001443.npz,RSN0009_PGA_0p050g,RSN0009,0.05,0.3252550653574107,3S_T060,3,0.6,0.21413752073532566,elastic,0.004,0.0012617867770906971,0.016105067842097476,0.00017385853907668668,0.2006055163226952
1444,data/simulations/mdof/sim_001444.npz,RSN0009_PGA_0p050g,RSN0009,0.05,0.3252550653574107,3S_T060,3,0.6,0.21413752073532566,bilinear,0.004,0.0012617867770906975,0.016105067842097514,0.00017385853907668646,0.20060551632269513
1445,data/simulations/mdof/sim_001445.npz,RSN0009_PGA_0p050g,RSN0009,0.05,0.3252550653574107,3S_T060,3,0.6,0.21413752073532566,bilinear,0.007,0.0012617867770906975,0.016105067842097514,0.00017385853907668646,0.20060551632269513
1446,data/simulations/mdof/sim_001446.npz,RSN0009_PGA_0p050g,RSN0009,0.05,0.3252550653574107,3S_T090,3,0.9,0.32120628110298843,elastic,0.004,0.0018817919846739713,0.011015569704876826,0.0002646036479543631,0.2672005641274543
1447,data/simulations/mdof/sim_001447.npz,RSN0009_PGA_0p050g,RSN0009,0.05,0.3252550653574107,3S_T090,3,0.9,0.32120628110298843,bilinear,0.004,0.0018817919846739588,0.011015569704876839,0.00026460364795436174,0.26720056412745163
1448,data/simulations/mdof/sim_001448.npz,RSN0009_PGA_0p050g,RSN0009,0.05,0.3252550653574107,3S_T090,3,0.9,0.32120628110298843,bilinear,0.007,0.0018817919846739588,0.011015569704876839,0.00026460364795436174,0.26720056412745163
1449,data/simulations/mdof/sim_001449.npz,RSN0009_PGA_0p050g,RSN0009,0.05,0.3252550653574107,5S_T055,5,0.5499999999999999,0.18842159912490059,elastic,0.004,0.0012573651602660139,0.019089771745799844,0.00011387499144219214,0.28962782160084344
1450,data/simulations/mdof/sim_001450.npz,RSN0009_PGA_0p050g,RSN0009,0.05,0.3252550653574107,5S_T055,5,0.5499999999999999,0.18842159912490059,bilinear,0.004,0.0012573651602660163,0.019089771745799854,0.00011387499144219252,0.28962782160084455
1451,data/simulations/mdof/sim_001451.npz,RSN0009_PGA_0p050g,RSN0009,0.05,0.3252550653574107,5S_T055,5,0.5499999999999999,0.18842159912490059,bilinear,0.007,0.0012573651602660163,0.019089771745799854,0.00011387499144219252,0.28962782160084455
1452,data/simulations/mdof/sim_001452.npz,RSN0009_PGA_0p050g,RSN0009,0.05,0.3252550653574107,5S_T085,5,0.8499999999999999,0.29119701682939186,elastic,0.004,0.0018049698296287223,0.013514484334167754,0.00018308958911304477,0.35434573618392723
1453,data/simulations/mdof/sim_001453.npz,RSN0009_PGA_0p050g,RSN0009,0.05,0.3252550653574107,5S_T085,5,0.8499999999999999,0.29119701682939186,bilinear,0.004,0.0018049698296287184,0.01351448433416779,0.00018308958911304442,0.3543457361839263
1454,data/simulations/mdof/sim_001454.npz,RSN0009_PGA_0p050g,RSN0009,0.05,0.3252550653574107,5S_T085,5,0.8499999999999999,0.29119701682939186,bilinear,0.007,0.0018049698296287184,0.01351448433416779,0.00018308958911304442,0.3543457361839263
1455,data/simulations/mdof/sim_001455.npz,RSN0009_PGA_0p050g,RSN0009,0.05,0.3252550653574107,5S_T120,5,1.2000000000000008,0.41110167081796517,elastic,0.004,0.00286457569717917,0.014362832834879111,0.000267371186427076,0.5235415064977542
1456,data/simulations/mdof/sim_001456.npz,RSN0009_PGA_0p050g,RSN0009,0.05,0.3252550653574107,5S_T120,5,1.2000000000000008,0.41110167081796517,bilinear,0.004,0.0028645756971791636,0.014362832834878941,0.0002673711864270759,0.5235415064977518
1457,data/simulations/mdof/sim_001457.npz,RSN0009_PGA_0p050g,RSN0009,0.05,0.3252550653574107,5S_T120,5,1.2000000000000008,0.41110167081796517,bilinear,0.007,0.0028645756971791636,0.014362832834878941,0.0002673711864270759,0.5235415064977518
1458,data/simulations/mdof/sim_001458.npz,RSN0009_PGA_0p100g,RSN0009,0.1,0.6505101307148214,3S_T035,3,0.34999999999999987,0.1249135537622733,elastic,0.004,0.0007383847795693435,0.023566062990794157,0.00011094985409767874,0.17030071219082832
1459,data/simulations/mdof/sim_001459.npz,RSN0009_PGA_0p100g,RSN0009,0.1,0.6505101307148214,3S_T035,3,0.34999999999999987,0.1249135537622733,bilinear,0.004,0.0007383847795693438,0.023566062990794126,0.0001109498540976788,0.17030071219082854
1460,data/simulations/mdof/sim_001460.npz,RSN0009_PGA_0p100g,RSN0009,0.1,0.6505101307148214,3S_T035,3,0.34999999999999987,0.1249135537622733,bilinear,0.007,0.0007383847795693438,0.023566062990794126,0.0001109498540976788,0.17030071219082854
1461,data/simulations/mdof/sim_001461.npz,RSN0009_PGA_0p100g,RSN0009,0.1,0.6505101307148214,3S_T060,3,0.6,0.21413752073532566,elastic,0.004,0.0025235735541813942,0.03221013568419495,0.00034771707815337336,0.8024220652907808
1462,data/simulations/mdof/sim_001462.npz,RSN0009_PGA_0p100g,RSN0009,0.1,0.6505101307148214,3S_T060,3,0.6,0.21413752073532566,bilinear,0.004,0.002523573554181395,0.03221013568419503,0.0003477170781533729,0.8024220652907805
1463,data/simulations/mdof/sim_001463.npz,RSN0009_PGA_0p100g,RSN0009,0.1,0.6505101307148214,3S_T060,3,0.6,0.21413752073532566,bilinear,0.007,0.002523573554181395,0.03221013568419503,0.0003477170781533729,0.8024220652907805
1464,data/simulations/mdof/sim_001464.npz,RSN0009_PGA_0p100g,RSN0009,0.1,0.6505101307148214,3S_T090,3,0.9,0.32120628110298843,elastic,0.004,0.0037635839693479427,0.022031139409753653,0.0005292072959087262,1.0688022565098172
1465,data/simulations/mdof/sim_001465.npz,RSN0009_PGA_0p100g,RSN0009,0.1,0.6505101307148214,3S_T090,3,0.9,0.32120628110298843,bilinear,0.004,0.0037635839693479175,0.022031139409753677,0.0005292072959087235,1.0688022565098065
1466,data/simulations/mdof/sim_001466.npz,RSN0009_PGA_0p100g,RSN0009,0.1,0.6505101307148214,3S_T090,3,0.9,0.32120628110298843,bilinear,0.007,0.0037635839693479175,0.022031139409753677,0.0005292072959087235,1.0688022565098065
1467,data/simulations/mdof/sim_001467.npz,RSN0009_PGA_0p100g,RSN0009,0.1,0.6505101307148214,5S_T055,5,0.5499999999999999,0.18842159912490059,elastic,0.004,0.0025147303205320277,0.03817954349159969,0.00022774998288438428,1.1585112864033738
1468,data/simulations/mdof/sim_001468.npz,RSN0009_PGA_0p100g,RSN0009,0.1,0.6505101307148214,5S_T055,5,0.5499999999999999,0.18842159912490059,bilinear,0.004,0.002514730320532027,0.038179543491599674,0.00022774998288438422,1.1585112864033729
1469,data/simulations/mdof/sim_001469.npz,RSN0009_PGA_0p100g,RSN0009,0.1,0.6505101307148214,5S_T055,5,0.5499999999999999,0.18842159912490059,bilinear,0.007,0.002514730320532027,0.038179543491599674,0.00022774998288438422,1.1585112864033729
1470,data/simulations/mdof/sim_001470.npz,RSN0009_PGA_0p100g,RSN0009,0.1,0.6505101307148214,5S_T085,5,0.8499999999999999,0.29119701682939186,elastic,0.004,0.0036099396592574446,0.02702896866833551,0.00036617917822608955,1.417382944735709
1471,data/simulations/mdof/sim_001471.npz,RSN0009_PGA_0p100g,RSN0009,0.1,0.6505101307148214,5S_T085,5,0.8499999999999999,0.29119701682939186,bilinear,0.004,0.0036099396592574368,0.02702896866833558,0.00036617917822608884,1.4173829447357051
1472,data/simulations/mdof/sim_001472.npz,RSN0009_PGA_0p100g,RSN0009,0.1,0.6505101307148214,5S_T085,5,0.8499999999999999,0.29119701682939186,bilinear,0.007,0.0036099396592574368,0.02702896866833558,0.00036617917822608884,1.4173829447357051
1473,data/simulations/mdof/sim_001473.npz,RSN0009_PGA_0p100g,RSN0009,0.1,0.6505101307148214,5S_T120,5,1.2000000000000008,0.41110167081796517,elastic,0.004,0.00572915139435834,0.028725665669758222,0.000534742372854152,2.094166025991017
1474,data/simulations/mdof/sim_001474.npz,RSN0009_PGA_0p100g,RSN0009,0.1,0.6505101307148214,5S_T120,5,1.2000000000000008,0.41110167081796517,bilinear,0.004,0.005729151394358327,0.028725665669757882,0.0005347423728541518,2.094166025991007
1475,data/simulations/mdof/sim_001475.npz,RSN0009_PGA_0p100g,RSN0009,0.1,0.6505101307148214,5S_T120,5,1.2000000000000008,0.41110167081796517,bilinear,0.007,0.005729151394358327,0.028725665669757882,0.0005347423728541518,2.094166025991007
1476,data/simulations/mdof/sim_001476.npz,RSN0009_PGA_0p200g,RSN0009,0.2,1.3010202614296429,3S_T035,3,0.34999999999999987,0.1249135537622733,elastic,0.004,0.001476769559138687,0.047132125981588315,0.00022189970819535748,0.6812028487633133
1477,data/simulations/mdof/sim_001477.npz,RSN0009_PGA_0p200g,RSN0009,0.2,1.3010202614296429,3S_T035,3,0.34999999999999987,0.1249135537622733,bilinear,0.004,0.0014767695591386876,0.04713212598158825,0.0002218997081953576,0.6812028487633142
1478,data/simulations/mdof/sim_001478.npz,RSN0009_PGA_0p200g,RSN0009,0.2,1.3010202614296429,3S_T035,3,0.34999999999999987,0.1249135537622733,bilinear,0.007,0.0014767695591386876,0.04713212598158825,0.0002218997081953576,0.6812028487633142
1479,data/simulations/mdof/sim_001479.npz,RSN0009_PGA_0p200g,RSN0009,0.2,1.3010202614296429,3S_T060,3,0.6,0.21413752073532566,elastic,0.004,0.0050471471083627885,0.0644202713683899,0.0006954341563067467,3.209688261163123
1480,data/simulations/mdof/sim_001480.npz,RSN0009_PGA_0p200g,RSN0009,0.2,1.3010202614296429,3S_T060,3,0.6,0.21413752073532566,bilinear,0.004,0.00504714710836279,0.06442027136839006,0.0006954341563067458,3.209688261163122
1481,data/simulations/mdof/sim_001481.npz,RSN0009_PGA_0p200g,RSN0009,0.2,1.3010202614296429,3S_T060,3,0.6,0.21413752073532566,bilinear,0.007,0.00504714710836279,0.06442027136839006,0.0006954341563067458,3.209688261163122
1482,data/simulations/mdof/sim_001482.npz,RSN0009_PGA_0p200g,RSN0009,0.2,1.3010202614296429,3S_T090,3,0.9,0.32120628110298843,elastic,0.004,0.007527167938695885,0.044062278819507306,0.0010584145918174524,4.275209026039269
1483,data/simulations/mdof/sim_001483.npz,RSN0009_PGA_0p200g,RSN0009,0.2,1.3010202614296429,3S_T090,3,0.9,0.32120628110298843,bilinear,0.004,0.007527167938695835,0.044062278819507354,0.001058414591817447,4.275209026039226
1484,data/simulations/mdof/sim_001484.npz,RSN0009_PGA_0p200g,RSN0009,0.2,1.3010202614296429,3S_T090,3,0.9,0.32120628110298843,bilinear,0.007,0.007527167938695835,0.044062278819507354,0.001058414591817447,4.275209026039226
1485,data/simulations/mdof/sim_001485.npz,RSN0009_PGA_0p200g,RSN0009,0.2,1.3010202614296429,5S_T055,5,0.5499999999999999,0.18842159912490059,elastic,0.004,0.0050294606410640555,0.07635908698319938,0.00045549996576876856,4.634045145613495
1486,data/simulations/mdof/sim_001486.npz,RSN0009_PGA_0p200g,RSN0009,0.2,1.3010202614296429,5S_T055,5,0.5499999999999999,0.18842159912490059,bilinear,0.004,0.005029460641064054,0.07635908698319935,0.00045549996576876845,4.6340451456134915
1487,data/simulations/mdof/sim_001487.npz,RSN0009_PGA_0p200g,RSN0009,0.2,1.3010202614296429,5S_T055,5,0.5499999999999999,0.18842159912490059,bilinear,0.007,0.005029460641064054,0.07635908698319935,0.00045549996576876845,4.6340451456134915
1488,data/simulations/mdof/sim_001488.npz,RSN0009_PGA_0p200g,RSN0009,0.2,1.3010202614296429,5S_T085,5,0.8499999999999999,0.29119701682939186,elastic,0.004,0.007219879318514889,0.05405793733667102,0.0007323583564521791,5.669531778942836
1489,data/simulations/mdof/sim_001489.npz,RSN0009_PGA_0p200g,RSN0009,0.2,1.3010202614296429,5S_T085,5,0.8499999999999999,0.29119701682939186,bilinear,0.004,0.0072198793185148736,0.05405793733667116,0.0007323583564521777,5.669531778942821
1490,data/simulations/mdof/sim_001490.npz,RSN0009_PGA_0p200g,RSN0009,0.2,1.3010202614296429,5S_T085,5,0.8499999999999999,0.29119701682939186,bilinear,0.007,0.0072198793185148736,0.05405793733667116,0.0007323583564521777,5.669531778942821
1491,data/simulations/mdof/sim_001491.npz,RSN0009_PGA_0p200g,RSN0009,0.2,1.3010202614296429,5S_T120,5,1.2000000000000008,0.41110167081796517,elastic,0.004,0.01145830278871668,0.057451331339516444,0.001069484745708304,8.376664103964067
1492,data/simulations/mdof/sim_001492.npz,RSN0009_PGA_0p200g,RSN0009,0.2,1.3010202614296429,5S_T120,5,1.2000000000000008,0.41110167081796517,bilinear,0.004,0.011458302788716663,0.05745133133951605,0.0010694847457083036,8.376664103964043
1493,data/simulations/mdof/sim_001493.npz,RSN0009_PGA_0p200g,RSN0009,0.2,1.3010202614296429,5S_T120,5,1.2000000000000008,0.41110167081796517,bilinear,0.007,0.011458302788716663,0.05745133133951605,0.0010694847457083036,8.376664103964043
1494,data/simulations/mdof/sim_001494.npz,RSN0009_PGA_0p300g,RSN0009,0.3,1.951530392144464,3S_T035,3,0.34999999999999987,0.1249135537622733,elastic,0.004,0.0022151543387080325,0.07069818897238243,0.0003328495622930367,1.532706409717458
1495,data/simulations/mdof/sim_001495.npz,RSN0009_PGA_0p300g,RSN0009,0.3,1.951530392144464,3S_T035,3,0.34999999999999987,0.1249135537622733,bilinear,0.004,0.002215154338708034,0.07069818897238246,0.0003328495622930367,1.532706409717459
1496,data/simulations/mdof/sim_001496.npz,RSN0009_PGA_0p300g,RSN0009,0.3,1.951530392144464,3S_T035,3,0.34999999999999987,0.1249135537622733,bilinear,0.007,0.002215154338708034,0.07069818897238246,0.0003328495622930367,1.532706409717459
1497,data/simulations/mdof/sim_001497.npz,RSN0009_PGA_0p300g,RSN0009,0.3,1.951530392144464,3S_T060,3,0.6,0.21413752073532566,elastic,0.004,0.007570720662544194,0.09663040705258477,0.0010431512344601197,7.221798587617031
1498,data/simulations/mdof/sim_001498.npz,RSN0009_PGA_0p300g,RSN0009,0.3,1.951530392144464,3S_T060,3,0.6,0.21413752073532566,bilinear,0.004,0.007570720662544192,0.09663040705258476,0.0010431512344601188,7.221798587617024
1499,data/simulations/mdof/sim_001499.npz,RSN0009_PGA_0p300g,RSN0009,0.3,1.951530392144464,3S_T060,3,0.6,0.21413752073532566,bilinear,0.007,0.007570720662544192,0.09663040705258476,0.0010431512344601188,7.221798587617024
1500,data/simulations/mdof/sim_001500.npz,RSN0009_PGA_0p300g,RSN0009,0.3,1.951530392144464,3S_T090,3,0.9,0.32120628110298843,elastic,0.004,0.011290751908043805,0.06609341822926128,0.0015876218877261693,9.619220308588261
1501,data/simulations/mdof/sim_001501.npz,RSN0009_PGA_0p300g,RSN0009,0.3,1.951530392144464,3S_T090,3,0.9,0.32120628110298843,bilinear,0.004,0.01129075190804379,0.06609341822926092,0.0015876218877261706,9.619220308588288
1502,data/simulations/mdof/sim_001502.npz,RSN0009_PGA_0p300g,RSN0009,0.3,1.951530392144464,3S_T090,3,0.9,0.32120628110298843,bilinear,0.007,0.01129075190804379,0.06609341822926092,0.0015876218877261706,9.619220308588288
1503,data/simulations/mdof/sim_001503.npz,RSN0009_PGA_0p300g,RSN0009,0.3,1.951530392144464,5S_T055,5,0.5499999999999999,0.18842159912490059,elastic,0.004,0.007544190961596095,0.11453863047479974,0.0006832499486531535,10.426601577630393
1504,data/simulations/mdof/sim_001504.npz,RSN0009_PGA_0p300g,RSN0009,0.3,1.951530392144464,5S_T055,5,0.5499999999999999,0.18842159912490059,bilinear,0.004,0.007544190961596089,0.11453863047479967,0.0006832499486531529,10.426601577630375
1505,data/simulations/mdof/sim_001505.npz,RSN0009_PGA_0p300g,RSN0009,0.3,1.951530392144464,5S_T055,5,0.5499999999999999,0.18842159912490059,bilinear,0.007,0.007544190961596089,0.11453863047479967,0.0006832499486531529,10.426601577630375
1506,data/simulations/mdof/sim_001506.npz,RSN0009_PGA_0p300g,RSN0009,0.3,1.951530392144464,5S_T085,5,0.8499999999999999,0.29119701682939186,elastic,0.004,0.010829818977772325,0.0810869060050066,0.0010985375346782675,12.756446502621348
1507,data/simulations/mdof/sim_001507.npz,RSN0009_PGA_0p300g,RSN0009,0.3,1.951530392144464,5S_T085,5,0.8499999999999999,0.29119701682939186,bilinear,0.004,0.010829818977772332,0.08108690600500636,0.0010985375346782668,12.756446502621372
1508,data/simulations/mdof/sim_001508.npz,RSN0009_PGA_0p300g,RSN0009,0.3,1.951530392144464,5S_T085,5,0.8499999999999999,0.29119701682939186,bilinear,0.007,0.010829818977772332,0.08108690600500636,0.0010985375346782668,12.756446502621372
1509,data/simulations/mdof/sim_001509.npz,RSN0009_PGA_0p300g,RSN0009,0.3,1.951530392144464,5S_T120,5,1.2000000000000008,0.41110167081796517,elastic,0.004,0.017187454183074952,0.0861769970092747,0.0016042271185624567,18.847494233919132
1510,data/simulations/mdof/sim_001510.npz,RSN0009_PGA_0p300g,RSN0009,0.3,1.951530392144464,5S_T120,5,1.2000000000000008,0.41110167081796517,bilinear,0.004,0.01718745418307495,0.08617699700927388,0.0016042271185624526,18.847494233919072
1511,data/simulations/mdof/sim_001511.npz,RSN0009_PGA_0p300g,RSN0009,0.3,1.951530392144464,5S_T120,5,1.2000000000000008,0.41110167081796517,bilinear,0.007,0.01718745418307495,0.08617699700927388,0.0016042271185624526,18.847494233919072
1512,data/simulations/mdof/sim_001512.npz,RSN0009_PGA_0p400g,RSN0009,0.4,2.6020405228592858,3S_T035,3,0.34999999999999987,0.1249135537622733,elastic,0.004,0.002953539118277374,0.09426425196317663,0.00044379941639071497,2.724811395053253
1513,data/simulations/mdof/sim_001513.npz,RSN0009_PGA_0p400g,RSN0009,0.4,2.6020405228592858,3S_T035,3,0.34999999999999987,0.1249135537622733,bilinear,0.004,0.002953539118277375,0.0942642519631765,0.0004437994163907152,2.7248113950532566
1514,data/simulations/mdof/sim_001514.npz,RSN0009_PGA_0p400g,RSN0009,0.4,2.6020405228592858,3S_T035,3,0.34999999999999987,0.1249135537622733,bilinear,0.007,0.002953539118277375,0.0942642519631765,0.0004437994163907152,2.7248113950532566
1515,data/simulations/mdof/sim_001515.npz,RSN0009_PGA_0p400g,RSN0009,0.4,2.6020405228592858,3S_T060,3,0.6,0.21413752073532566,elastic,0.004,0.010094294216725577,0.1288405427367798,0.0013908683126134934,12.838753044652492
1516,data/simulations/mdof/sim_001516.npz,RSN0009_PGA_0p400g,RSN0009,0.4,2.6020405228592858,3S_T060,3,0.6,0.21413752073532566,bilinear,0.004,0.01009429421672558,0.1288405427367801,0.0013908683126134917,12.838753044652488
1517,data/simulations/mdof/sim_001517.npz,RSN0009_PGA_0p400g,RSN0009,0.4,2.6020405228592858,3S_T060,3,0.6,0.21413752073532566,bilinear,0.007,0.01009429421672558,0.1288405427367801,0.0013908683126134917,12.838753044652488
1518,data/simulations/mdof/sim_001518.npz,RSN0009_PGA_0p400g,RSN0009,0.4,2.6020405228592858,3S_T090,3,0.9,0.32120628110298843,elastic,0.004,0.01505433587739177,0.08812455763901461,0.002116829183634905,17.100836104157075
1519,data/simulations/mdof/sim_001519.npz,RSN0009_PGA_0p400g,RSN0009,0.4,2.6020405228592858,3S_T090,3,0.9,0.32120628110298843,bilinear,0.004,0.01505433587739167,0.08812455763901471,0.002116829183634894,17.100836104156905
1520,data/simulations/mdof/sim_001520.npz,RSN0009_PGA_0p400g,RSN0009,0.4,2.6020405228592858,3S_T090,3,0.9,0.32120628110298843,bilinear,0.007,0.01505433587739167,0.08812455763901471,0.002116829183634894,17.100836104156905
1521,data/simulations/mdof/sim_001521.npz,RSN0009_PGA_0p400g,RSN0009,0.4,2.6020405228592858,5S_T055,5,0.5499999999999999,0.18842159912490059,elastic,0.004,0.010058921282128111,0.15271817396639875,0.0009109999315375371,18.53618058245398
1522,data/simulations/mdof/sim_001522.npz,RSN0009_PGA_0p400g,RSN0009,0.4,2.6020405228592858,5S_T055,5,0.5499999999999999,0.18842159912490059,bilinear,0.004,0.010058921282128108,0.1527181739663987,0.0009109999315375369,18.536180582453966
1523,data/simulations/mdof/sim_001523.npz,RSN0009_PGA_0p400g,RSN0009,0.4,2.6020405228592858,5S_T055,5,0.5499999999999999,0.18842159912490059,bilinear,0.007,0.010058921282128108,0.1527181739663987,0.0009109999315375369,18.536180582453966
1524,data/simulations/mdof/sim_001524.npz,RSN0009_PGA_0p400g,RSN0009,0.4,2.6020405228592858,5S_T085,5,0.8499999999999999,0.29119701682939186,elastic,0.004,0.014439758637029778,0.10811587467334204,0.0014647167129043582,22.678127115771343
1525,data/simulations/mdof/sim_001525.npz,RSN0009_PGA_0p400g,RSN0009,0.4,2.6020405228592858,5S_T085,5,0.8499999999999999,0.29119701682939186,bilinear,0.004,0.014439758637029747,0.10811587467334231,0.0014647167129043554,22.678127115771282
1526,data/simulations/mdof/sim_001526.npz,RSN0009_PGA_0p400g,RSN0009,0.4,2.6020405228592858,5S_T085,5,0.8499999999999999,0.29119701682939186,bilinear,0.007,0.014439758637029747,0.10811587467334231,0.0014647167129043554,22.678127115771282
1527,data/simulations/mdof/sim_001527.npz,RSN0009_PGA_0p400g,RSN0009,0.4,2.6020405228592858,5S_T120,5,1.2000000000000008,0.41110167081796517,elastic,0.004,0.02291660557743336,0.11490266267903289,0.002138969491416608,33.50665641585627
1528,data/simulations/mdof/sim_001528.npz,RSN0009_PGA_0p400g,RSN0009,0.4,2.6020405228592858,5S_T120,5,1.2000000000000008,0.41110167081796517,bilinear,0.004,0.022916605577433292,0.1149026626790315,0.002138969491416605,33.50665641585617
1529,data/simulations/mdof/sim_001529.npz,RSN0009_PGA_0p400g,RSN0009,0.4,2.6020405228592858,5S_T120,5,1.2000000000000008,0.41110167081796517,bilinear,0.007,0.022916605577433292,0.1149026626790315,0.002138969491416605,33.50665641585617
1530,data/simulations/mdof/sim_001530.npz,RSN0009_PGA_0p500g,RSN0009,0.5,3.252550653574107,3S_T035,3,0.34999999999999987,0.1249135537622733,elastic,0.004,0.0036919238978467225,0.11783031495397062,0.0005547492704883946,4.257517804770719
1531,data/simulations/mdof/sim_001531.npz,RSN0009_PGA_0p500g,RSN0009,0.5,3.252550653574107,3S_T035,3,0.34999999999999987,0.1249135537622733,bilinear,0.004,0.003691923897846719,0.11783031495397073,0.0005547492704883939,4.257517804770713
1532,data/simulations/mdof/sim_001532.npz,RSN0009_PGA_0p500g,RSN0009,0.5,3.252550653574107,3S_T035,3,0.34999999999999987,0.1249135537622733,bilinear,0.007,0.003691923897846719,0.11783031495397073,0.0005547492704883939,4.257517804770713
1533,data/simulations/mdof/sim_001533.npz,RSN0009_PGA_0p500g,RSN0009,0.5,3.252550653574107,3S_T060,3,0.6,0.21413752073532566,elastic,0.004,0.012617867770906949,0.16105067842097456,0.0017385853907668683,20.060551632269515
1534,data/simulations/mdof/sim_001534.npz,RSN0009_PGA_0p500g,RSN0009,0.5,3.252550653574107,3S_T060,3,0.6,0.21413752073532566,bilinear,0.004,0.01261786777090697,0.16105067842097473,0.0017385853907668687,20.060551632269554
1535,data/simulations/mdof/sim_001535.npz,RSN0009_PGA_0p500g,RSN0009,0.5,3.252550653574107,3S_T060,3,0.6,0.21413752073532566,bilinear,0.007,0.01261786777090697,0.16105067842097473,0.0017385853907668687,20.060551632269554
1536,data/simulations/mdof/sim_001536.npz,RSN0009_PGA_0p500g,RSN0009,0.5,3.252550653574107,3S_T090,3,0.9,0.32120628110298843,elastic,0.004,0.018817919846739674,0.11015569704876838,0.00264603647954362,26.72005641274523
1537,data/simulations/mdof/sim_001537.npz,RSN0009_PGA_0p500g,RSN0009,0.5,3.252550653574107,3S_T090,3,0.9,0.32120628110298843,bilinear,0.004,0.0188179198467397,0.1101556970487687,0.002646036479543621,26.720056412745222
1538,data/simulations/mdof/sim_001538.npz,RSN0009_PGA_0p500g,RSN0009,0.5,3.252550653574107,3S_T090,3,0.9,0.32120628110298843,bilinear,0.007,0.0188179198467397,0.1101556970487687,0.002646036479543621,26.720056412745222
1539,data/simulations/mdof/sim_001539.npz,RSN0009_PGA_0p500g,RSN0009,0.5,3.252550653574107,5S_T055,5,0.5499999999999999,0.18842159912490059,elastic,0.004,0.012573651602660139,0.1908977174579984,0.0011387499144219215,28.962782160084366
1540,data/simulations/mdof/sim_001540.npz,RSN0009_PGA_0p500g,RSN0009,0.5,3.252550653574107,5S_T055,5,0.5499999999999999,0.18842159912490059,bilinear,0.004,0.012573651602660158,0.19089771745799944,0.0011387499144219226,28.962782160084416
1541,data/simulations/mdof/sim_001541.npz,RSN0009_PGA_0p500g,RSN0009,0.5,3.252550653574107,5S_T055,5,0.5499999999999999,0.18842159912490059,bilinear,0.007,0.012573651602660158,0.19089771745799944,0.0011387499144219226,28.962782160084416
1542,data/simulations/mdof/sim_001542.npz,RSN0009_PGA_0p500g,RSN0009,0.5,3.252550653574107,5S_T085,5,0.8499999999999999,0.29119701682939186,elastic,0.004,0.018049698296287272,0.13514484334167687,0.0018308958911304508,35.434573618392754
1543,data/simulations/mdof/sim_001543.npz,RSN0009_PGA_0p500g,RSN0009,0.5,3.252550653574107,5S_T085,5,0.8499999999999999,0.29119701682939186,bilinear,0.004,0.018049698296287216,0.13514484334167762,0.0018308958911304473,35.434573618392726
1544,data/simulations/mdof/sim_001544.npz,RSN0009_PGA_0p500g,RSN0009,0.5,3.252550653574107,5S_T085,5,0.8499999999999999,0.29119701682939186,bilinear,0.007,0.018049698296287216,0.13514484334167762,0.0018308958911304473,35.434573618392726
1545,data/simulations/mdof/sim_001545.npz,RSN0009_PGA_0p500g,RSN0009,0.5,3.252550653574107,5S_T120,5,1.2000000000000008,0.41110167081796517,elastic,0.004,0.028645756971791687,0.14362832834878952,0.0026737118642707605,52.354150649775285
1546,data/simulations/mdof/sim_001546.npz,RSN0009_PGA_0p500g,RSN0009,0.5,3.252550653574107,5S_T120,5,1.2000000000000008,0.41110167081796517,bilinear,0.004,0.028645756971791607,0.14362832834878975,0.002673711864270757,52.354150649774944
1547,data/simulations/mdof/sim_001547.npz,RSN0009_PGA_0p500g,RSN0009,0.5,3.252550653574107,5S_T120,5,1.2000000000000008,0.41110167081796517,bilinear,0.007,0.028645756971791607,0.14362832834878975,0.002673711864270757,52.354150649774944
1548,data/simulations/mdof/sim_001548.npz,RSN0009_PGA_0p600g,RSN0009,0.6,3.903060784288928,3S_T035,3,0.34999999999999987,0.1249135537622733,elastic,0.004,0.004430308677416065,0.14139637794476487,0.0006656991245860734,6.130825638869832
1549,data/simulations/mdof/sim_001549.npz,RSN0009_PGA_0p600g,RSN0009,0.6,3.903060784288928,3S_T035,3,0.34999999999999987,0.1249135537622733,bilinear,0.004,0.004430308677416068,0.14139637794476492,0.0006656991245860734,6.130825638869836
1550,data/simulations/mdof/sim_001550.npz,RSN0009_PGA_0p600g,RSN0009,0.6,3.903060784288928,3S_T035,3,0.34999999999999987,0.1249135537622733,bilinear,0.007,0.004430308677416068,0.14139637794476492,0.0006656991245860734,6.130825638869836
1551,data/simulations/mdof/sim_001551.npz,RSN0009_PGA_0p600g,RSN0009,0.6,3.903060784288928,3S_T060,3,0.6,0.21413752073532566,elastic,0.004,0.015141441325088389,0.19326081410516954,0.0020863024689202394,28.887194350468125
1552,data/simulations/mdof/sim_001552.npz,RSN0009_PGA_0p600g,RSN0009,0.6,3.903060784288928,3S_T060,3,0.6,0.21413752073532566,bilinear,0.004,0.015141441325088384,0.19326081410516951,0.0020863024689202377,28.887194350468096
1553,data/simulations/mdof/sim_001553.npz,RSN0009_PGA_0p600g,RSN0009,0.6,3.903060784288928,3S_T060,3,0.6,0.21413752073532566,bilinear,0.007,0.015141441325088384,0.19326081410516951,0.0020863024689202377,28.887194350468096
1554,data/simulations/mdof/sim_001554.npz,RSN0009_PGA_0p600g,RSN0009,0.6,3.903060784288928,3S_T090,3,0.9,0.32120628110298843,elastic,0.004,0.02258150381608761,0.13218683645852256,0.0031752437754523385,38.476881234353044
1555,data/simulations/mdof/sim_001555.npz,RSN0009_PGA_0p600g,RSN0009,0.6,3.903060784288928,3S_T090,3,0.9,0.32120628110298843,bilinear,0.004,0.02258150381608758,0.13218683645852183,0.003175243775452341,38.47688123435315
1556,data/simulations/mdof/sim_001556.npz,RSN0009_PGA_0p600g,RSN0009,0.6,3.903060784288928,3S_T090,3,0.9,0.32120628110298843,bilinear,0.007,0.02258150381608758,0.13218683645852183,0.003175243775452341,38.47688123435315
1557,data/simulations/mdof/sim_001557.npz,RSN0009_PGA_0p600g,RSN0009,0.6,3.903060784288928,5S_T055,5,0.5499999999999999,0.18842159912490059,elastic,0.004,0.01508838192319219,0.2290772609495995,0.001366499897306307,41.70640631052157
1558,data/simulations/mdof/sim_001558.npz,RSN0009_PGA_0p600g,RSN0009,0.6,3.903060784288928,5S_T055,5,0.5499999999999999,0.18842159912490059,bilinear,0.004,0.015088381923192179,0.22907726094959935,0.0013664998973063058,41.7064063105215
1559,data/simulations/mdof/sim_001559.npz,RSN0009_PGA_0p600g,RSN0009,0.6,3.903060784288928,5S_T055,5,0.5499999999999999,0.18842159912490059,bilinear,0.007,0.015088381923192179,0.22907726094959935,0.0013664998973063058,41.7064063105215
1560,data/simulations/mdof/sim_001560.npz,RSN0009_PGA_0p600g,RSN0009,0.6,3.903060784288928,5S_T085,5,0.8499999999999999,0.29119701682939186,elastic,0.004,0.02165963795554465,0.1621738120100132,0.002197075069356535,51.02578601048539
1561,data/simulations/mdof/sim_001561.npz,RSN0009_PGA_0p600g,RSN0009,0.6,3.903060784288928,5S_T085,5,0.8499999999999999,0.29119701682939186,bilinear,0.004,0.021659637955544663,0.1621738120100127,0.0021970750693565337,51.02578601048549
1562,data/simulations/mdof/sim_001562.npz,RSN0009_PGA_0p600g,RSN0009,0.6,3.903060784288928,5S_T085,5,0.8499999999999999,0.29119701682939186,bilinear,0.007,0.021659637955544663,0.1621738120100127,0.0021970750693565337,51.02578601048549
1563,data/simulations/mdof/sim_001563.npz,RSN0009_PGA_0p600g,RSN0009,0.6,3.903060784288928,5S_T120,5,1.2000000000000008,0.41110167081796517,elastic,0.004,0.034374908366149905,0.1723539940185494,0.0032084542371249134,75.38997693567653
1564,data/simulations/mdof/sim_001564.npz,RSN0009_PGA_0p600g,RSN0009,0.6,3.903060784288928,5S_T120,5,1.2000000000000008,0.41110167081796517,bilinear,0.004,0.03437490836615,0.17235399401854803,0.0032084542371249073,75.38997693567623
1565,data/simulations/mdof/sim_001565.npz,RSN0009_PGA_0p600g,RSN0009,0.6,3.903060784288928,5S_T120,5,1.2000000000000008,0.41110167081796517,bilinear,0.007,0.03437490836615,0.17235399401854803,0.0032084542371249073,75.38997693567623
1566,data/simulations/mdof/sim_001566.npz,RSN0009_PGA_0p800g,RSN0009,0.8,5.2040810457185716,3S_T035,3,0.34999999999999987,0.1249135537622733,elastic,0.004,0.005907078236554748,0.18852850392635326,0.0008875988327814299,10.899245580213012
1567,data/simulations/mdof/sim_001567.npz,RSN0009_PGA_0p800g,RSN0009,0.8,5.2040810457185716,3S_T035,3,0.34999999999999987,0.1249135537622733,bilinear,0.004,0.00590707823655475,0.188528503926353,0.0008875988327814304,10.899245580213027
1568,data/simulations/mdof/sim_001568.npz,RSN0009_PGA_0p800g,RSN0009,0.8,5.2040810457185716,3S_T035,3,0.34999999999999987,0.1249135537622733,bilinear,0.007,0.00590707823655475,0.188528503926353,0.0008875988327814304,10.899245580213027
1569,data/simulations/mdof/sim_001569.npz,RSN0009_PGA_0p800g,RSN0009,0.8,5.2040810457185716,3S_T060,3,0.6,0.21413752073532566,elastic,0.004,0.020188588433451154,0.2576810854735596,0.002781736625226987,51.35501217860997
1570,data/simulations/mdof/sim_001570.npz,RSN0009_PGA_0p800g,RSN0009,0.8,5.2040810457185716,3S_T060,3,0.6,0.21413752073532566,bilinear,0.004,0.02018858843345116,0.2576810854735602,0.0027817366252269834,51.355012178609954
1571,data/simulations/mdof/sim_001571.npz,RSN0009_PGA_0p800g,RSN0009,0.8,5.2040810457185716,3S_T060,3,0.6,0.21413752073532566,bilinear,0.007,0.02018858843345116,0.2576810854735602,0.0027817366252269834,51.355012178609954
1572,data/simulations/mdof/sim_001572.npz,RSN0009_PGA_0p800g,RSN0009,0.8,5.2040810457185716,3S_T090,3,0.9,0.32120628110298843,elastic,0.004,0.03010867175478354,0.17624911527802922,0.00423365836726981,68.4033444166283
1573,data/simulations/mdof/sim_001573.npz,RSN0009_PGA_0p800g,RSN0009,0.8,5.2040810457185716,3S_T090,3,0.9,0.32120628110298843,bilinear,0.004,0.02960291292854933,0.17385952892247025,0.004257577403808703,67.70502145198195
1574,data/simulations/mdof/sim_001574.npz,RSN0009_PGA_0p800g,RSN0009,0.8,5.2040810457185716,3S_T090,3,0.9,0.32120628110298843,bilinear,0.007,0.03010867175478334,0.17624911527802942,0.004233658367269788,68.40334441662762
1575,data/simulations/mdof/sim_001575.npz,RSN0009_PGA_0p800g,RSN0009,0.8,5.2040810457185716,5S_T055,5,0.5499999999999999,0.18842159912490059,elastic,0.004,0.020117842564256222,0.3054363479327975,0.0018219998630750742,74.14472232981592
1576,data/simulations/mdof/sim_001576.npz,RSN0009_PGA_0p800g,RSN0009,0.8,5.2040810457185716,5S_T055,5,0.5499999999999999,0.18842159912490059,bilinear,0.004,0.020117842564256215,0.3054363479327974,0.0018219998630750738,74.14472232981586
1577,data/simulations/mdof/sim_001577.npz,RSN0009_PGA_0p800g,RSN0009,0.8,5.2040810457185716,5S_T055,5,0.5499999999999999,0.18842159912490059,bilinear,0.007,0.020117842564256215,0.3054363479327974,0.0018219998630750738,74.14472232981586
1578,data/simulations/mdof/sim_001578.npz,RSN0009_PGA_0p800g,RSN0009,0.8,5.2040810457185716,5S_T085,5,0.8499999999999999,0.29119701682939186,elastic,0.004,0.028879517274059557,0.21623174934668407,0.0029294334258087164,90.71250846308537
1579,data/simulations/mdof/sim_001579.npz,RSN0009_PGA_0p800g,RSN0009,0.8,5.2040810457185716,5S_T085,5,0.8499999999999999,0.29119701682939186,bilinear,0.004,0.028879517274059494,0.21623174934668463,0.0029294334258087107,90.71250846308513
1580,data/simulations/mdof/sim_001580.npz,RSN0009_PGA_0p800g,RSN0009,0.8,5.2040810457185716,5S_T085,5,0.8499999999999999,0.29119701682939186,bilinear,0.007,0.028879517274059494,0.21623174934668463,0.0029294334258087107,90.71250846308513
1581,data/simulations/mdof/sim_001581.npz,RSN0009_PGA_0p800g,RSN0009,0.8,5.2040810457185716,5S_T120,5,1.2000000000000008,0.41110167081796517,elastic,0.004,0.04583321115486672,0.22980532535806578,0.004277938982833216,134.02662566342508
1582,data/simulations/mdof/sim_001582.npz,RSN0009_PGA_0p800g,RSN0009,0.8,5.2040810457185716,5S_T120,5,1.2000000000000008,0.41110167081796517,bilinear,0.004,0.045833211154866584,0.21778173755322086,0.004344315004292266,129.56481489261137
1583,data/simulations/mdof/sim_001583.npz,RSN0009_PGA_0p800g,RSN0009,0.8,5.2040810457185716,5S_T120,5,1.2000000000000008,0.41110167081796517,bilinear,0.007,0.045833211154866584,0.229805325358063,0.00427793898283321,134.02662566342468
1584,data/simulations/mdof/sim_001584.npz,RSN0009_PGA_1p000g,RSN0009,1.0,6.505101307148214,3S_T035,3,0.34999999999999987,0.1249135537622733,elastic,0.004,0.007383847795693445,0.23566062990794123,0.0011094985409767892,17.030071219082878
1585,data/simulations/mdof/sim_001585.npz,RSN0009_PGA_1p000g,RSN0009,1.0,6.505101307148214,3S_T035,3,0.34999999999999987,0.1249135537622733,bilinear,0.004,0.007383847795693438,0.23566062990794145,0.0011094985409767879,17.030071219082853
1586,data/simulations/mdof/sim_001586.npz,RSN0009_PGA_1p000g,RSN0009,1.0,6.505101307148214,3S_T035,3,0.34999999999999987,0.1249135537622733,bilinear,0.007,0.007383847795693438,0.23566062990794145,0.0011094985409767879,17.030071219082853
1587,data/simulations/mdof/sim_001587.npz,RSN0009_PGA_1p000g,RSN0009,1.0,6.505101307148214,3S_T060,3,0.6,0.21413752073532566,elastic,0.004,0.025235735541813898,0.3221013568419491,0.0034771707815337365,80.24220652907806
1588,data/simulations/mdof/sim_001588.npz,RSN0009_PGA_1p000g,RSN0009,1.0,6.505101307148214,3S_T060,3,0.6,0.21413752073532566,bilinear,0.004,0.02523573554181394,0.32210135684194946,0.0034771707815337374,80.24220652907822
1589,data/simulations/mdof/sim_001589.npz,RSN0009_PGA_1p000g,RSN0009,1.0,6.505101307148214,3S_T060,3,0.6,0.21413752073532566,bilinear,0.007,0.02523573554181394,0.32210135684194946,0.0034771707815337374,80.24220652907822
1590,data/simulations/mdof/sim_001590.npz,RSN0009_PGA_1p000g,RSN0009,1.0,6.505101307148214,3S_T090,3,0.9,0.32120628110298843,elastic,0.004,0.03763583969347935,0.22031139409753675,0.00529207295908724,106.88022565098092
1591,data/simulations/mdof/sim_001591.npz,RSN0009_PGA_1p000g,RSN0009,1.0,6.505101307148214,3S_T090,3,0.9,0.32120628110298843,bilinear,0.004,0.035694497390888306,0.2092855949706855,0.0053729868834106525,120.14381410649538
1592,data/simulations/mdof/sim_001592.npz,RSN0009_PGA_1p000g,RSN0009,1.0,6.505101307148214,3S_T090,3,0.9,0.32120628110298843,bilinear,0.007,0.0376358396934794,0.2203113940975374,0.005292072959087242,106.88022565098089
1593,data/simulations/mdof/sim_001593.npz,RSN0009_PGA_1p000g,RSN0009,1.0,6.505101307148214,5S_T055,5,0.5499999999999999,0.18842159912490059,elastic,0.004,0.025147303205320277,0.3817954349159968,0.002277499828843843,115.85112864033746
1594,data/simulations/mdof/sim_001594.npz,RSN0009_PGA_1p000g,RSN0009,1.0,6.505101307148214,5S_T055,5,0.5499999999999999,0.18842159912490059,bilinear,0.004,0.025147303205320316,0.3817954349159989,0.0022774998288438452,115.85112864033766
1595,data/simulations/mdof/sim_001595.npz,RSN0009_PGA_1p000g,RSN0009,1.0,6.505101307148214,5S_T055,5,0.5499999999999999,0.18842159912490059,bilinear,0.007,0.025147303205320316,0.3817954349159989,0.0022774998288438452,115.85112864033766
1596,data/simulations/mdof/sim_001596.npz,RSN0009_PGA_1p000g,RSN0009,1.0,6.505101307148214,5S_T085,5,0.8499999999999999,0.29119701682939186,elastic,0.004,0.036099396592574544,0.27028968668335374,0.0036617917822609016,141.73829447357102
1597,data/simulations/mdof/sim_001597.npz,RSN0009_PGA_1p000g,RSN0009,1.0,6.505101307148214,5S_T085,5,0.8499999999999999,0.29119701682939186,bilinear,0.004,0.03609939659257459,0.27028968668335573,0.0036617917822609034,141.73829447357159
1598,data/simulations/mdof/sim_001598.npz,RSN0009_PGA_1p000g,RSN0009,1.0,6.505101307148214,5S_T085,5,0.8499999999999999,0.29119701682939186,bilinear,0.007,0.03609939659257459,0.27028968668335573,0.0036617917822609034,141.73829447357159
1599,data/simulations/mdof/sim_001599.npz,RSN0009_PGA_1p000g,RSN0009,1.0,6.505101307148214,5S_T120,5,1.2000000000000008,0.41110167081796517,elastic,0.004,0.05729151394358337,0.28725665669757905,0.005347423728541521,209.41660259910114
1600,data/simulations/mdof/sim_001600.npz,RSN0009_PGA_1p000g,RSN0009,1.0,6.505101307148214,5S_T120,5,1.2000000000000008,0.41110167081796517,bilinear,0.004,0.05580267637032457,0.22332481772479207,0.0053644366805882734,222.94264651181746
1601,data/simulations/mdof/sim_001601.npz,RSN0009_PGA_1p000g,RSN0009,1.0,6.505101307148214,5S_T120,5,1.2000000000000008,0.41110167081796517,bilinear,0.007,0.057291513943583214,0.2872566566975795,0.005347423728541514,209.41660259909978
1602,data/simulations/mdof/sim_001602.npz,RSN0009_PGA_1p200g,RSN0009,1.2,7.806121568577857,3S_T035,3,0.34999999999999987,0.1249135537622733,elastic,0.004,0.00886061735483213,0.28279275588952973,0.0013313982491721468,24.52330255547933
1603,data/simulations/mdof/sim_001603.npz,RSN0009_PGA_1p200g,RSN0009,1.2,7.806121568577857,3S_T035,3,0.34999999999999987,0.1249135537622733,bilinear,0.004,0.008860617354832135,0.28279275588952985,0.0013313982491721468,24.523302555479344
1604,data/simulations/mdof/sim_001604.npz,RSN0009_PGA_1p200g,RSN0009,1.2,7.806121568577857,3S_T035,3,0.34999999999999987,0.1249135537622733,bilinear,0.007,0.008860617354832135,0.28279275588952985,0.0013313982491721468,24.523302555479344
1605,data/simulations/mdof/sim_001605.npz,RSN0009_PGA_1p200g,RSN0009,1.2,7.806121568577857,3S_T060,3,0.6,0.21413752073532566,elastic,0.004,0.030282882650176778,0.3865216282103391,0.004172604937840479,115.5487774018725
1606,data/simulations/mdof/sim_001606.npz,RSN0009_PGA_1p200g,RSN0009,1.2,7.806121568577857,3S_T060,3,0.6,0.21413752073532566,bilinear,0.004,0.030016816723182335,0.3827612603727931,0.004254031770034297,119.5730170771235
1607,data/simulations/mdof/sim_001607.npz,RSN0009_PGA_1p200g,RSN0009,1.2,7.806121568577857,3S_T060,3,0.6,0.21413752073532566,bilinear,0.007,0.030282882650176767,0.38652162821033903,0.004172604937840475,115.54877740187239
1608,data/simulations/mdof/sim_001608.npz,RSN0009_PGA_1p200g,RSN0009,1.2,7.806121568577857,3S_T090,3,0.9,0.32120628110298843,elastic,0.004,0.04516300763217522,0.2643736729170451,0.006350487550904677,153.90752493741218
1609,data/simulations/mdof/sim_001609.npz,RSN0009_PGA_1p200g,RSN0009,1.2,7.806121568577857,3S_T090,3,0.9,0.32120628110298843,bilinear,0.004,0.045051701482513154,0.24119609675476653,0.007510296187849109,185.7042140172392
1610,data/simulations/mdof/sim_001610.npz,RSN0009_PGA_1p200g,RSN0009,1.2,7.806121568577857,3S_T090,3,0.9,0.32120628110298843,bilinear,0.007,0.04516300763217516,0.26437367291704367,0.006350487550904682,153.9075249374126
1611,data/simulations/mdof/sim_001611.npz,RSN0009_PGA_1p200g,RSN0009,1.2,7.806121568577857,5S_T055,5,0.5499999999999999,0.18842159912490059,elastic,0.004,0.03017676384638438,0.458154521899199,0.002732999794612614,166.8256252420863
1612,data/simulations/mdof/sim_001612.npz,RSN0009_PGA_1p200g,RSN0009,1.2,7.806121568577857,5S_T055,5,0.5499999999999999,0.18842159912490059,bilinear,0.004,0.030176763846384357,0.4581545218991987,0.0027329997946126117,166.825625242086
1613,data/simulations/mdof/sim_001613.npz,RSN0009_PGA_1p200g,RSN0009,1.2,7.806121568577857,5S_T055,5,0.5499999999999999,0.18842159912490059,bilinear,0.007,0.030176763846384357,0.4581545218991987,0.0027329997946126117,166.825625242086
1614,data/simulations/mdof/sim_001614.npz,RSN0009_PGA_1p200g,RSN0009,1.2,7.806121568577857,5S_T085,5,0.8499999999999999,0.29119701682939186,elastic,0.004,0.0433192759110893,0.3243476240200264,0.00439415013871307,204.10314404194156
1615,data/simulations/mdof/sim_001615.npz,RSN0009_PGA_1p200g,RSN0009,1.2,7.806121568577857,5S_T085,5,0.8499999999999999,0.29119701682939186,bilinear,0.004,0.04144732853569794,0.32350393923513704,0.004387069455368215,208.09277647010293
1616,data/simulations/mdof/sim_001616.npz,RSN0009_PGA_1p200g,RSN0009,1.2,7.806121568577857,5S_T085,5,0.8499999999999999,0.29119701682939186,bilinear,0.007,0.043319275911089444,0.3243476240200266,0.004394150138713083,204.10314404194287
1617,data/simulations/mdof/sim_001617.npz,RSN0009_PGA_1p200g,RSN0009,1.2,7.806121568577857,5S_T120,5,1.2000000000000008,0.41110167081796517,elastic,0.004,0.06874981673229981,0.3447079880370988,0.006416908474249827,301.5599077427061
1618,data/simulations/mdof/sim_001618.npz,RSN0009_PGA_1p200g,RSN0009,1.2,7.806121568577857,5S_T120,5,1.2000000000000008,0.41110167081796517,bilinear,0.004,0.060469870583113705,0.25375377349065414,0.006702189553106802,348.85867012963206
1619,data/simulations/mdof/sim_001619.npz,RSN0009_PGA_1p200g,RSN0009,1.2,7.806121568577857,5S_T120,5,1.2000000000000008,0.41110167081796517,bilinear,0.007,0.0687498167323,0.34470798803709607,0.006416908474249815,301.5599077427049
1620,data/simulations/mdof/sim_001620.npz,RSN0010_PGA_0p050g,RSN0010,0.05,0.5815528363606617,3S_T035,3,0.34999999999999987,0.1249135537622733,elastic,0.004,0.0004638403573084121,0.013581701926604794,7.087388457077771e-05,0.06651634667618947
1621,data/simulations/mdof/sim_001621.npz,RSN0010_PGA_0p050g,RSN0010,0.05,0.5815528363606617,3S_T035,3,0.34999999999999987,0.1249135537622733,bilinear,0.004,0.0004638403573084119,0.01358170192660481,7.087388457077761e-05,0.0665163466761894
1622,data/simulations/mdof/sim_001622.npz,RSN0010_PGA_0p050g,RSN0010,0.05,0.5815528363606617,3S_T035,3,0.34999999999999987,0.1249135537622733,bilinear,0.007,0.0004638403573084119,0.01358170192660481,7.087388457077761e-05,0.0665163466761894
1623,data/simulations/mdof/sim_001623.npz,RSN0010_PGA_0p050g,RSN0010,0.05,0.5815528363606617,3S_T060,3,0.6,0.21413752073532566,elastic,0.004,0.0008710195902359453,0.012449650735303693,0.0001171578731695061,0.09518673159419788
1624,data/simulations/mdof/sim_001624.npz,RSN0010_PGA_0p050g,RSN0010,0.05,0.5815528363606617,3S_T060,3,0.6,0.21413752073532566,bilinear,0.004,0.0008710195902359456,0.012449650735303689,0.00011715787316950623,0.095186731594198
1625,data/simulations/mdof/sim_001625.npz,RSN0010_PGA_0p050g,RSN0010,0.05,0.5815528363606617,3S_T060,3,0.6,0.21413752073532566,bilinear,0.007,0.0008710195902359456,0.012449650735303689,0.00011715787316950623,0.095186731594198
1626,data/simulations/mdof/sim_001626.npz,RSN0010_PGA_0p050g,RSN0010,0.05,0.5815528363606617,3S_T090,3,0.9,0.32120628110298843,elastic,0.004,0.0013002132774862028,0.010908082969896912,0.00016092547295604384,0.12165480462999306
1627,data/simulations/mdof/sim_001627.npz,RSN0010_PGA_0p050g,RSN0010,0.05,0.5815528363606617,3S_T090,3,0.9,0.32120628110298843,bilinear,0.004,0.001300213277486201,0.010908082969896857,0.00016092547295604403,0.12165480462999304
1628,data/simulations/mdof/sim_001628.npz,RSN0010_PGA_0p050g,RSN0010,0.05,0.5815528363606617,3S_T090,3,0.9,0.32120628110298843,bilinear,0.007,0.001300213277486201,0.010908082969896857,0.00016092547295604403,0.12165480462999304
1629,data/simulations/mdof/sim_001629.npz,RSN0010_PGA_0p050g,RSN0010,0.05,0.5815528363606617,5S_T055,5,0.5499999999999999,0.18842159912490059,elastic,0.004,0.0008886638793291054,0.014092575536301163,8.467725926024128e-05,0.1481456960555125
1630,data/simulations/mdof/sim_001630.npz,RSN0010_PGA_0p050g,RSN0010,0.05,0.5815528363606617,5S_T055,5,0.5499999999999999,0.18842159912490059,bilinear,0.004,0.0008886638793291047,0.014092575536301166,8.467725926024106e-05,0.14814569605551228
1631,data/simulations/mdof/sim_001631.npz,RSN0010_PGA_0p050g,RSN0010,0.05,0.5815528363606617,5S_T055,5,0.5499999999999999,0.18842159912490059,bilinear,0.007,0.0008886638793291047,0.014092575536301166,8.467725926024106e-05,0.14814569605551228
1632,data/simulations/mdof/sim_001632.npz,RSN0010_PGA_0p050g,RSN0010,0.05,0.5815528363606617,5S_T085,5,0.8499999999999999,0.29119701682939186,elastic,0.004,0.0015913571703145867,0.012804619176914537,0.0001359670245600138,0.23768221092966813
1633,data/simulations/mdof/sim_001633.npz,RSN0010_PGA_0p050g,RSN0010,0.05,0.5815528363606617,5S_T085,5,0.8499999999999999,0.29119701682939186,bilinear,0.004,0.0015913571703145915,0.012804619176914585,0.0001359670245600142,0.23768221092966962
1634,data/simulations/mdof/sim_001634.npz,RSN0010_PGA_0p050g,RSN0010,0.05,0.5815528363606617,5S_T085,5,0.8499999999999999,0.29119701682939186,bilinear,0.007,0.0015913571703145915,0.012804619176914585,0.0001359670245600142,0.23768221092966962
1635,data/simulations/mdof/sim_001635.npz,RSN0010_PGA_0p050g,RSN0010,0.05,0.5815528363606617,5S_T120,5,1.2000000000000008,0.41110167081796517,elastic,0.004,0.0023419446601791495,0.011500765186159386,0.00017942825623687276,0.2976433924938475
1636,data/simulations/mdof/sim_001636.npz,RSN0010_PGA_0p050g,RSN0010,0.05,0.5815528363606617,5S_T120,5,1.2000000000000008,0.41110167081796517,bilinear,0.004,0.002341944660179149,0.011500765186159412,0.00017942825623687238,0.29764339249384636
1637,data/simulations/mdof/sim_001637.npz,RSN0010_PGA_0p050g,RSN0010,0.05,0.5815528363606617,5S_T120,5,1.2000000000000008,0.41110167081796517,bilinear,0.007,0.002341944660179149,0.011500765186159412,0.00017942825623687238,0.29764339249384636
1638,data/simulations/mdof/sim_001638.npz,RSN0010_PGA_0p100g,RSN0010,0.1,1.1631056727213234,3S_T035,3,0.34999999999999987,0.1249135537622733,elastic,0.004,0.0009276807146168242,0.02716340385320959,0.00014174776914155541,0.2660653867047579
1639,data/simulations/mdof/sim_001639.npz,RSN0010_PGA_0p100g,RSN0010,0.1,1.1631056727213234,3S_T035,3,0.34999999999999987,0.1249135537622733,bilinear,0.004,0.0009276807146168238,0.02716340385320962,0.00014174776914155522,0.2660653867047576
1640,data/simulations/mdof/sim_001640.npz,RSN0010_PGA_0p100g,RSN0010,0.1,1.1631056727213234,3S_T035,3,0.34999999999999987,0.1249135537622733,bilinear,0.007,0.0009276807146168238,0.02716340385320962,0.00014174776914155522,0.2660653867047576
1641,data/simulations/mdof/sim_001641.npz,RSN0010_PGA_0p100g,RSN0010,0.1,1.1631056727213234,3S_T060,3,0.6,0.21413752073532566,elastic,0.004,0.0017420391804718906,0.024899301470607385,0.0002343157463390122,0.38074692637679153
1642,data/simulations/mdof/sim_001642.npz,RSN0010_PGA_0p100g,RSN0010,0.1,1.1631056727213234,3S_T060,3,0.6,0.21413752073532566,bilinear,0.004,0.0017420391804718913,0.024899301470607378,0.00023431574633901245,0.380746926376792
1643,data/simulations/mdof/sim_001643.npz,RSN0010_PGA_0p100g,RSN0010,0.1,1.1631056727213234,3S_T060,3,0.6,0.21413752073532566,bilinear,0.007,0.0017420391804718913,0.024899301470607378,0.00023431574633901245,0.380746926376792
1644,data/simulations/mdof/sim_001644.npz,RSN0010_PGA_0p100g,RSN0010,0.1,1.1631056727213234,3S_T090,3,0.9,0.32120628110298843,elastic,0.004,0.0026004265549724056,0.021816165939793825,0.0003218509459120877,0.48661921851997225
1645,data/simulations/mdof/sim_001645.npz,RSN0010_PGA_0p100g,RSN0010,0.1,1.1631056727213234,3S_T090,3,0.9,0.32120628110298843,bilinear,0.004,0.002600426554972402,0.021816165939793714,0.00032185094591208807,0.48661921851997214
1646,data/simulations/mdof/sim_001646.npz,RSN0010_PGA_0p100g,RSN0010,0.1,1.1631056727213234,3S_T090,3,0.9,0.32120628110298843,bilinear,0.007,0.002600426554972402,0.021816165939793714,0.00032185094591208807,0.48661921851997214
1647,data/simulations/mdof/sim_001647.npz,RSN0010_PGA_0p100g,RSN0010,0.1,1.1631056727213234,5S_T055,5,0.5499999999999999,0.18842159912490059,elastic,0.004,0.001777327758658211,0.028185151072602325,0.00016935451852048255,0.59258278422205
1648,data/simulations/mdof/sim_001648.npz,RSN0010_PGA_0p100g,RSN0010,0.1,1.1631056727213234,5S_T055,5,0.5499999999999999,0.18842159912490059,bilinear,0.004,0.0017773277586582094,0.028185151072602332,0.00016935451852048212,0.5925827842220491
1649,data/simulations/mdof/sim_001649.npz,RSN0010_PGA_0p100g,RSN0010,0.1,1.1631056727213234,5S_T055,5,0.5499999999999999,0.18842159912490059,bilinear,0.007,0.0017773277586582094,0.028185151072602332,0.00016935451852048212,0.5925827842220491
1650,data/simulations/mdof/sim_001650.npz,RSN0010_PGA_0p100g,RSN0010,0.1,1.1631056727213234,5S_T085,5,0.8499999999999999,0.29119701682939186,elastic,0.004,0.0031827143406291734,0.025609238353829073,0.0002719340491200276,0.9507288437186725
1651,data/simulations/mdof/sim_001651.npz,RSN0010_PGA_0p100g,RSN0010,0.1,1.1631056727213234,5S_T085,5,0.8499999999999999,0.29119701682939186,bilinear,0.004,0.003182714340629183,0.02560923835382917,0.0002719340491200284,0.9507288437186785
1652,data/simulations/mdof/sim_001652.npz,RSN0010_PGA_0p100g,RSN0010,0.1,1.1631056727213234,5S_T085,5,0.8499999999999999,0.29119701682939186,bilinear,0.007,0.003182714340629183,0.02560923835382917,0.0002719340491200284,0.9507288437186785
1653,data/simulations/mdof/sim_001653.npz,RSN0010_PGA_0p100g,RSN0010,0.1,1.1631056727213234,5S_T120,5,1.2000000000000008,0.41110167081796517,elastic,0.004,0.004683889320358299,0.023001530372318772,0.0003588565124737455,1.19057356997539
1654,data/simulations/mdof/sim_001654.npz,RSN0010_PGA_0p100g,RSN0010,0.1,1.1631056727213234,5S_T120,5,1.2000000000000008,0.41110167081796517,bilinear,0.004,0.004683889320358298,0.023001530372318824,0.00035885651247374476,1.1905735699753854
1655,data/simulations/mdof/sim_001655.npz,RSN0010_PGA_0p100g,RSN0010,0.1,1.1631056727213234,5S_T120,5,1.2000000000000008,0.41110167081796517,bilinear,0.007,0.004683889320358298,0.023001530372318824,0.00035885651247374476,1.1905735699753854
1656,data/simulations/mdof/sim_001656.npz,RSN0010_PGA_0p200g,RSN0010,0.2,2.3262113454426467,3S_T035,3,0.34999999999999987,0.1249135537622733,elastic,0.004,0.0018553614292336484,0.05432680770641918,0.00028349553828311083,1.0642615468190315
1657,data/simulations/mdof/sim_001657.npz,RSN0010_PGA_0p200g,RSN0010,0.2,2.3262113454426467,3S_T035,3,0.34999999999999987,0.1249135537622733,bilinear,0.004,0.0018553614292336476,0.05432680770641924,0.00028349553828311045,1.0642615468190304
1658,data/simulations/mdof/sim_001658.npz,RSN0010_PGA_0p200g,RSN0010,0.2,2.3262113454426467,3S_T035,3,0.34999999999999987,0.1249135537622733,bilinear,0.007,0.0018553614292336476,0.05432680770641924,0.00028349553828311045,1.0642615468190304
1659,data/simulations/mdof/sim_001659.npz,RSN0010_PGA_0p200g,RSN0010,0.2,2.3262113454426467,3S_T060,3,0.6,0.21413752073532566,elastic,0.004,0.003484078360943781,0.04979860294121477,0.0004686314926780244,1.5229877055071661
1660,data/simulations/mdof/sim_001660.npz,RSN0010_PGA_0p200g,RSN0010,0.2,2.3262113454426467,3S_T060,3,0.6,0.21413752073532566,bilinear,0.004,0.0034840783609437825,0.049798602941214756,0.0004686314926780249,1.522987705507168
1661,data/simulations/mdof/sim_001661.npz,RSN0010_PGA_0p200g,RSN0010,0.2,2.3262113454426467,3S_T060,3,0.6,0.21413752073532566,bilinear,0.007,0.0034840783609437825,0.049798602941214756,0.0004686314926780249,1.522987705507168
1662,data/simulations/mdof/sim_001662.npz,RSN0010_PGA_0p200g,RSN0010,0.2,2.3262113454426467,3S_T090,3,0.9,0.32120628110298843,elastic,0.004,0.005200853109944811,0.04363233187958765,0.0006437018918241754,1.946476874079889
1663,data/simulations/mdof/sim_001663.npz,RSN0010_PGA_0p200g,RSN0010,0.2,2.3262113454426467,3S_T090,3,0.9,0.32120628110298843,bilinear,0.004,0.005200853109944804,0.04363233187958743,0.0006437018918241761,1.9464768740798886
1664,data/simulations/mdof/sim_001664.npz,RSN0010_PGA_0p200g,RSN0010,0.2,2.3262113454426467,3S_T090,3,0.9,0.32120628110298843,bilinear,0.007,0.005200853109944804,0.04363233187958743,0.0006437018918241761,1.9464768740798886
1665,data/simulations/mdof/sim_001665.npz,RSN0010_PGA_0p200g,RSN0010,0.2,2.3262113454426467,5S_T055,5,0.5499999999999999,0.18842159912490059,elastic,0.004,0.003554655517316422,0.05637030214520465,0.0003387090370409651,2.3703311368882
1666,data/simulations/mdof/sim_001666.npz,RSN0010_PGA_0p200g,RSN0010,0.2,2.3262113454426467,5S_T055,5,0.5499999999999999,0.18842159912490059,bilinear,0.004,0.0035546555173164187,0.056370302145204665,0.00033870903704096423,2.3703311368881965
1667,data/simulations/mdof/sim_001667.npz,RSN0010_PGA_0p200g,RSN0010,0.2,2.3262113454426467,5S_T055,5,0.5499999999999999,0.18842159912490059,bilinear,0.007,0.0035546555173164187,0.056370302145204665,0.00033870903704096423,2.3703311368881965
1668,data/simulations/mdof/sim_001668.npz,RSN0010_PGA_0p200g,RSN0010,0.2,2.3262113454426467,5S_T085,5,0.8499999999999999,0.29119701682939186,elastic,0.004,0.006365428681258347,0.051218476707658146,0.0005438680982400552,3.80291537487469
1669,data/simulations/mdof/sim_001669.npz,RSN0010_PGA_0p200g,RSN0010,0.2,2.3262113454426467,5S_T085,5,0.8499999999999999,0.29119701682939186,bilinear,0.004,0.006365428681258358,0.051218476707658125,0.0005438680982400556,3.8029153748747033
1670,data/simulations/mdof/sim_001670.npz,RSN0010_PGA_0p200g,RSN0010,0.2,2.3262113454426467,5S_T085,5,0.8499999999999999,0.29119701682939186,bilinear,0.007,0.006365428681258358,0.051218476707658125,0.0005438680982400556,3.8029153748747033
1671,data/simulations/mdof/sim_001671.npz,RSN0010_PGA_0p200g,RSN0010,0.2,2.3262113454426467,5S_T120,5,1.2000000000000008,0.41110167081796517,elastic,0.004,0.009367778640716598,0.046003060744637544,0.000717713024947491,4.76229427990156
1672,data/simulations/mdof/sim_001672.npz,RSN0010_PGA_0p200g,RSN0010,0.2,2.3262113454426467,5S_T120,5,1.2000000000000008,0.41110167081796517,bilinear,0.004,0.009367778640716596,0.04600306074463765,0.0007177130249474895,4.762294279901542
1673,data/simulations/mdof/sim_001673.npz,RSN0010_PGA_0p200g,RSN0010,0.2,2.3262113454426467,5S_T120,5,1.2000000000000008,0.41110167081796517,bilinear,0.007,0.009367778640716596,0.04600306074463765,0.0007177130249474895,4.762294279901542
1674,data/simulations/mdof/sim_001674.npz,RSN0010_PGA_0p300g,RSN0010,0.3,3.48931701816397,3S_T035,3,0.34999999999999987,0.1249135537622733,elastic,0.004,0.002783042143850469,0.08149021155962849,0.00042524330742466614,2.3945884803428164
1675,data/simulations/mdof/sim_001675.npz,RSN0010_PGA_0p300g,RSN0010,0.3,3.48931701816397,3S_T035,3,0.34999999999999987,0.1249135537622733,bilinear,0.004,0.0027830421438504722,0.08149021155962878,0.0004252433074246663,2.3945884803428195
1676,data/simulations/mdof/sim_001676.npz,RSN0010_PGA_0p300g,RSN0010,0.3,3.48931701816397,3S_T035,3,0.34999999999999987,0.1249135537622733,bilinear,0.007,0.0027830421438504722,0.08149021155962878,0.0004252433074246663,2.3945884803428195
1677,data/simulations/mdof/sim_001677.npz,RSN0010_PGA_0p300g,RSN0010,0.3,3.48931701816397,3S_T060,3,0.6,0.21413752073532566,elastic,0.004,0.005226117541415673,0.07469790441182216,0.0007029472390170379,3.426722337391125
1678,data/simulations/mdof/sim_001678.npz,RSN0010_PGA_0p300g,RSN0010,0.3,3.48931701816397,3S_T060,3,0.6,0.21413752073532566,bilinear,0.004,0.0052261175414156725,0.07469790441182211,0.0007029472390170373,3.426722337391116
1679,data/simulations/mdof/sim_001679.npz,RSN0010_PGA_0p300g,RSN0010,0.3,3.48931701816397,3S_T060,3,0.6,0.21413752073532566,bilinear,0.007,0.0052261175414156725,0.07469790441182211,0.0007029472390170373,3.426722337391116
1680,data/simulations/mdof/sim_001680.npz,RSN0010_PGA_0p300g,RSN0010,0.3,3.48931701816397,3S_T090,3,0.9,0.32120628110298843,elastic,0.004,0.007801279664917213,0.06544849781938139,0.0009655528377362627,4.379572966679749
1681,data/simulations/mdof/sim_001681.npz,RSN0010_PGA_0p300g,RSN0010,0.3,3.48931701816397,3S_T090,3,0.9,0.32120628110298843,bilinear,0.004,0.007801279664917208,0.06544849781938146,0.0009655528377362644,4.379572966679749
1682,data/simulations/mdof/sim_001682.npz,RSN0010_PGA_0p300g,RSN0010,0.3,3.48931701816397,3S_T090,3,0.9,0.32120628110298843,bilinear,0.007,0.007801279664917208,0.06544849781938146,0.0009655528377362644,4.379572966679749
1683,data/simulations/mdof/sim_001683.npz,RSN0010_PGA_0p300g,RSN0010,0.3,3.48931701816397,5S_T055,5,0.5499999999999999,0.18842159912490059,elastic,0.004,0.005331983275974641,0.08455545321780741,0.0005080635555614477,5.333245057998442
1684,data/simulations/mdof/sim_001684.npz,RSN0010_PGA_0p300g,RSN0010,0.3,3.48931701816397,5S_T055,5,0.5499999999999999,0.18842159912490059,bilinear,0.004,0.005331983275974629,0.08455545321780744,0.0005080635555614468,5.333245057998434
1685,data/simulations/mdof/sim_001685.npz,RSN0010_PGA_0p300g,RSN0010,0.3,3.48931701816397,5S_T055,5,0.5499999999999999,0.18842159912490059,bilinear,0.007,0.005331983275974629,0.08455545321780744,0.0005080635555614468,5.333245057998434
1686,data/simulations/mdof/sim_001686.npz,RSN0010_PGA_0p300g,RSN0010,0.3,3.48931701816397,5S_T085,5,0.8499999999999999,0.29119701682939186,elastic,0.004,0.009548143021887551,0.07682771506148738,0.000815802147360085,8.5565595934681
1687,data/simulations/mdof/sim_001687.npz,RSN0010_PGA_0p300g,RSN0010,0.3,3.48931701816397,5S_T085,5,0.8499999999999999,0.29119701682939186,bilinear,0.004,0.009548143021887544,0.07682771506148725,0.000815802147360084,8.5565595934681
1688,data/simulations/mdof/sim_001688.npz,RSN0010_PGA_0p300g,RSN0010,0.3,3.48931701816397,5S_T085,5,0.8499999999999999,0.29119701682939186,bilinear,0.007,0.009548143021887544,0.07682771506148725,0.000815802147360084,8.5565595934681
1689,data/simulations/mdof/sim_001689.npz,RSN0010_PGA_0p300g,RSN0010,0.3,3.48931701816397,5S_T120,5,1.2000000000000008,0.41110167081796517,elastic,0.004,0.01405166796107492,0.06900459111695664,0.0010765695374212367,10.715162129778534
1690,data/simulations/mdof/sim_001690.npz,RSN0010_PGA_0p300g,RSN0010,0.3,3.48931701816397,5S_T120,5,1.2000000000000008,0.41110167081796517,bilinear,0.004,0.014051667961074927,0.06900459111695666,0.0010765695374212359,10.715162129778514
1691,data/simulations/mdof/sim_001691.npz,RSN0010_PGA_0p300g,RSN0010,0.3,3.48931701816397,5S_T120,5,1.2000000000000008,0.41110167081796517,bilinear,0.007,0.014051667961074927,0.06900459111695666,0.0010765695374212359,10.715162129778514
1692,data/simulations/mdof/sim_001692.npz,RSN0010_PGA_0p400g,RSN0010,0.4,4.6524226908852935,3S_T035,3,0.34999999999999987,0.1249135537622733,elastic,0.004,0.003710722858467297,0.10865361541283836,0.0005669910765662217,4.257046187276126
1693,data/simulations/mdof/sim_001693.npz,RSN0010_PGA_0p400g,RSN0010,0.4,4.6524226908852935,3S_T035,3,0.34999999999999987,0.1249135537622733,bilinear,0.004,0.003710722858467295,0.10865361541283848,0.0005669910765662209,4.257046187276122
1694,data/simulations/mdof/sim_001694.npz,RSN0010_PGA_0p400g,RSN0010,0.4,4.6524226908852935,3S_T035,3,0.34999999999999987,0.1249135537622733,bilinear,0.007,0.003710722858467295,0.10865361541283848,0.0005669910765662209,4.257046187276122
1695,data/simulations/mdof/sim_001695.npz,RSN0010_PGA_0p400g,RSN0010,0.4,4.6524226908852935,3S_T060,3,0.6,0.21413752073532566,elastic,0.004,0.006968156721887562,0.09959720588242954,0.0009372629853560488,6.0919508220286644
1696,data/simulations/mdof/sim_001696.npz,RSN0010_PGA_0p400g,RSN0010,0.4,4.6524226908852935,3S_T060,3,0.6,0.21413752073532566,bilinear,0.004,0.006968156721887565,0.09959720588242951,0.0009372629853560498,6.091950822028672
1697,data/simulations/mdof/sim_001697.npz,RSN0010_PGA_0p400g,RSN0010,0.4,4.6524226908852935,3S_T060,3,0.6,0.21413752073532566,bilinear,0.007,0.006968156721887565,0.09959720588242951,0.0009372629853560498,6.091950822028672
1698,data/simulations/mdof/sim_001698.npz,RSN0010_PGA_0p400g,RSN0010,0.4,4.6524226908852935,3S_T090,3,0.9,0.32120628110298843,elastic,0.004,0.010401706219889622,0.0872646637591753,0.0012874037836483508,7.785907496319556
1699,data/simulations/mdof/sim_001699.npz,RSN0010_PGA_0p400g,RSN0010,0.4,4.6524226908852935,3S_T090,3,0.9,0.32120628110298843,bilinear,0.004,0.010401706219889608,0.08726466375917485,0.0012874037836483523,7.785907496319554
1700,data/simulations/mdof/sim_001700.npz,RSN0010_PGA_0p400g,RSN0010,0.4,4.6524226908852935,3S_T090,3,0.9,0.32120628110298843,bilinear,0.007,0.010401706219889608,0.08726466375917485,0.0012874037836483523,7.785907496319554
1701,data/simulations/mdof/sim_001701.npz,RSN0010_PGA_0p400g,RSN0010,0.4,4.6524226908852935,5S_T055,5,0.5499999999999999,0.18842159912490059,elastic,0.004,0.007109311034632844,0.1127406042904093,0.0006774180740819302,9.4813245475528
1702,data/simulations/mdof/sim_001702.npz,RSN0010_PGA_0p400g,RSN0010,0.4,4.6524226908852935,5S_T055,5,0.5499999999999999,0.18842159912490059,bilinear,0.004,0.0071093110346328375,0.11274060429040986,0.0006774180740819297,9.481324547552795
1703,data/simulations/mdof/sim_001703.npz,RSN0010_PGA_0p400g,RSN0010,0.4,4.6524226908852935,5S_T055,5,0.5499999999999999,0.18842159912490059,bilinear,0.007,0.0071093110346328375,0.11274060429040986,0.0006774180740819297,9.481324547552795
1704,data/simulations/mdof/sim_001704.npz,RSN0010_PGA_0p400g,RSN0010,0.4,4.6524226908852935,5S_T085,5,0.8499999999999999,0.29119701682939186,elastic,0.004,0.012730857362516694,0.10243695341531629,0.0010877361964801103,15.21166149949876
1705,data/simulations/mdof/sim_001705.npz,RSN0010_PGA_0p400g,RSN0010,0.4,4.6524226908852935,5S_T085,5,0.8499999999999999,0.29119701682939186,bilinear,0.004,0.012730857362516708,0.10243695341531654,0.0010877361964801097,15.211661499498783
1706,data/simulations/mdof/sim_001706.npz,RSN0010_PGA_0p400g,RSN0010,0.4,4.6524226908852935,5S_T085,5,0.8499999999999999,0.29119701682939186,bilinear,0.007,0.012730857362516708,0.10243695341531654,0.0010877361964801097,15.211661499498783
1707,data/simulations/mdof/sim_001707.npz,RSN0010_PGA_0p400g,RSN0010,0.4,4.6524226908852935,5S_T120,5,1.2000000000000008,0.41110167081796517,elastic,0.004,0.018735557281433196,0.09200612148927509,0.001435426049894982,19.04917711960624
1708,data/simulations/mdof/sim_001708.npz,RSN0010_PGA_0p400g,RSN0010,0.4,4.6524226908852935,5S_T120,5,1.2000000000000008,0.41110167081796517,bilinear,0.004,0.018735557281433213,0.09200612148927516,0.0014354260498949838,19.049177119606263
1709,data/simulations/mdof/sim_001709.npz,RSN0010_PGA_0p400g,RSN0010,0.4,4.6524226908852935,5S_T120,5,1.2000000000000008,0.41110167081796517,bilinear,0.007,0.018735557281433213,0.09200612148927516,0.0014354260498949838,19.049177119606263
1710,data/simulations/mdof/sim_001710.npz,RSN0010_PGA_0p500g,RSN0010,0.5,5.815528363606617,3S_T035,3,0.34999999999999987,0.1249135537622733,elastic,0.004,0.00463840357308412,0.13581701926604764,0.0007087388457077771,6.651634667618945
1711,data/simulations/mdof/sim_001711.npz,RSN0010_PGA_0p500g,RSN0010,0.5,5.815528363606617,3S_T035,3,0.34999999999999987,0.1249135537622733,bilinear,0.004,0.004638403573084122,0.1358170192660475,0.0007087388457077781,6.651634667618949
1712,data/simulations/mdof/sim_001712.npz,RSN0010_PGA_0p500g,RSN0010,0.5,5.815528363606617,3S_T035,3,0.34999999999999987,0.1249135537622733,bilinear,0.007,0.004638403573084122,0.1358170192660475,0.0007087388457077781,6.651634667618949
1713,data/simulations/mdof/sim_001713.npz,RSN0010_PGA_0p500g,RSN0010,0.5,5.815528363606617,3S_T060,3,0.6,0.21413752073532566,elastic,0.004,0.00871019590235946,0.1244965073530369,0.0011715787316950639,9.518673159419814
1714,data/simulations/mdof/sim_001714.npz,RSN0010_PGA_0p500g,RSN0010,0.5,5.815528363606617,3S_T060,3,0.6,0.21413752073532566,bilinear,0.004,0.008710195902359455,0.12449650735303702,0.0011715787316950628,9.518673159419793
1715,data/simulations/mdof/sim_001715.npz,RSN0010_PGA_0p500g,RSN0010,0.5,5.815528363606617,3S_T060,3,0.6,0.21413752073532566,bilinear,0.007,0.008710195902359455,0.12449650735303702,0.0011715787316950628,9.518673159419793
1716,data/simulations/mdof/sim_001716.npz,RSN0010_PGA_0p500g,RSN0010,0.5,5.815528363606617,3S_T090,3,0.9,0.32120628110298843,elastic,0.004,0.013002132774862006,0.10908082969896916,0.001609254729560442,12.165480462999312
1717,data/simulations/mdof/sim_001717.npz,RSN0010_PGA_0p500g,RSN0010,0.5,5.815528363606617,3S_T090,3,0.9,0.32120628110298843,bilinear,0.004,0.013002132774862027,0.10908082969896897,0.0016092547295604432,12.165480462999344
1718,data/simulations/mdof/sim_001718.npz,RSN0010_PGA_0p500g,RSN0010,0.5,5.815528363606617,3S_T090,3,0.9,0.32120628110298843,bilinear,0.007,0.013002132774862027,0.10908082969896897,0.0016092547295604432,12.165480462999344
1719,data/simulations/mdof/sim_001719.npz,RSN0010_PGA_0p500g,RSN0010,0.5,5.815528363606617,5S_T055,5,0.5499999999999999,0.18842159912490059,elastic,0.004,0.008886638793291036,0.14092575536301186,0.0008467725926024093,14.814569605551126
1720,data/simulations/mdof/sim_001720.npz,RSN0010_PGA_0p500g,RSN0010,0.5,5.815528363606617,5S_T055,5,0.5499999999999999,0.18842159912490059,bilinear,0.004,0.008886638793291057,0.1409257553630124,0.0008467725926024106,14.814569605551174
1721,data/simulations/mdof/sim_001721.npz,RSN0010_PGA_0p500g,RSN0010,0.5,5.815528363606617,5S_T055,5,0.5499999999999999,0.18842159912490059,bilinear,0.007,0.008886638793291057,0.1409257553630124,0.0008467725926024106,14.814569605551174
1722,data/simulations/mdof/sim_001722.npz,RSN0010_PGA_0p500g,RSN0010,0.5,5.815528363606617,5S_T085,5,0.8499999999999999,0.29119701682939186,elastic,0.004,0.01591357170314587,0.1280461917691455,0.0013596702456001395,23.76822109296684
1723,data/simulations/mdof/sim_001723.npz,RSN0010_PGA_0p500g,RSN0010,0.5,5.815528363606617,5S_T085,5,0.8499999999999999,0.29119701682939186,bilinear,0.004,0.0159135717031459,0.12804619176914553,0.0013596702456001415,23.768221092966904
1724,data/simulations/mdof/sim_001724.npz,RSN0010_PGA_0p500g,RSN0010,0.5,5.815528363606617,5S_T085,5,0.8499999999999999,0.29119701682939186,bilinear,0.007,0.0159135717031459,0.12804619176914553,0.0013596702456001415,23.768221092966904
1725,data/simulations/mdof/sim_001725.npz,RSN0010_PGA_0p500g,RSN0010,0.5,5.815528363606617,5S_T120,5,1.2000000000000008,0.41110167081796517,elastic,0.004,0.02341944660179152,0.11500765186159392,0.0017942825623687279,29.764339249384783
1726,data/simulations/mdof/sim_001726.npz,RSN0010_PGA_0p500g,RSN0010,0.5,5.815528363606617,5S_T120,5,1.2000000000000008,0.41110167081796517,bilinear,0.004,0.02341944660179148,0.11500765186159398,0.0017942825623687233,29.764339249384626
1727,data/simulations/mdof/sim_001727.npz,RSN0010_PGA_0p500g,RSN0010,0.5,5.815528363606617,5S_T120,5,1.2000000000000008,0.41110167081796517,bilinear,0.007,0.02341944660179148,0.11500765186159398,0.0017942825623687233,29.764339249384626
1728,data/simulations/mdof/sim_001728.npz,RSN0010_PGA_0p600g,RSN0010,0.6,6.97863403632794,3S_T035,3,0.34999999999999987,0.1249135537622733,elastic,0.004,0.005566084287700938,0.16298042311925698,0.0008504866148493323,9.578353921371265
1729,data/simulations/mdof/sim_001729.npz,RSN0010_PGA_0p600g,RSN0010,0.6,6.97863403632794,3S_T035,3,0.34999999999999987,0.1249135537622733,bilinear,0.004,0.0055660842877009445,0.16298042311925756,0.0008504866148493326,9.578353921371278
1730,data/simulations/mdof/sim_001730.npz,RSN0010_PGA_0p600g,RSN0010,0.6,6.97863403632794,3S_T035,3,0.34999999999999987,0.1249135537622733,bilinear,0.007,0.0055660842877009445,0.16298042311925756,0.0008504866148493326,9.578353921371278
1731,data/simulations/mdof/sim_001731.npz,RSN0010_PGA_0p600g,RSN0010,0.6,6.97863403632794,3S_T060,3,0.6,0.21413752073532566,elastic,0.004,0.010452235082831347,0.1493958088236443,0.0014058944780340758,13.7068893495645
1732,data/simulations/mdof/sim_001732.npz,RSN0010_PGA_0p600g,RSN0010,0.6,6.97863403632794,3S_T060,3,0.6,0.21413752073532566,bilinear,0.004,0.010452235082831345,0.14939580882364423,0.0014058944780340745,13.706889349564465
1733,data/simulations/mdof/sim_001733.npz,RSN0010_PGA_0p600g,RSN0010,0.6,6.97863403632794,3S_T060,3,0.6,0.21413752073532566,bilinear,0.007,0.010452235082831345,0.14939580882364423,0.0014058944780340745,13.706889349564465
1734,data/simulations/mdof/sim_001734.npz,RSN0010_PGA_0p600g,RSN0010,0.6,6.97863403632794,3S_T090,3,0.9,0.32120628110298843,elastic,0.004,0.015602559329834426,0.13089699563876278,0.0019311056754725254,17.518291866718997
1735,data/simulations/mdof/sim_001735.npz,RSN0010_PGA_0p600g,RSN0010,0.6,6.97863403632794,3S_T090,3,0.9,0.32120628110298843,bilinear,0.004,0.015602559329834415,0.13089699563876292,0.0019311056754725288,17.518291866718997
1736,data/simulations/mdof/sim_001736.npz,RSN0010_PGA_0p600g,RSN0010,0.6,6.97863403632794,3S_T090,3,0.9,0.32120628110298843,bilinear,0.007,0.015602559329834415,0.13089699563876292,0.0019311056754725288,17.518291866718997
1737,data/simulations/mdof/sim_001737.npz,RSN0010_PGA_0p600g,RSN0010,0.6,6.97863403632794,5S_T055,5,0.5499999999999999,0.18842159912490059,elastic,0.004,0.010663966551949282,0.16911090643561483,0.0010161271111228953,21.33298023199377
1738,data/simulations/mdof/sim_001738.npz,RSN0010_PGA_0p600g,RSN0010,0.6,6.97863403632794,5S_T055,5,0.5499999999999999,0.18842159912490059,bilinear,0.004,0.01066396655194927,0.1691109064356143,0.0010161271111228947,21.332980231993755
1739,data/simulations/mdof/sim_001739.npz,RSN0010_PGA_0p600g,RSN0010,0.6,6.97863403632794,5S_T055,5,0.5499999999999999,0.18842159912490059,bilinear,0.007,0.01066396655194927,0.1691109064356143,0.0010161271111228947,21.332980231993755
1740,data/simulations/mdof/sim_001740.npz,RSN0010_PGA_0p600g,RSN0010,0.6,6.97863403632794,5S_T085,5,0.8499999999999999,0.29119701682939186,elastic,0.004,0.019096286043775102,0.15365543012297475,0.00163160429472017,34.2262383738724
1741,data/simulations/mdof/sim_001741.npz,RSN0010_PGA_0p600g,RSN0010,0.6,6.97863403632794,5S_T085,5,0.8499999999999999,0.29119701682939186,bilinear,0.004,0.019096286043775088,0.1536554301229745,0.001631604294720168,34.2262383738724
1742,data/simulations/mdof/sim_001742.npz,RSN0010_PGA_0p600g,RSN0010,0.6,6.97863403632794,5S_T085,5,0.8499999999999999,0.29119701682939186,bilinear,0.007,0.019096286043775088,0.1536554301229745,0.001631604294720168,34.2262383738724
1743,data/simulations/mdof/sim_001743.npz,RSN0010_PGA_0p600g,RSN0010,0.6,6.97863403632794,5S_T120,5,1.2000000000000008,0.41110167081796517,elastic,0.004,0.02810333592214984,0.13800918223391329,0.0021531390748424735,42.860648519114136
1744,data/simulations/mdof/sim_001744.npz,RSN0010_PGA_0p600g,RSN0010,0.6,6.97863403632794,5S_T120,5,1.2000000000000008,0.41110167081796517,bilinear,0.004,0.028103335922149815,0.13800918223391292,0.0021531390748424713,42.860648519114065
1745,data/simulations/mdof/sim_001745.npz,RSN0010_PGA_0p600g,RSN0010,0.6,6.97863403632794,5S_T120,5,1.2000000000000008,0.41110167081796517,bilinear,0.007,0.028103335922149815,0.13800918223391292,0.0021531390748424713,42.860648519114065
1746,data/simulations/mdof/sim_001746.npz,RSN0010_PGA_0p800g,RSN0010,0.8,9.304845381770589,3S_T035,3,0.34999999999999987,0.1249135537622733,elastic,0.004,0.007421445716934594,0.2173072308256767,0.0011339821531324433,17.028184749104504
1747,data/simulations/mdof/sim_001747.npz,RSN0010_PGA_0p800g,RSN0010,0.8,9.304845381770589,3S_T035,3,0.34999999999999987,0.1249135537622733,bilinear,0.004,0.00742144571693459,0.21730723082567696,0.0011339821531324418,17.028184749104486
1748,data/simulations/mdof/sim_001748.npz,RSN0010_PGA_0p800g,RSN0010,0.8,9.304845381770589,3S_T035,3,0.34999999999999987,0.1249135537622733,bilinear,0.007,0.00742144571693459,0.21730723082567696,0.0011339821531324418,17.028184749104486
1749,data/simulations/mdof/sim_001749.npz,RSN0010_PGA_0p800g,RSN0010,0.8,9.304845381770589,3S_T060,3,0.6,0.21413752073532566,elastic,0.004,0.013936313443775125,0.19919441176485908,0.0018745259707120977,24.367803288114658
1750,data/simulations/mdof/sim_001750.npz,RSN0010_PGA_0p800g,RSN0010,0.8,9.304845381770589,3S_T060,3,0.6,0.21413752073532566,bilinear,0.004,0.01393631344377513,0.19919441176485903,0.0018745259707120996,24.36780328811469
1751,data/simulations/mdof/sim_001751.npz,RSN0010_PGA_0p800g,RSN0010,0.8,9.304845381770589,3S_T060,3,0.6,0.21413752073532566,bilinear,0.007,0.01393631344377513,0.19919441176485903,0.0018745259707120996,24.36780328811469
1752,data/simulations/mdof/sim_001752.npz,RSN0010_PGA_0p800g,RSN0010,0.8,9.304845381770589,3S_T090,3,0.9,0.32120628110298843,elastic,0.004,0.020803412439779245,0.1745293275183506,0.0025748075672967015,31.143629985278224
1753,data/simulations/mdof/sim_001753.npz,RSN0010_PGA_0p800g,RSN0010,0.8,9.304845381770589,3S_T090,3,0.9,0.32120628110298843,bilinear,0.004,0.020803412439779217,0.1745293275183497,0.0025748075672967045,31.143629985278217
1754,data/simulations/mdof/sim_001754.npz,RSN0010_PGA_0p800g,RSN0010,0.8,9.304845381770589,3S_T090,3,0.9,0.32120628110298843,bilinear,0.007,0.020803412439779217,0.1745293275183497,0.0025748075672967045,31.143629985278217
1755,data/simulations/mdof/sim_001755.npz,RSN0010_PGA_0p800g,RSN0010,0.8,9.304845381770589,5S_T055,5,0.5499999999999999,0.18842159912490059,elastic,0.004,0.014218622069265687,0.2254812085808186,0.0013548361481638604,37.9252981902112
1756,data/simulations/mdof/sim_001756.npz,RSN0010_PGA_0p800g,RSN0010,0.8,9.304845381770589,5S_T055,5,0.5499999999999999,0.18842159912490059,bilinear,0.004,0.014218622069265675,0.22548120858081971,0.0013548361481638593,37.92529819021118
1757,data/simulations/mdof/sim_001757.npz,RSN0010_PGA_0p800g,RSN0010,0.8,9.304845381770589,5S_T055,5,0.5499999999999999,0.18842159912490059,bilinear,0.007,0.014218622069265675,0.22548120858081971,0.0013548361481638593,37.92529819021118
1758,data/simulations/mdof/sim_001758.npz,RSN0010_PGA_0p800g,RSN0010,0.8,9.304845381770589,5S_T085,5,0.8499999999999999,0.29119701682939186,elastic,0.004,0.025461714725033387,0.20487390683063259,0.0021754723929602207,60.84664599799504
1759,data/simulations/mdof/sim_001759.npz,RSN0010_PGA_0p800g,RSN0010,0.8,9.304845381770589,5S_T085,5,0.8499999999999999,0.29119701682939186,bilinear,0.004,0.025461714725033415,0.20487390683063308,0.0021754723929602194,60.84664599799513
1760,data/simulations/mdof/sim_001760.npz,RSN0010_PGA_0p800g,RSN0010,0.8,9.304845381770589,5S_T085,5,0.8499999999999999,0.29119701682939186,bilinear,0.007,0.025461714725033415,0.20487390683063308,0.0021754723929602194,60.84664599799513
1761,data/simulations/mdof/sim_001761.npz,RSN0010_PGA_0p800g,RSN0010,0.8,9.304845381770589,5S_T120,5,1.2000000000000008,0.41110167081796517,elastic,0.004,0.03747111456286639,0.18401224297855018,0.002870852099789964,76.19670847842497
1762,data/simulations/mdof/sim_001762.npz,RSN0010_PGA_0p800g,RSN0010,0.8,9.304845381770589,5S_T120,5,1.2000000000000008,0.41110167081796517,bilinear,0.004,0.037471114562866385,0.18401224297855073,0.002870852099789961,76.19670847842498
1763,data/simulations/mdof/sim_001763.npz,RSN0010_PGA_0p800g,RSN0010,0.8,9.304845381770589,5S_T120,5,1.2000000000000008,0.41110167081796517,bilinear,0.007,0.037471114562866385,0.18401224297855073,0.002870852099789961,76.19670847842498
1764,data/simulations/mdof/sim_001764.npz,RSN0010_PGA_1p000g,RSN0010,1.0,11.631056727213236,3S_T035,3,0.34999999999999987,0.1249135537622733,elastic,0.004,0.00927680714616824,0.2716340385320953,0.0014174776914155543,26.60653867047578
1765,data/simulations/mdof/sim_001765.npz,RSN0010_PGA_1p000g,RSN0010,1.0,11.631056727213236,3S_T035,3,0.34999999999999987,0.1249135537622733,bilinear,0.004,0.009276807146168244,0.271634038532095,0.0014174776914155562,26.606538670475796
1766,data/simulations/mdof/sim_001766.npz,RSN0010_PGA_1p000g,RSN0010,1.0,11.631056727213236,3S_T035,3,0.34999999999999987,0.1249135537622733,bilinear,0.007,0.009276807146168244,0.271634038532095,0.0014174776914155562,26.606538670475796
1767,data/simulations/mdof/sim_001767.npz,RSN0010_PGA_1p000g,RSN0010,1.0,11.631056727213236,3S_T060,3,0.6,0.21413752073532566,elastic,0.004,0.01742039180471892,0.2489930147060738,0.0023431574633901277,38.074692637679256
1768,data/simulations/mdof/sim_001768.npz,RSN0010_PGA_1p000g,RSN0010,1.0,11.631056727213236,3S_T060,3,0.6,0.21413752073532566,bilinear,0.004,0.01742039180471891,0.24899301470607405,0.0023431574633901255,38.07469263767917
1769,data/simulations/mdof/sim_001769.npz,RSN0010_PGA_1p000g,RSN0010,1.0,11.631056727213236,3S_T060,3,0.6,0.21413752073532566,bilinear,0.007,0.01742039180471891,0.24899301470607405,0.0023431574633901255,38.07469263767917
1770,data/simulations/mdof/sim_001770.npz,RSN0010_PGA_1p000g,RSN0010,1.0,11.631056727213236,3S_T090,3,0.9,0.32120628110298843,elastic,0.004,0.02600426554972401,0.21816165939793833,0.003218509459120884,48.66192185199725
1771,data/simulations/mdof/sim_001771.npz,RSN0010_PGA_1p000g,RSN0010,1.0,11.631056727213236,3S_T090,3,0.9,0.32120628110298843,bilinear,0.004,0.026004265549724053,0.21816165939793794,0.0032185094591208863,48.66192185199738
1772,data/simulations/mdof/sim_001772.npz,RSN0010_PGA_1p000g,RSN0010,1.0,11.631056727213236,3S_T090,3,0.9,0.32120628110298843,bilinear,0.007,0.026004265549724053,0.21816165939793794,0.0032185094591208863,48.66192185199738
1773,data/simulations/mdof/sim_001773.npz,RSN0010_PGA_1p000g,RSN0010,1.0,11.631056727213236,5S_T055,5,0.5499999999999999,0.18842159912490059,elastic,0.004,0.01777327758658207,0.2818515107260237,0.0016935451852048186,59.258278422204505
1774,data/simulations/mdof/sim_001774.npz,RSN0010_PGA_1p000g,RSN0010,1.0,11.631056727213236,5S_T055,5,0.5499999999999999,0.18842159912490059,bilinear,0.004,0.017773277586582113,0.2818515107260248,0.0016935451852048212,59.2582784222047
1775,data/simulations/mdof/sim_001775.npz,RSN0010_PGA_1p000g,RSN0010,1.0,11.631056727213236,5S_T055,5,0.5499999999999999,0.18842159912490059,bilinear,0.007,0.017773277586582113,0.2818515107260248,0.0016935451852048212,59.2582784222047
1776,data/simulations/mdof/sim_001776.npz,RSN0010_PGA_1p000g,RSN0010,1.0,11.631056727213236,5S_T085,5,0.8499999999999999,0.29119701682939186,elastic,0.004,0.03182714340629174,0.256092383538291,0.002719340491200279,95.07288437186736
1777,data/simulations/mdof/sim_001777.npz,RSN0010_PGA_1p000g,RSN0010,1.0,11.631056727213236,5S_T085,5,0.8499999999999999,0.29119701682939186,bilinear,0.004,0.0318271434062918,0.25609238353829106,0.002719340491200283,95.07288437186762
1778,data/simulations/mdof/sim_001778.npz,RSN0010_PGA_1p000g,RSN0010,1.0,11.631056727213236,5S_T085,5,0.8499999999999999,0.29119701682939186,bilinear,0.007,0.0318271434062918,0.25609238353829106,0.002719340491200283,95.07288437186762
1779,data/simulations/mdof/sim_001779.npz,RSN0010_PGA_1p000g,RSN0010,1.0,11.631056727213236,5S_T120,5,1.2000000000000008,0.41110167081796517,elastic,0.004,0.04683889320358304,0.23001530372318785,0.0035885651247374558,119.05735699753913
1780,data/simulations/mdof/sim_001780.npz,RSN0010_PGA_1p000g,RSN0010,1.0,11.631056727213236,5S_T120,5,1.2000000000000008,0.41110167081796517,bilinear,0.004,0.04683889320358307,0.23001530372318862,0.0035885651247374614,119.05735699753905
1781,data/simulations/mdof/sim_001781.npz,RSN0010_PGA_1p000g,RSN0010,1.0,11.631056727213236,5S_T120,5,1.2000000000000008,0.41110167081796517,bilinear,0.007,0.04683889320358307,0.23001530372318862,0.0035885651247374614,119.05735699753905
1782,data/simulations/mdof/sim_001782.npz,RSN0010_PGA_1p200g,RSN0010,1.2,13.95726807265588,3S_T035,3,0.34999999999999987,0.1249135537622733,elastic,0.004,0.011132168575401877,0.32596084623851396,0.0017009732296986645,38.31341568548506
1783,data/simulations/mdof/sim_001783.npz,RSN0010_PGA_1p200g,RSN0010,1.2,13.95726807265588,3S_T035,3,0.34999999999999987,0.1249135537622733,bilinear,0.004,0.011132168575401889,0.3259608462385151,0.0017009732296986652,38.31341568548511
1784,data/simulations/mdof/sim_001784.npz,RSN0010_PGA_1p200g,RSN0010,1.2,13.95726807265588,3S_T035,3,0.34999999999999987,0.1249135537622733,bilinear,0.007,0.011132168575401889,0.3259608462385151,0.0017009732296986652,38.31341568548511
1785,data/simulations/mdof/sim_001785.npz,RSN0010_PGA_1p200g,RSN0010,1.2,13.95726807265588,3S_T060,3,0.6,0.21413752073532566,elastic,0.004,0.020904470165662693,0.2987916176472886,0.0028117889560681517,54.827557398258
1786,data/simulations/mdof/sim_001786.npz,RSN0010_PGA_1p200g,RSN0010,1.2,13.95726807265588,3S_T060,3,0.6,0.21413752073532566,bilinear,0.004,0.02090447016566269,0.29879161764728845,0.002811788956068149,54.82755739825786
1787,data/simulations/mdof/sim_001787.npz,RSN0010_PGA_1p200g,RSN0010,1.2,13.95726807265588,3S_T060,3,0.6,0.21413752073532566,bilinear,0.007,0.02090447016566269,0.29879161764728845,0.002811788956068149,54.82755739825786
1788,data/simulations/mdof/sim_001788.npz,RSN0010_PGA_1p200g,RSN0010,1.2,13.95726807265588,3S_T090,3,0.9,0.32120628110298843,elastic,0.004,0.03120511865966885,0.26179399127752556,0.0038622113509450507,70.07316746687599
1789,data/simulations/mdof/sim_001789.npz,RSN0010_PGA_1p200g,RSN0010,1.2,13.95726807265588,3S_T090,3,0.9,0.32120628110298843,bilinear,0.004,0.03120511865966883,0.26179399127752584,0.0038622113509450577,70.07316746687599
1790,data/simulations/mdof/sim_001790.npz,RSN0010_PGA_1p200g,RSN0010,1.2,13.95726807265588,3S_T090,3,0.9,0.32120628110298843,bilinear,0.007,0.03120511865966883,0.26179399127752584,0.0038622113509450577,70.07316746687599
1791,data/simulations/mdof/sim_001791.npz,RSN0010_PGA_1p200g,RSN0010,1.2,13.95726807265588,5S_T055,5,0.5499999999999999,0.18842159912490059,elastic,0.004,0.021327933103898564,0.33822181287122965,0.0020322542222457906,85.33192092797508
1792,data/simulations/mdof/sim_001792.npz,RSN0010_PGA_1p200g,RSN0010,1.2,13.95726807265588,5S_T055,5,0.5499999999999999,0.18842159912490059,bilinear,0.004,0.02132793310389854,0.3382218128712286,0.0020322542222457893,85.33192092797502
1793,data/simulations/mdof/sim_001793.npz,RSN0010_PGA_1p200g,RSN0010,1.2,13.95726807265588,5S_T055,5,0.5499999999999999,0.18842159912490059,bilinear,0.007,0.02132793310389854,0.3382218128712286,0.0020322542222457893,85.33192092797502
1794,data/simulations/mdof/sim_001794.npz,RSN0010_PGA_1p200g,RSN0010,1.2,13.95726807265588,5S_T085,5,0.8499999999999999,0.29119701682939186,elastic,0.004,0.038192572087550204,0.3073108602459495,0.00326320858944034,136.9049534954896
1795,data/simulations/mdof/sim_001795.npz,RSN0010_PGA_1p200g,RSN0010,1.2,13.95726807265588,5S_T085,5,0.8499999999999999,0.29119701682939186,bilinear,0.004,0.038192572087550176,0.307310860245949,0.003263208589440336,136.9049534954896
1796,data/simulations/mdof/sim_001796.npz,RSN0010_PGA_1p200g,RSN0010,1.2,13.95726807265588,5S_T085,5,0.8499999999999999,0.29119701682939186,bilinear,0.007,0.038192572087550176,0.307310860245949,0.003263208589440336,136.9049534954896
1797,data/simulations/mdof/sim_001797.npz,RSN0010_PGA_1p200g,RSN0010,1.2,13.95726807265588,5S_T120,5,1.2000000000000008,0.41110167081796517,elastic,0.004,0.05620667184429968,0.27601836446782657,0.004306278149684947,171.44259407645654
1798,data/simulations/mdof/sim_001798.npz,RSN0010_PGA_1p200g,RSN0010,1.2,13.95726807265588,5S_T120,5,1.2000000000000008,0.41110167081796517,bilinear,0.004,0.0550822265918721,0.27395424175165173,0.004450331854101876,177.26118523121954
1799,data/simulations/mdof/sim_001799.npz,RSN0010_PGA_1p200g,RSN0010,1.2,13.95726807265588,5S_T120,5,1.2000000000000008,0.41110167081796517,bilinear,0.007,0.05620667184429963,0.27601836446782585,0.004306278149684943,171.44259407645626
1800,data/simulations/mdof/sim_001800.npz,RSN0011_PGA_0p050g,RSN0011,0.05,0.9446311444326588,3S_T035,3,0.34999999999999987,0.1249135537622733,elastic,0.004,0.00041329552211602,0.0124321226277241,6.09348839995639e-05,0.053807888074864474
1801,data/simulations/mdof/sim_001801.npz,RSN0011_PGA_0p050g,RSN0011,0.05,0.9446311444326588,3S_T035,3,0.34999999999999987,0.1249135537622733,bilinear,0.004,0.00041329552211601995,0.01243212262772409,6.093488399956389e-05,0.0538078880748645
1802,data/simulations/mdof/sim_001802.npz,RSN0011_PGA_0p050g,RSN0011,0.05,0.9446311444326588,3S_T035,3,0.34999999999999987,0.1249135537622733,bilinear,0.007,0.00041329552211601995,0.01243212262772409,6.093488399956389e-05,0.0538078880748645
1803,data/simulations/mdof/sim_001803.npz,RSN0011_PGA_0p050g,RSN0011,0.05,0.9446311444326588,3S_T060,3,0.6,0.21413752073532566,elastic,0.004,0.0008701005015484132,0.011371884973707698,0.00012674470970470384,0.09753715379171173
1804,data/simulations/mdof/sim_001804.npz,RSN0011_PGA_0p050g,RSN0011,0.05,0.9446311444326588,3S_T060,3,0.6,0.21413752073532566,bilinear,0.004,0.0008701005015484123,0.011371884973707695,0.0001267447097047034,0.09753715379171134
1805,data/simulations/mdof/sim_001805.npz,RSN0011_PGA_0p050g,RSN0011,0.05,0.9446311444326588,3S_T060,3,0.6,0.21413752073532566,bilinear,0.007,0.0008701005015484123,0.011371884973707695,0.0001267447097047034,0.09753715379171134
1806,data/simulations/mdof/sim_001806.npz,RSN0011_PGA_0p050g,RSN0011,0.05,0.9446311444326588,3S_T090,3,0.9,0.32120628110298843,elastic,0.004,0.0028057953858041016,0.014484511267081876,0.00035572020318311694,0.5375239279725241
1807,data/simulations/mdof/sim_001807.npz,RSN0011_PGA_0p050g,RSN0011,0.05,0.9446311444326588,3S_T090,3,0.9,0.32120628110298843,bilinear,0.004,0.002805795385804098,0.01448451126708181,0.00035572020318311645,0.5375239279725228
1808,data/simulations/mdof/sim_001808.npz,RSN0011_PGA_0p050g,RSN0011,0.05,0.9446311444326588,3S_T090,3,0.9,0.32120628110298843,bilinear,0.007,0.002805795385804098,0.01448451126708181,0.00035572020318311645,0.5375239279725228
1809,data/simulations/mdof/sim_001809.npz,RSN0011_PGA_0p050g,RSN0011,0.05,0.9446311444326588,5S_T055,5,0.5499999999999999,0.18842159912490059,elastic,0.004,0.0008460884008913755,0.01355028005251512,8.717822462504342e-05,0.14964909349804964
1810,data/simulations/mdof/sim_001810.npz,RSN0011_PGA_0p050g,RSN0011,0.05,0.9446311444326588,5S_T055,5,0.5499999999999999,0.18842159912490059,bilinear,0.004,0.0008460884008913774,0.013550280052515259,8.717822462504366e-05,0.14964909349805075
1811,data/simulations/mdof/sim_001811.npz,RSN0011_PGA_0p050g,RSN0011,0.05,0.9446311444326588,5S_T055,5,0.5499999999999999,0.18842159912490059,bilinear,0.007,0.0008460884008913774,0.013550280052515259,8.717822462504366e-05,0.14964909349805075
1812,data/simulations/mdof/sim_001812.npz,RSN0011_PGA_0p050g,RSN0011,0.05,0.9446311444326588,5S_T085,5,0.8499999999999999,0.29119701682939186,elastic,0.004,0.002464498419185548,0.01428307261973715,0.00022200650256082072,0.5652995864461572
1813,data/simulations/mdof/sim_001813.npz,RSN0011_PGA_0p050g,RSN0011,0.05,0.9446311444326588,5S_T085,5,0.8499999999999999,0.29119701682939186,bilinear,0.004,0.0024644984191855503,0.01428307261973715,0.00022200650256082113,0.5652995864461583
1814,data/simulations/mdof/sim_001814.npz,RSN0011_PGA_0p050g,RSN0011,0.05,0.9446311444326588,5S_T085,5,0.8499999999999999,0.29119701682939186,bilinear,0.007,0.0024644984191855503,0.01428307261973715,0.00022200650256082113,0.5652995864461583
1815,data/simulations/mdof/sim_001815.npz,RSN0011_PGA_0p050g,RSN0011,0.05,0.9446311444326588,5S_T120,5,1.2000000000000008,0.41110167081796517,elastic,0.004,0.0037232496147741167,0.012981699856758887,0.0003090896162609086,0.7713505648595214
1816,data/simulations/mdof/sim_001816.npz,RSN0011_PGA_0p050g,RSN0011,0.05,0.9446311444326588,5S_T120,5,1.2000000000000008,0.41110167081796517,bilinear,0.004,0.003723249614774104,0.012981699856758894,0.00030908961626090724,0.7713505648595163
1817,data/simulations/mdof/sim_001817.npz,RSN0011_PGA_0p050g,RSN0011,0.05,0.9446311444326588,5S_T120,5,1.2000000000000008,0.41110167081796517,bilinear,0.007,0.003723249614774104,0.012981699856758894,0.00030908961626090724,0.7713505648595163
1818,data/simulations/mdof/sim_001818.npz,RSN0011_PGA_0p100g,RSN0011,0.1,1.8892622888653177,3S_T035,3,0.34999999999999987,0.1249135537622733,elastic,0.004,0.00082659104423204,0.0248642452554482,0.0001218697679991278,0.2152315522994579
1819,data/simulations/mdof/sim_001819.npz,RSN0011_PGA_0p100g,RSN0011,0.1,1.8892622888653177,3S_T035,3,0.34999999999999987,0.1249135537622733,bilinear,0.004,0.0008265910442320399,0.02486424525544818,0.00012186976799912778,0.215231552299458
1820,data/simulations/mdof/sim_001820.npz,RSN0011_PGA_0p100g,RSN0011,0.1,1.8892622888653177,3S_T035,3,0.34999999999999987,0.1249135537622733,bilinear,0.007,0.0008265910442320399,0.02486424525544818,0.00012186976799912778,0.215231552299458
1821,data/simulations/mdof/sim_001821.npz,RSN0011_PGA_0p100g,RSN0011,0.1,1.8892622888653177,3S_T060,3,0.6,0.21413752073532566,elastic,0.004,0.0017402010030968264,0.022743769947415397,0.0002534894194094077,0.3901486151668469
1822,data/simulations/mdof/sim_001822.npz,RSN0011_PGA_0p100g,RSN0011,0.1,1.8892622888653177,3S_T060,3,0.6,0.21413752073532566,bilinear,0.004,0.0017402010030968247,0.02274376994741539,0.0002534894194094068,0.39014861516684535
1823,data/simulations/mdof/sim_001823.npz,RSN0011_PGA_0p100g,RSN0011,0.1,1.8892622888653177,3S_T060,3,0.6,0.21413752073532566,bilinear,0.007,0.0017402010030968247,0.02274376994741539,0.0002534894194094068,0.39014861516684535
1824,data/simulations/mdof/sim_001824.npz,RSN0011_PGA_0p100g,RSN0011,0.1,1.8892622888653177,3S_T090,3,0.9,0.32120628110298843,elastic,0.004,0.005611590771608203,0.028969022534163752,0.0007114404063662339,2.1500957118900965
1825,data/simulations/mdof/sim_001825.npz,RSN0011_PGA_0p100g,RSN0011,0.1,1.8892622888653177,3S_T090,3,0.9,0.32120628110298843,bilinear,0.004,0.005611590771608196,0.02896902253416362,0.0007114404063662329,2.150095711890091
1826,data/simulations/mdof/sim_001826.npz,RSN0011_PGA_0p100g,RSN0011,0.1,1.8892622888653177,3S_T090,3,0.9,0.32120628110298843,bilinear,0.007,0.005611590771608196,0.02896902253416362,0.0007114404063662329,2.150095711890091
1827,data/simulations/mdof/sim_001827.npz,RSN0011_PGA_0p100g,RSN0011,0.1,1.8892622888653177,5S_T055,5,0.5499999999999999,0.18842159912490059,elastic,0.004,0.001692176801782751,0.02710056010503024,0.00017435644925008683,0.5985963739921986
1828,data/simulations/mdof/sim_001828.npz,RSN0011_PGA_0p100g,RSN0011,0.1,1.8892622888653177,5S_T055,5,0.5499999999999999,0.18842159912490059,bilinear,0.004,0.0016921768017827538,0.027100560105030477,0.00017435644925008708,0.5985963739922009
1829,data/simulations/mdof/sim_001829.npz,RSN0011_PGA_0p100g,RSN0011,0.1,1.8892622888653177,5S_T055,5,0.5499999999999999,0.18842159912490059,bilinear,0.007,0.0016921768017827538,0.027100560105030477,0.00017435644925008708,0.5985963739922009
1830,data/simulations/mdof/sim_001830.npz,RSN0011_PGA_0p100g,RSN0011,0.1,1.8892622888653177,5S_T085,5,0.8499999999999999,0.29119701682939186,elastic,0.004,0.004928996838371096,0.0285661452394743,0.00044401300512164144,2.2611983457846287
1831,data/simulations/mdof/sim_001831.npz,RSN0011_PGA_0p100g,RSN0011,0.1,1.8892622888653177,5S_T085,5,0.8499999999999999,0.29119701682939186,bilinear,0.004,0.004928996838371085,0.02856614523947415,0.0004440130051216406,2.2611983457846163
1832,data/simulations/mdof/sim_001832.npz,RSN0011_PGA_0p100g,RSN0011,0.1,1.8892622888653177,5S_T085,5,0.8499999999999999,0.29119701682939186,bilinear,0.007,0.004928996838371085,0.02856614523947415,0.0004440130051216406,2.2611983457846163
1833,data/simulations/mdof/sim_001833.npz,RSN0011_PGA_0p100g,RSN0011,0.1,1.8892622888653177,5S_T120,5,1.2000000000000008,0.41110167081796517,elastic,0.004,0.007446499229548233,0.025963399713517774,0.0006181792325218172,3.0854022594380854
1834,data/simulations/mdof/sim_001834.npz,RSN0011_PGA_0p100g,RSN0011,0.1,1.8892622888653177,5S_T120,5,1.2000000000000008,0.41110167081796517,bilinear,0.004,0.007446499229548213,0.025963399713517816,0.0006181792325218145,3.0854022594380632
1835,data/simulations/mdof/sim_001835.npz,RSN0011_PGA_0p100g,RSN0011,0.1,1.8892622888653177,5S_T120,5,1.2000000000000008,0.41110167081796517,bilinear,0.007,0.007446499229548213,0.025963399713517816,0.0006181792325218145,3.0854022594380632
1836,data/simulations/mdof/sim_001836.npz,RSN0011_PGA_0p200g,RSN0011,0.2,3.7785245777306353,3S_T035,3,0.34999999999999987,0.1249135537622733,elastic,0.004,0.00165318208846408,0.0497284905108964,0.0002437395359982556,0.8609262091978316
1837,data/simulations/mdof/sim_001837.npz,RSN0011_PGA_0p200g,RSN0011,0.2,3.7785245777306353,3S_T035,3,0.34999999999999987,0.1249135537622733,bilinear,0.004,0.0016531820884640798,0.04972849051089636,0.00024373953599825555,0.860926209197832
1838,data/simulations/mdof/sim_001838.npz,RSN0011_PGA_0p200g,RSN0011,0.2,3.7785245777306353,3S_T035,3,0.34999999999999987,0.1249135537622733,bilinear,0.007,0.0016531820884640798,0.04972849051089636,0.00024373953599825555,0.860926209197832
1839,data/simulations/mdof/sim_001839.npz,RSN0011_PGA_0p200g,RSN0011,0.2,3.7785245777306353,3S_T060,3,0.6,0.21413752073532566,elastic,0.004,0.003480402006193653,0.04548753989483079,0.0005069788388188153,1.5605944606673876
1840,data/simulations/mdof/sim_001840.npz,RSN0011_PGA_0p200g,RSN0011,0.2,3.7785245777306353,3S_T060,3,0.6,0.21413752073532566,bilinear,0.004,0.0034804020061936494,0.04548753989483078,0.0005069788388188136,1.5605944606673814
1841,data/simulations/mdof/sim_001841.npz,RSN0011_PGA_0p200g,RSN0011,0.2,3.7785245777306353,3S_T060,3,0.6,0.21413752073532566,bilinear,0.007,0.0034804020061936494,0.04548753989483078,0.0005069788388188136,1.5605944606673814
1842,data/simulations/mdof/sim_001842.npz,RSN0011_PGA_0p200g,RSN0011,0.2,3.7785245777306353,3S_T090,3,0.9,0.32120628110298843,elastic,0.004,0.011223181543216406,0.057938045068327504,0.0014228808127324678,8.600382847560386
1843,data/simulations/mdof/sim_001843.npz,RSN0011_PGA_0p200g,RSN0011,0.2,3.7785245777306353,3S_T090,3,0.9,0.32120628110298843,bilinear,0.004,0.011223181543216392,0.05793804506832724,0.0014228808127324658,8.600382847560365
1844,data/simulations/mdof/sim_001844.npz,RSN0011_PGA_0p200g,RSN0011,0.2,3.7785245777306353,3S_T090,3,0.9,0.32120628110298843,bilinear,0.007,0.011223181543216392,0.05793804506832724,0.0014228808127324658,8.600382847560365
1845,data/simulations/mdof/sim_001845.npz,RSN0011_PGA_0p200g,RSN0011,0.2,3.7785245777306353,5S_T055,5,0.5499999999999999,0.18842159912490059,elastic,0.004,0.003384353603565502,0.05420112021006048,0.00034871289850017367,2.3943854959687942
1846,data/simulations/mdof/sim_001846.npz,RSN0011_PGA_0p200g,RSN0011,0.2,3.7785245777306353,5S_T055,5,0.5499999999999999,0.18842159912490059,bilinear,0.004,0.0033843536035655076,0.05420112021006095,0.00034871289850017416,2.3943854959688036
1847,data/simulations/mdof/sim_001847.npz,RSN0011_PGA_0p200g,RSN0011,0.2,3.7785245777306353,5S_T055,5,0.5499999999999999,0.18842159912490059,bilinear,0.007,0.0033843536035655076,0.05420112021006095,0.00034871289850017416,2.3943854959688036
1848,data/simulations/mdof/sim_001848.npz,RSN0011_PGA_0p200g,RSN0011,0.2,3.7785245777306353,5S_T085,5,0.8499999999999999,0.29119701682939186,elastic,0.004,0.009857993676742192,0.0571322904789486,0.0008880260102432829,9.044793383138515
1849,data/simulations/mdof/sim_001849.npz,RSN0011_PGA_0p200g,RSN0011,0.2,3.7785245777306353,5S_T085,5,0.8499999999999999,0.29119701682939186,bilinear,0.004,0.00985799367674217,0.0571322904789483,0.0008880260102432813,9.044793383138465
1850,data/simulations/mdof/sim_001850.npz,RSN0011_PGA_0p200g,RSN0011,0.2,3.7785245777306353,5S_T085,5,0.8499999999999999,0.29119701682939186,bilinear,0.007,0.00985799367674217,0.0571322904789483,0.0008880260102432813,9.044793383138465
1851,data/simulations/mdof/sim_001851.npz,RSN0011_PGA_0p200g,RSN0011,0.2,3.7785245777306353,5S_T120,5,1.2000000000000008,0.41110167081796517,elastic,0.004,0.014892998459096467,0.05192679942703555,0.0012363584650436344,12.341609037752342
1852,data/simulations/mdof/sim_001852.npz,RSN0011_PGA_0p200g,RSN0011,0.2,3.7785245777306353,5S_T120,5,1.2000000000000008,0.41110167081796517,bilinear,0.004,0.014892998459096439,0.05192679942703562,0.001236358465043631,12.341609037752306
1853,data/simulations/mdof/sim_001853.npz,RSN0011_PGA_0p200g,RSN0011,0.2,3.7785245777306353,5S_T120,5,1.2000000000000008,0.41110167081796517,bilinear,0.007,0.014892998459096439,0.05192679942703562,0.001236358465043631,12.341609037752306
1854,data/simulations/mdof/sim_001854.npz,RSN0011_PGA_0p300g,RSN0011,0.3,5.667786866595953,3S_T035,3,0.34999999999999987,0.1249135537622733,elastic,0.004,0.0024797731326961247,0.07459273576634477,0.000365609303997384,1.9370839706951286
1855,data/simulations/mdof/sim_001855.npz,RSN0011_PGA_0p300g,RSN0011,0.3,5.667786866595953,3S_T035,3,0.34999999999999987,0.1249135537622733,bilinear,0.004,0.002479773132696122,0.07459273576634472,0.0003656093039973835,1.9370839706951215
1856,data/simulations/mdof/sim_001856.npz,RSN0011_PGA_0p300g,RSN0011,0.3,5.667786866595953,3S_T035,3,0.34999999999999987,0.1249135537622733,bilinear,0.007,0.002479773132696122,0.07459273576634472,0.0003656093039973835,1.9370839706951215
1857,data/simulations/mdof/sim_001857.npz,RSN0011_PGA_0p300g,RSN0011,0.3,5.667786866595953,3S_T060,3,0.6,0.21413752073532566,elastic,0.004,0.00522060300929047,0.06823130984224586,0.0007604682582282201,3.511337536501602
1858,data/simulations/mdof/sim_001858.npz,RSN0011_PGA_0p300g,RSN0011,0.3,5.667786866595953,3S_T060,3,0.6,0.21413752073532566,bilinear,0.004,0.005220603009290463,0.06823130984224603,0.0007604682582282206,3.5113375365015966
1859,data/simulations/mdof/sim_001859.npz,RSN0011_PGA_0p300g,RSN0011,0.3,5.667786866595953,3S_T060,3,0.6,0.21413752073532566,bilinear,0.007,0.005220603009290463,0.06823130984224603,0.0007604682582282206,3.5113375365015966
1860,data/simulations/mdof/sim_001860.npz,RSN0011_PGA_0p300g,RSN0011,0.3,5.667786866595953,3S_T090,3,0.9,0.32120628110298843,elastic,0.004,0.01683477231482462,0.0869070676024912,0.0021343212190987003,19.350861407010882
1861,data/simulations/mdof/sim_001861.npz,RSN0011_PGA_0p300g,RSN0011,0.3,5.667786866595953,3S_T090,3,0.9,0.32120628110298843,bilinear,0.004,0.016834772314824647,0.08690706760249159,0.002134321219098704,19.350861407010946
1862,data/simulations/mdof/sim_001862.npz,RSN0011_PGA_0p300g,RSN0011,0.3,5.667786866595953,3S_T090,3,0.9,0.32120628110298843,bilinear,0.007,0.016834772314824647,0.08690706760249159,0.002134321219098704,19.350861407010946
1863,data/simulations/mdof/sim_001863.npz,RSN0011_PGA_0p300g,RSN0011,0.3,5.667786866595953,5S_T055,5,0.5499999999999999,0.18842159912490059,elastic,0.004,0.005076530405348266,0.08130168031509143,0.000523069347750262,5.387367365929823
1864,data/simulations/mdof/sim_001864.npz,RSN0011_PGA_0p300g,RSN0011,0.3,5.667786866595953,5S_T055,5,0.5499999999999999,0.18842159912490059,bilinear,0.004,0.005076530405348266,0.08130168031509186,0.0005230693477502619,5.387367365929821
1865,data/simulations/mdof/sim_001865.npz,RSN0011_PGA_0p300g,RSN0011,0.3,5.667786866595953,5S_T055,5,0.5499999999999999,0.18842159912490059,bilinear,0.007,0.005076530405348266,0.08130168031509186,0.0005230693477502619,5.387367365929821
1866,data/simulations/mdof/sim_001866.npz,RSN0011_PGA_0p300g,RSN0011,0.3,5.667786866595953,5S_T085,5,0.8499999999999999,0.29119701682939186,elastic,0.004,0.014786990515113254,0.08569843571842282,0.0013320390153649224,20.35078511206155
1867,data/simulations/mdof/sim_001867.npz,RSN0011_PGA_0p300g,RSN0011,0.3,5.667786866595953,5S_T085,5,0.8499999999999999,0.29119701682939186,bilinear,0.004,0.014786990515113278,0.08569843571842302,0.0013320390153649226,20.350785112061615
1868,data/simulations/mdof/sim_001868.npz,RSN0011_PGA_0p300g,RSN0011,0.3,5.667786866595953,5S_T085,5,0.8499999999999999,0.29119701682939186,bilinear,0.007,0.014786990515113278,0.08569843571842302,0.0013320390153649226,20.350785112061615
1869,data/simulations/mdof/sim_001869.npz,RSN0011_PGA_0p300g,RSN0011,0.3,5.667786866595953,5S_T120,5,1.2000000000000008,0.41110167081796517,elastic,0.004,0.02233949768864462,0.07789019914055297,0.0018545376975654451,27.768620334942625
1870,data/simulations/mdof/sim_001870.npz,RSN0011_PGA_0p300g,RSN0011,0.3,5.667786866595953,5S_T120,5,1.2000000000000008,0.41110167081796517,bilinear,0.004,0.022339497688644617,0.07789019914055345,0.001854537697565441,27.768620334942593
1871,data/simulations/mdof/sim_001871.npz,RSN0011_PGA_0p300g,RSN0011,0.3,5.667786866595953,5S_T120,5,1.2000000000000008,0.41110167081796517,bilinear,0.007,0.022339497688644617,0.07789019914055345,0.001854537697565441,27.768620334942593
1872,data/simulations/mdof/sim_001872.npz,RSN0011_PGA_0p400g,RSN0011,0.4,7.557049155461271,3S_T035,3,0.34999999999999987,0.1249135537622733,elastic,0.004,0.00330636417692816,0.0994569810217928,0.0004874790719965112,3.4437048367913263
1873,data/simulations/mdof/sim_001873.npz,RSN0011_PGA_0p400g,RSN0011,0.4,7.557049155461271,3S_T035,3,0.34999999999999987,0.1249135537622733,bilinear,0.004,0.0033063641769281596,0.09945698102179272,0.0004874790719965111,3.443704836791328
1874,data/simulations/mdof/sim_001874.npz,RSN0011_PGA_0p400g,RSN0011,0.4,7.557049155461271,3S_T035,3,0.34999999999999987,0.1249135537622733,bilinear,0.007,0.0033063641769281596,0.09945698102179272,0.0004874790719965111,3.443704836791328
1875,data/simulations/mdof/sim_001875.npz,RSN0011_PGA_0p400g,RSN0011,0.4,7.557049155461271,3S_T060,3,0.6,0.21413752073532566,elastic,0.004,0.006960804012387306,0.09097507978966159,0.0010139576776376307,6.24237784266955
1876,data/simulations/mdof/sim_001876.npz,RSN0011_PGA_0p400g,RSN0011,0.4,7.557049155461271,3S_T060,3,0.6,0.21413752073532566,bilinear,0.004,0.006960804012387299,0.09097507978966156,0.0010139576776376272,6.242377842669526
1877,data/simulations/mdof/sim_001877.npz,RSN0011_PGA_0p400g,RSN0011,0.4,7.557049155461271,3S_T060,3,0.6,0.21413752073532566,bilinear,0.007,0.006960804012387299,0.09097507978966156,0.0010139576776376272,6.242377842669526
1878,data/simulations/mdof/sim_001878.npz,RSN0011_PGA_0p400g,RSN0011,0.4,7.557049155461271,3S_T090,3,0.9,0.32120628110298843,elastic,0.004,0.022446363086432813,0.11587609013665501,0.0028457616254649355,34.401531390241544
1879,data/simulations/mdof/sim_001879.npz,RSN0011_PGA_0p400g,RSN0011,0.4,7.557049155461271,3S_T090,3,0.9,0.32120628110298843,bilinear,0.004,0.022446363086432785,0.11587609013665448,0.0028457616254649316,34.40153139024146
1880,data/simulations/mdof/sim_001880.npz,RSN0011_PGA_0p400g,RSN0011,0.4,7.557049155461271,3S_T090,3,0.9,0.32120628110298843,bilinear,0.007,0.022446363086432785,0.11587609013665448,0.0028457616254649316,34.40153139024146
1881,data/simulations/mdof/sim_001881.npz,RSN0011_PGA_0p400g,RSN0011,0.4,7.557049155461271,5S_T055,5,0.5499999999999999,0.18842159912490059,elastic,0.004,0.006768707207131004,0.10840224042012096,0.0006974257970003473,9.577541983875177
1882,data/simulations/mdof/sim_001882.npz,RSN0011_PGA_0p400g,RSN0011,0.4,7.557049155461271,5S_T055,5,0.5499999999999999,0.18842159912490059,bilinear,0.004,0.006768707207131015,0.1084022404201219,0.0006974257970003483,9.577541983875214
1883,data/simulations/mdof/sim_001883.npz,RSN0011_PGA_0p400g,RSN0011,0.4,7.557049155461271,5S_T055,5,0.5499999999999999,0.18842159912490059,bilinear,0.007,0.006768707207131015,0.1084022404201219,0.0006974257970003483,9.577541983875214
1884,data/simulations/mdof/sim_001884.npz,RSN0011_PGA_0p400g,RSN0011,0.4,7.557049155461271,5S_T085,5,0.8499999999999999,0.29119701682939186,elastic,0.004,0.019715987353484385,0.1142645809578972,0.0017760520204865658,36.17917353255406
1885,data/simulations/mdof/sim_001885.npz,RSN0011_PGA_0p400g,RSN0011,0.4,7.557049155461271,5S_T085,5,0.8499999999999999,0.29119701682939186,bilinear,0.004,0.01971598735348434,0.1142645809578966,0.0017760520204865625,36.17917353255386
1886,data/simulations/mdof/sim_001886.npz,RSN0011_PGA_0p400g,RSN0011,0.4,7.557049155461271,5S_T085,5,0.8499999999999999,0.29119701682939186,bilinear,0.007,0.01971598735348434,0.1142645809578966,0.0017760520204865625,36.17917353255386
1887,data/simulations/mdof/sim_001887.npz,RSN0011_PGA_0p400g,RSN0011,0.4,7.557049155461271,5S_T120,5,1.2000000000000008,0.41110167081796517,elastic,0.004,0.029785996918192933,0.1038535988540711,0.0024727169300872687,49.36643615100937
1888,data/simulations/mdof/sim_001888.npz,RSN0011_PGA_0p400g,RSN0011,0.4,7.557049155461271,5S_T120,5,1.2000000000000008,0.41110167081796517,bilinear,0.004,0.029785996918192878,0.10385359885407124,0.002472716930087262,49.366436151009225
1889,data/simulations/mdof/sim_001889.npz,RSN0011_PGA_0p400g,RSN0011,0.4,7.557049155461271,5S_T120,5,1.2000000000000008,0.41110167081796517,bilinear,0.007,0.029785996918192878,0.10385359885407124,0.002472716930087262,49.366436151009225
1890,data/simulations/mdof/sim_001890.npz,RSN0011_PGA_0p500g,RSN0011,0.5,9.446311444326588,3S_T035,3,0.34999999999999987,0.1249135537622733,elastic,0.004,0.004132955221160207,0.12432122627724122,0.0006093488399956405,5.380788807486464
1891,data/simulations/mdof/sim_001891.npz,RSN0011_PGA_0p500g,RSN0011,0.5,9.446311444326588,3S_T035,3,0.34999999999999987,0.1249135537622733,bilinear,0.004,0.004132955221160207,0.12432122627724126,0.0006093488399956402,5.380788807486464
1892,data/simulations/mdof/sim_001892.npz,RSN0011_PGA_0p500g,RSN0011,0.5,9.446311444326588,3S_T035,3,0.34999999999999987,0.1249135537622733,bilinear,0.007,0.004132955221160207,0.12432122627724126,0.0006093488399956402,5.380788807486464
1893,data/simulations/mdof/sim_001893.npz,RSN0011_PGA_0p500g,RSN0011,0.5,9.446311444326588,3S_T060,3,0.6,0.21413752073532566,elastic,0.004,0.008701005015484115,0.11371884973707651,0.0012674470970470341,9.753715379171114
1894,data/simulations/mdof/sim_001894.npz,RSN0011_PGA_0p500g,RSN0011,0.5,9.446311444326588,3S_T060,3,0.6,0.21413752073532566,bilinear,0.004,0.008701005015484113,0.11371884973707631,0.0012674470970470372,9.753715379171148
1895,data/simulations/mdof/sim_001895.npz,RSN0011_PGA_0p500g,RSN0011,0.5,9.446311444326588,3S_T060,3,0.6,0.21413752073532566,bilinear,0.007,0.008701005015484113,0.11371884973707631,0.0012674470970470372,9.753715379171148
1896,data/simulations/mdof/sim_001896.npz,RSN0011_PGA_0p500g,RSN0011,0.5,9.446311444326588,3S_T090,3,0.9,0.32120628110298843,elastic,0.004,0.02805795385804107,0.1448451126708189,0.0035572020318311746,53.75239279725265
1897,data/simulations/mdof/sim_001897.npz,RSN0011_PGA_0p500g,RSN0011,0.5,9.446311444326588,3S_T090,3,0.9,0.32120628110298843,bilinear,0.004,0.02805795385804103,0.1448451126708182,0.0035572020318311755,53.75239279725254
1898,data/simulations/mdof/sim_001898.npz,RSN0011_PGA_0p500g,RSN0011,0.5,9.446311444326588,3S_T090,3,0.9,0.32120628110298843,bilinear,0.007,0.02805795385804103,0.1448451126708182,0.0035572020318311755,53.75239279725254
1899,data/simulations/mdof/sim_001899.npz,RSN0011_PGA_0p500g,RSN0011,0.5,9.446311444326588,5S_T055,5,0.5499999999999999,0.18842159912490059,elastic,0.004,0.008460884008913752,0.13550280052515268,0.0008717822462504355,14.964909349804998
1900,data/simulations/mdof/sim_001900.npz,RSN0011_PGA_0p500g,RSN0011,0.5,9.446311444326588,5S_T055,5,0.5499999999999999,0.18842159912490059,bilinear,0.004,0.008460884008913731,0.13550280052515234,0.0008717822462504334,14.964909349804929
1901,data/simulations/mdof/sim_001901.npz,RSN0011_PGA_0p500g,RSN0011,0.5,9.446311444326588,5S_T055,5,0.5499999999999999,0.18842159912490059,bilinear,0.007,0.008460884008913731,0.13550280052515234,0.0008717822462504334,14.964909349804929
1902,data/simulations/mdof/sim_001902.npz,RSN0011_PGA_0p500g,RSN0011,0.5,9.446311444326588,5S_T085,5,0.8499999999999999,0.29119701682939186,elastic,0.004,0.02464498419185544,0.1428307261973707,0.002220065025608206,56.52995864461553
1903,data/simulations/mdof/sim_001903.npz,RSN0011_PGA_0p500g,RSN0011,0.5,9.446311444326588,5S_T085,5,0.8499999999999999,0.29119701682939186,bilinear,0.004,0.02464498419185544,0.14283072619737067,0.0022200650256082037,56.52995864461553
1904,data/simulations/mdof/sim_001904.npz,RSN0011_PGA_0p500g,RSN0011,0.5,9.446311444326588,5S_T085,5,0.8499999999999999,0.29119701682939186,bilinear,0.007,0.02464498419185544,0.14283072619737067,0.0022200650256082037,56.52995864461553
1905,data/simulations/mdof/sim_001905.npz,RSN0011_PGA_0p500g,RSN0011,0.5,9.446311444326588,5S_T120,5,1.2000000000000008,0.41110167081796517,elastic,0.004,0.03723249614774111,0.12981699856758921,0.003090896162609078,77.1350564859519
1906,data/simulations/mdof/sim_001906.npz,RSN0011_PGA_0p500g,RSN0011,0.5,9.446311444326588,5S_T120,5,1.2000000000000008,0.41110167081796517,bilinear,0.004,0.037232496147741094,0.12981699856758866,0.0030908961626090795,77.13505648595168
1907,data/simulations/mdof/sim_001907.npz,RSN0011_PGA_0p500g,RSN0011,0.5,9.446311444326588,5S_T120,5,1.2000000000000008,0.41110167081796517,bilinear,0.007,0.037232496147741094,0.12981699856758866,0.0030908961626090795,77.13505648595168
1908,data/simulations/mdof/sim_001908.npz,RSN0011_PGA_0p600g,RSN0011,0.6,11.335573733191906,3S_T035,3,0.34999999999999987,0.1249135537622733,elastic,0.004,0.004959546265392249,0.14918547153268955,0.000731218607994768,7.748335882780514
1909,data/simulations/mdof/sim_001909.npz,RSN0011_PGA_0p600g,RSN0011,0.6,11.335573733191906,3S_T035,3,0.34999999999999987,0.1249135537622733,bilinear,0.004,0.004959546265392244,0.14918547153268943,0.000731218607994767,7.748335882780486
1910,data/simulations/mdof/sim_001910.npz,RSN0011_PGA_0p600g,RSN0011,0.6,11.335573733191906,3S_T035,3,0.34999999999999987,0.1249135537622733,bilinear,0.007,0.004959546265392244,0.14918547153268943,0.000731218607994767,7.748335882780486
1911,data/simulations/mdof/sim_001911.npz,RSN0011_PGA_0p600g,RSN0011,0.6,11.335573733191906,3S_T060,3,0.6,0.21413752073532566,elastic,0.004,0.01044120601858094,0.13646261968449172,0.0015209365164564402,14.045350146006408
1912,data/simulations/mdof/sim_001912.npz,RSN0011_PGA_0p600g,RSN0011,0.6,11.335573733191906,3S_T060,3,0.6,0.21413752073532566,bilinear,0.004,0.010441206018580926,0.13646261968449205,0.0015209365164564413,14.045350146006387
1913,data/simulations/mdof/sim_001913.npz,RSN0011_PGA_0p600g,RSN0011,0.6,11.335573733191906,3S_T060,3,0.6,0.21413752073532566,bilinear,0.007,0.010441206018580926,0.13646261968449205,0.0015209365164564413,14.045350146006387
1914,data/simulations/mdof/sim_001914.npz,RSN0011_PGA_0p600g,RSN0011,0.6,11.335573733191906,3S_T090,3,0.9,0.32120628110298843,elastic,0.004,0.03366954462964924,0.1738141352049824,0.004268642438197401,77.40344562804353
1915,data/simulations/mdof/sim_001915.npz,RSN0011_PGA_0p600g,RSN0011,0.6,11.335573733191906,3S_T090,3,0.9,0.32120628110298843,bilinear,0.004,0.033671921212022386,0.1734792424097603,0.004324240453215226,76.64251546248131
1916,data/simulations/mdof/sim_001916.npz,RSN0011_PGA_0p600g,RSN0011,0.6,11.335573733191906,3S_T090,3,0.9,0.32120628110298843,bilinear,0.007,0.033669544629649294,0.17381413520498318,0.004268642438197408,77.40344562804378
1917,data/simulations/mdof/sim_001917.npz,RSN0011_PGA_0p600g,RSN0011,0.6,11.335573733191906,5S_T055,5,0.5499999999999999,0.18842159912490059,elastic,0.004,0.010153060810696533,0.16260336063018285,0.001046138695500524,21.54946946371929
1918,data/simulations/mdof/sim_001918.npz,RSN0011_PGA_0p600g,RSN0011,0.6,11.335573733191906,5S_T055,5,0.5499999999999999,0.18842159912490059,bilinear,0.004,0.010153060810696533,0.1626033606301837,0.0010461386955005238,21.549469463719284
1919,data/simulations/mdof/sim_001919.npz,RSN0011_PGA_0p600g,RSN0011,0.6,11.335573733191906,5S_T055,5,0.5499999999999999,0.18842159912490059,bilinear,0.007,0.010153060810696533,0.1626033606301837,0.0010461386955005238,21.549469463719284
1920,data/simulations/mdof/sim_001920.npz,RSN0011_PGA_0p600g,RSN0011,0.6,11.335573733191906,5S_T085,5,0.8499999999999999,0.29119701682939186,elastic,0.004,0.029573981030226508,0.17139687143684565,0.0026640780307298447,81.4031404482462
1921,data/simulations/mdof/sim_001921.npz,RSN0011_PGA_0p600g,RSN0011,0.6,11.335573733191906,5S_T085,5,0.8499999999999999,0.29119701682939186,bilinear,0.004,0.029573981030226557,0.17139687143684604,0.002664078030729845,81.40314044824646
1922,data/simulations/mdof/sim_001922.npz,RSN0011_PGA_0p600g,RSN0011,0.6,11.335573733191906,5S_T085,5,0.8499999999999999,0.29119701682939186,bilinear,0.007,0.029573981030226557,0.17139687143684604,0.002664078030729845,81.40314044824646
1923,data/simulations/mdof/sim_001923.npz,RSN0011_PGA_0p600g,RSN0011,0.6,11.335573733191906,5S_T120,5,1.2000000000000008,0.41110167081796517,elastic,0.004,0.04467899537728924,0.15578039828110593,0.0037090753951308903,111.0744813397705
1924,data/simulations/mdof/sim_001924.npz,RSN0011_PGA_0p600g,RSN0011,0.6,11.335573733191906,5S_T120,5,1.2000000000000008,0.41110167081796517,bilinear,0.004,0.04467899537728925,0.15578039828110707,0.003709075395130886,111.07448133977043
1925,data/simulations/mdof/sim_001925.npz,RSN0011_PGA_0p600g,RSN0011,0.6,11.335573733191906,5S_T120,5,1.2000000000000008,0.41110167081796517,bilinear,0.007,0.04467899537728925,0.15578039828110707,0.003709075395130886,111.07448133977043
1926,data/simulations/mdof/sim_001926.npz,RSN0011_PGA_0p800g,RSN0011,0.8,15.11409831092254,3S_T035,3,0.34999999999999987,0.1249135537622733,elastic,0.004,0.00661272835385632,0.1989139620435856,0.0009749581439930224,13.774819347165305
1927,data/simulations/mdof/sim_001927.npz,RSN0011_PGA_0p800g,RSN0011,0.8,15.11409831092254,3S_T035,3,0.34999999999999987,0.1249135537622733,bilinear,0.004,0.006612728353856319,0.19891396204358544,0.0009749581439930222,13.774819347165312
1928,data/simulations/mdof/sim_001928.npz,RSN0011_PGA_0p800g,RSN0011,0.8,15.11409831092254,3S_T035,3,0.34999999999999987,0.1249135537622733,bilinear,0.007,0.006612728353856319,0.19891396204358544,0.0009749581439930222,13.774819347165312
1929,data/simulations/mdof/sim_001929.npz,RSN0011_PGA_0p800g,RSN0011,0.8,15.11409831092254,3S_T060,3,0.6,0.21413752073532566,elastic,0.004,0.013921608024774611,0.18195015957932317,0.0020279153552752614,24.9695113706782
1930,data/simulations/mdof/sim_001930.npz,RSN0011_PGA_0p800g,RSN0011,0.8,15.11409831092254,3S_T060,3,0.6,0.21413752073532566,bilinear,0.004,0.013921608024774598,0.18195015957932312,0.0020279153552752545,24.969511370678102
1931,data/simulations/mdof/sim_001931.npz,RSN0011_PGA_0p800g,RSN0011,0.8,15.11409831092254,3S_T060,3,0.6,0.21413752073532566,bilinear,0.007,0.013921608024774598,0.18195015957932312,0.0020279153552752545,24.969511370678102
1932,data/simulations/mdof/sim_001932.npz,RSN0011_PGA_0p800g,RSN0011,0.8,15.11409831092254,3S_T090,3,0.9,0.32120628110298843,elastic,0.004,0.044892726172865625,0.23175218027331002,0.005691523250929871,137.60612556096618
1933,data/simulations/mdof/sim_001933.npz,RSN0011_PGA_0p800g,RSN0011,0.8,15.11409831092254,3S_T090,3,0.9,0.32120628110298843,bilinear,0.004,0.03859619901140504,0.22942524432928693,0.005535233451335955,148.45199044503758
1934,data/simulations/mdof/sim_001934.npz,RSN0011_PGA_0p800g,RSN0011,0.8,15.11409831092254,3S_T090,3,0.9,0.32120628110298843,bilinear,0.007,0.04489272617286557,0.23175218027330896,0.005691523250929863,137.60612556096584
1935,data/simulations/mdof/sim_001935.npz,RSN0011_PGA_0p800g,RSN0011,0.8,15.11409831092254,5S_T055,5,0.5499999999999999,0.18842159912490059,elastic,0.004,0.013537414414262008,0.21680448084024193,0.0013948515940006947,38.31016793550071
1936,data/simulations/mdof/sim_001936.npz,RSN0011_PGA_0p800g,RSN0011,0.8,15.11409831092254,5S_T055,5,0.5499999999999999,0.18842159912490059,bilinear,0.004,0.01353741441426203,0.2168044808402438,0.0013948515940006966,38.31016793550086
1937,data/simulations/mdof/sim_001937.npz,RSN0011_PGA_0p800g,RSN0011,0.8,15.11409831092254,5S_T055,5,0.5499999999999999,0.18842159912490059,bilinear,0.007,0.01353741441426203,0.2168044808402438,0.0013948515940006966,38.31016793550086
1938,data/simulations/mdof/sim_001938.npz,RSN0011_PGA_0p800g,RSN0011,0.8,15.11409831092254,5S_T085,5,0.8499999999999999,0.29119701682939186,elastic,0.004,0.03943197470696877,0.2285291619157944,0.0035521040409731315,144.71669413021624
1939,data/simulations/mdof/sim_001939.npz,RSN0011_PGA_0p800g,RSN0011,0.8,15.11409831092254,5S_T085,5,0.8499999999999999,0.29119701682939186,bilinear,0.004,0.03943197470696868,0.2285291619157932,0.003552104040973125,144.71669413021544
1940,data/simulations/mdof/sim_001940.npz,RSN0011_PGA_0p800g,RSN0011,0.8,15.11409831092254,5S_T085,5,0.8499999999999999,0.29119701682939186,bilinear,0.007,0.03943197470696868,0.2285291619157932,0.003552104040973125,144.71669413021544
1941,data/simulations/mdof/sim_001941.npz,RSN0011_PGA_0p800g,RSN0011,0.8,15.11409831092254,5S_T120,5,1.2000000000000008,0.41110167081796517,elastic,0.004,0.05957199383638587,0.2077071977081422,0.0049454338601745374,197.46574460403747
1942,data/simulations/mdof/sim_001942.npz,RSN0011_PGA_0p800g,RSN0011,0.8,15.11409831092254,5S_T120,5,1.2000000000000008,0.41110167081796517,bilinear,0.004,0.059595798501723765,0.2077071977081422,0.006906049650262297,226.57975928721234
1943,data/simulations/mdof/sim_001943.npz,RSN0011_PGA_0p800g,RSN0011,0.8,15.11409831092254,5S_T120,5,1.2000000000000008,0.41110167081796517,bilinear,0.007,0.059571993836385735,0.2077071977081422,0.004945433860174523,197.46574460403667
1944,data/simulations/mdof/sim_001944.npz,RSN0011_PGA_1p000g,RSN0011,1.0,18.892622888653175,3S_T035,3,0.34999999999999987,0.1249135537622733,elastic,0.004,0.008265910442320414,0.24864245255448245,0.001218697679991281,21.523155229945857
1945,data/simulations/mdof/sim_001945.npz,RSN0011_PGA_1p000g,RSN0011,1.0,18.892622888653175,3S_T035,3,0.34999999999999987,0.1249135537622733,bilinear,0.004,0.008265910442320414,0.24864245255448253,0.0012186976799912804,21.523155229945857
1946,data/simulations/mdof/sim_001946.npz,RSN0011_PGA_1p000g,RSN0011,1.0,18.892622888653175,3S_T035,3,0.34999999999999987,0.1249135537622733,bilinear,0.007,0.008265910442320414,0.24864245255448253,0.0012186976799912804,21.523155229945857
1947,data/simulations/mdof/sim_001947.npz,RSN0011_PGA_1p000g,RSN0011,1.0,18.892622888653175,3S_T060,3,0.6,0.21413752073532566,elastic,0.004,0.01740201003096823,0.22743769947415302,0.0025348941940940683,39.014861516684455
1948,data/simulations/mdof/sim_001948.npz,RSN0011_PGA_1p000g,RSN0011,1.0,18.892622888653175,3S_T060,3,0.6,0.21413752073532566,bilinear,0.004,0.017402010030968227,0.22743769947415263,0.0025348941940940744,39.01486151668459
1949,data/simulations/mdof/sim_001949.npz,RSN0011_PGA_1p000g,RSN0011,1.0,18.892622888653175,3S_T060,3,0.6,0.21413752073532566,bilinear,0.007,0.017402010030968227,0.22743769947415263,0.0025348941940940744,39.01486151668459
1950,data/simulations/mdof/sim_001950.npz,RSN0011_PGA_1p000g,RSN0011,1.0,18.892622888653175,3S_T090,3,0.9,0.32120628110298843,elastic,0.004,0.05611590771608214,0.2896902253416378,0.007114404063662349,215.0095711890106
1951,data/simulations/mdof/sim_001951.npz,RSN0011_PGA_1p000g,RSN0011,1.0,18.892622888653175,3S_T090,3,0.9,0.32120628110298843,bilinear,0.004,0.04297020281797418,0.25909663773470265,0.007381764440507739,255.50545774294378
1952,data/simulations/mdof/sim_001952.npz,RSN0011_PGA_1p000g,RSN0011,1.0,18.892622888653175,3S_T090,3,0.9,0.32120628110298843,bilinear,0.007,0.05611607772149852,0.2896660130994424,0.007121848569757805,214.5499637234969
1953,data/simulations/mdof/sim_001953.npz,RSN0011_PGA_1p000g,RSN0011,1.0,18.892622888653175,5S_T055,5,0.5499999999999999,0.18842159912490059,elastic,0.004,0.016921768017827504,0.27100560105030536,0.001743564492500871,59.85963739921999
1954,data/simulations/mdof/sim_001954.npz,RSN0011_PGA_1p000g,RSN0011,1.0,18.892622888653175,5S_T055,5,0.5499999999999999,0.18842159912490059,bilinear,0.004,0.016921768017827462,0.2710056010503047,0.0017435644925008669,59.859637399219714
1955,data/simulations/mdof/sim_001955.npz,RSN0011_PGA_1p000g,RSN0011,1.0,18.892622888653175,5S_T055,5,0.5499999999999999,0.18842159912490059,bilinear,0.007,0.016921768017827462,0.2710056010503047,0.0017435644925008669,59.859637399219714
1956,data/simulations/mdof/sim_001956.npz,RSN0011_PGA_1p000g,RSN0011,1.0,18.892622888653175,5S_T085,5,0.8499999999999999,0.29119701682939186,elastic,0.004,0.04928996838371088,0.2856614523947414,0.004440130051216412,226.11983457846213
1957,data/simulations/mdof/sim_001957.npz,RSN0011_PGA_1p000g,RSN0011,1.0,18.892622888653175,5S_T085,5,0.8499999999999999,0.29119701682939186,bilinear,0.004,0.048634126556312475,0.2810438465731552,0.004728116109196967,230.48780719511805
1958,data/simulations/mdof/sim_001958.npz,RSN0011_PGA_1p000g,RSN0011,1.0,18.892622888653175,5S_T085,5,0.8499999999999999,0.29119701682939186,bilinear,0.007,0.04928996838371094,0.2856614523947427,0.00444013005121642,226.11983457846281
1959,data/simulations/mdof/sim_001959.npz,RSN0011_PGA_1p000g,RSN0011,1.0,18.892622888653175,5S_T120,5,1.2000000000000008,0.41110167081796517,elastic,0.004,0.07446499229548222,0.25963399713517843,0.006181792325218156,308.5402259438076
1960,data/simulations/mdof/sim_001960.npz,RSN0011_PGA_1p000g,RSN0011,1.0,18.892622888653175,5S_T120,5,1.2000000000000008,0.41110167081796517,bilinear,0.004,0.06608981959733706,0.2596339971351773,0.009501194104304578,386.86081261742527
1961,data/simulations/mdof/sim_001961.npz,RSN0011_PGA_1p000g,RSN0011,1.0,18.892622888653175,5S_T120,5,1.2000000000000008,0.41110167081796517,bilinear,0.007,0.07446499229548219,0.2596339971351773,0.006181792325218159,308.5402259438067
1962,data/simulations/mdof/sim_001962.npz,RSN0011_PGA_1p200g,RSN0011,1.2,22.67114746638381,3S_T035,3,0.34999999999999987,0.1249135537622733,elastic,0.004,0.009919092530784499,0.2983709430653791,0.001462437215989536,30.993343531122058
1963,data/simulations/mdof/sim_001963.npz,RSN0011_PGA_1p200g,RSN0011,1.2,22.67114746638381,3S_T035,3,0.34999999999999987,0.1249135537622733,bilinear,0.004,0.009919092530784488,0.29837094306537887,0.001462437215989534,30.993343531121944
1964,data/simulations/mdof/sim_001964.npz,RSN0011_PGA_1p200g,RSN0011,1.2,22.67114746638381,3S_T035,3,0.34999999999999987,0.1249135537622733,bilinear,0.007,0.009919092530784488,0.29837094306537887,0.001462437215989534,30.993343531121944
1965,data/simulations/mdof/sim_001965.npz,RSN0011_PGA_1p200g,RSN0011,1.2,22.67114746638381,3S_T060,3,0.6,0.21413752073532566,elastic,0.004,0.02088241203716188,0.27292523936898344,0.0030418730329128804,56.18140058402563
1966,data/simulations/mdof/sim_001966.npz,RSN0011_PGA_1p200g,RSN0011,1.2,22.67114746638381,3S_T060,3,0.6,0.21413752073532566,bilinear,0.004,0.020882412037161853,0.2729252393689841,0.0030418730329128825,56.181400584025546
1967,data/simulations/mdof/sim_001967.npz,RSN0011_PGA_1p200g,RSN0011,1.2,22.67114746638381,3S_T060,3,0.6,0.21413752073532566,bilinear,0.007,0.020882412037161853,0.2729252393689841,0.0030418730329128825,56.181400584025546
1968,data/simulations/mdof/sim_001968.npz,RSN0011_PGA_1p200g,RSN0011,1.2,22.67114746638381,3S_T090,3,0.9,0.32120628110298843,elastic,0.004,0.06733908925929848,0.3476282704099648,0.008537284876394801,309.6137825121741
1969,data/simulations/mdof/sim_001969.npz,RSN0011_PGA_1p200g,RSN0011,1.2,22.67114746638381,3S_T090,3,0.9,0.32120628110298843,bilinear,0.004,0.046246422082319875,0.2703150025959701,0.007339409480371903,386.0100084447545
1970,data/simulations/mdof/sim_001970.npz,RSN0011_PGA_1p200g,RSN0011,1.2,22.67114746638381,3S_T090,3,0.9,0.32120628110298843,bilinear,0.007,0.06581544588095996,0.3432725671033974,0.009112695549982331,315.2922949476344
1971,data/simulations/mdof/sim_001971.npz,RSN0011_PGA_1p200g,RSN0011,1.2,22.67114746638381,5S_T055,5,0.5499999999999999,0.18842159912490059,elastic,0.004,0.020306121621393065,0.3252067212603657,0.002092277391001048,86.19787785487716
1972,data/simulations/mdof/sim_001972.npz,RSN0011_PGA_1p200g,RSN0011,1.2,22.67114746638381,5S_T055,5,0.5499999999999999,0.18842159912490059,bilinear,0.004,0.020306121621393065,0.3252067212603674,0.0020922773910010475,86.19787785487713
1973,data/simulations/mdof/sim_001973.npz,RSN0011_PGA_1p200g,RSN0011,1.2,22.67114746638381,5S_T055,5,0.5499999999999999,0.18842159912490059,bilinear,0.007,0.020306121621393065,0.3252067212603674,0.0020922773910010475,86.19787785487713
1974,data/simulations/mdof/sim_001974.npz,RSN0011_PGA_1p200g,RSN0011,1.2,22.67114746638381,5S_T085,5,0.8499999999999999,0.29119701682939186,elastic,0.004,0.059147962060453016,0.3427937428736913,0.0053281560614596895,325.6125617929848
1975,data/simulations/mdof/sim_001975.npz,RSN0011_PGA_1p200g,RSN0011,1.2,22.67114746638381,5S_T085,5,0.8499999999999999,0.29119701682939186,bilinear,0.004,0.054682809245064926,0.2958947805344679,0.006466692480616927,393.641862064095
1976,data/simulations/mdof/sim_001976.npz,RSN0011_PGA_1p200g,RSN0011,1.2,22.67114746638381,5S_T085,5,0.8499999999999999,0.29119701682939186,bilinear,0.007,0.05914796206045317,0.34279374287369113,0.005328156061459703,325.61256179298687
1977,data/simulations/mdof/sim_001977.npz,RSN0011_PGA_1p200g,RSN0011,1.2,22.67114746638381,5S_T120,5,1.2000000000000008,0.41110167081796517,elastic,0.004,0.08935799075457848,0.31156079656221186,0.007418150790261781,444.297925359082
1978,data/simulations/mdof/sim_001978.npz,RSN0011_PGA_1p200g,RSN0011,1.2,22.67114746638381,5S_T120,5,1.2000000000000008,0.41110167081796517,bilinear,0.004,0.0690518385590911,0.3111904994035164,0.011616805794611287,617.8634393839004
1979,data/simulations/mdof/sim_001979.npz,RSN0011_PGA_1p200g,RSN0011,1.2,22.67114746638381,5S_T120,5,1.2000000000000008,0.41110167081796517,bilinear,0.007,0.08935842759657832,0.31156079656221414,0.007802615741259922,452.6496052711537
1980,data/simulations/mdof/sim_001980.npz,RSN0012_PGA_0p050g,RSN0012,0.05,1.1989126673449932,3S_T035,3,0.34999999999999987,0.1249135537622733,elastic,0.004,0.0003943797910346305,0.012672912131187852,5.904380469101383e-05,0.0517978019352541
1981,data/simulations/mdof/sim_001981.npz,RSN0012_PGA_0p050g,RSN0012,0.05,1.1989126673449932,3S_T035,3,0.34999999999999987,0.1249135537622733,bilinear,0.004,0.00039437979103463166,0.01267291213118787,5.904380469101398e-05,0.05179780193525432
1982,data/simulations/mdof/sim_001982.npz,RSN0012_PGA_0p050g,RSN0012,0.05,1.1989126673449932,3S_T035,3,0.34999999999999987,0.1249135537622733,bilinear,0.007,0.00039437979103463166,0.01267291213118787,5.904380469101398e-05,0.05179780193525432
1983,data/simulations/mdof/sim_001983.npz,RSN0012_PGA_0p050g,RSN0012,0.05,1.1989126673449932,3S_T060,3,0.6,0.21413752073532566,elastic,0.004,0.001152883708833087,0.012486199505045668,0.00016599322593736498,0.17092282408876955
1984,data/simulations/mdof/sim_001984.npz,RSN0012_PGA_0p050g,RSN0012,0.05,1.1989126673449932,3S_T060,3,0.6,0.21413752073532566,bilinear,0.004,0.0011528837088330883,0.012486199505045694,0.00016599322593736503,0.17092282408876966
1985,data/simulations/mdof/sim_001985.npz,RSN0012_PGA_0p050g,RSN0012,0.05,1.1989126673449932,3S_T060,3,0.6,0.21413752073532566,bilinear,0.007,0.0011528837088330883,0.012486199505045694,0.00016599322593736503,0.17092282408876966
1986,data/simulations/mdof/sim_001986.npz,RSN0012_PGA_0p050g,RSN0012,0.05,1.1989126673449932,3S_T090,3,0.9,0.32120628110298843,elastic,0.004,0.002073487347879529,0.012565921527096159,0.00024722836930640897,0.2857399560777207
1987,data/simulations/mdof/sim_001987.npz,RSN0012_PGA_0p050g,RSN0012,0.05,1.1989126673449932,3S_T090,3,0.9,0.32120628110298843,bilinear,0.004,0.0020734873478795326,0.012565921527096218,0.0002472283693064091,0.285739956077722
1988,data/simulations/mdof/sim_001988.npz,RSN0012_PGA_0p050g,RSN0012,0.05,1.1989126673449932,3S_T090,3,0.9,0.32120628110298843,bilinear,0.007,0.0020734873478795326,0.012565921527096218,0.0002472283693064091,0.285739956077722
1989,data/simulations/mdof/sim_001989.npz,RSN0012_PGA_0p050g,RSN0012,0.05,1.1989126673449932,5S_T055,5,0.5499999999999999,0.18842159912490059,elastic,0.004,0.0007452536988822488,0.011190268171997626,6.868686773531362e-05,0.10311351024663692
1990,data/simulations/mdof/sim_001990.npz,RSN0012_PGA_0p050g,RSN0012,0.05,1.1989126673449932,5S_T055,5,0.5499999999999999,0.18842159912490059,bilinear,0.004,0.0007452536988822504,0.011190268171997668,6.868686773531374e-05,0.10311351024663729
1991,data/simulations/mdof/sim_001991.npz,RSN0012_PGA_0p050g,RSN0012,0.05,1.1989126673449932,5S_T055,5,0.5499999999999999,0.18842159912490059,bilinear,0.007,0.0007452536988822504,0.011190268171997668,6.868686773531374e-05,0.10311351024663729
1992,data/simulations/mdof/sim_001992.npz,RSN0012_PGA_0p050g,RSN0012,0.05,1.1989126673449932,5S_T085,5,0.8499999999999999,0.29119701682939186,elastic,0.004,0.0020054850862274184,0.012306764214258562,0.00017908603624188041,0.37960033090341855
1993,data/simulations/mdof/sim_001993.npz,RSN0012_PGA_0p050g,RSN0012,0.05,1.1989126673449932,5S_T085,5,0.8499999999999999,0.29119701682939186,bilinear,0.004,0.0020054850862274154,0.012306764214258513,0.00017908603624187987,0.3796003309034177
1994,data/simulations/mdof/sim_001994.npz,RSN0012_PGA_0p050g,RSN0012,0.05,1.1989126673449932,5S_T085,5,0.8499999999999999,0.29119701682939186,bilinear,0.007,0.0020054850862274154,0.012306764214258513,0.00017908603624187987,0.3796003309034177
1995,data/simulations/mdof/sim_001995.npz,RSN0012_PGA_0p050g,RSN0012,0.05,1.1989126673449932,5S_T120,5,1.2000000000000008,0.41110167081796517,elastic,0.004,0.0025558075258291023,0.009969481233718089,0.000193077466532063,0.35495988847721244
1996,data/simulations/mdof/sim_001996.npz,RSN0012_PGA_0p050g,RSN0012,0.05,1.1989126673449932,5S_T120,5,1.2000000000000008,0.41110167081796517,bilinear,0.004,0.0025558075258291023,0.009969481233718054,0.00019307746653206308,0.3549598884772116
1997,data/simulations/mdof/sim_001997.npz,RSN0012_PGA_0p050g,RSN0012,0.05,1.1989126673449932,5S_T120,5,1.2000000000000008,0.41110167081796517,bilinear,0.007,0.0025558075258291023,0.009969481233718054,0.00019307746653206308,0.3549598884772116
1998,data/simulations/mdof/sim_001998.npz,RSN0012_PGA_0p100g,RSN0012,0.1,2.3978253346899865,3S_T035,3,0.34999999999999987,0.1249135537622733,elastic,0.004,0.000788759582069261,0.025345824262375704,0.00011808760938202766,0.2071912077410164
1999,data/simulations/mdof/sim_001999.npz,RSN0012_PGA_0p100g,RSN0012,0.1,2.3978253346899865,3S_T035,3,0.34999999999999987,0.1249135537622733,bilinear,0.004,0.0007887595820692633,0.02534582426237574,0.00011808760938202796,0.2071912077410173
2000,data/simulations/mdof/sim_002000.npz,RSN0012_PGA_0p100g,RSN0012,0.1,2.3978253346899865,3S_T035,3,0.34999999999999987,0.1249135537622733,bilinear,0.007,0.0007887595820692633,0.02534582426237574,0.00011808760938202796,0.2071912077410173
2001,data/simulations/mdof/sim_002001.npz,RSN0012_PGA_0p100g,RSN0012,0.1,2.3978253346899865,3S_T060,3,0.6,0.21413752073532566,elastic,0.004,0.002305767417666174,0.024972399010091337,0.00033198645187472995,0.6836912963550782
2002,data/simulations/mdof/sim_002002.npz,RSN0012_PGA_0p100g,RSN0012,0.1,2.3978253346899865,3S_T060,3,0.6,0.21413752073532566,bilinear,0.004,0.0023057674176661766,0.02497239901009139,0.00033198645187473006,0.6836912963550786
2003,data/simulations/mdof/sim_002003.npz,RSN0012_PGA_0p100g,RSN0012,0.1,2.3978253346899865,3S_T060,3,0.6,0.21413752073532566,bilinear,0.007,0.0023057674176661766,0.02497239901009139,0.00033198645187473006,0.6836912963550786
2004,data/simulations/mdof/sim_002004.npz,RSN0012_PGA_0p100g,RSN0012,0.1,2.3978253346899865,3S_T090,3,0.9,0.32120628110298843,elastic,0.004,0.004146974695759058,0.025131843054192318,0.0004944567386128179,1.1429598243108827
2005,data/simulations/mdof/sim_002005.npz,RSN0012_PGA_0p100g,RSN0012,0.1,2.3978253346899865,3S_T090,3,0.9,0.32120628110298843,bilinear,0.004,0.004146974695759065,0.025131843054192436,0.0004944567386128181,1.142959824310888
2006,data/simulations/mdof/sim_002006.npz,RSN0012_PGA_0p100g,RSN0012,0.1,2.3978253346899865,3S_T090,3,0.9,0.32120628110298843,bilinear,0.007,0.004146974695759065,0.025131843054192436,0.0004944567386128181,1.142959824310888
2007,data/simulations/mdof/sim_002007.npz,RSN0012_PGA_0p100g,RSN0012,0.1,2.3978253346899865,5S_T055,5,0.5499999999999999,0.18842159912490059,elastic,0.004,0.0014905073977644976,0.022380536343995252,0.00013737373547062723,0.4124540409865477
2008,data/simulations/mdof/sim_002008.npz,RSN0012_PGA_0p100g,RSN0012,0.1,2.3978253346899865,5S_T055,5,0.5499999999999999,0.18842159912490059,bilinear,0.004,0.0014905073977645009,0.022380536343995335,0.00013737373547062748,0.41245404098654914
2009,data/simulations/mdof/sim_002009.npz,RSN0012_PGA_0p100g,RSN0012,0.1,2.3978253346899865,5S_T055,5,0.5499999999999999,0.18842159912490059,bilinear,0.007,0.0014905073977645009,0.022380536343995335,0.00013737373547062748,0.41245404098654914
2010,data/simulations/mdof/sim_002010.npz,RSN0012_PGA_0p100g,RSN0012,0.1,2.3978253346899865,5S_T085,5,0.8499999999999999,0.29119701682939186,elastic,0.004,0.004010970172454837,0.024613528428517124,0.00035817207248376083,1.5184013236136742
2011,data/simulations/mdof/sim_002011.npz,RSN0012_PGA_0p100g,RSN0012,0.1,2.3978253346899865,5S_T085,5,0.8499999999999999,0.29119701682939186,bilinear,0.004,0.004010970172454831,0.024613528428517027,0.00035817207248375974,1.5184013236136709
2012,data/simulations/mdof/sim_002012.npz,RSN0012_PGA_0p100g,RSN0012,0.1,2.3978253346899865,5S_T085,5,0.8499999999999999,0.29119701682939186,bilinear,0.007,0.004010970172454831,0.024613528428517027,0.00035817207248375974,1.5184013236136709
2013,data/simulations/mdof/sim_002013.npz,RSN0012_PGA_0p100g,RSN0012,0.1,2.3978253346899865,5S_T120,5,1.2000000000000008,0.41110167081796517,elastic,0.004,0.0051116150516582045,0.019938962467436178,0.000386154933064126,1.4198395539088497
2014,data/simulations/mdof/sim_002014.npz,RSN0012_PGA_0p100g,RSN0012,0.1,2.3978253346899865,5S_T120,5,1.2000000000000008,0.41110167081796517,bilinear,0.004,0.0051116150516582045,0.019938962467436108,0.00038615493306412617,1.4198395539088464
2015,data/simulations/mdof/sim_002015.npz,RSN0012_PGA_0p100g,RSN0012,0.1,2.3978253346899865,5S_T120,5,1.2000000000000008,0.41110167081796517,bilinear,0.007,0.0051116150516582045,0.019938962467436108,0.00038615493306412617,1.4198395539088464
2016,data/simulations/mdof/sim_002016.npz,RSN0012_PGA_0p200g,RSN0012,0.2,4.795650669379973,3S_T035,3,0.34999999999999987,0.1249135537622733,elastic,0.004,0.001577519164138522,0.05069164852475141,0.00023617521876405533,0.8287648309640656
2017,data/simulations/mdof/sim_002017.npz,RSN0012_PGA_0p200g,RSN0012,0.2,4.795650669379973,3S_T035,3,0.34999999999999987,0.1249135537622733,bilinear,0.004,0.0015775191641385267,0.05069164852475148,0.00023617521876405592,0.8287648309640692
2018,data/simulations/mdof/sim_002018.npz,RSN0012_PGA_0p200g,RSN0012,0.2,4.795650669379973,3S_T035,3,0.34999999999999987,0.1249135537622733,bilinear,0.007,0.0015775191641385267,0.05069164852475148,0.00023617521876405592,0.8287648309640692
2019,data/simulations/mdof/sim_002019.npz,RSN0012_PGA_0p200g,RSN0012,0.2,4.795650669379973,3S_T060,3,0.6,0.21413752073532566,elastic,0.004,0.004611534835332348,0.049944798020182674,0.0006639729037494599,2.7347651854203128
2020,data/simulations/mdof/sim_002020.npz,RSN0012_PGA_0p200g,RSN0012,0.2,4.795650669379973,3S_T060,3,0.6,0.21413752073532566,bilinear,0.004,0.004611534835332353,0.04994479802018278,0.0006639729037494601,2.7347651854203145
2021,data/simulations/mdof/sim_002021.npz,RSN0012_PGA_0p200g,RSN0012,0.2,4.795650669379973,3S_T060,3,0.6,0.21413752073532566,bilinear,0.007,0.004611534835332353,0.04994479802018278,0.0006639729037494601,2.7347651854203145
2022,data/simulations/mdof/sim_002022.npz,RSN0012_PGA_0p200g,RSN0012,0.2,4.795650669379973,3S_T090,3,0.9,0.32120628110298843,elastic,0.004,0.008293949391518117,0.050263686108384636,0.0009889134772256359,4.571839297243531
2023,data/simulations/mdof/sim_002023.npz,RSN0012_PGA_0p200g,RSN0012,0.2,4.795650669379973,3S_T090,3,0.9,0.32120628110298843,bilinear,0.004,0.00829394939151813,0.05026368610838487,0.0009889134772256363,4.571839297243552
2024,data/simulations/mdof/sim_002024.npz,RSN0012_PGA_0p200g,RSN0012,0.2,4.795650669379973,3S_T090,3,0.9,0.32120628110298843,bilinear,0.007,0.00829394939151813,0.05026368610838487,0.0009889134772256363,4.571839297243552
2025,data/simulations/mdof/sim_002025.npz,RSN0012_PGA_0p200g,RSN0012,0.2,4.795650669379973,5S_T055,5,0.5499999999999999,0.18842159912490059,elastic,0.004,0.0029810147955289953,0.044761072687990504,0.00027474747094125446,1.6498161639461908
2026,data/simulations/mdof/sim_002026.npz,RSN0012_PGA_0p200g,RSN0012,0.2,4.795650669379973,5S_T055,5,0.5499999999999999,0.18842159912490059,bilinear,0.004,0.0029810147955290018,0.04476107268799067,0.00027474747094125495,1.6498161639461966
2027,data/simulations/mdof/sim_002027.npz,RSN0012_PGA_0p200g,RSN0012,0.2,4.795650669379973,5S_T055,5,0.5499999999999999,0.18842159912490059,bilinear,0.007,0.0029810147955290018,0.04476107268799067,0.00027474747094125495,1.6498161639461966
2028,data/simulations/mdof/sim_002028.npz,RSN0012_PGA_0p200g,RSN0012,0.2,4.795650669379973,5S_T085,5,0.8499999999999999,0.29119701682939186,elastic,0.004,0.008021940344909674,0.04922705685703425,0.0007163441449675217,6.073605294454697
2029,data/simulations/mdof/sim_002029.npz,RSN0012_PGA_0p200g,RSN0012,0.2,4.795650669379973,5S_T085,5,0.8499999999999999,0.29119701682939186,bilinear,0.004,0.008021940344909662,0.04922705685703405,0.0007163441449675195,6.0736052944546834
2030,data/simulations/mdof/sim_002030.npz,RSN0012_PGA_0p200g,RSN0012,0.2,4.795650669379973,5S_T085,5,0.8499999999999999,0.29119701682939186,bilinear,0.007,0.008021940344909662,0.04922705685703405,0.0007163441449675195,6.0736052944546834
2031,data/simulations/mdof/sim_002031.npz,RSN0012_PGA_0p200g,RSN0012,0.2,4.795650669379973,5S_T120,5,1.2000000000000008,0.41110167081796517,elastic,0.004,0.010223230103316409,0.039877924934872355,0.000772309866128252,5.679358215635399
2032,data/simulations/mdof/sim_002032.npz,RSN0012_PGA_0p200g,RSN0012,0.2,4.795650669379973,5S_T120,5,1.2000000000000008,0.41110167081796517,bilinear,0.004,0.010223230103316397,0.03987792493487214,0.0007723098661282514,5.679358215635379
2033,data/simulations/mdof/sim_002033.npz,RSN0012_PGA_0p200g,RSN0012,0.2,4.795650669379973,5S_T120,5,1.2000000000000008,0.41110167081796517,bilinear,0.007,0.010223230103316397,0.03987792493487214,0.0007723098661282514,5.679358215635379
2034,data/simulations/mdof/sim_002034.npz,RSN0012_PGA_0p300g,RSN0012,0.3,7.193476004069959,3S_T035,3,0.34999999999999987,0.1249135537622733,elastic,0.004,0.002366278746207786,0.07603747278712718,0.0003542628281460835,1.8647208696691533
2035,data/simulations/mdof/sim_002035.npz,RSN0012_PGA_0p300g,RSN0012,0.3,7.193476004069959,3S_T035,3,0.34999999999999987,0.1249135537622733,bilinear,0.004,0.002366278746207789,0.076037472787127,0.00035426282814608403,1.8647208696691537
2036,data/simulations/mdof/sim_002036.npz,RSN0012_PGA_0p300g,RSN0012,0.3,7.193476004069959,3S_T035,3,0.34999999999999987,0.1249135537622733,bilinear,0.007,0.002366278746207789,0.076037472787127,0.00035426282814608403,1.8647208696691537
2037,data/simulations/mdof/sim_002037.npz,RSN0012_PGA_0p300g,RSN0012,0.3,7.193476004069959,3S_T060,3,0.6,0.21413752073532566,elastic,0.004,0.006917302252998533,0.07491719703027423,0.0009959593556241918,6.15322166719573
2038,data/simulations/mdof/sim_002038.npz,RSN0012_PGA_0p300g,RSN0012,0.3,7.193476004069959,3S_T060,3,0.6,0.21413752073532566,bilinear,0.004,0.006917302252998541,0.07491719703027466,0.0009959593556241938,6.1532216671957425
2039,data/simulations/mdof/sim_002039.npz,RSN0012_PGA_0p300g,RSN0012,0.3,7.193476004069959,3S_T060,3,0.6,0.21413752073532566,bilinear,0.007,0.006917302252998541,0.07491719703027466,0.0009959593556241938,6.1532216671957425
2040,data/simulations/mdof/sim_002040.npz,RSN0012_PGA_0p300g,RSN0012,0.3,7.193476004069959,3S_T090,3,0.9,0.32120628110298843,elastic,0.004,0.01244092408727715,0.07539552916257677,0.0014833702158384508,10.286638418797917
2041,data/simulations/mdof/sim_002041.npz,RSN0012_PGA_0p300g,RSN0012,0.3,7.193476004069959,3S_T090,3,0.9,0.32120628110298843,bilinear,0.004,0.012440924087277195,0.07539552916257714,0.0014833702158384562,10.286638418797972
2042,data/simulations/mdof/sim_002042.npz,RSN0012_PGA_0p300g,RSN0012,0.3,7.193476004069959,3S_T090,3,0.9,0.32120628110298843,bilinear,0.007,0.012440924087277195,0.07539552916257714,0.0014833702158384562,10.286638418797972
2043,data/simulations/mdof/sim_002043.npz,RSN0012_PGA_0p300g,RSN0012,0.3,7.193476004069959,5S_T055,5,0.5499999999999999,0.18842159912490059,elastic,0.004,0.004471522193293493,0.06714160903198604,0.000412121206411882,3.7120863688789356
2044,data/simulations/mdof/sim_002044.npz,RSN0012_PGA_0p300g,RSN0012,0.3,7.193476004069959,5S_T055,5,0.5499999999999999,0.18842159912490059,bilinear,0.004,0.004471522193293493,0.06714160903198584,0.0004121212064118821,3.712086368878934
2045,data/simulations/mdof/sim_002045.npz,RSN0012_PGA_0p300g,RSN0012,0.3,7.193476004069959,5S_T055,5,0.5499999999999999,0.18842159912490059,bilinear,0.007,0.004471522193293493,0.06714160903198584,0.0004121212064118821,3.712086368878934
2046,data/simulations/mdof/sim_002046.npz,RSN0012_PGA_0p300g,RSN0012,0.3,7.193476004069959,5S_T085,5,0.8499999999999999,0.29119701682939186,elastic,0.004,0.012032910517364511,0.07384058528555064,0.0010745162174512805,13.665611912523058
2047,data/simulations/mdof/sim_002047.npz,RSN0012_PGA_0p300g,RSN0012,0.3,7.193476004069959,5S_T085,5,0.8499999999999999,0.29119701682939186,bilinear,0.004,0.012032910517364534,0.07384058528555114,0.0010745162174512824,13.665611912523127
2048,data/simulations/mdof/sim_002048.npz,RSN0012_PGA_0p300g,RSN0012,0.3,7.193476004069959,5S_T085,5,0.8499999999999999,0.29119701682939186,bilinear,0.007,0.012032910517364534,0.07384058528555114,0.0010745162174512824,13.665611912523127
2049,data/simulations/mdof/sim_002049.npz,RSN0012_PGA_0p300g,RSN0012,0.3,7.193476004069959,5S_T120,5,1.2000000000000008,0.41110167081796517,elastic,0.004,0.015334845154974644,0.05981688740230902,0.0011584647991923788,12.778555985179668
2050,data/simulations/mdof/sim_002050.npz,RSN0012_PGA_0p300g,RSN0012,0.3,7.193476004069959,5S_T120,5,1.2000000000000008,0.41110167081796517,bilinear,0.004,0.015334845154974653,0.0598168874023088,0.0011584647991923769,12.778555985179683
2051,data/simulations/mdof/sim_002051.npz,RSN0012_PGA_0p300g,RSN0012,0.3,7.193476004069959,5S_T120,5,1.2000000000000008,0.41110167081796517,bilinear,0.007,0.015334845154974653,0.0598168874023088,0.0011584647991923769,12.778555985179683
2052,data/simulations/mdof/sim_002052.npz,RSN0012_PGA_0p400g,RSN0012,0.4,9.591301338759946,3S_T035,3,0.34999999999999987,0.1249135537622733,elastic,0.004,0.003155038328277044,0.10138329704950282,0.00047235043752811065,3.3150593238562625
2053,data/simulations/mdof/sim_002053.npz,RSN0012_PGA_0p400g,RSN0012,0.4,9.591301338759946,3S_T035,3,0.34999999999999987,0.1249135537622733,bilinear,0.004,0.0031550383282770533,0.10138329704950295,0.00047235043752811185,3.3150593238562767
2054,data/simulations/mdof/sim_002054.npz,RSN0012_PGA_0p400g,RSN0012,0.4,9.591301338759946,3S_T035,3,0.34999999999999987,0.1249135537622733,bilinear,0.007,0.0031550383282770533,0.10138329704950295,0.00047235043752811185,3.3150593238562767
2055,data/simulations/mdof/sim_002055.npz,RSN0012_PGA_0p400g,RSN0012,0.4,9.591301338759946,3S_T060,3,0.6,0.21413752073532566,elastic,0.004,0.009223069670664696,0.09988959604036535,0.0013279458074989198,10.939060741681251
2056,data/simulations/mdof/sim_002056.npz,RSN0012_PGA_0p400g,RSN0012,0.4,9.591301338759946,3S_T060,3,0.6,0.21413752073532566,bilinear,0.004,0.009223069670664706,0.09988959604036556,0.0013279458074989202,10.939060741681258
2057,data/simulations/mdof/sim_002057.npz,RSN0012_PGA_0p400g,RSN0012,0.4,9.591301338759946,3S_T060,3,0.6,0.21413752073532566,bilinear,0.007,0.009223069670664706,0.09988959604036556,0.0013279458074989202,10.939060741681258
2058,data/simulations/mdof/sim_002058.npz,RSN0012_PGA_0p400g,RSN0012,0.4,9.591301338759946,3S_T090,3,0.9,0.32120628110298843,elastic,0.004,0.016587898783036233,0.10052737221676927,0.0019778269544512717,18.287357188974124
2059,data/simulations/mdof/sim_002059.npz,RSN0012_PGA_0p400g,RSN0012,0.4,9.591301338759946,3S_T090,3,0.9,0.32120628110298843,bilinear,0.004,0.01658789878303626,0.10052737221676974,0.0019778269544512726,18.28735718897421
2060,data/simulations/mdof/sim_002060.npz,RSN0012_PGA_0p400g,RSN0012,0.4,9.591301338759946,3S_T090,3,0.9,0.32120628110298843,bilinear,0.007,0.01658789878303626,0.10052737221676974,0.0019778269544512726,18.28735718897421
2061,data/simulations/mdof/sim_002061.npz,RSN0012_PGA_0p400g,RSN0012,0.4,9.591301338759946,5S_T055,5,0.5499999999999999,0.18842159912490059,elastic,0.004,0.0059620295910579905,0.08952214537598101,0.0005494949418825089,6.599264655784763
2062,data/simulations/mdof/sim_002062.npz,RSN0012_PGA_0p400g,RSN0012,0.4,9.591301338759946,5S_T055,5,0.5499999999999999,0.18842159912490059,bilinear,0.004,0.0059620295910580035,0.08952214537598134,0.0005494949418825099,6.599264655784786
2063,data/simulations/mdof/sim_002063.npz,RSN0012_PGA_0p400g,RSN0012,0.4,9.591301338759946,5S_T055,5,0.5499999999999999,0.18842159912490059,bilinear,0.007,0.0059620295910580035,0.08952214537598134,0.0005494949418825099,6.599264655784786
2064,data/simulations/mdof/sim_002064.npz,RSN0012_PGA_0p400g,RSN0012,0.4,9.591301338759946,5S_T085,5,0.8499999999999999,0.29119701682939186,elastic,0.004,0.016043880689819347,0.0984541137140685,0.0014326882899350433,24.294421177818787
2065,data/simulations/mdof/sim_002065.npz,RSN0012_PGA_0p400g,RSN0012,0.4,9.591301338759946,5S_T085,5,0.8499999999999999,0.29119701682939186,bilinear,0.004,0.01604388068981939,0.09845411371406831,0.0014326882899350448,24.294421177818904
2066,data/simulations/mdof/sim_002066.npz,RSN0012_PGA_0p400g,RSN0012,0.4,9.591301338759946,5S_T085,5,0.8499999999999999,0.29119701682939186,bilinear,0.007,0.01604388068981939,0.09845411371406831,0.0014326882899350448,24.294421177818904
2067,data/simulations/mdof/sim_002067.npz,RSN0012_PGA_0p400g,RSN0012,0.4,9.591301338759946,5S_T120,5,1.2000000000000008,0.41110167081796517,elastic,0.004,0.020446460206632818,0.07975584986974471,0.001544619732256504,22.717432862541596
2068,data/simulations/mdof/sim_002068.npz,RSN0012_PGA_0p400g,RSN0012,0.4,9.591301338759946,5S_T120,5,1.2000000000000008,0.41110167081796517,bilinear,0.004,0.020446460206632794,0.07975584986974428,0.0015446197322565027,22.717432862541514
2069,data/simulations/mdof/sim_002069.npz,RSN0012_PGA_0p400g,RSN0012,0.4,9.591301338759946,5S_T120,5,1.2000000000000008,0.41110167081796517,bilinear,0.007,0.020446460206632794,0.07975584986974428,0.0015446197322565027,22.717432862541514
2070,data/simulations/mdof/sim_002070.npz,RSN0012_PGA_0p500g,RSN0012,0.5,11.989126673449933,3S_T035,3,0.34999999999999987,0.1249135537622733,elastic,0.004,0.0039437979103463154,0.12672912131187866,0.0005904380469101397,5.179780193525428
2071,data/simulations/mdof/sim_002071.npz,RSN0012_PGA_0p500g,RSN0012,0.5,11.989126673449933,3S_T035,3,0.34999999999999987,0.1249135537622733,bilinear,0.004,0.003943797910346318,0.12672912131187875,0.0005904380469101403,5.179780193525434
2072,data/simulations/mdof/sim_002072.npz,RSN0012_PGA_0p500g,RSN0012,0.5,11.989126673449933,3S_T035,3,0.34999999999999987,0.1249135537622733,bilinear,0.007,0.003943797910346318,0.12672912131187875,0.0005904380469101403,5.179780193525434
2073,data/simulations/mdof/sim_002073.npz,RSN0012_PGA_0p500g,RSN0012,0.5,11.989126673449933,3S_T060,3,0.6,0.21413752073532566,elastic,0.004,0.011528837088330865,0.12486199505045728,0.0016599322593736467,17.092282408876915
2074,data/simulations/mdof/sim_002074.npz,RSN0012_PGA_0p500g,RSN0012,0.5,11.989126673449933,3S_T060,3,0.6,0.21413752073532566,bilinear,0.004,0.011528837088330843,0.12486199505045718,0.0016599322593736435,17.09228240887685
2075,data/simulations/mdof/sim_002075.npz,RSN0012_PGA_0p500g,RSN0012,0.5,11.989126673449933,3S_T060,3,0.6,0.21413752073532566,bilinear,0.007,0.011528837088330843,0.12486199505045718,0.0016599322593736435,17.09228240887685
2076,data/simulations/mdof/sim_002076.npz,RSN0012_PGA_0p500g,RSN0012,0.5,11.989126673449933,3S_T090,3,0.9,0.32120628110298843,elastic,0.004,0.02073487347879529,0.12565921527096152,0.0024722836930640957,28.573995607772158
2077,data/simulations/mdof/sim_002077.npz,RSN0012_PGA_0p500g,RSN0012,0.5,11.989126673449933,3S_T090,3,0.9,0.32120628110298843,bilinear,0.004,0.020734873478795275,0.1256592152709618,0.0024722836930640884,28.573995607772034
2078,data/simulations/mdof/sim_002078.npz,RSN0012_PGA_0p500g,RSN0012,0.5,11.989126673449933,3S_T090,3,0.9,0.32120628110298843,bilinear,0.007,0.020734873478795275,0.1256592152709618,0.0024722836930640884,28.573995607772034
2079,data/simulations/mdof/sim_002079.npz,RSN0012_PGA_0p500g,RSN0012,0.5,11.989126673449933,5S_T055,5,0.5499999999999999,0.18842159912490059,elastic,0.004,0.007452536988822482,0.11190268171997672,0.0006868686773531381,10.311351024663727
2080,data/simulations/mdof/sim_002080.npz,RSN0012_PGA_0p500g,RSN0012,0.5,11.989126673449933,5S_T055,5,0.5499999999999999,0.18842159912490059,bilinear,0.004,0.007452536988822485,0.11190268171997647,0.0006868686773531376,10.311351024663708
2081,data/simulations/mdof/sim_002081.npz,RSN0012_PGA_0p500g,RSN0012,0.5,11.989126673449933,5S_T055,5,0.5499999999999999,0.18842159912490059,bilinear,0.007,0.007452536988822485,0.11190268171997647,0.0006868686773531376,10.311351024663708
2082,data/simulations/mdof/sim_002082.npz,RSN0012_PGA_0p500g,RSN0012,0.5,11.989126673449933,5S_T085,5,0.8499999999999999,0.29119701682939186,elastic,0.004,0.02005485086227418,0.12306764214258546,0.0017908603624187996,37.96003309034178
2083,data/simulations/mdof/sim_002083.npz,RSN0012_PGA_0p500g,RSN0012,0.5,11.989126673449933,5S_T085,5,0.8499999999999999,0.29119701682939186,bilinear,0.004,0.020054850862274213,0.12306764214258582,0.0017908603624188044,37.96003309034192
2084,data/simulations/mdof/sim_002084.npz,RSN0012_PGA_0p500g,RSN0012,0.5,11.989126673449933,5S_T085,5,0.8499999999999999,0.29119701682939186,bilinear,0.007,0.020054850862274213,0.12306764214258582,0.0017908603624188044,37.96003309034192
2085,data/simulations/mdof/sim_002085.npz,RSN0012_PGA_0p500g,RSN0012,0.5,11.989126673449933,5S_T120,5,1.2000000000000008,0.41110167081796517,elastic,0.004,0.025558075258291006,0.09969481233718015,0.0019307746653206266,35.495988847721115
2086,data/simulations/mdof/sim_002086.npz,RSN0012_PGA_0p500g,RSN0012,0.5,11.989126673449933,5S_T120,5,1.2000000000000008,0.41110167081796517,bilinear,0.004,0.025558075258291006,0.09969481233718058,0.0019307746653206275,35.49598884772113
2087,data/simulations/mdof/sim_002087.npz,RSN0012_PGA_0p500g,RSN0012,0.5,11.989126673449933,5S_T120,5,1.2000000000000008,0.41110167081796517,bilinear,0.007,0.025558075258291006,0.09969481233718058,0.0019307746653206275,35.49598884772113
2088,data/simulations/mdof/sim_002088.npz,RSN0012_PGA_0p600g,RSN0012,0.6,14.386952008139918,3S_T035,3,0.34999999999999987,0.1249135537622733,elastic,0.004,0.004732557492415572,0.15207494557425436,0.000708525656292167,7.458883478676613
2089,data/simulations/mdof/sim_002089.npz,RSN0012_PGA_0p600g,RSN0012,0.6,14.386952008139918,3S_T035,3,0.34999999999999987,0.1249135537622733,bilinear,0.004,0.004732557492415578,0.152074945574254,0.0007085256562921681,7.458883478676615
2090,data/simulations/mdof/sim_002090.npz,RSN0012_PGA_0p600g,RSN0012,0.6,14.386952008139918,3S_T035,3,0.34999999999999987,0.1249135537622733,bilinear,0.007,0.004732557492415578,0.152074945574254,0.0007085256562921681,7.458883478676615
2091,data/simulations/mdof/sim_002091.npz,RSN0012_PGA_0p600g,RSN0012,0.6,14.386952008139918,3S_T060,3,0.6,0.21413752073532566,elastic,0.004,0.013834604505997066,0.14983439406054846,0.0019919187112483836,24.61288666878292
2092,data/simulations/mdof/sim_002092.npz,RSN0012_PGA_0p600g,RSN0012,0.6,14.386952008139918,3S_T060,3,0.6,0.21413752073532566,bilinear,0.004,0.013834604505997081,0.14983439406054933,0.0019919187112483875,24.61288666878297
2093,data/simulations/mdof/sim_002093.npz,RSN0012_PGA_0p600g,RSN0012,0.6,14.386952008139918,3S_T060,3,0.6,0.21413752073532566,bilinear,0.007,0.013834604505997081,0.14983439406054933,0.0019919187112483875,24.61288666878297
2094,data/simulations/mdof/sim_002094.npz,RSN0012_PGA_0p600g,RSN0012,0.6,14.386952008139918,3S_T090,3,0.9,0.32120628110298843,elastic,0.004,0.0248818481745543,0.15079105832515355,0.0029667404316769015,41.14655367519167
2095,data/simulations/mdof/sim_002095.npz,RSN0012_PGA_0p600g,RSN0012,0.6,14.386952008139918,3S_T090,3,0.9,0.32120628110298843,bilinear,0.004,0.02488184817455439,0.15079105832515427,0.0029667404316769124,41.14655367519189
2096,data/simulations/mdof/sim_002096.npz,RSN0012_PGA_0p600g,RSN0012,0.6,14.386952008139918,3S_T090,3,0.9,0.32120628110298843,bilinear,0.007,0.02488184817455439,0.15079105832515427,0.0029667404316769124,41.14655367519189
2097,data/simulations/mdof/sim_002097.npz,RSN0012_PGA_0p600g,RSN0012,0.6,14.386952008139918,5S_T055,5,0.5499999999999999,0.18842159912490059,elastic,0.004,0.008943044386586985,0.1342832180639721,0.000824242412823764,14.848345475515742
2098,data/simulations/mdof/sim_002098.npz,RSN0012_PGA_0p600g,RSN0012,0.6,14.386952008139918,5S_T055,5,0.5499999999999999,0.18842159912490059,bilinear,0.004,0.008943044386586985,0.13428321806397167,0.0008242424128237642,14.848345475515735
2099,data/simulations/mdof/sim_002099.npz,RSN0012_PGA_0p600g,RSN0012,0.6,14.386952008139918,5S_T055,5,0.5499999999999999,0.18842159912490059,bilinear,0.007,0.008943044386586985,0.13428321806397167,0.0008242424128237642,14.848345475515735
2100,data/simulations/mdof/sim_002100.npz,RSN0012_PGA_0p600g,RSN0012,0.6,14.386952008139918,5S_T085,5,0.8499999999999999,0.29119701682939186,elastic,0.004,0.024065821034729023,0.14768117057110128,0.002149032434902561,54.66244765009223
2101,data/simulations/mdof/sim_002101.npz,RSN0012_PGA_0p600g,RSN0012,0.6,14.386952008139918,5S_T085,5,0.8499999999999999,0.29119701682939186,bilinear,0.004,0.024065821034729082,0.14768117057110206,0.0021490324349025705,54.66244765009253
2102,data/simulations/mdof/sim_002102.npz,RSN0012_PGA_0p600g,RSN0012,0.6,14.386952008139918,5S_T085,5,0.8499999999999999,0.29119701682939186,bilinear,0.007,0.024065821034729082,0.14768117057110206,0.0021490324349025705,54.66244765009253
2103,data/simulations/mdof/sim_002103.npz,RSN0012_PGA_0p600g,RSN0012,0.6,14.386952008139918,5S_T120,5,1.2000000000000008,0.41110167081796517,elastic,0.004,0.030669690309949288,0.11963377480461804,0.0023169295983847577,51.114223940718674
2104,data/simulations/mdof/sim_002104.npz,RSN0012_PGA_0p600g,RSN0012,0.6,14.386952008139918,5S_T120,5,1.2000000000000008,0.41110167081796517,bilinear,0.004,0.030669690309949305,0.1196337748046176,0.0023169295983847538,51.11422394071873
2105,data/simulations/mdof/sim_002105.npz,RSN0012_PGA_0p600g,RSN0012,0.6,14.386952008139918,5S_T120,5,1.2000000000000008,0.41110167081796517,bilinear,0.007,0.030669690309949305,0.1196337748046176,0.0023169295983847538,51.11422394071873
2106,data/simulations/mdof/sim_002106.npz,RSN0012_PGA_0p800g,RSN0012,0.8,19.182602677519892,3S_T035,3,0.34999999999999987,0.1249135537622733,elastic,0.004,0.006310076656554088,0.20276659409900563,0.0009447008750562213,13.26023729542505
2107,data/simulations/mdof/sim_002107.npz,RSN0012_PGA_0p800g,RSN0012,0.8,19.182602677519892,3S_T035,3,0.34999999999999987,0.1249135537622733,bilinear,0.004,0.006310076656554107,0.2027665940990059,0.0009447008750562237,13.260237295425107
2108,data/simulations/mdof/sim_002108.npz,RSN0012_PGA_0p800g,RSN0012,0.8,19.182602677519892,3S_T035,3,0.34999999999999987,0.1249135537622733,bilinear,0.007,0.006310076656554107,0.2027665940990059,0.0009447008750562237,13.260237295425107
2109,data/simulations/mdof/sim_002109.npz,RSN0012_PGA_0p800g,RSN0012,0.8,19.182602677519892,3S_T060,3,0.6,0.21413752073532566,elastic,0.004,0.018446139341329392,0.1997791920807307,0.0026558916149978396,43.756242966725004
2110,data/simulations/mdof/sim_002110.npz,RSN0012_PGA_0p800g,RSN0012,0.8,19.182602677519892,3S_T060,3,0.6,0.21413752073532566,bilinear,0.004,0.018446139341329413,0.1997791920807311,0.0026558916149978405,43.75624296672503
2111,data/simulations/mdof/sim_002111.npz,RSN0012_PGA_0p800g,RSN0012,0.8,19.182602677519892,3S_T060,3,0.6,0.21413752073532566,bilinear,0.007,0.018446139341329413,0.1997791920807311,0.0026558916149978405,43.75624296672503
2112,data/simulations/mdof/sim_002112.npz,RSN0012_PGA_0p800g,RSN0012,0.8,19.182602677519892,3S_T090,3,0.9,0.32120628110298843,elastic,0.004,0.03317579756607247,0.20105474443353855,0.0039556539089025435,73.1494287558965
2113,data/simulations/mdof/sim_002113.npz,RSN0012_PGA_0p800g,RSN0012,0.8,19.182602677519892,3S_T090,3,0.9,0.32120628110298843,bilinear,0.004,0.03317579756607252,0.2010547444335395,0.003955653908902545,73.14942875589684
2114,data/simulations/mdof/sim_002114.npz,RSN0012_PGA_0p800g,RSN0012,0.8,19.182602677519892,3S_T090,3,0.9,0.32120628110298843,bilinear,0.007,0.03317579756607252,0.2010547444335395,0.003955653908902545,73.14942875589684
2115,data/simulations/mdof/sim_002115.npz,RSN0012_PGA_0p800g,RSN0012,0.8,19.182602677519892,5S_T055,5,0.5499999999999999,0.18842159912490059,elastic,0.004,0.011924059182115981,0.17904429075196202,0.0010989898837650179,26.397058623139053
2116,data/simulations/mdof/sim_002116.npz,RSN0012_PGA_0p800g,RSN0012,0.8,19.182602677519892,5S_T055,5,0.5499999999999999,0.18842159912490059,bilinear,0.004,0.011924059182116007,0.17904429075196268,0.0010989898837650198,26.397058623139145
2117,data/simulations/mdof/sim_002117.npz,RSN0012_PGA_0p800g,RSN0012,0.8,19.182602677519892,5S_T055,5,0.5499999999999999,0.18842159912490059,bilinear,0.007,0.011924059182116007,0.17904429075196268,0.0010989898837650198,26.397058623139145
2118,data/simulations/mdof/sim_002118.npz,RSN0012_PGA_0p800g,RSN0012,0.8,19.182602677519892,5S_T085,5,0.8499999999999999,0.29119701682939186,elastic,0.004,0.032087761379638695,0.196908227428137,0.0028653765798700866,97.17768471127515
2119,data/simulations/mdof/sim_002119.npz,RSN0012_PGA_0p800g,RSN0012,0.8,19.182602677519892,5S_T085,5,0.8499999999999999,0.29119701682939186,bilinear,0.004,0.03208776137963878,0.19690822742813663,0.0028653765798700897,97.17768471127562
2120,data/simulations/mdof/sim_002120.npz,RSN0012_PGA_0p800g,RSN0012,0.8,19.182602677519892,5S_T085,5,0.8499999999999999,0.29119701682939186,bilinear,0.007,0.03208776137963878,0.19690822742813663,0.0028653765798700897,97.17768471127562
2121,data/simulations/mdof/sim_002121.npz,RSN0012_PGA_0p800g,RSN0012,0.8,19.182602677519892,5S_T120,5,1.2000000000000008,0.41110167081796517,elastic,0.004,0.040892920413265636,0.15951169973948942,0.003089239464513008,90.86973145016638
2122,data/simulations/mdof/sim_002122.npz,RSN0012_PGA_0p800g,RSN0012,0.8,19.182602677519892,5S_T120,5,1.2000000000000008,0.41110167081796517,bilinear,0.004,0.04089292041326559,0.15951169973948856,0.0030892394645130055,90.86973145016606
2123,data/simulations/mdof/sim_002123.npz,RSN0012_PGA_0p800g,RSN0012,0.8,19.182602677519892,5S_T120,5,1.2000000000000008,0.41110167081796517,bilinear,0.007,0.04089292041326559,0.15951169973948856,0.0030892394645130055,90.86973145016606
2124,data/simulations/mdof/sim_002124.npz,RSN0012_PGA_1p000g,RSN0012,1.0,23.978253346899866,3S_T035,3,0.34999999999999987,0.1249135537622733,elastic,0.004,0.007887595820692631,0.2534582426237573,0.0011808760938202794,20.71912077410171
2125,data/simulations/mdof/sim_002125.npz,RSN0012_PGA_1p000g,RSN0012,1.0,23.978253346899866,3S_T035,3,0.34999999999999987,0.1249135537622733,bilinear,0.004,0.007887595820692636,0.2534582426237575,0.0011808760938202805,20.719120774101736
2126,data/simulations/mdof/sim_002126.npz,RSN0012_PGA_1p000g,RSN0012,1.0,23.978253346899866,3S_T035,3,0.34999999999999987,0.1249135537622733,bilinear,0.007,0.007887595820692636,0.2534582426237575,0.0011808760938202805,20.719120774101736
2127,data/simulations/mdof/sim_002127.npz,RSN0012_PGA_1p000g,RSN0012,1.0,23.978253346899866,3S_T060,3,0.6,0.21413752073532566,elastic,0.004,0.02305767417666173,0.24972399010091456,0.0033198645187472934,68.36912963550766
2128,data/simulations/mdof/sim_002128.npz,RSN0012_PGA_1p000g,RSN0012,1.0,23.978253346899866,3S_T060,3,0.6,0.21413752073532566,bilinear,0.004,0.023057674176661686,0.24972399010091437,0.003319864518747287,68.3691296355074
2129,data/simulations/mdof/sim_002129.npz,RSN0012_PGA_1p000g,RSN0012,1.0,23.978253346899866,3S_T060,3,0.6,0.21413752073532566,bilinear,0.007,0.023057674176661686,0.24972399010091437,0.003319864518747287,68.3691296355074
2130,data/simulations/mdof/sim_002130.npz,RSN0012_PGA_1p000g,RSN0012,1.0,23.978253346899866,3S_T090,3,0.9,0.32120628110298843,elastic,0.004,0.04146974695759058,0.25131843054192304,0.0049445673861281915,114.29598243108863
2131,data/simulations/mdof/sim_002131.npz,RSN0012_PGA_1p000g,RSN0012,1.0,23.978253346899866,3S_T090,3,0.9,0.32120628110298843,bilinear,0.004,0.03584283138511695,0.24581963551445768,0.004550228234726507,130.2128516566214
2132,data/simulations/mdof/sim_002132.npz,RSN0012_PGA_1p000g,RSN0012,1.0,23.978253346899866,3S_T090,3,0.9,0.32120628110298843,bilinear,0.007,0.04146974695759055,0.2513184305419236,0.004944567386128177,114.29598243108813
2133,data/simulations/mdof/sim_002133.npz,RSN0012_PGA_1p000g,RSN0012,1.0,23.978253346899866,5S_T055,5,0.5499999999999999,0.18842159912490059,elastic,0.004,0.014905073977644965,0.22380536343995344,0.0013737373547062762,41.24540409865491
2134,data/simulations/mdof/sim_002134.npz,RSN0012_PGA_1p000g,RSN0012,1.0,23.978253346899866,5S_T055,5,0.5499999999999999,0.18842159912490059,bilinear,0.004,0.01490507397764497,0.22380536343995294,0.0013737373547062753,41.24540409865483
2135,data/simulations/mdof/sim_002135.npz,RSN0012_PGA_1p000g,RSN0012,1.0,23.978253346899866,5S_T055,5,0.5499999999999999,0.18842159912490059,bilinear,0.007,0.01490507397764497,0.22380536343995294,0.0013737373547062753,41.24540409865483
2136,data/simulations/mdof/sim_002136.npz,RSN0012_PGA_1p000g,RSN0012,1.0,23.978253346899866,5S_T085,5,0.8499999999999999,0.29119701682939186,elastic,0.004,0.04010970172454836,0.24613528428517092,0.0035817207248375993,151.84013236136713
2137,data/simulations/mdof/sim_002137.npz,RSN0012_PGA_1p000g,RSN0012,1.0,23.978253346899866,5S_T085,5,0.8499999999999999,0.29119701682939186,bilinear,0.004,0.040109701724548426,0.24613528428517165,0.003581720724837609,151.8401323613677
2138,data/simulations/mdof/sim_002138.npz,RSN0012_PGA_1p000g,RSN0012,1.0,23.978253346899866,5S_T085,5,0.8499999999999999,0.29119701682939186,bilinear,0.007,0.040109701724548426,0.24613528428517165,0.003581720724837609,151.8401323613677
2139,data/simulations/mdof/sim_002139.npz,RSN0012_PGA_1p000g,RSN0012,1.0,23.978253346899866,5S_T120,5,1.2000000000000008,0.41110167081796517,elastic,0.004,0.05111615051658201,0.1993896246743603,0.0038615493306412532,141.98395539088446
2140,data/simulations/mdof/sim_002140.npz,RSN0012_PGA_1p000g,RSN0012,1.0,23.978253346899866,5S_T120,5,1.2000000000000008,0.41110167081796517,bilinear,0.004,0.05111615051658201,0.19938962467436117,0.003861549330641255,141.98395539088452
2141,data/simulations/mdof/sim_002141.npz,RSN0012_PGA_1p000g,RSN0012,1.0,23.978253346899866,5S_T120,5,1.2000000000000008,0.41110167081796517,bilinear,0.007,0.05111615051658201,0.19938962467436117,0.003861549330641255,141.98395539088452
2142,data/simulations/mdof/sim_002142.npz,RSN0012_PGA_1p200g,RSN0012,1.2,28.773904016279836,3S_T035,3,0.34999999999999987,0.1249135537622733,elastic,0.004,0.009465114984831144,0.3041498911485087,0.001417051312584334,29.835533914706453
2143,data/simulations/mdof/sim_002143.npz,RSN0012_PGA_1p200g,RSN0012,1.2,28.773904016279836,3S_T035,3,0.34999999999999987,0.1249135537622733,bilinear,0.004,0.009465114984831156,0.304149891148508,0.0014170513125843361,29.83553391470646
2144,data/simulations/mdof/sim_002144.npz,RSN0012_PGA_1p200g,RSN0012,1.2,28.773904016279836,3S_T035,3,0.34999999999999987,0.1249135537622733,bilinear,0.007,0.009465114984831156,0.304149891148508,0.0014170513125843361,29.83553391470646
2145,data/simulations/mdof/sim_002145.npz,RSN0012_PGA_1p200g,RSN0012,1.2,28.773904016279836,3S_T060,3,0.6,0.21413752073532566,elastic,0.004,0.02766920901199413,0.29966878812109693,0.003983837422496767,98.45154667513168
2146,data/simulations/mdof/sim_002146.npz,RSN0012_PGA_1p200g,RSN0012,1.2,28.773904016279836,3S_T060,3,0.6,0.21413752073532566,bilinear,0.004,0.027669209011994163,0.29966878812109865,0.003983837422496775,98.45154667513188
2147,data/simulations/mdof/sim_002147.npz,RSN0012_PGA_1p200g,RSN0012,1.2,28.773904016279836,3S_T060,3,0.6,0.21413752073532566,bilinear,0.007,0.027669209011994163,0.29966878812109865,0.003983837422496775,98.45154667513188
2148,data/simulations/mdof/sim_002148.npz,RSN0012_PGA_1p200g,RSN0012,1.2,28.773904016279836,3S_T090,3,0.9,0.32120628110298843,elastic,0.004,0.0497636963491086,0.3015821166503071,0.005933480863353803,164.58621470076667
2149,data/simulations/mdof/sim_002149.npz,RSN0012_PGA_1p200g,RSN0012,1.2,28.773904016279836,3S_T090,3,0.9,0.32120628110298843,bilinear,0.004,0.04143594354353363,0.2765082570016981,0.005964548330276931,204.77341922940784
2150,data/simulations/mdof/sim_002150.npz,RSN0012_PGA_1p200g,RSN0012,1.2,28.773904016279836,3S_T090,3,0.9,0.32120628110298843,bilinear,0.007,0.04976369634910878,0.30158211665030854,0.005933480863353825,164.58621470076756
2151,data/simulations/mdof/sim_002151.npz,RSN0012_PGA_1p200g,RSN0012,1.2,28.773904016279836,5S_T055,5,0.5499999999999999,0.18842159912490059,elastic,0.004,0.01788608877317397,0.2685664361279442,0.001648484825647528,59.39338190206297
2152,data/simulations/mdof/sim_002152.npz,RSN0012_PGA_1p200g,RSN0012,1.2,28.773904016279836,5S_T055,5,0.5499999999999999,0.18842159912490059,bilinear,0.004,0.01788608877317397,0.26856643612794334,0.0016484848256475284,59.39338190206294
2153,data/simulations/mdof/sim_002153.npz,RSN0012_PGA_1p200g,RSN0012,1.2,28.773904016279836,5S_T055,5,0.5499999999999999,0.18842159912490059,bilinear,0.007,0.01788608877317397,0.26856643612794334,0.0016484848256475284,59.39338190206294
2154,data/simulations/mdof/sim_002154.npz,RSN0012_PGA_1p200g,RSN0012,1.2,28.773904016279836,5S_T085,5,0.8499999999999999,0.29119701682939186,elastic,0.004,0.048131642069458046,0.29536234114220256,0.004298064869805122,218.64979060036893
2155,data/simulations/mdof/sim_002155.npz,RSN0012_PGA_1p200g,RSN0012,1.2,28.773904016279836,5S_T085,5,0.8499999999999999,0.29119701682939186,bilinear,0.004,0.048131764541547925,0.2953623411422041,0.0045822700923846445,223.28123903578373
2156,data/simulations/mdof/sim_002156.npz,RSN0012_PGA_1p200g,RSN0012,1.2,28.773904016279836,5S_T085,5,0.8499999999999999,0.29119701682939186,bilinear,0.007,0.048131642069458164,0.2953623411422041,0.004298064869805141,218.64979060037012
2157,data/simulations/mdof/sim_002157.npz,RSN0012_PGA_1p200g,RSN0012,1.2,28.773904016279836,5S_T120,5,1.2000000000000008,0.41110167081796517,elastic,0.004,0.061339380619898576,0.23926754960923607,0.004633859196769515,204.4568957628747
2158,data/simulations/mdof/sim_002158.npz,RSN0012_PGA_1p200g,RSN0012,1.2,28.773904016279836,5S_T120,5,1.2000000000000008,0.41110167081796517,bilinear,0.004,0.056578680536413836,0.24231477679671856,0.004768920961610723,210.5243443225899
2159,data/simulations/mdof/sim_002159.npz,RSN0012_PGA_1p200g,RSN0012,1.2,28.773904016279836,5S_T120,5,1.2000000000000008,0.41110167081796517,bilinear,0.007,0.06133938061989861,0.2392675496092352,0.0046338591967695075,204.45689576287492
