record_id,base_record_id,earthquake_name,year,station_name,magnitude,r_rup_km,vs30_ms,mechanism,scale_factor,target_pga_g,resulting_pga_g,resulting_pga_ms2,pgv_ms,pgd_m,arias_intensity_ms,d5_95_s,dt,n_steps,duration_s,file_path
RSN0001_PGA_0p050g,RSN0001,Imperial Valley-06,1979,Station_Impe_001,6.669848365268068,2.65303503121774,227.75891064146458,Strike-Slip,0.3310179018338407,0.05,0.05,0.4903325,0.08343265708554244,0.48315293189733416,0.025011114162281224,5.21,0.01,3337,33.36,/Users/rahul/seismoFNO/data/simulations/scaled_motions/RSN0001_PGA_0p050g.npy
RSN0001_PGA_0p100g,RSN0001,Imperial Valley-06,1979,Station_Impe_001,6.669848365268068,2.65303503121774,227.75891064146458,Strike-Slip,0.6620358036676814,0.1,0.1,0.980665,0.16686531417108488,0.9663058637946683,0.1000444566491249,5.21,0.01,3337,33.36,/Users/rahul/seismoFNO/data/simulations/scaled_motions/RSN0001_PGA_0p100g.npy
RSN0001_PGA_0p200g,RSN0001,Imperial Valley-06,1979,Station_Impe_001,6.669848365268068,2.65303503121774,227.75891064146458,Strike-Slip,1.3240716073353629,0.2,0.2,1.96133,0.33373062834216977,1.9326117275893366,0.4001778265964996,5.21,0.01,3337,33.36,/Users/rahul/seismoFNO/data/simulations/scaled_motions/RSN0001_PGA_0p200g.npy
RSN0001_PGA_0p300g,RSN0001,Imperial Valley-06,1979,Station_Impe_001,6.669848365268068,2.65303503121774,227.75891064146458,Strike-Slip,1.986107411003044,0.3,0.3,2.941995,0.5005959425132543,2.8989175913839986,0.900400109842119,5.21,0.01,3337,33.36,/Users/rahul/seismoFNO/data/simulations/scaled_motions/RSN0001_PGA_0p300g.npy
RSN0001_PGA_0p400g,RSN0001,Imperial Valley-06,1979,Station_Impe_001,6.669848365268068,2.65303503121774,227.75891064146458,Strike-Slip,2.6481432146707258,0.4,0.4,3.92266,0.6674612566843395,3.8652234551786733,1.6007113063859983,5.21,0.01,3337,33.36,/Users/rahul/seismoFNO/data/simulations/scaled_motions/RSN0001_PGA_0p400g.npy
RSN0001_PGA_0p500g,RSN0001,Imperial Valley-06,1979,Station_Impe_001,6.669848365268068,2.65303503121774,227.75891064146458,Strike-Slip,3.310179018338407,0.5,0.5,4.903325,0.8343265708554245,4.831529318973352,2.501111416228114,5.21,0.01,3337,33.36,/Users/rahul/seismoFNO/data/simulations/scaled_motions/RSN0001_PGA_0p500g.npy
RSN0001_PGA_0p600g,RSN0001,Imperial Valley-06,1979,Station_Impe_001,6.669848365268068,2.65303503121774,227.75891064146458,Strike-Slip,3.972214822006088,0.6,0.6,5.88399,1.0011918850265087,5.797835182767997,3.601600439368476,5.21,0.01,3337,33.36,/Users/rahul/seismoFNO/data/simulations/scaled_motions/RSN0001_PGA_0p600g.npy
RSN0001_PGA_0p800g,RSN0001,Imperial Valley-06,1979,Station_Impe_001,6.669848365268068,2.65303503121774,227.75891064146458,Strike-Slip,5.2962864293414516,0.8,0.8,7.84532,1.334922513368679,7.7304469103573465,6.402845225543993,5.21,0.01,3337,33.36,/Users/rahul/seismoFNO/data/simulations/scaled_motions/RSN0001_PGA_0p800g.npy
RSN0001_PGA_1p000g,RSN0001,Imperial Valley-06,1979,Station_Impe_001,6.669848365268068,2.65303503121774,227.75891064146458,Strike-Slip,6.620358036676814,1.0,1.0,9.80665,1.668653141710849,9.663058637946705,10.004445664912456,5.21,0.01,3337,33.36,/Users/rahul/seismoFNO/data/simulations/scaled_motions/RSN0001_PGA_1p000g.npy
RSN0001_PGA_1p200g,RSN0001,Imperial Valley-06,1979,Station_Impe_001,6.669848365268068,2.65303503121774,227.75891064146458,Strike-Slip,7.944429644012176,1.2,1.2,11.76798,2.0023837700530174,11.595670365535995,14.406401757473905,5.21,0.01,3337,33.36,/Users/rahul/seismoFNO/data/simulations/scaled_motions/RSN0001_PGA_1p200g.npy
RSN0002_PGA_0p050g,RSN0002,Loma Prieta,1989,Station_Loma_002,6.946050496874451,9.659703177975373,653.0870428460343,Reverse-Oblique,0.40908447715398694,0.05,0.05,0.4903325,0.058412505105288254,0.1518191842705565,0.025616281697736918,10.03,0.01,3557,35.56,/Users/rahul/seismoFNO/data/simulations/scaled_motions/RSN0002_PGA_0p050g.npy
RSN0002_PGA_0p100g,RSN0002,Loma Prieta,1989,Station_Loma_002,6.946050496874451,9.659703177975373,653.0870428460343,Reverse-Oblique,0.8181689543079739,0.1,0.1,0.980665,0.11682501021057651,0.303638368541113,0.10246512679094767,10.03,0.01,3557,35.56,/Users/rahul/seismoFNO/data/simulations/scaled_motions/RSN0002_PGA_0p100g.npy
RSN0002_PGA_0p200g,RSN0002,Loma Prieta,1989,Station_Loma_002,6.946050496874451,9.659703177975373,653.0870428460343,Reverse-Oblique,1.6363379086159477,0.2,0.2,1.96133,0.23365002042115302,0.607276737082226,0.4098605071637907,10.03,0.01,3557,35.56,/Users/rahul/seismoFNO/data/simulations/scaled_motions/RSN0002_PGA_0p200g.npy
RSN0002_PGA_0p300g,RSN0002,Loma Prieta,1989,Station_Loma_002,6.946050496874451,9.659703177975373,653.0870428460343,Reverse-Oblique,2.4545068629239215,0.3,0.3,2.941995,0.3504750306317297,0.9109151056233382,0.9221861411185263,10.03,0.01,3557,35.56,/Users/rahul/seismoFNO/data/simulations/scaled_motions/RSN0002_PGA_0p300g.npy
RSN0002_PGA_0p400g,RSN0002,Loma Prieta,1989,Station_Loma_002,6.946050496874451,9.659703177975373,653.0870428460343,Reverse-Oblique,3.2726758172318955,0.4,0.4,3.92266,0.46730004084230603,1.214553474164452,1.6394420286551628,10.03,0.01,3557,35.56,/Users/rahul/seismoFNO/data/simulations/scaled_motions/RSN0002_PGA_0p400g.npy
RSN0002_PGA_0p500g,RSN0002,Loma Prieta,1989,Station_Loma_002,6.946050496874451,9.659703177975373,653.0870428460343,Reverse-Oblique,4.090844771539869,0.5,0.5,4.903325,0.5841250510528827,1.518191842705583,2.56162816977368,10.03,0.01,3557,35.56,/Users/rahul/seismoFNO/data/simulations/scaled_motions/RSN0002_PGA_0p500g.npy
RSN0002_PGA_0p600g,RSN0002,Loma Prieta,1989,Station_Loma_002,6.946050496874451,9.659703177975373,653.0870428460343,Reverse-Oblique,4.909013725847843,0.6,0.6,5.88399,0.7009500612634594,1.8218302112466764,3.688744564474105,10.03,0.01,3557,35.56,/Users/rahul/seismoFNO/data/simulations/scaled_motions/RSN0002_PGA_0p600g.npy
RSN0002_PGA_0p800g,RSN0002,Loma Prieta,1989,Station_Loma_002,6.946050496874451,9.659703177975373,653.0870428460343,Reverse-Oblique,6.545351634463791,0.8,0.8,7.84532,0.9346000816846121,2.429106948328904,6.557768114620651,10.03,0.01,3557,35.56,/Users/rahul/seismoFNO/data/simulations/scaled_motions/RSN0002_PGA_0p800g.npy
RSN0002_PGA_1p000g,RSN0002,Loma Prieta,1989,Station_Loma_002,6.946050496874451,9.659703177975373,653.0870428460343,Reverse-Oblique,8.181689543079738,1.0,1.0,9.80665,1.1682501021057654,3.036383685411166,10.24651267909472,10.03,0.01,3557,35.56,/Users/rahul/seismoFNO/data/simulations/scaled_motions/RSN0002_PGA_1p000g.npy
RSN0002_PGA_1p200g,RSN0002,Loma Prieta,1989,Station_Loma_002,6.946050496874451,9.659703177975373,653.0870428460343,Reverse-Oblique,9.818027451695686,1.2,1.2,11.76798,1.4019001225269188,3.643660422493353,14.75497825789642,10.03,0.01,3557,35.56,/Users/rahul/seismoFNO/data/simulations/scaled_motions/RSN0002_PGA_1p200g.npy
RSN0003_PGA_0p050g,RSN0003,Northridge-01,1994,Station_Nort_003,6.536740154106308,6.604255393590816,405.7955520232489,Reverse,0.4470579672676484,0.05,0.05,0.4903325,0.06297783868517834,0.11501051680489247,0.02296574735514262,6.2299999999999995,0.01,3230,32.29,/Users/rahul/seismoFNO/data/simulations/scaled_motions/RSN0003_PGA_0p050g.npy
RSN0003_PGA_0p100g,RSN0003,Northridge-01,1994,Station_Nort_003,6.536740154106308,6.604255393590816,405.7955520232489,Reverse,0.8941159345352968,0.1,0.1,0.980665,0.12595567737035668,0.23002103360978493,0.09186298942057047,6.2299999999999995,0.01,3230,32.29,/Users/rahul/seismoFNO/data/simulations/scaled_motions/RSN0003_PGA_0p100g.npy
RSN0003_PGA_0p200g,RSN0003,Northridge-01,1994,Station_Nort_003,6.536740154106308,6.604255393590816,405.7955520232489,Reverse,1.7882318690705936,0.2,0.2,1.96133,0.25191135474071336,0.46004206721956986,0.3674519576822819,6.2299999999999995,0.01,3230,32.29,/Users/rahul/seismoFNO/data/simulations/scaled_motions/RSN0003_PGA_0p200g.npy
RSN0003_PGA_0p300g,RSN0003,Northridge-01,1994,Station_Nort_003,6.536740154106308,6.604255393590816,405.7955520232489,Reverse,2.68234780360589,0.3,0.3,2.941995,0.3778670321110699,0.6900631008293524,0.8267669047851319,6.2299999999999995,0.01,3230,32.29,/Users/rahul/seismoFNO/data/simulations/scaled_motions/RSN0003_PGA_0p300g.npy
RSN0003_PGA_0p400g,RSN0003,Northridge-01,1994,Station_Nort_003,6.536740154106308,6.604255393590816,405.7955520232489,Reverse,3.5764637381411872,0.4,0.4,3.92266,0.5038227094814267,0.9200841344391397,1.4698078307291276,6.2299999999999995,0.01,3230,32.29,/Users/rahul/seismoFNO/data/simulations/scaled_motions/RSN0003_PGA_0p400g.npy
RSN0003_PGA_0p500g,RSN0003,Northridge-01,1994,Station_Nort_003,6.536740154106308,6.604255393590816,405.7955520232489,Reverse,4.470579672676483,0.5,0.49999999999999994,4.903324999999999,0.6297783868517834,1.1501051680489356,2.296574735514261,6.2299999999999995,0.01,3230,32.29,/Users/rahul/seismoFNO/data/simulations/scaled_motions/RSN0003_PGA_0p500g.npy
RSN0003_PGA_0p600g,RSN0003,Northridge-01,1994,Station_Nort_003,6.536740154106308,6.604255393590816,405.7955520232489,Reverse,5.36469560721178,0.6,0.6,5.88399,0.7557340642221398,1.3801262016587048,3.3070676191405277,6.2299999999999995,0.01,3230,32.29,/Users/rahul/seismoFNO/data/simulations/scaled_motions/RSN0003_PGA_0p600g.npy
RSN0003_PGA_0p800g,RSN0003,Northridge-01,1994,Station_Nort_003,6.536740154106308,6.604255393590816,405.7955520232489,Reverse,7.1529274762823745,0.8,0.8,7.84532,1.0076454189628534,1.8401682688782794,5.87923132291651,6.2299999999999995,0.01,3230,32.29,/Users/rahul/seismoFNO/data/simulations/scaled_motions/RSN0003_PGA_0p800g.npy
RSN0003_PGA_1p000g,RSN0003,Northridge-01,1994,Station_Nort_003,6.536740154106308,6.604255393590816,405.7955520232489,Reverse,8.941159345352967,1.0,0.9999999999999999,9.806649999999998,1.259556773703567,2.300210336097871,9.186298942057045,6.2299999999999995,0.01,3230,32.29,/Users/rahul/seismoFNO/data/simulations/scaled_motions/RSN0003_PGA_1p000g.npy
RSN0003_PGA_1p200g,RSN0003,Northridge-01,1994,Station_Nort_003,6.536740154106308,6.604255393590816,405.7955520232489,Reverse,10.72939121442356,1.2,1.2,11.76798,1.5114681284442797,2.7602524033174096,13.22827047656211,6.2299999999999995,0.01,3230,32.29,/Users/rahul/seismoFNO/data/simulations/scaled_motions/RSN0003_PGA_1p200g.npy
RSN0004_PGA_0p050g,RSN0004,Kobe (Hyogo-ken Nanbu),1995,Station_Kobe_004,6.902046029284208,4.09107584424761,207.6182800104394,Strike-Slip,0.3160701693797497,0.05,0.05,0.4903325,0.08556009774130154,0.24854360762909758,0.02944487907756586,6.3999999999999995,0.01,3522,35.21,/Users/rahul/seismoFNO/data/simulations/scaled_motions/RSN0004_PGA_0p050g.npy
RSN0004_PGA_0p100g,RSN0004,Kobe (Hyogo-ken Nanbu),1995,Station_Kobe_004,6.902046029284208,4.09107584424761,207.6182800104394,Strike-Slip,0.6321403387594994,0.1,0.1,0.980665,0.17112019548260307,0.49708721525819516,0.11777951631026344,6.3999999999999995,0.01,3522,35.21,/Users/rahul/seismoFNO/data/simulations/scaled_motions/RSN0004_PGA_0p100g.npy
RSN0004_PGA_0p200g,RSN0004,Kobe (Hyogo-ken Nanbu),1995,Station_Kobe_004,6.902046029284208,4.09107584424761,207.6182800104394,Strike-Slip,1.2642806775189988,0.2,0.2,1.96133,0.34224039096520614,0.9941744305163903,0.47111806524105376,6.3999999999999995,0.01,3522,35.21,/Users/rahul/seismoFNO/data/simulations/scaled_motions/RSN0004_PGA_0p200g.npy
RSN0004_PGA_0p300g,RSN0004,Kobe (Hyogo-ken Nanbu),1995,Station_Kobe_004,6.902046029284208,4.09107584424761,207.6182800104394,Strike-Slip,1.8964210162784978,0.3,0.3,2.941995,0.5133605864478088,1.4912616457745795,1.0600156467923723,6.3999999999999995,0.01,3522,35.21,/Users/rahul/seismoFNO/data/simulations/scaled_motions/RSN0004_PGA_0p300g.npy
RSN0004_PGA_0p400g,RSN0004,Kobe (Hyogo-ken Nanbu),1995,Station_Kobe_004,6.902046029284208,4.09107584424761,207.6182800104394,Strike-Slip,2.5285613550379975,0.4,0.4,3.92266,0.6844807819304123,1.9883488610327806,1.884472260964215,6.3999999999999995,0.01,3522,35.21,/Users/rahul/seismoFNO/data/simulations/scaled_motions/RSN0004_PGA_0p400g.npy
RSN0004_PGA_0p500g,RSN0004,Kobe (Hyogo-ken Nanbu),1995,Station_Kobe_004,6.902046029284208,4.09107584424761,207.6182800104394,Strike-Slip,3.1607016937974968,0.5,0.5,4.903325,0.8556009774130153,2.4854360762909793,2.944487907756586,6.3999999999999995,0.01,3522,35.21,/Users/rahul/seismoFNO/data/simulations/scaled_motions/RSN0004_PGA_0p500g.npy
RSN0004_PGA_0p600g,RSN0004,Kobe (Hyogo-ken Nanbu),1995,Station_Kobe_004,6.902046029284208,4.09107584424761,207.6182800104394,Strike-Slip,3.7928420325569956,0.6,0.6,5.88399,1.0267211728956176,2.982523291549159,4.240062587169489,6.3999999999999995,0.01,3522,35.21,/Users/rahul/seismoFNO/data/simulations/scaled_motions/RSN0004_PGA_0p600g.npy
RSN0004_PGA_0p800g,RSN0004,Kobe (Hyogo-ken Nanbu),1995,Station_Kobe_004,6.902046029284208,4.09107584424761,207.6182800104394,Strike-Slip,5.057122710075995,0.8,0.8,7.84532,1.3689615638608246,3.9766977220655613,7.53788904385686,6.3999999999999995,0.01,3522,35.21,/Users/rahul/seismoFNO/data/simulations/scaled_motions/RSN0004_PGA_0p800g.npy
RSN0004_PGA_1p000g,RSN0004,Kobe (Hyogo-ken Nanbu),1995,Station_Kobe_004,6.902046029284208,4.09107584424761,207.6182800104394,Strike-Slip,6.3214033875949935,1.0,1.0,9.80665,1.7112019548260307,4.970872152581959,11.777951631026344,6.3999999999999995,0.01,3522,35.21,/Users/rahul/seismoFNO/data/simulations/scaled_motions/RSN0004_PGA_1p000g.npy
RSN0004_PGA_1p200g,RSN0004,Kobe (Hyogo-ken Nanbu),1995,Station_Kobe_004,6.902046029284208,4.09107584424761,207.6182800104394,Strike-Slip,7.585684065113991,1.2,1.2,11.76798,2.053442345791235,5.965046583098318,16.960250348677956,6.3999999999999995,0.01,3522,35.21,/Users/rahul/seismoFNO/data/simulations/scaled_motions/RSN0004_PGA_1p200g.npy
RSN0005_PGA_0p050g,RSN0005,Chi-Chi (Taiwan-01),1999,Station_Chi-_005,7.513334000690882,84.58136465471863,274.6951219914844,Reverse,1.0124186690996488,0.05,0.049999999999999996,0.49033249999999995,0.22545221777620916,1.5583915314366827,0.07412096108563024,24.17,0.01,4011,40.1,/Users/rahul/seismoFNO/data/simulations/scaled_motions/RSN0005_PGA_0p050g.npy
RSN0005_PGA_0p100g,RSN0005,Chi-Chi (Taiwan-01),1999,Station_Chi-_005,7.513334000690882,84.58136465471863,274.6951219914844,Reverse,2.0248373381992977,0.1,0.09999999999999999,0.9806649999999999,0.4509044355524183,3.1167830628733655,0.29648384434252095,24.17,0.01,4011,40.1,/Users/rahul/seismoFNO/data/simulations/scaled_motions/RSN0005_PGA_0p100g.npy
RSN0005_PGA_0p200g,RSN0005,Chi-Chi (Taiwan-01),1999,Station_Chi-_005,7.513334000690882,84.58136465471863,274.6951219914844,Reverse,4.049674676398595,0.2,0.19999999999999998,1.9613299999999998,0.9018088711048367,6.233566125746731,1.1859353773700838,24.17,0.01,4011,40.1,/Users/rahul/seismoFNO/data/simulations/scaled_motions/RSN0005_PGA_0p200g.npy
RSN0005_PGA_0p300g,RSN0005,Chi-Chi (Taiwan-01),1999,Station_Chi-_005,7.513334000690882,84.58136465471863,274.6951219914844,Reverse,6.074512014597893,0.3,0.3,2.941995,1.3527133066572532,9.350349188620081,2.668354599082688,24.17,0.01,4011,40.1,/Users/rahul/seismoFNO/data/simulations/scaled_motions/RSN0005_PGA_0p300g.npy
RSN0005_PGA_0p400g,RSN0005,Chi-Chi (Taiwan-01),1999,Station_Chi-_005,7.513334000690882,84.58136465471863,274.6951219914844,Reverse,8.09934935279719,0.4,0.39999999999999997,3.9226599999999996,1.8036177422096733,12.467132251493462,4.743741509480335,24.17,0.01,4011,40.1,/Users/rahul/seismoFNO/data/simulations/scaled_motions/RSN0005_PGA_0p400g.npy
RSN0005_PGA_0p500g,RSN0005,Chi-Chi (Taiwan-01),1999,Station_Chi-_005,7.513334000690882,84.58136465471863,274.6951219914844,Reverse,10.124186690996488,0.5,0.5,4.903325,2.2545221777620927,15.583915314366843,7.412096108563,24.17,0.01,4011,40.1,/Users/rahul/seismoFNO/data/simulations/scaled_motions/RSN0005_PGA_0p500g.npy
RSN0005_PGA_0p600g,RSN0005,Chi-Chi (Taiwan-01),1999,Station_Chi-_005,7.513334000690882,84.58136465471863,274.6951219914844,Reverse,12.149024029195786,0.6,0.6,5.88399,2.7054266133145064,18.700698377240162,10.673418396330751,24.17,0.01,4011,40.1,/Users/rahul/seismoFNO/data/simulations/scaled_motions/RSN0005_PGA_0p600g.npy
RSN0005_PGA_0p800g,RSN0005,Chi-Chi (Taiwan-01),1999,Station_Chi-_005,7.513334000690882,84.58136465471863,274.6951219914844,Reverse,16.19869870559438,0.8,0.7999999999999999,7.845319999999999,3.6072354844193466,24.934264502986924,18.97496603792134,24.17,0.01,4011,40.1,/Users/rahul/seismoFNO/data/simulations/scaled_motions/RSN0005_PGA_0p800g.npy
RSN0005_PGA_1p000g,RSN0005,Chi-Chi (Taiwan-01),1999,Station_Chi-_005,7.513334000690882,84.58136465471863,274.6951219914844,Reverse,20.248373381992977,1.0,1.0,9.80665,4.5090443555241855,31.167830628733686,29.648384434252,24.17,0.01,4011,40.1,/Users/rahul/seismoFNO/data/simulations/scaled_motions/RSN0005_PGA_1p000g.npy
RSN0005_PGA_1p200g,RSN0005,Chi-Chi (Taiwan-01),1999,Station_Chi-_005,7.513334000690882,84.58136465471863,274.6951219914844,Reverse,24.298048058391572,1.2,1.2,11.76798,5.410853226629013,37.401396754480324,42.693673585323005,24.17,0.01,4011,40.1,/Users/rahul/seismoFNO/data/simulations/scaled_motions/RSN0005_PGA_1p200g.npy
RSN0006_PGA_0p050g,RSN0006,Kocaeli (Turkey),1999,Station_Koca_006,7.685346333767591,24.289577529028673,280.2004309325811,Strike-Slip,0.4147081978967875,0.05,0.05,0.4903325,0.15557625474008704,0.20397292885638227,0.08251580349809601,23.6,0.01,4149,41.480000000000004,/Users/rahul/seismoFNO/data/simulations/scaled_motions/RSN0006_PGA_0p050g.npy
RSN0006_PGA_0p100g,RSN0006,Kocaeli (Turkey),1999,Station_Koca_006,7.685346333767591,24.289577529028673,280.2004309325811,Strike-Slip,0.829416395793575,0.1,0.1,0.980665,0.3111525094801741,0.40794585771276454,0.33006321399238403,23.6,0.01,4149,41.480000000000004,/Users/rahul/seismoFNO/data/simulations/scaled_motions/RSN0006_PGA_0p100g.npy
RSN0006_PGA_0p200g,RSN0006,Kocaeli (Turkey),1999,Station_Koca_006,7.685346333767591,24.289577529028673,280.2004309325811,Strike-Slip,1.65883279158715,0.2,0.2,1.96133,0.6223050189603482,0.8158917154255291,1.3202528559695361,23.6,0.01,4149,41.480000000000004,/Users/rahul/seismoFNO/data/simulations/scaled_motions/RSN0006_PGA_0p200g.npy
RSN0006_PGA_0p300g,RSN0006,Kocaeli (Turkey),1999,Station_Koca_006,7.685346333767591,24.289577529028673,280.2004309325811,Strike-Slip,2.4882491873807244,0.3,0.3,2.941995,0.9334575284405209,1.223837573138294,2.9705689259314516,23.6,0.01,4149,41.480000000000004,/Users/rahul/seismoFNO/data/simulations/scaled_motions/RSN0006_PGA_0p300g.npy
RSN0006_PGA_0p400g,RSN0006,Kocaeli (Turkey),1999,Station_Koca_006,7.685346333767591,24.289577529028673,280.2004309325811,Strike-Slip,3.3176655831743,0.4,0.4,3.92266,1.2446100379206964,1.6317834308510581,5.2810114238781445,23.6,0.01,4149,41.480000000000004,/Users/rahul/seismoFNO/data/simulations/scaled_motions/RSN0006_PGA_0p400g.npy
RSN0006_PGA_0p500g,RSN0006,Kocaeli (Turkey),1999,Station_Koca_006,7.685346333767591,24.289577529028673,280.2004309325811,Strike-Slip,4.147081978967875,0.5,0.5,4.903325,1.5557625474008676,2.0397292885638274,8.251580349809597,23.6,0.01,4149,41.480000000000004,/Users/rahul/seismoFNO/data/simulations/scaled_motions/RSN0006_PGA_0p500g.npy
RSN0006_PGA_0p600g,RSN0006,Kocaeli (Turkey),1999,Station_Koca_006,7.685346333767591,24.289577529028673,280.2004309325811,Strike-Slip,4.976498374761449,0.6,0.6,5.88399,1.8669150568810418,2.447675146276588,11.882275703725806,23.6,0.01,4149,41.480000000000004,/Users/rahul/seismoFNO/data/simulations/scaled_motions/RSN0006_PGA_0p600g.npy
RSN0006_PGA_0p800g,RSN0006,Kocaeli (Turkey),1999,Station_Koca_006,7.685346333767591,24.289577529028673,280.2004309325811,Strike-Slip,6.6353311663486,0.8,0.8,7.84532,2.4892200758413927,3.2635668617021163,21.124045695512578,23.6,0.01,4149,41.480000000000004,/Users/rahul/seismoFNO/data/simulations/scaled_motions/RSN0006_PGA_0p800g.npy
RSN0006_PGA_1p000g,RSN0006,Kocaeli (Turkey),1999,Station_Koca_006,7.685346333767591,24.289577529028673,280.2004309325811,Strike-Slip,8.29416395793575,1.0,1.0,9.80665,3.1115250948017352,4.079458577127655,33.00632139923839,23.6,0.01,4149,41.480000000000004,/Users/rahul/seismoFNO/data/simulations/scaled_motions/RSN0006_PGA_1p000g.npy
RSN0006_PGA_1p200g,RSN0006,Kocaeli (Turkey),1999,Station_Koca_006,7.685346333767591,24.289577529028673,280.2004309325811,Strike-Slip,9.952996749522898,1.2,1.2,11.76798,3.7338301137620835,4.895350292553176,47.529102814903226,23.6,0.01,4149,41.480000000000004,/Users/rahul/seismoFNO/data/simulations/scaled_motions/RSN0006_PGA_1p200g.npy
RSN0007_PGA_0p050g,RSN0007,Landers,1992,Station_Land_007,7.118774505479138,54.82328955650825,536.3362402110587,Strike-Slip,0.9519024195170398,0.05,0.05,0.4903325,0.12830508154880804,0.2157811352891593,0.05935767632231265,23.820000000000004,0.01,3695,36.94,/Users/rahul/seismoFNO/data/simulations/scaled_motions/RSN0007_PGA_0p050g.npy
RSN0007_PGA_0p100g,RSN0007,Landers,1992,Station_Land_007,7.118774505479138,54.82328955650825,536.3362402110587,Strike-Slip,1.9038048390340796,0.1,0.1,0.980665,0.2566101630976161,0.4315622705783186,0.2374307052892506,23.820000000000004,0.01,3695,36.94,/Users/rahul/seismoFNO/data/simulations/scaled_motions/RSN0007_PGA_0p100g.npy
RSN0007_PGA_0p200g,RSN0007,Landers,1992,Station_Land_007,7.118774505479138,54.82328955650825,536.3362402110587,Strike-Slip,3.807609678068159,0.2,0.2,1.96133,0.5132203261952322,0.8631245411566372,0.9497228211570024,23.820000000000004,0.01,3695,36.94,/Users/rahul/seismoFNO/data/simulations/scaled_motions/RSN0007_PGA_0p200g.npy
RSN0007_PGA_0p300g,RSN0007,Landers,1992,Station_Land_007,7.118774505479138,54.82328955650825,536.3362402110587,Strike-Slip,5.711414517102239,0.3,0.3,2.941995,0.7698304892928494,1.2946868117349535,2.1368763476032515,23.820000000000004,0.01,3695,36.94,/Users/rahul/seismoFNO/data/simulations/scaled_motions/RSN0007_PGA_0p300g.npy
RSN0007_PGA_0p400g,RSN0007,Landers,1992,Station_Land_007,7.118774505479138,54.82328955650825,536.3362402110587,Strike-Slip,7.615219356136318,0.4,0.4,3.92266,1.0264406523904643,1.7262490823132743,3.7988912846280094,23.820000000000004,0.01,3695,36.94,/Users/rahul/seismoFNO/data/simulations/scaled_motions/RSN0007_PGA_0p400g.npy
RSN0007_PGA_0p500g,RSN0007,Landers,1992,Station_Land_007,7.118774505479138,54.82328955650825,536.3362402110587,Strike-Slip,9.519024195170397,0.5,0.49999999999999994,4.903324999999999,1.2830508154880802,2.1578113528915983,5.935767632231242,23.820000000000004,0.01,3695,36.94,/Users/rahul/seismoFNO/data/simulations/scaled_motions/RSN0007_PGA_0p500g.npy
RSN0007_PGA_0p600g,RSN0007,Landers,1992,Station_Land_007,7.118774505479138,54.82328955650825,536.3362402110587,Strike-Slip,11.422829034204478,0.6,0.6,5.88399,1.5396609785856987,2.589373623469907,8.547505390413006,23.820000000000004,0.01,3695,36.94,/Users/rahul/seismoFNO/data/simulations/scaled_motions/RSN0007_PGA_0p600g.npy
RSN0007_PGA_0p800g,RSN0007,Landers,1992,Station_Land_007,7.118774505479138,54.82328955650825,536.3362402110587,Strike-Slip,15.230438712272637,0.8,0.8,7.84532,2.0528813047809287,3.4524981646265487,15.195565138512038,23.820000000000004,0.01,3695,36.94,/Users/rahul/seismoFNO/data/simulations/scaled_motions/RSN0007_PGA_0p800g.npy
RSN0007_PGA_1p000g,RSN0007,Landers,1992,Station_Land_007,7.118774505479138,54.82328955650825,536.3362402110587,Strike-Slip,19.038048390340794,1.0,0.9999999999999999,9.806649999999998,2.5661016309761604,4.315622705783197,23.743070528924967,23.820000000000004,0.01,3695,36.94,/Users/rahul/seismoFNO/data/simulations/scaled_motions/RSN0007_PGA_1p000g.npy
RSN0007_PGA_1p200g,RSN0007,Landers,1992,Station_Land_007,7.118774505479138,54.82328955650825,536.3362402110587,Strike-Slip,22.845658068408955,1.2,1.2,11.76798,3.0793219571713975,5.178747246939814,34.190021561652024,23.820000000000004,0.01,3695,36.94,/Users/rahul/seismoFNO/data/simulations/scaled_motions/RSN0007_PGA_1p200g.npy
RSN0008_PGA_0p050g,RSN0008,San Fernando,1971,Station_San _008,6.547534013689115,54.21886677092073,240.86720646150405,Reverse,1.3025827278856865,0.05,0.05,0.4903325,0.10989182685536703,0.4729935765515686,0.07522190746484689,21.99,0.01,3239,32.38,/Users/rahul/seismoFNO/data/simulations/scaled_motions/RSN0008_PGA_0p050g.npy
RSN0008_PGA_0p100g,RSN0008,San Fernando,1971,Station_San _008,6.547534013689115,54.21886677092073,240.86720646150405,Reverse,2.605165455771373,0.1,0.1,0.980665,0.21978365371073405,0.9459871531031372,0.30088762985938755,21.99,0.01,3239,32.38,/Users/rahul/seismoFNO/data/simulations/scaled_motions/RSN0008_PGA_0p100g.npy
RSN0008_PGA_0p200g,RSN0008,San Fernando,1971,Station_San _008,6.547534013689115,54.21886677092073,240.86720646150405,Reverse,5.210330911542746,0.2,0.2,1.96133,0.4395673074214681,1.8919743062062744,1.2035505194375502,21.99,0.01,3239,32.38,/Users/rahul/seismoFNO/data/simulations/scaled_motions/RSN0008_PGA_0p200g.npy
RSN0008_PGA_0p300g,RSN0008,San Fernando,1971,Station_San _008,6.547534013689115,54.21886677092073,240.86720646150405,Reverse,7.815496367314118,0.3,0.3,2.941995,0.659350961132202,2.8379614593094113,2.707988668734486,21.99,0.01,3239,32.38,/Users/rahul/seismoFNO/data/simulations/scaled_motions/RSN0008_PGA_0p300g.npy
RSN0008_PGA_0p400g,RSN0008,San Fernando,1971,Station_San _008,6.547534013689115,54.21886677092073,240.86720646150405,Reverse,10.420661823085492,0.4,0.4,3.92266,0.8791346148429362,3.7839486124125488,4.814202077750201,21.99,0.01,3239,32.38,/Users/rahul/seismoFNO/data/simulations/scaled_motions/RSN0008_PGA_0p400g.npy
RSN0008_PGA_0p500g,RSN0008,San Fernando,1971,Station_San _008,6.547534013689115,54.21886677092073,240.86720646150405,Reverse,13.025827278856864,0.5,0.5,4.903325,1.0989182685536703,4.729935765515686,7.522190746484677,21.99,0.01,3239,32.38,/Users/rahul/seismoFNO/data/simulations/scaled_motions/RSN0008_PGA_0p500g.npy
RSN0008_PGA_0p600g,RSN0008,San Fernando,1971,Station_San _008,6.547534013689115,54.21886677092073,240.86720646150405,Reverse,15.630992734628236,0.6,0.6,5.88399,1.318701922264404,5.675922918618823,10.831954674937943,21.99,0.01,3239,32.38,/Users/rahul/seismoFNO/data/simulations/scaled_motions/RSN0008_PGA_0p600g.npy
RSN0008_PGA_0p800g,RSN0008,San Fernando,1971,Station_San _008,6.547534013689115,54.21886677092073,240.86720646150405,Reverse,20.841323646170984,0.8,0.8,7.84532,1.7582692296858724,7.5678972248250975,19.256808311000803,21.99,0.01,3239,32.38,/Users/rahul/seismoFNO/data/simulations/scaled_motions/RSN0008_PGA_0p800g.npy
RSN0008_PGA_1p000g,RSN0008,San Fernando,1971,Station_San _008,6.547534013689115,54.21886677092073,240.86720646150405,Reverse,26.05165455771373,1.0,1.0,9.80665,2.1978365371073405,9.459871531031371,30.088762985938708,21.99,0.01,3239,32.38,/Users/rahul/seismoFNO/data/simulations/scaled_motions/RSN0008_PGA_1p000g.npy
RSN0008_PGA_1p200g,RSN0008,San Fernando,1971,Station_San _008,6.547534013689115,54.21886677092073,240.86720646150405,Reverse,31.261985469256473,1.2,1.2,11.76798,2.637403844528808,11.351845837237645,43.327818699751774,21.99,0.01,3239,32.38,/Users/rahul/seismoFNO/data/simulations/scaled_motions/RSN0008_PGA_1p200g.npy
RSN0009_PGA_0p050g,RSN0009,Hector Mine,1999,Station_Hect_009,7.239207141078488,8.61410787621092,175.7324980868,Strike-Slip,0.3252550653574107,0.05,0.05,0.4903325,0.09141120910481265,0.25134249724103586,0.04535870637814083,12.32,0.01,3792,37.910000000000004,/Users/rahul/seismoFNO/data/simulations/scaled_motions/RSN0009_PGA_0p050g.npy
RSN0009_PGA_0p100g,RSN0009,Hector Mine,1999,Station_Hect_009,7.239207141078488,8.61410787621092,175.7324980868,Strike-Slip,0.6505101307148214,0.1,0.1,0.980665,0.1828224182096253,0.5026849944820717,0.18143482551256332,12.32,0.01,3792,37.910000000000004,/Users/rahul/seismoFNO/data/simulations/scaled_motions/RSN0009_PGA_0p100g.npy
RSN0009_PGA_0p200g,RSN0009,Hector Mine,1999,Station_Hect_009,7.239207141078488,8.61410787621092,175.7324980868,Strike-Slip,1.3010202614296429,0.2,0.2,1.96133,0.3656448364192506,1.0053699889641434,0.7257393020502533,12.32,0.01,3792,37.910000000000004,/Users/rahul/seismoFNO/data/simulations/scaled_motions/RSN0009_PGA_0p200g.npy
RSN0009_PGA_0p300g,RSN0009,Hector Mine,1999,Station_Hect_009,7.239207141078488,8.61410787621092,175.7324980868,Strike-Slip,1.9515303921444642,0.3,0.3,2.941995,0.5484672546288759,1.5080549834462202,1.6329134296130763,12.32,0.01,3792,37.910000000000004,/Users/rahul/seismoFNO/data/simulations/scaled_motions/RSN0009_PGA_0p300g.npy
RSN0009_PGA_0p400g,RSN0009,Hector Mine,1999,Station_Hect_009,7.239207141078488,8.61410787621092,175.7324980868,Strike-Slip,2.6020405228592858,0.4,0.4,3.92266,0.7312896728385012,2.010739977928287,2.902957208201013,12.32,0.01,3792,37.910000000000004,/Users/rahul/seismoFNO/data/simulations/scaled_motions/RSN0009_PGA_0p400g.npy
RSN0009_PGA_0p500g,RSN0009,Hector Mine,1999,Station_Hect_009,7.239207141078488,8.61410787621092,175.7324980868,Strike-Slip,3.252550653574107,0.5,0.5,4.903325,0.914112091048126,2.5134249724103337,4.5358706378140905,12.32,0.01,3792,37.910000000000004,/Users/rahul/seismoFNO/data/simulations/scaled_motions/RSN0009_PGA_0p500g.npy
RSN0009_PGA_0p600g,RSN0009,Hector Mine,1999,Station_Hect_009,7.239207141078488,8.61410787621092,175.7324980868,Strike-Slip,3.9030607842889284,0.6,0.6,5.88399,1.0969345092577518,3.0161099668924405,6.531653718452305,12.32,0.01,3792,37.910000000000004,/Users/rahul/seismoFNO/data/simulations/scaled_motions/RSN0009_PGA_0p600g.npy
RSN0009_PGA_0p800g,RSN0009,Hector Mine,1999,Station_Hect_009,7.239207141078488,8.61410787621092,175.7324980868,Strike-Slip,5.2040810457185716,0.8,0.8,7.84532,1.4625793456770024,4.021479955856574,11.611828832804052,12.32,0.01,3792,37.910000000000004,/Users/rahul/seismoFNO/data/simulations/scaled_motions/RSN0009_PGA_0p800g.npy
RSN0009_PGA_1p000g,RSN0009,Hector Mine,1999,Station_Hect_009,7.239207141078488,8.61410787621092,175.7324980868,Strike-Slip,6.505101307148214,1.0,1.0,9.80665,1.828224182096252,5.026849944820667,18.143482551256362,12.32,0.01,3792,37.910000000000004,/Users/rahul/seismoFNO/data/simulations/scaled_motions/RSN0009_PGA_1p000g.npy
RSN0009_PGA_1p200g,RSN0009,Hector Mine,1999,Station_Hect_009,7.239207141078488,8.61410787621092,175.7324980868,Strike-Slip,7.806121568577857,1.2,1.2,11.76798,2.1938690185155036,6.032219933784881,26.12661487380922,12.32,0.01,3792,37.910000000000004,/Users/rahul/seismoFNO/data/simulations/scaled_motions/RSN0009_PGA_1p200g.npy
RSN0010_PGA_0p050g,RSN0010,Duzce (Turkey),1999,Station_Duzc_010,6.8851949741171365,18.98940564110951,899.3432588032226,Strike-Slip,0.5815528363606617,0.05,0.049999999999999996,0.49033249999999995,0.06996871302111227,0.07148403903393186,0.051488385941974,14.22,0.01,3509,35.08,/Users/rahul/seismoFNO/data/simulations/scaled_motions/RSN0010_PGA_0p050g.npy
RSN0010_PGA_0p100g,RSN0010,Duzce (Turkey),1999,Station_Duzc_010,6.8851949741171365,18.98940564110951,899.3432588032226,Strike-Slip,1.1631056727213234,0.1,0.09999999999999999,0.9806649999999999,0.13993742604222453,0.1429680780678637,0.205953543767896,14.22,0.01,3509,35.08,/Users/rahul/seismoFNO/data/simulations/scaled_motions/RSN0010_PGA_0p100g.npy
RSN0010_PGA_0p200g,RSN0010,Duzce (Turkey),1999,Station_Duzc_010,6.8851949741171365,18.98940564110951,899.3432588032226,Strike-Slip,2.3262113454426467,0.2,0.19999999999999998,1.9613299999999998,0.27987485208444907,0.2859361561357274,0.823814175071584,14.22,0.01,3509,35.08,/Users/rahul/seismoFNO/data/simulations/scaled_motions/RSN0010_PGA_0p200g.npy
RSN0010_PGA_0p300g,RSN0010,Duzce (Turkey),1999,Station_Duzc_010,6.8851949741171365,18.98940564110951,899.3432588032226,Strike-Slip,3.48931701816397,0.3,0.3,2.941995,0.4198122781266733,0.42890423420359125,1.8535818939110633,14.22,0.01,3509,35.08,/Users/rahul/seismoFNO/data/simulations/scaled_motions/RSN0010_PGA_0p300g.npy
RSN0010_PGA_0p400g,RSN0010,Duzce (Turkey),1999,Station_Duzc_010,6.8851949741171365,18.98940564110951,899.3432588032226,Strike-Slip,4.6524226908852935,0.4,0.39999999999999997,3.9226599999999996,0.5597497041688981,0.5718723122714549,3.295256700286336,14.22,0.01,3509,35.08,/Users/rahul/seismoFNO/data/simulations/scaled_motions/RSN0010_PGA_0p400g.npy
RSN0010_PGA_0p500g,RSN0010,Duzce (Turkey),1999,Station_Duzc_010,6.8851949741171365,18.98940564110951,899.3432588032226,Strike-Slip,5.815528363606617,0.5,0.5,4.903325,0.6996871302111226,0.7148403903393232,5.1488385941974,14.22,0.01,3509,35.08,/Users/rahul/seismoFNO/data/simulations/scaled_motions/RSN0010_PGA_0p500g.npy
RSN0010_PGA_0p600g,RSN0010,Duzce (Turkey),1999,Station_Duzc_010,6.8851949741171365,18.98940564110951,899.3432588032226,Strike-Slip,6.97863403632794,0.6,0.6,5.88399,0.8396245562533466,0.8578084684071825,7.414327575644253,14.22,0.01,3509,35.08,/Users/rahul/seismoFNO/data/simulations/scaled_motions/RSN0010_PGA_0p600g.npy
RSN0010_PGA_0p800g,RSN0010,Duzce (Turkey),1999,Station_Duzc_010,6.8851949741171365,18.98940564110951,899.3432588032226,Strike-Slip,9.304845381770587,0.8,0.7999999999999999,7.845319999999999,1.1194994083377963,1.1437446245429097,13.181026801145345,14.22,0.01,3509,35.08,/Users/rahul/seismoFNO/data/simulations/scaled_motions/RSN0010_PGA_0p800g.npy
RSN0010_PGA_1p000g,RSN0010,Duzce (Turkey),1999,Station_Duzc_010,6.8851949741171365,18.98940564110951,899.3432588032226,Strike-Slip,11.631056727213235,1.0,1.0,9.80665,1.3993742604222452,1.4296807806786465,20.5953543767896,14.22,0.01,3509,35.08,/Users/rahul/seismoFNO/data/simulations/scaled_motions/RSN0010_PGA_1p000g.npy
RSN0010_PGA_1p200g,RSN0010,Duzce (Turkey),1999,Station_Duzc_010,6.8851949741171365,18.98940564110951,899.3432588032226,Strike-Slip,13.95726807265588,1.2,1.2,11.76798,1.6792491125066933,1.715616936814365,29.657310302577013,14.22,0.01,3509,35.08,/Users/rahul/seismoFNO/data/simulations/scaled_motions/RSN0010_PGA_1p200g.npy
RSN0011_PGA_0p050g,RSN0011,Christchurch,2011,Station_Chri_011,6.10062828806718,21.073447074251835,238.68714475631148,Reverse-Oblique,0.9446311444326588,0.05,0.05,0.4903325,0.08045071543186134,0.0393676796631726,0.04088993511343635,12.84,0.01,2881,28.8,/Users/rahul/seismoFNO/data/simulations/scaled_motions/RSN0011_PGA_0p050g.npy
RSN0011_PGA_0p100g,RSN0011,Christchurch,2011,Station_Chri_011,6.10062828806718,21.073447074251835,238.68714475631148,Reverse-Oblique,1.8892622888653177,0.1,0.1,0.980665,0.1609014308637227,0.0787353593263452,0.1635597404537454,12.84,0.01,2881,28.8,/Users/rahul/seismoFNO/data/simulations/scaled_motions/RSN0011_PGA_0p100g.npy
RSN0011_PGA_0p200g,RSN0011,Christchurch,2011,Station_Chri_011,6.10062828806718,21.073447074251835,238.68714475631148,Reverse-Oblique,3.7785245777306353,0.2,0.2,1.96133,0.3218028617274454,0.1574707186526904,0.6542389618149816,12.84,0.01,2881,28.8,/Users/rahul/seismoFNO/data/simulations/scaled_motions/RSN0011_PGA_0p200g.npy
RSN0011_PGA_0p300g,RSN0011,Christchurch,2011,Station_Chri_011,6.10062828806718,21.073447074251835,238.68714475631148,Reverse-Oblique,5.667786866595953,0.3,0.3,2.941995,0.4827042925911683,0.2362060779790355,1.472037664083713,12.84,0.01,2881,28.8,/Users/rahul/seismoFNO/data/simulations/scaled_motions/RSN0011_PGA_0p300g.npy
RSN0011_PGA_0p400g,RSN0011,Christchurch,2011,Station_Chri_011,6.10062828806718,21.073447074251835,238.68714475631148,Reverse-Oblique,7.557049155461271,0.4,0.4,3.92266,0.6436057234548908,0.3149414373053808,2.6169558472599266,12.84,0.01,2881,28.8,/Users/rahul/seismoFNO/data/simulations/scaled_motions/RSN0011_PGA_0p400g.npy
RSN0011_PGA_0p500g,RSN0011,Christchurch,2011,Station_Chri_011,6.10062828806718,21.073447074251835,238.68714475631148,Reverse-Oblique,9.446311444326588,0.5,0.49999999999999994,4.903324999999999,0.8045071543186135,0.3936767966317255,4.088993511343651,12.84,0.01,2881,28.8,/Users/rahul/seismoFNO/data/simulations/scaled_motions/RSN0011_PGA_0p500g.npy
RSN0011_PGA_0p600g,RSN0011,Christchurch,2011,Station_Chri_011,6.10062828806718,21.073447074251835,238.68714475631148,Reverse-Oblique,11.335573733191906,0.6,0.6,5.88399,0.9654085851823366,0.472412155958071,5.888150656334852,12.84,0.01,2881,28.8,/Users/rahul/seismoFNO/data/simulations/scaled_motions/RSN0011_PGA_0p600g.npy
RSN0011_PGA_0p800g,RSN0011,Christchurch,2011,Station_Chri_011,6.10062828806718,21.073447074251835,238.68714475631148,Reverse-Oblique,15.114098310922541,0.8,0.8,7.84532,1.2872114469097815,0.6298828746107616,10.467823389039706,12.84,0.01,2881,28.8,/Users/rahul/seismoFNO/data/simulations/scaled_motions/RSN0011_PGA_0p800g.npy
RSN0011_PGA_1p000g,RSN0011,Christchurch,2011,Station_Chri_011,6.10062828806718,21.073447074251835,238.68714475631148,Reverse-Oblique,18.892622888653175,1.0,0.9999999999999999,9.806649999999998,1.609014308637227,0.787353593263451,16.355974045374605,12.84,0.01,2881,28.8,/Users/rahul/seismoFNO/data/simulations/scaled_motions/RSN0011_PGA_1p000g.npy
RSN0011_PGA_1p200g,RSN0011,Christchurch,2011,Station_Chri_011,6.10062828806718,21.073447074251835,238.68714475631148,Reverse-Oblique,22.67114746638381,1.2,1.2,11.76798,1.9308171703646733,0.944824311916142,23.552602625339407,12.84,0.01,2881,28.8,/Users/rahul/seismoFNO/data/simulations/scaled_motions/RSN0011_PGA_1p200g.npy
RSN0012_PGA_0p050g,RSN0012,Tottori (Japan),2000,Station_Tott_012,6.549107967932166,47.961846135384974,250.57576504008787,Strike-Slip,1.1989126673449932,0.05,0.05,0.4903325,0.0664861972123003,0.12041547173551562,0.05930134775210584,22.58,0.01,3240,32.39,/Users/rahul/seismoFNO/data/simulations/scaled_motions/RSN0012_PGA_0p050g.npy
RSN0012_PGA_0p100g,RSN0012,Tottori (Japan),2000,Station_Tott_012,6.549107967932166,47.961846135384974,250.57576504008787,Strike-Slip,2.3978253346899865,0.1,0.1,0.980665,0.1329723944246006,0.24083094347103123,0.23720539100842336,22.58,0.01,3240,32.39,/Users/rahul/seismoFNO/data/simulations/scaled_motions/RSN0012_PGA_0p100g.npy
RSN0012_PGA_0p200g,RSN0012,Tottori (Japan),2000,Station_Tott_012,6.549107967932166,47.961846135384974,250.57576504008787,Strike-Slip,4.795650669379973,0.2,0.2,1.96133,0.2659447888492012,0.48166188694206247,0.9488215640336934,22.58,0.01,3240,32.39,/Users/rahul/seismoFNO/data/simulations/scaled_motions/RSN0012_PGA_0p200g.npy
RSN0012_PGA_0p300g,RSN0012,Tottori (Japan),2000,Station_Tott_012,6.549107967932166,47.961846135384974,250.57576504008787,Strike-Slip,7.193476004069959,0.3,0.3,2.941995,0.3989171832738017,0.7224928304130952,2.1348485190758026,22.58,0.01,3240,32.39,/Users/rahul/seismoFNO/data/simulations/scaled_motions/RSN0012_PGA_0p300g.npy
RSN0012_PGA_0p400g,RSN0012,Tottori (Japan),2000,Station_Tott_012,6.549107967932166,47.961846135384974,250.57576504008787,Strike-Slip,9.591301338759946,0.4,0.4,3.92266,0.5318895776984024,0.9633237738841249,3.7952862561347738,22.58,0.01,3240,32.39,/Users/rahul/seismoFNO/data/simulations/scaled_motions/RSN0012_PGA_0p400g.npy
RSN0012_PGA_0p500g,RSN0012,Tottori (Japan),2000,Station_Tott_012,6.549107967932166,47.961846135384974,250.57576504008787,Strike-Slip,11.989126673449933,0.5,0.5,4.903325,0.6648619721230037,1.204154717355187,5.930134775210554,22.58,0.01,3240,32.39,/Users/rahul/seismoFNO/data/simulations/scaled_motions/RSN0012_PGA_0p500g.npy
RSN0012_PGA_0p600g,RSN0012,Tottori (Japan),2000,Station_Tott_012,6.549107967932166,47.961846135384974,250.57576504008787,Strike-Slip,14.386952008139918,0.6,0.6,5.88399,0.7978343665476034,1.4449856608261904,8.53939407630321,22.58,0.01,3240,32.39,/Users/rahul/seismoFNO/data/simulations/scaled_motions/RSN0012_PGA_0p600g.npy
RSN0012_PGA_0p800g,RSN0012,Tottori (Japan),2000,Station_Tott_012,6.549107967932166,47.961846135384974,250.57576504008787,Strike-Slip,19.182602677519892,0.8,0.8,7.84532,1.0637791553968048,1.9266475477682499,15.181145024539095,22.58,0.01,3240,32.39,/Users/rahul/seismoFNO/data/simulations/scaled_motions/RSN0012_PGA_0p800g.npy
RSN0012_PGA_1p000g,RSN0012,Tottori (Japan),2000,Station_Tott_012,6.549107967932166,47.961846135384974,250.57576504008787,Strike-Slip,23.978253346899866,1.0,1.0,9.80665,1.3297239442460074,2.408309434710374,23.720539100842217,22.58,0.01,3240,32.39,/Users/rahul/seismoFNO/data/simulations/scaled_motions/RSN0012_PGA_1p000g.npy
RSN0012_PGA_1p200g,RSN0012,Tottori (Japan),2000,Station_Tott_012,6.549107967932166,47.961846135384974,250.57576504008787,Strike-Slip,28.773904016279836,1.2,1.2,11.76798,1.5956687330952068,2.889971321652381,34.15757630521284,22.58,0.01,3240,32.39,/Users/rahul/seismoFNO/data/simulations/scaled_motions/RSN0012_PGA_1p200g.npy
RSN0013_PGA_0p050g,RSN0013,Morgan Hill,1984,Station_Morg_013,6.2938526876381555,3.370846937306905,567.1912143263095,Strike-Slip,0.43060983312869805,0.05,0.05,0.4903325,0.06387831586329033,0.13254060912653243,0.024574663621577418,3.5299999999999994,0.01,3035,30.34,/Users/rahul/seismoFNO/data/simulations/scaled_motions/RSN0013_PGA_0p050g.npy
RSN0013_PGA_0p100g,RSN0013,Morgan Hill,1984,Station_Morg_013,6.2938526876381555,3.370846937306905,567.1912143263095,Strike-Slip,0.8612196662573961,0.1,0.1,0.980665,0.12775663172658067,0.26508121825306485,0.09829865448630967,3.5299999999999994,0.01,3035,30.34,/Users/rahul/seismoFNO/data/simulations/scaled_motions/RSN0013_PGA_0p100g.npy
RSN0013_PGA_0p200g,RSN0013,Morgan Hill,1984,Station_Morg_013,6.2938526876381555,3.370846937306905,567.1912143263095,Strike-Slip,1.7224393325147922,0.2,0.2,1.96133,0.25551326345316133,0.5301624365061297,0.3931946179452387,3.5299999999999994,0.01,3035,30.34,/Users/rahul/seismoFNO/data/simulations/scaled_motions/RSN0013_PGA_0p200g.npy
RSN0013_PGA_0p300g,RSN0013,Morgan Hill,1984,Station_Morg_013,6.2938526876381555,3.370846937306905,567.1912143263095,Strike-Slip,2.583658998772188,0.3,0.3,2.941995,0.38326989517974214,0.7952436547592006,0.8846878903767831,3.5299999999999994,0.01,3035,30.34,/Users/rahul/seismoFNO/data/simulations/scaled_motions/RSN0013_PGA_0p300g.npy
RSN0013_PGA_0p400g,RSN0013,Morgan Hill,1984,Station_Morg_013,6.2938526876381555,3.370846937306905,567.1912143263095,Strike-Slip,3.4448786650295844,0.4,0.4,3.92266,0.5110265269063227,1.0603248730122594,1.5727784717809548,3.5299999999999994,0.01,3035,30.34,/Users/rahul/seismoFNO/data/simulations/scaled_motions/RSN0013_PGA_0p400g.npy
RSN0013_PGA_0p500g,RSN0013,Morgan Hill,1984,Station_Morg_013,6.2938526876381555,3.370846937306905,567.1912143263095,Strike-Slip,4.3060983312869805,0.5,0.5,4.903325,0.6387831586329035,1.3254060912653256,2.457466362157743,3.5299999999999994,0.01,3035,30.34,/Users/rahul/seismoFNO/data/simulations/scaled_motions/RSN0013_PGA_0p500g.npy
RSN0013_PGA_0p600g,RSN0013,Morgan Hill,1984,Station_Morg_013,6.2938526876381555,3.370846937306905,567.1912143263095,Strike-Slip,5.167317997544376,0.6,0.6,5.88399,0.7665397903594843,1.5904873095184011,3.5387515615071323,3.5299999999999994,0.01,3035,30.34,/Users/rahul/seismoFNO/data/simulations/scaled_motions/RSN0013_PGA_0p600g.npy
RSN0013_PGA_0p800g,RSN0013,Morgan Hill,1984,Station_Morg_013,6.2938526876381555,3.370846937306905,567.1912143263095,Strike-Slip,6.889757330059169,0.8,0.8,7.84532,1.0220530538126453,2.120649746024519,6.291113887123819,3.5299999999999994,0.01,3035,30.34,/Users/rahul/seismoFNO/data/simulations/scaled_motions/RSN0013_PGA_0p800g.npy
RSN0013_PGA_1p000g,RSN0013,Morgan Hill,1984,Station_Morg_013,6.2938526876381555,3.370846937306905,567.1912143263095,Strike-Slip,8.612196662573961,1.0,1.0,9.80665,1.277566317265807,2.650812182530651,9.829865448630972,3.5299999999999994,0.01,3035,30.34,/Users/rahul/seismoFNO/data/simulations/scaled_motions/RSN0013_PGA_1p000g.npy
RSN0013_PGA_1p200g,RSN0013,Morgan Hill,1984,Station_Morg_013,6.2938526876381555,3.370846937306905,567.1912143263095,Strike-Slip,10.334635995088751,1.2,1.2,11.76798,1.5330795807189685,3.1809746190368022,14.15500624602853,3.5299999999999994,0.01,3035,30.34,/Users/rahul/seismoFNO/data/simulations/scaled_motions/RSN0013_PGA_1p200g.npy
RSN0014_PGA_0p050g,RSN0014,Whittier Narrows-01,1987,Station_Whit_014,5.901025018984454,22.935807236871074,866.6015743175161,Reverse,1.1274523483174137,0.05,0.05,0.4903325,0.041717780495315,0.0511698897754487,0.04511540524550389,13.940000000000001,0.01,2721,27.2,/Users/rahul/seismoFNO/data/simulations/scaled_motions/RSN0014_PGA_0p050g.npy
RSN0014_PGA_0p100g,RSN0014,Whittier Narrows-01,1987,Station_Whit_014,5.901025018984454,22.935807236871074,866.6015743175161,Reverse,2.2549046966348274,0.1,0.1,0.980665,0.08343556099063,0.1023397795508974,0.18046162098201557,13.940000000000001,0.01,2721,27.2,/Users/rahul/seismoFNO/data/simulations/scaled_motions/RSN0014_PGA_0p100g.npy
RSN0014_PGA_0p200g,RSN0014,Whittier Narrows-01,1987,Station_Whit_014,5.901025018984454,22.935807236871074,866.6015743175161,Reverse,4.509809393269655,0.2,0.2,1.96133,0.16687112198126,0.2046795591017948,0.7218464839280623,13.940000000000001,0.01,2721,27.2,/Users/rahul/seismoFNO/data/simulations/scaled_motions/RSN0014_PGA_0p200g.npy
RSN0014_PGA_0p300g,RSN0014,Whittier Narrows-01,1987,Station_Whit_014,5.901025018984454,22.935807236871074,866.6015743175161,Reverse,6.764714089904482,0.3,0.3,2.941995,0.25030668297188974,0.30701933865269804,1.6241545888381324,13.940000000000001,0.01,2721,27.2,/Users/rahul/seismoFNO/data/simulations/scaled_motions/RSN0014_PGA_0p300g.npy
RSN0014_PGA_0p400g,RSN0014,Whittier Narrows-01,1987,Station_Whit_014,5.901025018984454,22.935807236871074,866.6015743175161,Reverse,9.01961878653931,0.4,0.4,3.92266,0.33374224396252,0.4093591182035896,2.887385935712249,13.940000000000001,0.01,2721,27.2,/Users/rahul/seismoFNO/data/simulations/scaled_motions/RSN0014_PGA_0p400g.npy
RSN0014_PGA_0p500g,RSN0014,Whittier Narrows-01,1987,Station_Whit_014,5.901025018984454,22.935807236871074,866.6015743175161,Reverse,11.274523483174136,0.5,0.49999999999999994,4.903324999999999,0.4171778049531501,0.5116988977544827,4.511540524550373,13.940000000000001,0.01,2721,27.2,/Users/rahul/seismoFNO/data/simulations/scaled_motions/RSN0014_PGA_0p500g.npy
RSN0014_PGA_0p600g,RSN0014,Whittier Narrows-01,1987,Station_Whit_014,5.901025018984454,22.935807236871074,866.6015743175161,Reverse,13.529428179808964,0.6,0.6,5.88399,0.5006133659437795,0.6140386773053961,6.496618355352529,13.940000000000001,0.01,2721,27.2,/Users/rahul/seismoFNO/data/simulations/scaled_motions/RSN0014_PGA_0p600g.npy
RSN0014_PGA_0p800g,RSN0014,Whittier Narrows-01,1987,Station_Whit_014,5.901025018984454,22.935807236871074,866.6015743175161,Reverse,18.03923757307862,0.8,0.8,7.84532,0.66748448792504,0.8187182364071792,11.549543742848996,13.940000000000001,0.01,2721,27.2,/Users/rahul/seismoFNO/data/simulations/scaled_motions/RSN0014_PGA_0p800g.npy
RSN0014_PGA_1p000g,RSN0014,Whittier Narrows-01,1987,Station_Whit_014,5.901025018984454,22.935807236871074,866.6015743175161,Reverse,22.54904696634827,1.0,0.9999999999999999,9.806649999999998,0.8343556099063002,1.0233977955089655,18.046162098201492,13.940000000000001,0.01,2721,27.2,/Users/rahul/seismoFNO/data/simulations/scaled_motions/RSN0014_PGA_1p000g.npy
RSN0014_PGA_1p200g,RSN0014,Whittier Narrows-01,1987,Station_Whit_014,5.901025018984454,22.935807236871074,866.6015743175161,Reverse,27.058856359617927,1.2,1.2,11.76798,1.001226731887559,1.2280773546107921,25.986473421410118,13.940000000000001,0.01,2721,27.2,/Users/rahul/seismoFNO/data/simulations/scaled_motions/RSN0014_PGA_1p200g.npy
RSN0015_PGA_0p050g,RSN0015,Parkfield-02,2004,Station_Park_015,5.796618707343666,24.867221135702312,534.700657971586,Strike-Slip,1.2556706401096596,0.05,0.05,0.4903325,0.055164862854432166,0.01822888892852759,0.057751309567493664,13.870000000000001,0.01,2638,26.37,/Users/rahul/seismoFNO/data/simulations/scaled_motions/RSN0015_PGA_0p050g.npy
RSN0015_PGA_0p100g,RSN0015,Parkfield-02,2004,Station_Park_015,5.796618707343666,24.867221135702312,534.700657971586,Strike-Slip,2.511341280219319,0.1,0.1,0.980665,0.11032972570886433,0.03645777785705518,0.23100523826997466,13.870000000000001,0.01,2638,26.37,/Users/rahul/seismoFNO/data/simulations/scaled_motions/RSN0015_PGA_0p100g.npy
RSN0015_PGA_0p200g,RSN0015,Parkfield-02,2004,Station_Park_015,5.796618707343666,24.867221135702312,534.700657971586,Strike-Slip,5.022682560438638,0.2,0.2,1.96133,0.22065945141772866,0.07291555571411036,0.9240209530798986,13.870000000000001,0.01,2638,26.37,/Users/rahul/seismoFNO/data/simulations/scaled_motions/RSN0015_PGA_0p200g.npy
RSN0015_PGA_0p300g,RSN0015,Parkfield-02,2004,Station_Park_015,5.796618707343666,24.867221135702312,534.700657971586,Strike-Slip,7.534023840657956,0.3,0.3,2.941995,0.33098917712659304,0.10937333357116506,2.0790471444297696,13.870000000000001,0.01,2638,26.37,/Users/rahul/seismoFNO/data/simulations/scaled_motions/RSN0015_PGA_0p300g.npy
RSN0015_PGA_0p400g,RSN0015,Parkfield-02,2004,Station_Park_015,5.796618707343666,24.867221135702312,534.700657971586,Strike-Slip,10.045365120877277,0.4,0.4,3.92266,0.4413189028354573,0.14583111142822072,3.6960838123195945,13.870000000000001,0.01,2638,26.37,/Users/rahul/seismoFNO/data/simulations/scaled_motions/RSN0015_PGA_0p400g.npy
RSN0015_PGA_0p500g,RSN0015,Parkfield-02,2004,Station_Park_015,5.796618707343666,24.867221135702312,534.700657971586,Strike-Slip,12.556706401096594,0.5,0.5,4.903325,0.5516486285443217,0.1822888892852758,5.775130956749342,13.870000000000001,0.01,2638,26.37,/Users/rahul/seismoFNO/data/simulations/scaled_motions/RSN0015_PGA_0p500g.npy
RSN0015_PGA_0p600g,RSN0015,Parkfield-02,2004,Station_Park_015,5.796618707343666,24.867221135702312,534.700657971586,Strike-Slip,15.068047681315912,0.6,0.6,5.88399,0.6619783542531861,0.21874666714233013,8.316188577719078,13.870000000000001,0.01,2638,26.37,/Users/rahul/seismoFNO/data/simulations/scaled_motions/RSN0015_PGA_0p600g.npy
RSN0015_PGA_0p800g,RSN0015,Parkfield-02,2004,Station_Park_015,5.796618707343666,24.867221135702312,534.700657971586,Strike-Slip,20.090730241754553,0.8,0.8,7.84532,0.8826378056709147,0.29166222285644144,14.784335249278378,13.870000000000001,0.01,2638,26.37,/Users/rahul/seismoFNO/data/simulations/scaled_motions/RSN0015_PGA_0p800g.npy
RSN0015_PGA_1p000g,RSN0015,Parkfield-02,2004,Station_Park_015,5.796618707343666,24.867221135702312,534.700657971586,Strike-Slip,25.11341280219319,1.0,1.0,9.80665,1.1032972570886435,0.3645777785705516,23.100523826997367,13.870000000000001,0.01,2638,26.37,/Users/rahul/seismoFNO/data/simulations/scaled_motions/RSN0015_PGA_1p000g.npy
RSN0015_PGA_1p200g,RSN0015,Parkfield-02,2004,Station_Park_015,5.796618707343666,24.867221135702312,534.700657971586,Strike-Slip,30.136095362631824,1.2,1.2,11.76798,1.3239567085063721,0.43749333428466025,33.26475431087631,13.870000000000001,0.01,2638,26.37,/Users/rahul/seismoFNO/data/simulations/scaled_motions/RSN0015_PGA_1p200g.npy
RSN0016_PGA_0p050g,RSN0016,Darfield (New Zealand),2010,Station_Darf_016,6.840125729111674,13.35016499533692,311.2112335021363,Strike-Slip,0.490377988486533,0.05,0.05,0.4903325,0.0704314280336703,0.07279366937182591,0.04047313474130991,11.700000000000001,0.01,3473,34.72,/Users/rahul/seismoFNO/data/simulations/scaled_motions/RSN0016_PGA_0p050g.npy
RSN0016_PGA_0p100g,RSN0016,Darfield (New Zealand),2010,Station_Darf_016,6.840125729111674,13.35016499533692,311.2112335021363,Strike-Slip,0.980755976973066,0.1,0.1,0.980665,0.1408628560673406,0.14558733874365182,0.16189253896523964,11.700000000000001,0.01,3473,34.72,/Users/rahul/seismoFNO/data/simulations/scaled_motions/RSN0016_PGA_0p100g.npy
RSN0016_PGA_0p200g,RSN0016,Darfield (New Zealand),2010,Station_Darf_016,6.840125729111674,13.35016499533692,311.2112335021363,Strike-Slip,1.961511953946132,0.2,0.2,1.96133,0.2817257121346812,0.29117467748730363,0.6475701558609586,11.700000000000001,0.01,3473,34.72,/Users/rahul/seismoFNO/data/simulations/scaled_motions/RSN0016_PGA_0p200g.npy
RSN0016_PGA_0p300g,RSN0016,Darfield (New Zealand),2010,Station_Darf_016,6.840125729111674,13.35016499533692,311.2112335021363,Strike-Slip,2.942267930919198,0.3,0.3,2.941995,0.42258856820202145,0.43676201623095484,1.457032850687157,11.700000000000001,0.01,3473,34.72,/Users/rahul/seismoFNO/data/simulations/scaled_motions/RSN0016_PGA_0p300g.npy
RSN0016_PGA_0p400g,RSN0016,Darfield (New Zealand),2010,Station_Darf_016,6.840125729111674,13.35016499533692,311.2112335021363,Strike-Slip,3.923023907892264,0.4,0.4,3.92266,0.5634514242693625,0.5823493549746073,2.5902806234438343,11.700000000000001,0.01,3473,34.72,/Users/rahul/seismoFNO/data/simulations/scaled_motions/RSN0016_PGA_0p400g.npy
RSN0016_PGA_0p500g,RSN0016,Darfield (New Zealand),2010,Station_Darf_016,6.840125729111674,13.35016499533692,311.2112335021363,Strike-Slip,4.90377988486533,0.5,0.49999999999999994,4.903324999999999,0.7043142803367024,0.7279366937182584,4.047313474130988,11.700000000000001,0.01,3473,34.72,/Users/rahul/seismoFNO/data/simulations/scaled_motions/RSN0016_PGA_0p500g.npy
RSN0016_PGA_0p600g,RSN0016,Darfield (New Zealand),2010,Station_Darf_016,6.840125729111674,13.35016499533692,311.2112335021363,Strike-Slip,5.884535861838396,0.6,0.6,5.88399,0.8451771364040429,0.8735240324619097,5.828131402748628,11.700000000000001,0.01,3473,34.72,/Users/rahul/seismoFNO/data/simulations/scaled_motions/RSN0016_PGA_0p600g.npy
RSN0016_PGA_0p800g,RSN0016,Darfield (New Zealand),2010,Station_Darf_016,6.840125729111674,13.35016499533692,311.2112335021363,Strike-Slip,7.846047815784528,0.8,0.8,7.84532,1.126902848538725,1.1646987099492145,10.361122493775337,11.700000000000001,0.01,3473,34.72,/Users/rahul/seismoFNO/data/simulations/scaled_motions/RSN0016_PGA_0p800g.npy
RSN0016_PGA_1p000g,RSN0016,Darfield (New Zealand),2010,Station_Darf_016,6.840125729111674,13.35016499533692,311.2112335021363,Strike-Slip,9.80755976973066,1.0,0.9999999999999999,9.806649999999998,1.4086285606734048,1.4558733874365168,16.18925389652395,11.700000000000001,0.01,3473,34.72,/Users/rahul/seismoFNO/data/simulations/scaled_motions/RSN0016_PGA_1p000g.npy
RSN0016_PGA_1p200g,RSN0016,Darfield (New Zealand),2010,Station_Darf_016,6.840125729111674,13.35016499533692,311.2112335021363,Strike-Slip,11.769071723676792,1.2,1.2,11.76798,1.6903542728080858,1.7470480649238194,23.312525610994513,11.700000000000001,0.01,3473,34.72,/Users/rahul/seismoFNO/data/simulations/scaled_motions/RSN0016_PGA_1p200g.npy
RSN0017_PGA_0p050g,RSN0017,Imperial Valley-06,1979,Station_Impe_017,6.693759827690161,55.94484496689745,997.2057216865226,Strike-Slip,1.224858552562768,0.05,0.05000000000000001,0.49033250000000006,0.08492481762869727,0.7044450193817468,0.0799193743192246,22.4,0.01,3355,33.54,/Users/rahul/seismoFNO/data/simulations/scaled_motions/RSN0017_PGA_0p050g.npy
RSN0017_PGA_0p100g,RSN0017,Imperial Valley-06,1979,Station_Impe_017,6.693759827690161,55.94484496689745,997.2057216865226,Strike-Slip,2.449717105125536,0.1,0.10000000000000002,0.9806650000000001,0.16984963525739455,1.4088900387634935,0.3196774972768984,22.4,0.01,3355,33.54,/Users/rahul/seismoFNO/data/simulations/scaled_motions/RSN0017_PGA_0p100g.npy
RSN0017_PGA_0p200g,RSN0017,Imperial Valley-06,1979,Station_Impe_017,6.693759827690161,55.94484496689745,997.2057216865226,Strike-Slip,4.899434210251072,0.2,0.20000000000000004,1.9613300000000002,0.3396992705147891,2.817780077526987,1.2787099891075937,22.4,0.01,3355,33.54,/Users/rahul/seismoFNO/data/simulations/scaled_motions/RSN0017_PGA_0p200g.npy
RSN0017_PGA_0p300g,RSN0017,Imperial Valley-06,1979,Station_Impe_017,6.693759827690161,55.94484496689745,997.2057216865226,Strike-Slip,7.349151315376607,0.3,0.3,2.941995,0.5095489057721834,4.226670116290447,2.877097475492093,22.4,0.01,3355,33.54,/Users/rahul/seismoFNO/data/simulations/scaled_motions/RSN0017_PGA_0p300g.npy
RSN0017_PGA_0p400g,RSN0017,Imperial Valley-06,1979,Station_Impe_017,6.693759827690161,55.94484496689745,997.2057216865226,Strike-Slip,9.798868420502144,0.4,0.4000000000000001,3.9226600000000005,0.6793985410295782,5.635560155053974,5.114839956430375,22.4,0.01,3355,33.54,/Users/rahul/seismoFNO/data/simulations/scaled_motions/RSN0017_PGA_0p400g.npy
RSN0017_PGA_0p500g,RSN0017,Imperial Valley-06,1979,Station_Impe_017,6.693759827690161,55.94484496689745,997.2057216865226,Strike-Slip,12.248585525627679,0.5,0.5,4.903325,0.8492481762869721,7.044450193817446,7.991937431922477,22.4,0.01,3355,33.54,/Users/rahul/seismoFNO/data/simulations/scaled_motions/RSN0017_PGA_0p500g.npy
RSN0017_PGA_0p600g,RSN0017,Imperial Valley-06,1979,Station_Impe_017,6.693759827690161,55.94484496689745,997.2057216865226,Strike-Slip,14.698302630753213,0.6,0.6,5.88399,1.0190978115443667,8.453340232580894,11.508389901968371,22.4,0.01,3355,33.54,/Users/rahul/seismoFNO/data/simulations/scaled_motions/RSN0017_PGA_0p600g.npy
RSN0017_PGA_0p800g,RSN0017,Imperial Valley-06,1979,Station_Impe_017,6.693759827690161,55.94484496689745,997.2057216865226,Strike-Slip,19.597736841004288,0.8,0.8000000000000002,7.845320000000001,1.3587970820591564,11.271120310107948,20.4593598257215,22.4,0.01,3355,33.54,/Users/rahul/seismoFNO/data/simulations/scaled_motions/RSN0017_PGA_0p800g.npy
RSN0017_PGA_1p000g,RSN0017,Imperial Valley-06,1979,Station_Impe_017,6.693759827690161,55.94484496689745,997.2057216865226,Strike-Slip,24.497171051255357,1.0,1.0,9.80665,1.6984963525739443,14.088900387634892,31.96774972768991,22.4,0.01,3355,33.54,/Users/rahul/seismoFNO/data/simulations/scaled_motions/RSN0017_PGA_1p000g.npy
RSN0017_PGA_1p200g,RSN0017,Imperial Valley-06,1979,Station_Impe_017,6.693759827690161,55.94484496689745,997.2057216865226,Strike-Slip,29.396605261506426,1.2,1.2,11.76798,2.0381956230887335,16.906680465161788,46.033559607873485,22.4,0.01,3355,33.54,/Users/rahul/seismoFNO/data/simulations/scaled_motions/RSN0017_PGA_1p200g.npy
RSN0018_PGA_0p050g,RSN0018,Loma Prieta,1989,Station_Loma_018,7.05693682592491,13.984396187203316,824.5314758792268,Reverse-Oblique,0.4511450753490558,0.05,0.05,0.4903325,0.08973973827758282,0.12776735280394444,0.04846803194053126,13.889999999999999,0.01,3646,36.45,/Users/rahul/seismoFNO/data/simulations/scaled_motions/RSN0018_PGA_0p050g.npy
RSN0018_PGA_0p100g,RSN0018,Loma Prieta,1989,Station_Loma_018,7.05693682592491,13.984396187203316,824.5314758792268,Reverse-Oblique,0.9022901506981116,0.1,0.1,0.980665,0.17947947655516563,0.2555347056078889,0.19387212776212503,13.889999999999999,0.01,3646,36.45,/Users/rahul/seismoFNO/data/simulations/scaled_motions/RSN0018_PGA_0p100g.npy
RSN0018_PGA_0p200g,RSN0018,Loma Prieta,1989,Station_Loma_018,7.05693682592491,13.984396187203316,824.5314758792268,Reverse-Oblique,1.8045803013962232,0.2,0.2,1.96133,0.35895895311033127,0.5110694112157778,0.7754885110485001,13.889999999999999,0.01,3646,36.45,/Users/rahul/seismoFNO/data/simulations/scaled_motions/RSN0018_PGA_0p200g.npy
RSN0018_PGA_0p300g,RSN0018,Loma Prieta,1989,Station_Loma_018,7.05693682592491,13.984396187203316,824.5314758792268,Reverse-Oblique,2.7068704520943347,0.3,0.3,2.941995,0.538438429665497,0.7666041168236705,1.7448491498591245,13.889999999999999,0.01,3646,36.45,/Users/rahul/seismoFNO/data/simulations/scaled_motions/RSN0018_PGA_0p300g.npy
RSN0018_PGA_0p400g,RSN0018,Loma Prieta,1989,Station_Loma_018,7.05693682592491,13.984396187203316,824.5314758792268,Reverse-Oblique,3.6091606027924463,0.4,0.4,3.92266,0.7179179062206625,1.0221388224315555,3.1019540441940006,13.889999999999999,0.01,3646,36.45,/Users/rahul/seismoFNO/data/simulations/scaled_motions/RSN0018_PGA_0p400g.npy
RSN0018_PGA_0p500g,RSN0018,Loma Prieta,1989,Station_Loma_018,7.05693682592491,13.984396187203316,824.5314758792268,Reverse-Oblique,4.511450753490558,0.5,0.5,4.903325,0.8973973827758281,1.2776735280394453,4.846803194053128,13.889999999999999,0.01,3646,36.45,/Users/rahul/seismoFNO/data/simulations/scaled_motions/RSN0018_PGA_0p500g.npy
RSN0018_PGA_0p600g,RSN0018,Loma Prieta,1989,Station_Loma_018,7.05693682592491,13.984396187203316,824.5314758792268,Reverse-Oblique,5.4137409041886695,0.6,0.6,5.88399,1.076876859330994,1.533208233647341,6.979396599436498,13.889999999999999,0.01,3646,36.45,/Users/rahul/seismoFNO/data/simulations/scaled_motions/RSN0018_PGA_0p600g.npy
RSN0018_PGA_0p800g,RSN0018,Loma Prieta,1989,Station_Loma_018,7.05693682592491,13.984396187203316,824.5314758792268,Reverse-Oblique,7.218321205584893,0.8,0.8,7.84532,1.435835812441325,2.044277644863111,12.407816176776002,13.889999999999999,0.01,3646,36.45,/Users/rahul/seismoFNO/data/simulations/scaled_motions/RSN0018_PGA_0p800g.npy
RSN0018_PGA_1p000g,RSN0018,Loma Prieta,1989,Station_Loma_018,7.05693682592491,13.984396187203316,824.5314758792268,Reverse-Oblique,9.022901506981116,1.0,1.0,9.80665,1.7947947655516563,2.5553470560788907,19.38721277621251,13.889999999999999,0.01,3646,36.45,/Users/rahul/seismoFNO/data/simulations/scaled_motions/RSN0018_PGA_1p000g.npy
RSN0018_PGA_1p200g,RSN0018,Loma Prieta,1989,Station_Loma_018,7.05693682592491,13.984396187203316,824.5314758792268,Reverse-Oblique,10.827481808377339,1.2,1.2,11.76798,2.153753718661988,3.066416467294682,27.917586397745993,13.889999999999999,0.01,3646,36.45,/Users/rahul/seismoFNO/data/simulations/scaled_motions/RSN0018_PGA_1p200g.npy
RSN0019_PGA_0p050g,RSN0019,Northridge-01,1994,Station_Nort_019,6.567449946388113,11.18765666632242,385.12056279350475,Reverse,0.5338564316045081,0.05,0.05,0.4903325,0.0638684366915624,0.08497096783470874,0.029626908996526948,8.59,0.01,3255,32.54,/Users/rahul/seismoFNO/data/simulations/scaled_motions/RSN0019_PGA_0p050g.npy
RSN0019_PGA_0p100g,RSN0019,Northridge-01,1994,Station_Nort_019,6.567449946388113,11.18765666632242,385.12056279350475,Reverse,1.0677128632090163,0.1,0.1,0.980665,0.1277368733831248,0.16994193566941748,0.11850763598610779,8.59,0.01,3255,32.54,/Users/rahul/seismoFNO/data/simulations/scaled_motions/RSN0019_PGA_0p100g.npy
RSN0019_PGA_0p200g,RSN0019,Northridge-01,1994,Station_Nort_019,6.567449946388113,11.18765666632242,385.12056279350475,Reverse,2.1354257264180325,0.2,0.2,1.96133,0.2554737467662496,0.33988387133883496,0.47403054394443117,8.59,0.01,3255,32.54,/Users/rahul/seismoFNO/data/simulations/scaled_motions/RSN0019_PGA_0p200g.npy
RSN0019_PGA_0p300g,RSN0019,Northridge-01,1994,Station_Nort_019,6.567449946388113,11.18765666632242,385.12056279350475,Reverse,3.2031385896270486,0.3,0.3,2.941995,0.3832106201493744,0.50982580700826,1.0665687238749704,8.59,0.01,3255,32.54,/Users/rahul/seismoFNO/data/simulations/scaled_motions/RSN0019_PGA_0p300g.npy
RSN0019_PGA_0p400g,RSN0019,Northridge-01,1994,Station_Nort_019,6.567449946388113,11.18765666632242,385.12056279350475,Reverse,4.270851452836065,0.4,0.4,3.92266,0.5109474935324992,0.6797677426776699,1.8961221757777247,8.59,0.01,3255,32.54,/Users/rahul/seismoFNO/data/simulations/scaled_motions/RSN0019_PGA_0p400g.npy
RSN0019_PGA_0p500g,RSN0019,Northridge-01,1994,Station_Nort_019,6.567449946388113,11.18765666632242,385.12056279350475,Reverse,5.338564316045081,0.5,0.5,4.903325,0.6386843669156241,0.8497096783470898,2.9626908996526904,8.59,0.01,3255,32.54,/Users/rahul/seismoFNO/data/simulations/scaled_motions/RSN0019_PGA_0p500g.npy
RSN0019_PGA_0p600g,RSN0019,Northridge-01,1994,Station_Nort_019,6.567449946388113,11.18765666632242,385.12056279350475,Reverse,6.406277179254097,0.6,0.6,5.88399,0.7664212402987488,1.01965161401652,4.2662748954998815,8.59,0.01,3255,32.54,/Users/rahul/seismoFNO/data/simulations/scaled_motions/RSN0019_PGA_0p600g.npy
RSN0019_PGA_0p800g,RSN0019,Northridge-01,1994,Station_Nort_019,6.567449946388113,11.18765666632242,385.12056279350475,Reverse,8.54170290567213,0.8,0.8,7.84532,1.0218949870649985,1.3595354853553399,7.584488703110899,8.59,0.01,3255,32.54,/Users/rahul/seismoFNO/data/simulations/scaled_motions/RSN0019_PGA_0p800g.npy
RSN0019_PGA_1p000g,RSN0019,Northridge-01,1994,Station_Nort_019,6.567449946388113,11.18765666632242,385.12056279350475,Reverse,10.677128632090161,1.0,1.0,9.80665,1.2773687338312483,1.6994193566941795,11.850763598610762,8.59,0.01,3255,32.54,/Users/rahul/seismoFNO/data/simulations/scaled_motions/RSN0019_PGA_1p000g.npy
RSN0019_PGA_1p200g,RSN0019,Northridge-01,1994,Station_Nort_019,6.567449946388113,11.18765666632242,385.12056279350475,Reverse,12.812554358508194,1.2,1.2,11.76798,1.5328424805974976,2.03930322803304,17.065099581999526,8.59,0.01,3255,32.54,/Users/rahul/seismoFNO/data/simulations/scaled_motions/RSN0019_PGA_1p200g.npy
RSN0020_PGA_0p050g,RSN0020,Kobe (Hyogo-ken Nanbu),1995,Station_Kobe_020,7.105664650426157,7.313864480124841,184.48719564528628,Strike-Slip,0.3313325094064979,0.05,0.05,0.4903325,0.10384883581562383,0.3395478567528497,0.05128833295476808,9.97,0.01,3685,36.84,/Users/rahul/seismoFNO/data/simulations/scaled_motions/RSN0020_PGA_0p050g.npy
RSN0020_PGA_0p100g,RSN0020,Kobe (Hyogo-ken Nanbu),1995,Station_Kobe_020,7.105664650426157,7.313864480124841,184.48719564528628,Strike-Slip,0.6626650188129958,0.1,0.1,0.980665,0.20769767163124767,0.6790957135056994,0.20515333181907233,9.97,0.01,3685,36.84,/Users/rahul/seismoFNO/data/simulations/scaled_motions/RSN0020_PGA_0p100g.npy
RSN0020_PGA_0p200g,RSN0020,Kobe (Hyogo-ken Nanbu),1995,Station_Kobe_020,7.105664650426157,7.313864480124841,184.48719564528628,Strike-Slip,1.3253300376259916,0.2,0.2,1.96133,0.41539534326249533,1.3581914270113988,0.8206133272762893,9.97,0.01,3685,36.84,/Users/rahul/seismoFNO/data/simulations/scaled_motions/RSN0020_PGA_0p200g.npy
RSN0020_PGA_0p300g,RSN0020,Kobe (Hyogo-ken Nanbu),1995,Station_Kobe_020,7.105664650426157,7.313864480124841,184.48719564528628,Strike-Slip,1.987995056438987,0.3,0.3,2.941995,0.623093014893743,2.037287140517095,1.8463799863716528,9.97,0.01,3685,36.84,/Users/rahul/seismoFNO/data/simulations/scaled_motions/RSN0020_PGA_0p300g.npy
RSN0020_PGA_0p400g,RSN0020,Kobe (Hyogo-ken Nanbu),1995,Station_Kobe_020,7.105664650426157,7.313864480124841,184.48719564528628,Strike-Slip,2.650660075251983,0.4,0.4,3.92266,0.8307906865249907,2.7163828540227977,3.2824533091051573,9.97,0.01,3685,36.84,/Users/rahul/seismoFNO/data/simulations/scaled_motions/RSN0020_PGA_0p400g.npy
RSN0020_PGA_0p500g,RSN0020,Kobe (Hyogo-ken Nanbu),1995,Station_Kobe_020,7.105664650426157,7.313864480124841,184.48719564528628,Strike-Slip,3.3133250940649783,0.5,0.49999999999999994,4.903324999999999,1.038488358156238,3.395478567528484,5.128833295476818,9.97,0.01,3685,36.84,/Users/rahul/seismoFNO/data/simulations/scaled_motions/RSN0020_PGA_0p500g.npy
RSN0020_PGA_0p600g,RSN0020,Kobe (Hyogo-ken Nanbu),1995,Station_Kobe_020,7.105664650426157,7.313864480124841,184.48719564528628,Strike-Slip,3.975990112877974,0.6,0.6,5.88399,1.246186029787486,4.07457428103419,7.385519945486611,9.97,0.01,3685,36.84,/Users/rahul/seismoFNO/data/simulations/scaled_motions/RSN0020_PGA_0p600g.npy
RSN0020_PGA_0p800g,RSN0020,Kobe (Hyogo-ken Nanbu),1995,Station_Kobe_020,7.105664650426157,7.313864480124841,184.48719564528628,Strike-Slip,5.301320150503966,0.8,0.8,7.84532,1.6615813730499813,5.432765708045595,13.12981323642063,9.97,0.01,3685,36.84,/Users/rahul/seismoFNO/data/simulations/scaled_motions/RSN0020_PGA_0p800g.npy
RSN0020_PGA_1p000g,RSN0020,Kobe (Hyogo-ken Nanbu),1995,Station_Kobe_020,7.105664650426157,7.313864480124841,184.48719564528628,Strike-Slip,6.626650188129957,1.0,0.9999999999999999,9.806649999999998,2.076976716312476,6.790957135056968,20.515333181907273,9.97,0.01,3685,36.84,/Users/rahul/seismoFNO/data/simulations/scaled_motions/RSN0020_PGA_1p000g.npy
RSN0020_PGA_1p200g,RSN0020,Kobe (Hyogo-ken Nanbu),1995,Station_Kobe_020,7.105664650426157,7.313864480124841,184.48719564528628,Strike-Slip,7.951980225755948,1.2,1.2,11.76798,2.492372059574972,8.14914856206838,29.542079781946445,9.97,0.01,3685,36.84,/Users/rahul/seismoFNO/data/simulations/scaled_motions/RSN0020_PGA_1p200g.npy
RSN0021_PGA_0p050g,RSN0021,Chi-Chi (Taiwan-01),1999,Station_Chi-_021,7.8,106.50332021457442,197.86305566469034,Reverse,1.017746669451086,0.05,0.05,0.4903325,0.260702196312871,1.9113089499342089,0.09081353385926257,25.78,0.01,4241,42.4,/Users/rahul/seismoFNO/data/simulations/scaled_motions/RSN0021_PGA_0p050g.npy
RSN0021_PGA_0p100g,RSN0021,Chi-Chi (Taiwan-01),1999,Station_Chi-_021,7.8,106.50332021457442,197.86305566469034,Reverse,2.035493338902172,0.1,0.1,0.980665,0.521404392625742,3.8226178998684177,0.36325413543705026,25.78,0.01,4241,42.4,/Users/rahul/seismoFNO/data/simulations/scaled_motions/RSN0021_PGA_0p100g.npy
RSN0021_PGA_0p200g,RSN0021,Chi-Chi (Taiwan-01),1999,Station_Chi-_021,7.8,106.50332021457442,197.86305566469034,Reverse,4.070986677804344,0.2,0.2,1.96133,1.042808785251484,7.645235799736835,1.453016541748201,25.78,0.01,4241,42.4,/Users/rahul/seismoFNO/data/simulations/scaled_motions/RSN0021_PGA_0p200g.npy
RSN0021_PGA_0p300g,RSN0021,Chi-Chi (Taiwan-01),1999,Station_Chi-_021,7.8,106.50332021457442,197.86305566469034,Reverse,6.106480016706515,0.3,0.3,2.941995,1.5642131778772272,11.46785369960527,3.269287218933462,25.78,0.01,4241,42.4,/Users/rahul/seismoFNO/data/simulations/scaled_motions/RSN0021_PGA_0p300g.npy
RSN0021_PGA_0p400g,RSN0021,Chi-Chi (Taiwan-01),1999,Station_Chi-_021,7.8,106.50332021457442,197.86305566469034,Reverse,8.141973355608688,0.4,0.4,3.92266,2.085617570502968,15.29047159947367,5.812066166992804,25.78,0.01,4241,42.4,/Users/rahul/seismoFNO/data/simulations/scaled_motions/RSN0021_PGA_0p400g.npy
RSN0021_PGA_0p500g,RSN0021,Chi-Chi (Taiwan-01),1999,Station_Chi-_021,7.8,106.50332021457442,197.86305566469034,Reverse,10.177466694510859,0.5,0.5,4.903325,2.6070219631287124,19.113089499342117,9.081353385926288,25.78,0.01,4241,42.4,/Users/rahul/seismoFNO/data/simulations/scaled_motions/RSN0021_PGA_0p500g.npy
RSN0021_PGA_0p600g,RSN0021,Chi-Chi (Taiwan-01),1999,Station_Chi-_021,7.8,106.50332021457442,197.86305566469034,Reverse,12.21296003341303,0.6,0.6,5.88399,3.1284263557544545,22.93570739921054,13.077148875733847,25.78,0.01,4241,42.4,/Users/rahul/seismoFNO/data/simulations/scaled_motions/RSN0021_PGA_0p600g.npy
RSN0021_PGA_0p800g,RSN0021,Chi-Chi (Taiwan-01),1999,Station_Chi-_021,7.8,106.50332021457442,197.86305566469034,Reverse,16.283946711217375,0.8,0.8,7.84532,4.171235141005936,30.58094319894734,23.248264667971217,25.78,0.01,4241,42.4,/Users/rahul/seismoFNO/data/simulations/scaled_motions/RSN0021_PGA_0p800g.npy
RSN0021_PGA_1p000g,RSN0021,Chi-Chi (Taiwan-01),1999,Station_Chi-_021,7.8,106.50332021457442,197.86305566469034,Reverse,20.354933389021717,1.0,1.0,9.80665,5.214043926257425,38.22617899868423,36.32541354370515,25.78,0.01,4241,42.4,/Users/rahul/seismoFNO/data/simulations/scaled_motions/RSN0021_PGA_1p000g.npy
RSN0021_PGA_1p200g,RSN0021,Chi-Chi (Taiwan-01),1999,Station_Chi-_021,7.8,106.50332021457442,197.86305566469034,Reverse,24.42592006682606,1.2,1.2,11.76798,6.256852711508909,45.87141479842108,52.30859550293539,25.78,0.01,4241,42.4,/Users/rahul/seismoFNO/data/simulations/scaled_motions/RSN0021_PGA_1p200g.npy
RSN0022_PGA_0p050g,RSN0022,Kocaeli (Turkey),1999,Station_Koca_022,7.509762932879771,80.78197829603253,485.33237619999954,Strike-Slip,0.986753052934159,0.05,0.05,0.4903325,0.14543321711371254,0.31631417026805064,0.07155500165412612,24.33,0.01,4009,40.08,/Users/rahul/seismoFNO/data/simulations/scaled_motions/RSN0022_PGA_0p050g.npy
RSN0022_PGA_0p100g,RSN0022,Kocaeli (Turkey),1999,Station_Koca_022,7.509762932879771,80.78197829603253,485.33237619999954,Strike-Slip,1.973506105868318,0.1,0.1,0.980665,0.2908664342274251,0.6326283405361013,0.2862200066165045,24.33,0.01,4009,40.08,/Users/rahul/seismoFNO/data/simulations/scaled_motions/RSN0022_PGA_0p100g.npy
RSN0022_PGA_0p200g,RSN0022,Kocaeli (Turkey),1999,Station_Koca_022,7.509762932879771,80.78197829603253,485.33237619999954,Strike-Slip,3.947012211736636,0.2,0.2,1.96133,0.5817328684548502,1.2652566810722026,1.144880026466018,24.33,0.01,4009,40.08,/Users/rahul/seismoFNO/data/simulations/scaled_motions/RSN0022_PGA_0p200g.npy
RSN0022_PGA_0p300g,RSN0022,Kocaeli (Turkey),1999,Station_Koca_022,7.509762932879771,80.78197829603253,485.33237619999954,Strike-Slip,5.920518317604953,0.3,0.3,2.941995,0.8725993026822737,1.8978850216082848,2.57598005954854,24.33,0.01,4009,40.08,/Users/rahul/seismoFNO/data/simulations/scaled_motions/RSN0022_PGA_0p300g.npy
RSN0022_PGA_0p400g,RSN0022,Kocaeli (Turkey),1999,Station_Koca_022,7.509762932879771,80.78197829603253,485.33237619999954,Strike-Slip,7.894024423473272,0.4,0.4,3.92266,1.1634657369097003,2.530513362144405,4.579520105864072,24.33,0.01,4009,40.08,/Users/rahul/seismoFNO/data/simulations/scaled_motions/RSN0022_PGA_0p400g.npy
RSN0022_PGA_0p500g,RSN0022,Kocaeli (Turkey),1999,Station_Koca_022,7.509762932879771,80.78197829603253,485.33237619999954,Strike-Slip,9.86753052934159,0.5,0.5,4.903325,1.4543321711371244,3.1631417026805013,7.155500165412628,24.33,0.01,4009,40.08,/Users/rahul/seismoFNO/data/simulations/scaled_motions/RSN0022_PGA_0p500g.npy
RSN0022_PGA_0p600g,RSN0022,Kocaeli (Turkey),1999,Station_Koca_022,7.509762932879771,80.78197829603253,485.33237619999954,Strike-Slip,11.841036635209907,0.6,0.6,5.88399,1.7451986053645474,3.7957700432165695,10.30392023819416,24.33,0.01,4009,40.08,/Users/rahul/seismoFNO/data/simulations/scaled_motions/RSN0022_PGA_0p600g.npy
RSN0022_PGA_0p800g,RSN0022,Kocaeli (Turkey),1999,Station_Koca_022,7.509762932879771,80.78197829603253,485.33237619999954,Strike-Slip,15.788048846946545,0.8,0.8,7.84532,2.3269314738194007,5.06102672428881,18.318080423456287,24.33,0.01,4009,40.08,/Users/rahul/seismoFNO/data/simulations/scaled_motions/RSN0022_PGA_0p800g.npy
RSN0022_PGA_1p000g,RSN0022,Kocaeli (Turkey),1999,Station_Koca_022,7.509762932879771,80.78197829603253,485.33237619999954,Strike-Slip,19.73506105868318,1.0,1.0,9.80665,2.908664342274249,6.326283405361003,28.62200066165051,24.33,0.01,4009,40.08,/Users/rahul/seismoFNO/data/simulations/scaled_motions/RSN0022_PGA_1p000g.npy
RSN0022_PGA_1p200g,RSN0022,Kocaeli (Turkey),1999,Station_Koca_022,7.509762932879771,80.78197829603253,485.33237619999954,Strike-Slip,23.682073270419814,1.2,1.2,11.76798,3.490397210729095,7.591540086433139,41.21568095277664,24.33,0.01,4009,40.08,/Users/rahul/seismoFNO/data/simulations/scaled_motions/RSN0022_PGA_1p200g.npy
RSN0023_PGA_0p050g,RSN0023,Landers,1992,Station_Land_023,7.519666581934599,77.04451213872642,885.7839914136719,Strike-Slip,0.9469945293678351,0.05,0.05,0.4903325,0.20654244390957965,2.2127978088169424,0.09242002089104147,26.740000000000002,0.01,4016,40.15,/Users/rahul/seismoFNO/data/simulations/scaled_motions/RSN0023_PGA_0p050g.npy
RSN0023_PGA_0p100g,RSN0023,Landers,1992,Station_Land_023,7.519666581934599,77.04451213872642,885.7839914136719,Strike-Slip,1.8939890587356703,0.1,0.1,0.980665,0.4130848878191593,4.425595617633885,0.3696800835641659,26.740000000000002,0.01,4016,40.15,/Users/rahul/seismoFNO/data/simulations/scaled_motions/RSN0023_PGA_0p100g.npy
RSN0023_PGA_0p200g,RSN0023,Landers,1992,Station_Land_023,7.519666581934599,77.04451213872642,885.7839914136719,Strike-Slip,3.7879781174713405,0.2,0.2,1.96133,0.8261697756383186,8.85119123526777,1.4787203342566635,26.740000000000002,0.01,4016,40.15,/Users/rahul/seismoFNO/data/simulations/scaled_motions/RSN0023_PGA_0p200g.npy
RSN0023_PGA_0p300g,RSN0023,Landers,1992,Station_Land_023,7.519666581934599,77.04451213872642,885.7839914136719,Strike-Slip,5.681967176207011,0.3,0.3,2.941995,1.2392546634574728,13.27678685290157,3.327120752077485,26.740000000000002,0.01,4016,40.15,/Users/rahul/seismoFNO/data/simulations/scaled_motions/RSN0023_PGA_0p300g.npy
RSN0023_PGA_0p400g,RSN0023,Landers,1992,Station_Land_023,7.519666581934599,77.04451213872642,885.7839914136719,Strike-Slip,7.575956234942681,0.4,0.4,3.92266,1.6523395512766372,17.70238247053554,5.914881337026654,26.740000000000002,0.01,4016,40.15,/Users/rahul/seismoFNO/data/simulations/scaled_motions/RSN0023_PGA_0p400g.npy
RSN0023_PGA_0p500g,RSN0023,Landers,1992,Station_Land_023,7.519666581934599,77.04451213872642,885.7839914136719,Strike-Slip,9.469945293678352,0.5,0.5,4.903325,2.0654244390957888,22.127978088169336,9.242002089104135,26.740000000000002,0.01,4016,40.15,/Users/rahul/seismoFNO/data/simulations/scaled_motions/RSN0023_PGA_0p500g.npy
RSN0023_PGA_0p600g,RSN0023,Landers,1992,Station_Land_023,7.519666581934599,77.04451213872642,885.7839914136719,Strike-Slip,11.363934352414022,0.6,0.6,5.88399,2.4785093269149456,26.55357370580314,13.30848300830994,26.740000000000002,0.01,4016,40.15,/Users/rahul/seismoFNO/data/simulations/scaled_motions/RSN0023_PGA_0p600g.npy
RSN0023_PGA_0p800g,RSN0023,Landers,1992,Station_Land_023,7.519666581934599,77.04451213872642,885.7839914136719,Strike-Slip,15.151912469885362,0.8,0.8,7.84532,3.3046791025532745,35.40476494107108,23.659525348106616,26.740000000000002,0.01,4016,40.15,/Users/rahul/seismoFNO/data/simulations/scaled_motions/RSN0023_PGA_0p800g.npy
RSN0023_PGA_1p000g,RSN0023,Landers,1992,Station_Land_023,7.519666581934599,77.04451213872642,885.7839914136719,Strike-Slip,18.939890587356704,1.0,1.0,9.80665,4.1308488781915775,44.25595617633867,36.96800835641654,26.740000000000002,0.01,4016,40.15,/Users/rahul/seismoFNO/data/simulations/scaled_motions/RSN0023_PGA_1p000g.npy
RSN0023_PGA_1p200g,RSN0023,Landers,1992,Station_Land_023,7.519666581934599,77.04451213872642,885.7839914136719,Strike-Slip,22.727868704828044,1.2,1.2,11.76798,4.957018653829891,53.10714741160628,53.23393203323976,26.740000000000002,0.01,4016,40.15,/Users/rahul/seismoFNO/data/simulations/scaled_motions/RSN0023_PGA_1p200g.npy
RSN0024_PGA_0p050g,RSN0024,San Fernando,1971,Station_San _024,6.541948209221138,6.645545346238393,321.13704254981565,Reverse,0.44626845137667154,0.05,0.05,0.4903325,0.07328098666755038,0.02437728239360239,0.032876830419576245,6.630000000000001,0.01,3234,32.33,/Users/rahul/seismoFNO/data/simulations/scaled_motions/RSN0024_PGA_0p050g.npy
RSN0024_PGA_0p100g,RSN0024,San Fernando,1971,Station_San _024,6.541948209221138,6.645545346238393,321.13704254981565,Reverse,0.8925369027533431,0.1,0.1,0.980665,0.14656197333510076,0.04875456478720478,0.13150732167830498,6.630000000000001,0.01,3234,32.33,/Users/rahul/seismoFNO/data/simulations/scaled_motions/RSN0024_PGA_0p100g.npy
RSN0024_PGA_0p200g,RSN0024,San Fernando,1971,Station_San _024,6.541948209221138,6.645545346238393,321.13704254981565,Reverse,1.7850738055066862,0.2,0.2,1.96133,0.29312394667020153,0.09750912957440956,0.5260292867132199,6.630000000000001,0.01,3234,32.33,/Users/rahul/seismoFNO/data/simulations/scaled_motions/RSN0024_PGA_0p200g.npy
RSN0024_PGA_0p300g,RSN0024,San Fernando,1971,Station_San _024,6.541948209221138,6.645545346238393,321.13704254981565,Reverse,2.677610708260029,0.3,0.3,2.941995,0.4396859200053022,0.14626369436161354,1.1835658951047459,6.630000000000001,0.01,3234,32.33,/Users/rahul/seismoFNO/data/simulations/scaled_motions/RSN0024_PGA_0p300g.npy
RSN0024_PGA_0p400g,RSN0024,San Fernando,1971,Station_San _024,6.541948209221138,6.645545346238393,321.13704254981565,Reverse,3.5701476110133723,0.4,0.4,3.92266,0.5862478933404031,0.19501825914881912,2.1041171468528796,6.630000000000001,0.01,3234,32.33,/Users/rahul/seismoFNO/data/simulations/scaled_motions/RSN0024_PGA_0p400g.npy
RSN0024_PGA_0p500g,RSN0024,San Fernando,1971,Station_San _024,6.541948209221138,6.645545346238393,321.13704254981565,Reverse,4.462684513766715,0.5,0.49999999999999994,4.903324999999999,0.7328098666755036,0.24377282393602293,3.2876830419576417,6.630000000000001,0.01,3234,32.33,/Users/rahul/seismoFNO/data/simulations/scaled_motions/RSN0024_PGA_0p500g.npy
RSN0024_PGA_0p600g,RSN0024,San Fernando,1971,Station_San _024,6.541948209221138,6.645545346238393,321.13704254981565,Reverse,5.355221416520058,0.6,0.6,5.88399,0.8793718400106044,0.2925273887232271,4.734263580418983,6.630000000000001,0.01,3234,32.33,/Users/rahul/seismoFNO/data/simulations/scaled_motions/RSN0024_PGA_0p600g.npy
RSN0024_PGA_0p800g,RSN0024,San Fernando,1971,Station_San _024,6.541948209221138,6.645545346238393,321.13704254981565,Reverse,7.140295222026745,0.8,0.8,7.84532,1.1724957866808061,0.39003651829763825,8.416468587411519,6.630000000000001,0.01,3234,32.33,/Users/rahul/seismoFNO/data/simulations/scaled_motions/RSN0024_PGA_0p800g.npy
RSN0024_PGA_1p000g,RSN0024,San Fernando,1971,Station_San _024,6.541948209221138,6.645545346238393,321.13704254981565,Reverse,8.92536902753343,1.0,0.9999999999999999,9.806649999999998,1.4656197333510073,0.48754564787204585,13.150732167830567,6.630000000000001,0.01,3234,32.33,/Users/rahul/seismoFNO/data/simulations/scaled_motions/RSN0024_PGA_1p000g.npy
RSN0024_PGA_1p200g,RSN0024,San Fernando,1971,Station_San _024,6.541948209221138,6.645545346238393,321.13704254981565,Reverse,10.710442833040116,1.2,1.2,11.76798,1.7587436800212088,0.5850547774464542,18.937054321675934,6.630000000000001,0.01,3234,32.33,/Users/rahul/seismoFNO/data/simulations/scaled_motions/RSN0024_PGA_1p200g.npy
RSN0025_PGA_0p050g,RSN0025,Hector Mine,1999,Station_Hect_025,6.846647525663333,27.01992005590958,217.07191867301918,Strike-Slip,0.7101838825917317,0.05,0.05,0.4903325,0.06452653158201321,0.09822504142421518,0.03253748082447603,17.93,0.01,3478,34.77,/Users/rahul/seismoFNO/data/simulations/scaled_motions/RSN0025_PGA_0p050g.npy
RSN0025_PGA_0p100g,RSN0025,Hector Mine,1999,Station_Hect_025,6.846647525663333,27.01992005590958,217.07191867301918,Strike-Slip,1.4203677651834634,0.1,0.1,0.980665,0.12905306316402643,0.19645008284843035,0.13014992329790412,17.93,0.01,3478,34.77,/Users/rahul/seismoFNO/data/simulations/scaled_motions/RSN0025_PGA_0p100g.npy
RSN0025_PGA_0p200g,RSN0025,Hector Mine,1999,Station_Hect_025,6.846647525663333,27.01992005590958,217.07191867301918,Strike-Slip,2.840735530366927,0.2,0.2,1.96133,0.25810612632805285,0.3929001656968607,0.5205996931916165,17.93,0.01,3478,34.77,/Users/rahul/seismoFNO/data/simulations/scaled_motions/RSN0025_PGA_0p200g.npy
RSN0025_PGA_0p300g,RSN0025,Hector Mine,1999,Station_Hect_025,6.846647525663333,27.01992005590958,217.07191867301918,Strike-Slip,4.26110329555039,0.3,0.3,2.941995,0.3871591894920791,0.5893502485452866,1.1713493096811367,17.93,0.01,3478,34.77,/Users/rahul/seismoFNO/data/simulations/scaled_motions/RSN0025_PGA_0p300g.npy
RSN0025_PGA_0p400g,RSN0025,Hector Mine,1999,Station_Hect_025,6.846647525663333,27.01992005590958,217.07191867301918,Strike-Slip,5.681471060733854,0.4,0.4,3.92266,0.5162122526561057,0.7858003313937214,2.082398772766466,17.93,0.01,3478,34.77,/Users/rahul/seismoFNO/data/simulations/scaled_motions/RSN0025_PGA_0p400g.npy
RSN0025_PGA_0p500g,RSN0025,Hector Mine,1999,Station_Hect_025,6.846647525663333,27.01992005590958,217.07191867301918,Strike-Slip,7.101838825917317,0.5,0.5,4.903325,0.6452653158201318,0.9822504142421585,3.2537480824476046,17.93,0.01,3478,34.77,/Users/rahul/seismoFNO/data/simulations/scaled_motions/RSN0025_PGA_0p500g.npy
RSN0025_PGA_0p600g,RSN0025,Hector Mine,1999,Station_Hect_025,6.846647525663333,27.01992005590958,217.07191867301918,Strike-Slip,8.52220659110078,0.6,0.6,5.88399,0.7743183789841582,1.1787004970905732,4.685397238724547,17.93,0.01,3478,34.77,/Users/rahul/seismoFNO/data/simulations/scaled_motions/RSN0025_PGA_0p600g.npy
RSN0025_PGA_0p800g,RSN0025,Hector Mine,1999,Station_Hect_025,6.846647525663333,27.01992005590958,217.07191867301918,Strike-Slip,11.362942121467707,0.8,0.8,7.84532,1.0324245053122114,1.5716006627874428,8.329595091065864,17.93,0.01,3478,34.77,/Users/rahul/seismoFNO/data/simulations/scaled_motions/RSN0025_PGA_0p800g.npy
RSN0025_PGA_1p000g,RSN0025,Hector Mine,1999,Station_Hect_025,6.846647525663333,27.01992005590958,217.07191867301918,Strike-Slip,14.203677651834633,1.0,1.0,9.80665,1.2905306316402636,1.964500828484317,13.014992329790418,17.93,0.01,3478,34.77,/Users/rahul/seismoFNO/data/simulations/scaled_motions/RSN0025_PGA_1p000g.npy
RSN0025_PGA_1p200g,RSN0025,Hector Mine,1999,Station_Hect_025,6.846647525663333,27.01992005590958,217.07191867301918,Strike-Slip,17.04441318220156,1.2,1.2,11.76798,1.5486367579683165,2.3574009941811465,18.741588954898187,17.93,0.01,3478,34.77,/Users/rahul/seismoFNO/data/simulations/scaled_motions/RSN0025_PGA_1p200g.npy
RSN0026_PGA_0p050g,RSN0026,Duzce (Turkey),1999,Station_Duzc_026,6.996701128952457,23.76769523095787,230.72638985878496,Strike-Slip,0.6018834901177604,0.05,0.05,0.4903325,0.11751398120664026,0.8939870578687066,0.09186896697365556,18.11,0.01,3598,35.97,/Users/rahul/seismoFNO/data/simulations/scaled_motions/RSN0026_PGA_0p050g.npy
RSN0026_PGA_0p100g,RSN0026,Duzce (Turkey),1999,Station_Duzc_026,6.996701128952457,23.76769523095787,230.72638985878496,Strike-Slip,1.2037669802355209,0.1,0.1,0.980665,0.23502796241328053,1.7879741157374132,0.3674758678946222,18.11,0.01,3598,35.97,/Users/rahul/seismoFNO/data/simulations/scaled_motions/RSN0026_PGA_0p100g.npy
RSN0026_PGA_0p200g,RSN0026,Duzce (Turkey),1999,Station_Duzc_026,6.996701128952457,23.76769523095787,230.72638985878496,Strike-Slip,2.4075339604710417,0.2,0.2,1.96133,0.47005592482656106,3.5759482314748263,1.4699034715784889,18.11,0.01,3598,35.97,/Users/rahul/seismoFNO/data/simulations/scaled_motions/RSN0026_PGA_0p200g.npy
RSN0026_PGA_0p300g,RSN0026,Duzce (Turkey),1999,Station_Duzc_026,6.996701128952457,23.76769523095787,230.72638985878496,Strike-Slip,3.611300940706562,0.3,0.3,2.941995,0.705083887239841,5.363922347212205,3.3072828110516,18.11,0.01,3598,35.97,/Users/rahul/seismoFNO/data/simulations/scaled_motions/RSN0026_PGA_0p300g.npy
RSN0026_PGA_0p400g,RSN0026,Duzce (Turkey),1999,Station_Duzc_026,6.996701128952457,23.76769523095787,230.72638985878496,Strike-Slip,4.8150679209420835,0.4,0.4,3.92266,0.9401118496531221,7.151896462949653,5.8796138863139555,18.11,0.01,3598,35.97,/Users/rahul/seismoFNO/data/simulations/scaled_motions/RSN0026_PGA_0p400g.npy
RSN0026_PGA_0p500g,RSN0026,Duzce (Turkey),1999,Station_Duzc_026,6.996701128952457,23.76769523095787,230.72638985878496,Strike-Slip,6.018834901177604,0.5,0.5,4.903325,1.1751398120664016,8.939870578687001,9.18689669736553,18.11,0.01,3598,35.97,/Users/rahul/seismoFNO/data/simulations/scaled_motions/RSN0026_PGA_0p500g.npy
RSN0026_PGA_0p600g,RSN0026,Duzce (Turkey),1999,Station_Duzc_026,6.996701128952457,23.76769523095787,230.72638985878496,Strike-Slip,7.222601881413124,0.6,0.6,5.88399,1.410167774479682,10.72784469442441,13.2291312442064,18.11,0.01,3598,35.97,/Users/rahul/seismoFNO/data/simulations/scaled_motions/RSN0026_PGA_0p600g.npy
RSN0026_PGA_0p800g,RSN0026,Duzce (Turkey),1999,Station_Duzc_026,6.996701128952457,23.76769523095787,230.72638985878496,Strike-Slip,9.630135841884167,0.8,0.8,7.84532,1.8802236993062442,14.303792925899305,23.518455545255822,18.11,0.01,3598,35.97,/Users/rahul/seismoFNO/data/simulations/scaled_motions/RSN0026_PGA_0p800g.npy
RSN0026_PGA_1p000g,RSN0026,Duzce (Turkey),1999,Station_Duzc_026,6.996701128952457,23.76769523095787,230.72638985878496,Strike-Slip,12.037669802355207,1.0,1.0,9.80665,2.3502796241328032,17.879741157374003,36.74758678946212,18.11,0.01,3598,35.97,/Users/rahul/seismoFNO/data/simulations/scaled_motions/RSN0026_PGA_1p000g.npy
RSN0026_PGA_1p200g,RSN0026,Duzce (Turkey),1999,Station_Duzc_026,6.996701128952457,23.76769523095787,230.72638985878496,Strike-Slip,14.445203762826248,1.2,1.2,11.76798,2.820335548959364,21.45568938884882,52.9165249768256,18.11,0.01,3598,35.97,/Users/rahul/seismoFNO/data/simulations/scaled_motions/RSN0026_PGA_1p200g.npy
RSN0027_PGA_0p050g,RSN0027,Christchurch,2011,Station_Chri_027,6.24613598479296,20.97972401939751,463.3365510665914,Reverse-Oblique,0.8655624526528447,0.05,0.05,0.4903325,0.04589274120767167,0.08766593794338817,0.04503801472945465,14.93,0.01,2997,29.96,/Users/rahul/seismoFNO/data/simulations/scaled_motions/RSN0027_PGA_0p050g.npy
RSN0027_PGA_0p100g,RSN0027,Christchurch,2011,Station_Chri_027,6.24613598479296,20.97972401939751,463.3365510665914,Reverse-Oblique,1.7311249053056894,0.1,0.1,0.980665,0.09178548241534334,0.17533187588677634,0.1801520589178186,14.93,0.01,2997,29.96,/Users/rahul/seismoFNO/data/simulations/scaled_motions/RSN0027_PGA_0p100g.npy
RSN0027_PGA_0p200g,RSN0027,Christchurch,2011,Station_Chri_027,6.24613598479296,20.97972401939751,463.3365510665914,Reverse-Oblique,3.462249810611379,0.2,0.2,1.96133,0.1835709648306867,0.3506637517735527,0.7206082356712744,14.93,0.01,2997,29.96,/Users/rahul/seismoFNO/data/simulations/scaled_motions/RSN0027_PGA_0p200g.npy
RSN0027_PGA_0p300g,RSN0027,Christchurch,2011,Station_Chri_027,6.24613598479296,20.97972401939751,463.3365510665914,Reverse-Oblique,5.193374715917068,0.3,0.3,2.941995,0.2753564472460299,0.5259956276603396,1.621368530260371,14.93,0.01,2997,29.96,/Users/rahul/seismoFNO/data/simulations/scaled_motions/RSN0027_PGA_0p300g.npy
RSN0027_PGA_0p400g,RSN0027,Christchurch,2011,Station_Chri_027,6.24613598479296,20.97972401939751,463.3365510665914,Reverse-Oblique,6.924499621222758,0.4,0.4,3.92266,0.3671419296613734,0.7013275035471054,2.8824329426850976,14.93,0.01,2997,29.96,/Users/rahul/seismoFNO/data/simulations/scaled_motions/RSN0027_PGA_0p400g.npy
RSN0027_PGA_0p500g,RSN0027,Christchurch,2011,Station_Chri_027,6.24613598479296,20.97972401939751,463.3365510665914,Reverse-Oblique,8.655624526528447,0.5,0.5,4.903325,0.458927412076716,0.8766593794339163,4.5038014729454865,14.93,0.01,2997,29.96,/Users/rahul/seismoFNO/data/simulations/scaled_motions/RSN0027_PGA_0p500g.npy
RSN0027_PGA_0p600g,RSN0027,Christchurch,2011,Station_Chri_027,6.24613598479296,20.97972401939751,463.3365510665914,Reverse-Oblique,10.386749431834136,0.6,0.6,5.88399,0.5507128944920598,1.0519912553206792,6.485474121041484,14.93,0.01,2997,29.96,/Users/rahul/seismoFNO/data/simulations/scaled_motions/RSN0027_PGA_0p600g.npy
RSN0027_PGA_0p800g,RSN0027,Christchurch,2011,Station_Chri_027,6.24613598479296,20.97972401939751,463.3365510665914,Reverse-Oblique,13.848999242445515,0.8,0.8,7.84532,0.7342838593227468,1.4026550070942108,11.52973177074039,14.93,0.01,2997,29.96,/Users/rahul/seismoFNO/data/simulations/scaled_motions/RSN0027_PGA_0p800g.npy
RSN0027_PGA_1p000g,RSN0027,Christchurch,2011,Station_Chri_027,6.24613598479296,20.97972401939751,463.3365510665914,Reverse-Oblique,17.311249053056894,1.0,1.0,9.80665,0.917854824153432,1.7533187588678325,18.015205891781946,14.93,0.01,2997,29.96,/Users/rahul/seismoFNO/data/simulations/scaled_motions/RSN0027_PGA_1p000g.npy
RSN0027_PGA_1p200g,RSN0027,Christchurch,2011,Station_Chri_027,6.24613598479296,20.97972401939751,463.3365510665914,Reverse-Oblique,20.773498863668273,1.2,1.2,11.76798,1.1014257889841197,2.1039825106413583,25.941896484165937,14.93,0.01,2997,29.96,/Users/rahul/seismoFNO/data/simulations/scaled_motions/RSN0027_PGA_1p200g.npy
RSN0028_PGA_0p050g,RSN0028,Tottori (Japan),2000,Station_Tott_028,6.642428259437174,10.773077051903789,570.0288408273551,Strike-Slip,0.5046057619669416,0.05,0.05,0.4903325,0.06258240043204577,0.06770541666795124,0.044073635579917,9.379999999999999,0.01,3314,33.13,/Users/rahul/seismoFNO/data/simulations/scaled_motions/RSN0028_PGA_0p050g.npy
RSN0028_PGA_0p100g,RSN0028,Tottori (Japan),2000,Station_Tott_028,6.642428259437174,10.773077051903789,570.0288408273551,Strike-Slip,1.0092115239338832,0.1,0.1,0.980665,0.12516480086409154,0.13541083333590248,0.176294542319668,9.379999999999999,0.01,3314,33.13,/Users/rahul/seismoFNO/data/simulations/scaled_motions/RSN0028_PGA_0p100g.npy
RSN0028_PGA_0p200g,RSN0028,Tottori (Japan),2000,Station_Tott_028,6.642428259437174,10.773077051903789,570.0288408273551,Strike-Slip,2.0184230478677665,0.2,0.2,1.96133,0.2503296017281831,0.27082166667180496,0.705178169278672,9.379999999999999,0.01,3314,33.13,/Users/rahul/seismoFNO/data/simulations/scaled_motions/RSN0028_PGA_0p200g.npy
RSN0028_PGA_0p300g,RSN0028,Tottori (Japan),2000,Station_Tott_028,6.642428259437174,10.773077051903789,570.0288408273551,Strike-Slip,3.0276345718016495,0.3,0.3,2.941995,0.37549440259227446,0.4062325000077074,1.5866508808770177,9.379999999999999,0.01,3314,33.13,/Users/rahul/seismoFNO/data/simulations/scaled_motions/RSN0028_PGA_0p300g.npy
RSN0028_PGA_0p400g,RSN0028,Tottori (Japan),2000,Station_Tott_028,6.642428259437174,10.773077051903789,570.0288408273551,Strike-Slip,4.036846095735533,0.4,0.4,3.92266,0.5006592034563662,0.5416433333436099,2.820712677114688,9.379999999999999,0.01,3314,33.13,/Users/rahul/seismoFNO/data/simulations/scaled_motions/RSN0028_PGA_0p400g.npy
RSN0028_PGA_0p500g,RSN0028,Tottori (Japan),2000,Station_Tott_028,6.642428259437174,10.773077051903789,570.0288408273551,Strike-Slip,5.046057619669416,0.5,0.5,4.903325,0.6258240043204575,0.6770541666795161,4.407363557991705,9.379999999999999,0.01,3314,33.13,/Users/rahul/seismoFNO/data/simulations/scaled_motions/RSN0028_PGA_0p500g.npy
RSN0028_PGA_0p600g,RSN0028,Tottori (Japan),2000,Station_Tott_028,6.642428259437174,10.773077051903789,570.0288408273551,Strike-Slip,6.055269143603299,0.6,0.6,5.88399,0.7509888051845489,0.8124650000154148,6.346603523508071,9.379999999999999,0.01,3314,33.13,/Users/rahul/seismoFNO/data/simulations/scaled_motions/RSN0028_PGA_0p600g.npy
RSN0028_PGA_0p800g,RSN0028,Tottori (Japan),2000,Station_Tott_028,6.642428259437174,10.773077051903789,570.0288408273551,Strike-Slip,8.073692191471066,0.8,0.8,7.84532,1.0013184069127323,1.0832866666872198,11.282850708458753,9.379999999999999,0.01,3314,33.13,/Users/rahul/seismoFNO/data/simulations/scaled_motions/RSN0028_PGA_0p800g.npy
RSN0028_PGA_1p000g,RSN0028,Tottori (Japan),2000,Station_Tott_028,6.642428259437174,10.773077051903789,570.0288408273551,Strike-Slip,10.092115239338831,1.0,1.0,9.80665,1.251648008640915,1.3541083333590322,17.62945423196682,9.379999999999999,0.01,3314,33.13,/Users/rahul/seismoFNO/data/simulations/scaled_motions/RSN0028_PGA_1p000g.npy
RSN0028_PGA_1p200g,RSN0028,Tottori (Japan),2000,Station_Tott_028,6.642428259437174,10.773077051903789,570.0288408273551,Strike-Slip,12.110538287206598,1.2,1.2,11.76798,1.5019776103690978,1.6249300000308295,25.386414094032283,9.379999999999999,0.01,3314,33.13,/Users/rahul/seismoFNO/data/simulations/scaled_motions/RSN0028_PGA_1p200g.npy
RSN0029_PGA_0p050g,RSN0029,Morgan Hill,1984,Station_Morg_029,6.076637761213183,56.28550688142475,175.51610104945001,Strike-Slip,1.758342372709668,0.05,0.05,0.4903325,0.0993440241615744,0.1924778983477402,0.056914972780115244,17.91,0.01,2862,28.61,/Users/rahul/seismoFNO/data/simulations/scaled_motions/RSN0029_PGA_0p050g.npy
RSN0029_PGA_0p100g,RSN0029,Morgan Hill,1984,Station_Morg_029,6.076637761213183,56.28550688142475,175.51610104945001,Strike-Slip,3.516684745419336,0.1,0.1,0.980665,0.1986880483231488,0.3849557966954804,0.22765989112046098,17.91,0.01,2862,28.61,/Users/rahul/seismoFNO/data/simulations/scaled_motions/RSN0029_PGA_0p100g.npy
RSN0029_PGA_0p200g,RSN0029,Morgan Hill,1984,Station_Morg_029,6.076637761213183,56.28550688142475,175.51610104945001,Strike-Slip,7.033369490838672,0.2,0.2,1.96133,0.3973760966462976,0.7699115933909608,0.9106395644818439,17.91,0.01,2862,28.61,/Users/rahul/seismoFNO/data/simulations/scaled_motions/RSN0029_PGA_0p200g.npy
RSN0029_PGA_0p300g,RSN0029,Morgan Hill,1984,Station_Morg_029,6.076637761213183,56.28550688142475,175.51610104945001,Strike-Slip,10.550054236258006,0.3,0.3,2.941995,0.5960641449694464,1.1548673900864421,2.0489390200841524,17.91,0.01,2862,28.61,/Users/rahul/seismoFNO/data/simulations/scaled_motions/RSN0029_PGA_0p300g.npy
RSN0029_PGA_0p400g,RSN0029,Morgan Hill,1984,Station_Morg_029,6.076637761213183,56.28550688142475,175.51610104945001,Strike-Slip,14.066738981677345,0.4,0.4,3.92266,0.7947521932925952,1.5398231867819216,3.6425582579273756,17.91,0.01,2862,28.61,/Users/rahul/seismoFNO/data/simulations/scaled_motions/RSN0029_PGA_0p400g.npy
RSN0029_PGA_0p500g,RSN0029,Morgan Hill,1984,Station_Morg_029,6.076637761213183,56.28550688142475,175.51610104945001,Strike-Slip,17.58342372709668,0.5,0.5,4.903325,0.993440241615744,1.924778983477398,5.6914972780115285,17.91,0.01,2862,28.61,/Users/rahul/seismoFNO/data/simulations/scaled_motions/RSN0029_PGA_0p500g.npy
RSN0029_PGA_0p600g,RSN0029,Morgan Hill,1984,Station_Morg_029,6.076637761213183,56.28550688142475,175.51610104945001,Strike-Slip,21.100108472516013,0.6,0.6,5.88399,1.1921282899388927,2.3097347801728842,8.19575608033661,17.91,0.01,2862,28.61,/Users/rahul/seismoFNO/data/simulations/scaled_motions/RSN0029_PGA_0p600g.npy
RSN0029_PGA_0p800g,RSN0029,Morgan Hill,1984,Station_Morg_029,6.076637761213183,56.28550688142475,175.51610104945001,Strike-Slip,28.13347796335469,0.8,0.8,7.84532,1.5895043865851903,3.0796463735638433,14.570233031709503,17.91,0.01,2862,28.61,/Users/rahul/seismoFNO/data/simulations/scaled_motions/RSN0029_PGA_0p800g.npy
RSN0029_PGA_1p000g,RSN0029,Morgan Hill,1984,Station_Morg_029,6.076637761213183,56.28550688142475,175.51610104945001,Strike-Slip,35.16684745419336,1.0,1.0,9.80665,1.986880483231488,3.849557966954796,22.765989112046114,17.91,0.01,2862,28.61,/Users/rahul/seismoFNO/data/simulations/scaled_motions/RSN0029_PGA_1p000g.npy
RSN0029_PGA_1p200g,RSN0029,Morgan Hill,1984,Station_Morg_029,6.076637761213183,56.28550688142475,175.51610104945001,Strike-Slip,42.200216945032025,1.2,1.2,11.76798,2.3842565798777855,4.6194695603457685,32.78302432134644,17.91,0.01,2862,28.61,/Users/rahul/seismoFNO/data/simulations/scaled_motions/RSN0029_PGA_1p200g.npy
RSN0030_PGA_0p050g,RSN0030,Whittier Narrows-01,1987,Station_Whit_030,5.6832936013197655,2.7500070810782296,738.3283639662533,Reverse,0.5881217393128618,0.05,0.049999999999999996,0.49033249999999995,0.06513313721606007,0.2060605650358305,0.020857959736990204,3.0500000000000003,0.01,2547,25.46,/Users/rahul/seismoFNO/data/simulations/scaled_motions/RSN0030_PGA_0p050g.npy
RSN0030_PGA_0p100g,RSN0030,Whittier Narrows-01,1987,Station_Whit_030,5.6832936013197655,2.7500070810782296,738.3283639662533,Reverse,1.1762434786257236,0.1,0.09999999999999999,0.9806649999999999,0.13026627443212013,0.412121130071661,0.08343183894796082,3.0500000000000003,0.01,2547,25.46,/Users/rahul/seismoFNO/data/simulations/scaled_motions/RSN0030_PGA_0p100g.npy
RSN0030_PGA_0p200g,RSN0030,Whittier Narrows-01,1987,Station_Whit_030,5.6832936013197655,2.7500070810782296,738.3283639662533,Reverse,2.3524869572514473,0.2,0.19999999999999998,1.9613299999999998,0.26053254886424027,0.824242260143322,0.33372735579184326,3.0500000000000003,0.01,2547,25.46,/Users/rahul/seismoFNO/data/simulations/scaled_motions/RSN0030_PGA_0p200g.npy
RSN0030_PGA_0p300g,RSN0030,Whittier Narrows-01,1987,Station_Whit_030,5.6832936013197655,2.7500070810782296,738.3283639662533,Reverse,3.5287304358771707,0.3,0.3,2.941995,0.3907988232963604,1.2363633902149893,0.7508865505316477,3.0500000000000003,0.01,2547,25.46,/Users/rahul/seismoFNO/data/simulations/scaled_motions/RSN0030_PGA_0p300g.npy
RSN0030_PGA_0p400g,RSN0030,Whittier Narrows-01,1987,Station_Whit_030,5.6832936013197655,2.7500070810782296,738.3283639662533,Reverse,4.704973914502895,0.4,0.39999999999999997,3.9226599999999996,0.5210650977284805,1.648484520286644,1.334909423167373,3.0500000000000003,0.01,2547,25.46,/Users/rahul/seismoFNO/data/simulations/scaled_motions/RSN0030_PGA_0p400g.npy
RSN0030_PGA_0p500g,RSN0030,Whittier Narrows-01,1987,Station_Whit_030,5.6832936013197655,2.7500070810782296,738.3283639662533,Reverse,5.881217393128618,0.5,0.5,4.903325,0.6513313721606007,2.060605650358309,2.0857959736990184,3.0500000000000003,0.01,2547,25.46,/Users/rahul/seismoFNO/data/simulations/scaled_motions/RSN0030_PGA_0p500g.npy
RSN0030_PGA_0p600g,RSN0030,Whittier Narrows-01,1987,Station_Whit_030,5.6832936013197655,2.7500070810782296,738.3283639662533,Reverse,7.0574608717543414,0.6,0.6,5.88399,0.7815976465927208,2.4727267804299786,3.0035462021265906,3.0500000000000003,0.01,2547,25.46,/Users/rahul/seismoFNO/data/simulations/scaled_motions/RSN0030_PGA_0p600g.npy
RSN0030_PGA_0p800g,RSN0030,Whittier Narrows-01,1987,Station_Whit_030,5.6832936013197655,2.7500070810782296,738.3283639662533,Reverse,9.40994782900579,0.8,0.7999999999999999,7.845319999999999,1.042130195456961,3.296969040573288,5.339637692669492,3.0500000000000003,0.01,2547,25.46,/Users/rahul/seismoFNO/data/simulations/scaled_motions/RSN0030_PGA_0p800g.npy
RSN0030_PGA_1p000g,RSN0030,Whittier Narrows-01,1987,Station_Whit_030,5.6832936013197655,2.7500070810782296,738.3283639662533,Reverse,11.762434786257236,1.0,1.0,9.80665,1.3026627443212013,4.121211300716618,8.343183894796073,3.0500000000000003,0.01,2547,25.46,/Users/rahul/seismoFNO/data/simulations/scaled_motions/RSN0030_PGA_1p000g.npy
RSN0030_PGA_1p200g,RSN0030,Whittier Narrows-01,1987,Station_Whit_030,5.6832936013197655,2.7500070810782296,738.3283639662533,Reverse,14.114921743508683,1.2,1.2,11.76798,1.5631952931854416,4.945453560859957,12.014184808506363,3.0500000000000003,0.01,2547,25.46,/Users/rahul/seismoFNO/data/simulations/scaled_motions/RSN0030_PGA_1p200g.npy
RSN0031_PGA_0p050g,RSN0031,Parkfield-02,2004,Station_Park_031,5.88423126521769,91.20648451399474,556.0914878377839,Strike-Slip,2.500816129487924,0.05,0.05,0.4903325,0.07000736365793071,0.09281634874236437,0.041680695196561715,16.85,0.01,2708,27.07,/Users/rahul/seismoFNO/data/simulations/scaled_motions/RSN0031_PGA_0p050g.npy
RSN0031_PGA_0p100g,RSN0031,Parkfield-02,2004,Station_Park_031,5.88423126521769,91.20648451399474,556.0914878377839,Strike-Slip,5.001632258975848,0.1,0.1,0.980665,0.14001472731586143,0.18563269748472874,0.16672278078624686,16.85,0.01,2708,27.07,/Users/rahul/seismoFNO/data/simulations/scaled_motions/RSN0031_PGA_0p100g.npy
RSN0031_PGA_0p200g,RSN0031,Parkfield-02,2004,Station_Park_031,5.88423126521769,91.20648451399474,556.0914878377839,Strike-Slip,10.003264517951695,0.2,0.2,1.96133,0.28002945463172285,0.3712653949694575,0.6668911231449874,16.85,0.01,2708,27.07,/Users/rahul/seismoFNO/data/simulations/scaled_motions/RSN0031_PGA_0p200g.npy
RSN0031_PGA_0p300g,RSN0031,Parkfield-02,2004,Station_Park_031,5.88423126521769,91.20648451399474,556.0914878377839,Strike-Slip,15.004896776927541,0.3,0.3,2.941995,0.4200441819475837,0.5568980924541804,1.5005050270762226,16.85,0.01,2708,27.07,/Users/rahul/seismoFNO/data/simulations/scaled_motions/RSN0031_PGA_0p300g.npy
RSN0031_PGA_0p400g,RSN0031,Parkfield-02,2004,Station_Park_031,5.88423126521769,91.20648451399474,556.0914878377839,Strike-Slip,20.00652903590339,0.4,0.4,3.92266,0.5600589092634457,0.742530789938915,2.6675644925799498,16.85,0.01,2708,27.07,/Users/rahul/seismoFNO/data/simulations/scaled_motions/RSN0031_PGA_0p400g.npy
RSN0031_PGA_0p500g,RSN0031,Parkfield-02,2004,Station_Park_031,5.88423126521769,91.20648451399474,556.0914878377839,Strike-Slip,25.008161294879237,0.5,0.5,4.903325,0.7000736365793064,0.9281634874236389,4.1680695196561715,16.85,0.01,2708,27.07,/Users/rahul/seismoFNO/data/simulations/scaled_motions/RSN0031_PGA_0p500g.npy
RSN0031_PGA_0p600g,RSN0031,Parkfield-02,2004,Station_Park_031,5.88423126521769,91.20648451399474,556.0914878377839,Strike-Slip,30.009793553855083,0.6,0.6,5.88399,0.8400883638951674,1.1137961849083609,6.00202010830489,16.85,0.01,2708,27.07,/Users/rahul/seismoFNO/data/simulations/scaled_motions/RSN0031_PGA_0p600g.npy
RSN0031_PGA_0p800g,RSN0031,Parkfield-02,2004,Station_Park_031,5.88423126521769,91.20648451399474,556.0914878377839,Strike-Slip,40.01305807180678,0.8,0.8,7.84532,1.1201178185268914,1.48506157987783,10.670257970319799,16.85,0.01,2708,27.07,/Users/rahul/seismoFNO/data/simulations/scaled_motions/RSN0031_PGA_0p800g.npy
RSN0031_PGA_1p000g,RSN0031,Parkfield-02,2004,Station_Park_031,5.88423126521769,91.20648451399474,556.0914878377839,Strike-Slip,50.016322589758474,1.0,1.0,9.80665,1.4001472731586129,1.8563269748472777,16.672278078624686,16.85,0.01,2708,27.07,/Users/rahul/seismoFNO/data/simulations/scaled_motions/RSN0031_PGA_1p000g.npy
RSN0031_PGA_1p200g,RSN0031,Parkfield-02,2004,Station_Park_031,5.88423126521769,91.20648451399474,556.0914878377839,Strike-Slip,60.019587107710166,1.2,1.2,11.76798,1.6801767277903348,2.2275923698167217,24.00808043321956,16.85,0.01,2708,27.07,/Users/rahul/seismoFNO/data/simulations/scaled_motions/RSN0031_PGA_1p200g.npy
RSN0032_PGA_0p050g,RSN0032,Darfield (New Zealand),2010,Station_Darf_032,7.004540854206009,6.07634784595432,1043.092277782098,Strike-Slip,0.346230368004951,0.05,0.05,0.4903325,0.06503372791797025,0.14859860513871676,0.03139196568059988,8.5,0.01,3604,36.03,/Users/rahul/seismoFNO/data/simulations/scaled_motions/RSN0032_PGA_0p050g.npy
RSN0032_PGA_0p100g,RSN0032,Darfield (New Zealand),2010,Station_Darf_032,7.004540854206009,6.07634784595432,1043.092277782098,Strike-Slip,0.692460736009902,0.1,0.1,0.980665,0.1300674558359405,0.2971972102774335,0.12556786272239953,8.5,0.01,3604,36.03,/Users/rahul/seismoFNO/data/simulations/scaled_motions/RSN0032_PGA_0p100g.npy
RSN0032_PGA_0p200g,RSN0032,Darfield (New Zealand),2010,Station_Darf_032,7.004540854206009,6.07634784595432,1043.092277782098,Strike-Slip,1.384921472019804,0.2,0.2,1.96133,0.260134911671881,0.594394420554867,0.5022714508895981,8.5,0.01,3604,36.03,/Users/rahul/seismoFNO/data/simulations/scaled_motions/RSN0032_PGA_0p200g.npy
RSN0032_PGA_0p300g,RSN0032,Darfield (New Zealand),2010,Station_Darf_032,7.004540854206009,6.07634784595432,1043.092277782098,Strike-Slip,2.0773822080297055,0.3,0.29999999999999993,2.941994999999999,0.3902023675078215,0.8915916308322961,1.1301107645016002,8.5,0.01,3604,36.03,/Users/rahul/seismoFNO/data/simulations/scaled_motions/RSN0032_PGA_0p300g.npy
RSN0032_PGA_0p400g,RSN0032,Darfield (New Zealand),2010,Station_Darf_032,7.004540854206009,6.07634784595432,1043.092277782098,Strike-Slip,2.769842944039608,0.4,0.4,3.92266,0.520269823343762,1.188788841109734,2.0090858035583925,8.5,0.01,3604,36.03,/Users/rahul/seismoFNO/data/simulations/scaled_motions/RSN0032_PGA_0p400g.npy
RSN0032_PGA_0p500g,RSN0032,Darfield (New Zealand),2010,Station_Darf_032,7.004540854206009,6.07634784595432,1043.092277782098,Strike-Slip,3.4623036800495095,0.5,0.5,4.903325,0.6503372791797026,1.4859860513871566,3.139196568059997,8.5,0.01,3604,36.03,/Users/rahul/seismoFNO/data/simulations/scaled_motions/RSN0032_PGA_0p500g.npy
RSN0032_PGA_0p600g,RSN0032,Darfield (New Zealand),2010,Station_Darf_032,7.004540854206009,6.07634784595432,1043.092277782098,Strike-Slip,4.154764416059411,0.6,0.5999999999999999,5.883989999999998,0.780404735015643,1.7831832616645922,4.520443058006401,8.5,0.01,3604,36.03,/Users/rahul/seismoFNO/data/simulations/scaled_motions/RSN0032_PGA_0p600g.npy
RSN0032_PGA_0p800g,RSN0032,Darfield (New Zealand),2010,Station_Darf_032,7.004540854206009,6.07634784595432,1043.092277782098,Strike-Slip,5.539685888079216,0.8,0.8,7.84532,1.040539646687524,2.377577682219468,8.03634321423357,8.5,0.01,3604,36.03,/Users/rahul/seismoFNO/data/simulations/scaled_motions/RSN0032_PGA_0p800g.npy
RSN0032_PGA_1p000g,RSN0032,Darfield (New Zealand),2010,Station_Darf_032,7.004540854206009,6.07634784595432,1043.092277782098,Strike-Slip,6.924607360099019,1.0,1.0,9.80665,1.3006745583594053,2.971972102774313,12.556786272239988,8.5,0.01,3604,36.03,/Users/rahul/seismoFNO/data/simulations/scaled_motions/RSN0032_PGA_1p000g.npy
RSN0032_PGA_1p200g,RSN0032,Darfield (New Zealand),2010,Station_Darf_032,7.004540854206009,6.07634784595432,1043.092277782098,Strike-Slip,8.309528832118822,1.2,1.1999999999999997,11.767979999999996,1.560809470031286,3.5663665233291844,18.081772232025603,8.5,0.01,3604,36.03,/Users/rahul/seismoFNO/data/simulations/scaled_motions/RSN0032_PGA_1p200g.npy
RSN0033_PGA_0p050g,RSN0033,Imperial Valley-06,1979,Station_Impe_033,6.714839368269064,68.0252419581402,904.4081109305911,Strike-Slip,1.3894003798526953,0.05,0.05,0.4903325,0.08312141433229402,0.2681383167109064,0.061479314682233846,21.5,0.01,3373,33.72,/Users/rahul/seismoFNO/data/simulations/scaled_motions/RSN0033_PGA_0p050g.npy
RSN0033_PGA_0p100g,RSN0033,Imperial Valley-06,1979,Station_Impe_033,6.714839368269064,68.0252419581402,904.4081109305911,Strike-Slip,2.7788007597053905,0.1,0.1,0.980665,0.16624282866458803,0.5362766334218128,0.24591725872893538,21.5,0.01,3373,33.72,/Users/rahul/seismoFNO/data/simulations/scaled_motions/RSN0033_PGA_0p100g.npy
RSN0033_PGA_0p200g,RSN0033,Imperial Valley-06,1979,Station_Impe_033,6.714839368269064,68.0252419581402,904.4081109305911,Strike-Slip,5.557601519410781,0.2,0.2,1.96133,0.33248565732917607,1.0725532668436255,0.9836690349157415,21.5,0.01,3373,33.72,/Users/rahul/seismoFNO/data/simulations/scaled_motions/RSN0033_PGA_0p200g.npy
RSN0033_PGA_0p300g,RSN0033,Imperial Valley-06,1979,Station_Impe_033,6.714839368269064,68.0252419581402,904.4081109305911,Strike-Slip,8.336402279116172,0.3,0.3,2.941995,0.49872848599376396,1.6088299002654345,2.2132553285604244,21.5,0.01,3373,33.72,/Users/rahul/seismoFNO/data/simulations/scaled_motions/RSN0033_PGA_0p300g.npy
RSN0033_PGA_0p400g,RSN0033,Imperial Valley-06,1979,Station_Impe_033,6.714839368269064,68.0252419581402,904.4081109305911,Strike-Slip,11.115203038821562,0.4,0.4,3.92266,0.6649713146583521,2.145106533687251,3.934676139662966,21.5,0.01,3373,33.72,/Users/rahul/seismoFNO/data/simulations/scaled_motions/RSN0033_PGA_0p400g.npy
RSN0033_PGA_0p500g,RSN0033,Imperial Valley-06,1979,Station_Impe_033,6.714839368269064,68.0252419581402,904.4081109305911,Strike-Slip,13.894003798526953,0.5,0.5,4.903325,0.8312141433229401,2.681383167109059,6.147931468223387,21.5,0.01,3373,33.72,/Users/rahul/seismoFNO/data/simulations/scaled_motions/RSN0033_PGA_0p500g.npy
RSN0033_PGA_0p600g,RSN0033,Imperial Valley-06,1979,Station_Impe_033,6.714839368269064,68.0252419581402,904.4081109305911,Strike-Slip,16.672804558232343,0.6,0.6,5.88399,0.9974569719875279,3.217659800530869,8.853021314241698,21.5,0.01,3373,33.72,/Users/rahul/seismoFNO/data/simulations/scaled_motions/RSN0033_PGA_0p600g.npy
RSN0033_PGA_0p800g,RSN0033,Imperial Valley-06,1979,Station_Impe_033,6.714839368269064,68.0252419581402,904.4081109305911,Strike-Slip,22.230406077643124,0.8,0.8,7.84532,1.3299426293167043,4.290213067374502,15.738704558651865,21.5,0.01,3373,33.72,/Users/rahul/seismoFNO/data/simulations/scaled_motions/RSN0033_PGA_0p800g.npy
RSN0033_PGA_1p000g,RSN0033,Imperial Valley-06,1979,Station_Impe_033,6.714839368269064,68.0252419581402,904.4081109305911,Strike-Slip,27.788007597053905,1.0,1.0,9.80665,1.6624282866458802,5.362766334218118,24.591725872893548,21.5,0.01,3373,33.72,/Users/rahul/seismoFNO/data/simulations/scaled_motions/RSN0033_PGA_1p000g.npy
RSN0033_PGA_1p200g,RSN0033,Imperial Valley-06,1979,Station_Impe_033,6.714839368269064,68.0252419581402,904.4081109305911,Strike-Slip,33.345609116464686,1.2,1.2,11.76798,1.9949139439750558,6.435319601061738,35.41208525696679,21.5,0.01,3373,33.72,/Users/rahul/seismoFNO/data/simulations/scaled_motions/RSN0033_PGA_1p200g.npy
RSN0034_PGA_0p050g,RSN0034,Loma Prieta,1989,Station_Loma_034,6.679878984891867,4.599473094464647,185.14203783062064,Reverse-Oblique,0.36954796096134157,0.05,0.05,0.4903325,0.07047306614716219,0.04713250515365763,0.037658245747286,5.26,0.01,3345,33.44,/Users/rahul/seismoFNO/data/simulations/scaled_motions/RSN0034_PGA_0p050g.npy
RSN0034_PGA_0p100g,RSN0034,Loma Prieta,1989,Station_Loma_034,6.679878984891867,4.599473094464647,185.14203783062064,Reverse-Oblique,0.7390959219226831,0.1,0.1,0.980665,0.14094613229432437,0.09426501030731527,0.150632982989144,5.26,0.01,3345,33.44,/Users/rahul/seismoFNO/data/simulations/scaled_motions/RSN0034_PGA_0p100g.npy
RSN0034_PGA_0p200g,RSN0034,Loma Prieta,1989,Station_Loma_034,6.679878984891867,4.599473094464647,185.14203783062064,Reverse-Oblique,1.4781918438453663,0.2,0.2,1.96133,0.28189226458864874,0.18853002061463053,0.602531931956576,5.26,0.01,3345,33.44,/Users/rahul/seismoFNO/data/simulations/scaled_motions/RSN0034_PGA_0p200g.npy
RSN0034_PGA_0p300g,RSN0034,Loma Prieta,1989,Station_Loma_034,6.679878984891867,4.599473094464647,185.14203783062064,Reverse-Oblique,2.217287765768049,0.3,0.3,2.941995,0.4228383968829734,0.2827950309219454,1.3556968469022952,5.26,0.01,3345,33.44,/Users/rahul/seismoFNO/data/simulations/scaled_motions/RSN0034_PGA_0p300g.npy
RSN0034_PGA_0p400g,RSN0034,Loma Prieta,1989,Station_Loma_034,6.679878984891867,4.599473094464647,185.14203783062064,Reverse-Oblique,2.9563836876907326,0.4,0.4,3.92266,0.5637845291772975,0.37706004122926107,2.410127727826304,5.26,0.01,3345,33.44,/Users/rahul/seismoFNO/data/simulations/scaled_motions/RSN0034_PGA_0p400g.npy
RSN0034_PGA_0p500g,RSN0034,Loma Prieta,1989,Station_Loma_034,6.679878984891867,4.599473094464647,185.14203783062064,Reverse-Oblique,3.6954796096134155,0.5,0.5,4.903325,0.7047306614716218,0.4713250515365758,3.7658245747286045,5.26,0.01,3345,33.44,/Users/rahul/seismoFNO/data/simulations/scaled_motions/RSN0034_PGA_0p500g.npy
RSN0034_PGA_0p600g,RSN0034,Loma Prieta,1989,Station_Loma_034,6.679878984891867,4.599473094464647,185.14203783062064,Reverse-Oblique,4.434575531536098,0.6,0.6,5.88399,0.8456767937659468,0.5655900618438908,5.422787387609181,5.26,0.01,3345,33.44,/Users/rahul/seismoFNO/data/simulations/scaled_motions/RSN0034_PGA_0p600g.npy
RSN0034_PGA_0p800g,RSN0034,Loma Prieta,1989,Station_Loma_034,6.679878984891867,4.599473094464647,185.14203783062064,Reverse-Oblique,5.912767375381465,0.8,0.8,7.84532,1.127569058354595,0.7541200824585221,9.640510911305215,5.26,0.01,3345,33.44,/Users/rahul/seismoFNO/data/simulations/scaled_motions/RSN0034_PGA_0p800g.npy
RSN0034_PGA_1p000g,RSN0034,Loma Prieta,1989,Station_Loma_034,6.679878984891867,4.599473094464647,185.14203783062064,Reverse-Oblique,7.390959219226831,1.0,1.0,9.80665,1.4094613229432436,0.9426501030731516,15.063298298914418,5.26,0.01,3345,33.44,/Users/rahul/seismoFNO/data/simulations/scaled_motions/RSN0034_PGA_1p000g.npy
RSN0034_PGA_1p200g,RSN0034,Loma Prieta,1989,Station_Loma_034,6.679878984891867,4.599473094464647,185.14203783062064,Reverse-Oblique,8.869151063072197,1.2,1.2,11.76798,1.6913535875318937,1.1311801236877816,21.691149550436723,5.26,0.01,3345,33.44,/Users/rahul/seismoFNO/data/simulations/scaled_motions/RSN0034_PGA_1p200g.npy
RSN0035_PGA_0p050g,RSN0035,Northridge-01,1994,Station_Nort_035,6.524670833770658,10.53590551291622,706.4989929600312,Reverse,0.530221161305623,0.05,0.05,0.4903325,0.06705962121117615,0.1914026966340441,0.03182824454904094,8.26,0.01,3220,32.19,/Users/rahul/seismoFNO/data/simulations/scaled_motions/RSN0035_PGA_0p050g.npy
RSN0035_PGA_0p100g,RSN0035,Northridge-01,1994,Station_Nort_035,6.524670833770658,10.53590551291622,706.4989929600312,Reverse,1.060442322611246,0.1,0.1,0.980665,0.1341192424223523,0.3828053932680882,0.12731297819616377,8.26,0.01,3220,32.19,/Users/rahul/seismoFNO/data/simulations/scaled_motions/RSN0035_PGA_0p100g.npy
RSN0035_PGA_0p200g,RSN0035,Northridge-01,1994,Station_Nort_035,6.524670833770658,10.53590551291622,706.4989929600312,Reverse,2.120884645222492,0.2,0.2,1.96133,0.2682384848447046,0.7656107865361764,0.5092519127846551,8.26,0.01,3220,32.19,/Users/rahul/seismoFNO/data/simulations/scaled_motions/RSN0035_PGA_0p200g.npy
RSN0035_PGA_0p300g,RSN0035,Northridge-01,1994,Station_Nort_035,6.524670833770658,10.53590551291622,706.4989929600312,Reverse,3.181326967833738,0.3,0.3,2.941995,0.4023577272670569,1.148416179804267,1.1458168037654728,8.26,0.01,3220,32.19,/Users/rahul/seismoFNO/data/simulations/scaled_motions/RSN0035_PGA_0p300g.npy
RSN0035_PGA_0p400g,RSN0035,Northridge-01,1994,Station_Nort_035,6.524670833770658,10.53590551291622,706.4989929600312,Reverse,4.241769290444984,0.4,0.4,3.92266,0.5364769696894092,1.5312215730723528,2.0370076511386204,8.26,0.01,3220,32.19,/Users/rahul/seismoFNO/data/simulations/scaled_motions/RSN0035_PGA_0p400g.npy
RSN0035_PGA_0p500g,RSN0035,Northridge-01,1994,Station_Nort_035,6.524670833770658,10.53590551291622,706.4989929600312,Reverse,5.3022116130562305,0.5,0.5,4.903325,0.6705962121117616,1.914026966340435,3.182824454904113,8.26,0.01,3220,32.19,/Users/rahul/seismoFNO/data/simulations/scaled_motions/RSN0035_PGA_0p500g.npy
RSN0035_PGA_0p600g,RSN0035,Northridge-01,1994,Station_Nort_035,6.524670833770658,10.53590551291622,706.4989929600312,Reverse,6.362653935667476,0.6,0.6,5.88399,0.8047154545341137,2.296832359608534,4.583267215061891,8.26,0.01,3220,32.19,/Users/rahul/seismoFNO/data/simulations/scaled_motions/RSN0035_PGA_0p600g.npy
RSN0035_PGA_0p800g,RSN0035,Northridge-01,1994,Station_Nort_035,6.524670833770658,10.53590551291622,706.4989929600312,Reverse,8.483538580889968,0.8,0.8,7.84532,1.0729539393788183,3.0624431461447057,8.148030604554481,8.26,0.01,3220,32.19,/Users/rahul/seismoFNO/data/simulations/scaled_motions/RSN0035_PGA_0p800g.npy
RSN0035_PGA_1p000g,RSN0035,Northridge-01,1994,Station_Nort_035,6.524670833770658,10.53590551291622,706.4989929600312,Reverse,10.604423226112461,1.0,1.0,9.80665,1.3411924242235231,3.82805393268087,12.731297819616453,8.26,0.01,3220,32.19,/Users/rahul/seismoFNO/data/simulations/scaled_motions/RSN0035_PGA_1p000g.npy
RSN0035_PGA_1p200g,RSN0035,Northridge-01,1994,Station_Nort_035,6.524670833770658,10.53590551291622,706.4989929600312,Reverse,12.725307871334952,1.2,1.2,11.76798,1.6094309090682275,4.593664719217068,18.333068860247565,8.26,0.01,3220,32.19,/Users/rahul/seismoFNO/data/simulations/scaled_motions/RSN0035_PGA_1p200g.npy
RSN0036_PGA_0p050g,RSN0036,Kobe (Hyogo-ken Nanbu),1995,Station_Kobe_036,6.8323267732276,51.78660233441518,407.3288603411199,Strike-Slip,1.0719829788516995,0.05,0.05,0.4903325,0.08584564169557073,0.1492515522077194,0.09646450484066717,23.75,0.01,3467,34.660000000000004,/Users/rahul/seismoFNO/data/simulations/scaled_motions/RSN0036_PGA_0p050g.npy
RSN0036_PGA_0p100g,RSN0036,Kobe (Hyogo-ken Nanbu),1995,Station_Kobe_036,6.8323267732276,51.78660233441518,407.3288603411199,Strike-Slip,2.143965957703399,0.1,0.1,0.980665,0.17169128339114145,0.2985031044154388,0.38585801936266867,23.75,0.01,3467,34.660000000000004,/Users/rahul/seismoFNO/data/simulations/scaled_motions/RSN0036_PGA_0p100g.npy
RSN0036_PGA_0p200g,RSN0036,Kobe (Hyogo-ken Nanbu),1995,Station_Kobe_036,6.8323267732276,51.78660233441518,407.3288603411199,Strike-Slip,4.287931915406798,0.2,0.2,1.96133,0.3433825667822829,0.5970062088308776,1.5434320774506747,23.75,0.01,3467,34.660000000000004,/Users/rahul/seismoFNO/data/simulations/scaled_motions/RSN0036_PGA_0p200g.npy
RSN0036_PGA_0p300g,RSN0036,Kobe (Hyogo-ken Nanbu),1995,Station_Kobe_036,6.8323267732276,51.78660233441518,407.3288603411199,Strike-Slip,6.431897873110197,0.3,0.3,2.941995,0.5150738501734244,0.8955093132463082,3.4727221742640246,23.75,0.01,3467,34.660000000000004,/Users/rahul/seismoFNO/data/simulations/scaled_motions/RSN0036_PGA_0p300g.npy
RSN0036_PGA_0p400g,RSN0036,Kobe (Hyogo-ken Nanbu),1995,Station_Kobe_036,6.8323267732276,51.78660233441518,407.3288603411199,Strike-Slip,8.575863830813596,0.4,0.4,3.92266,0.6867651335645658,1.1940124176617553,6.173728309802699,23.75,0.01,3467,34.660000000000004,/Users/rahul/seismoFNO/data/simulations/scaled_motions/RSN0036_PGA_0p400g.npy
RSN0036_PGA_0p500g,RSN0036,Kobe (Hyogo-ken Nanbu),1995,Station_Kobe_036,6.8323267732276,51.78660233441518,407.3288603411199,Strike-Slip,10.719829788516995,0.5,0.5,4.903325,0.8584564169557063,1.4925155220771842,9.646450484066738,23.75,0.01,3467,34.660000000000004,/Users/rahul/seismoFNO/data/simulations/scaled_motions/RSN0036_PGA_0p500g.npy
RSN0036_PGA_0p600g,RSN0036,Kobe (Hyogo-ken Nanbu),1995,Station_Kobe_036,6.8323267732276,51.78660233441518,407.3288603411199,Strike-Slip,12.863795746220394,0.6,0.6,5.88399,1.0301477003468489,1.7910186264926165,13.890888697056099,23.75,0.01,3467,34.660000000000004,/Users/rahul/seismoFNO/data/simulations/scaled_motions/RSN0036_PGA_0p600g.npy
RSN0036_PGA_0p800g,RSN0036,Kobe (Hyogo-ken Nanbu),1995,Station_Kobe_036,6.8323267732276,51.78660233441518,407.3288603411199,Strike-Slip,17.15172766162719,0.8,0.8,7.84532,1.3735302671291316,2.3880248353235105,24.694913239210795,23.75,0.01,3467,34.660000000000004,/Users/rahul/seismoFNO/data/simulations/scaled_motions/RSN0036_PGA_0p800g.npy
RSN0036_PGA_1p000g,RSN0036,Kobe (Hyogo-ken Nanbu),1995,Station_Kobe_036,6.8323267732276,51.78660233441518,407.3288603411199,Strike-Slip,21.43965957703399,1.0,1.0,9.80665,1.7169128339114126,2.9850310441543684,38.585801936266954,23.75,0.01,3467,34.660000000000004,/Users/rahul/seismoFNO/data/simulations/scaled_motions/RSN0036_PGA_1p000g.npy
RSN0036_PGA_1p200g,RSN0036,Kobe (Hyogo-ken Nanbu),1995,Station_Kobe_036,6.8323267732276,51.78660233441518,407.3288603411199,Strike-Slip,25.727591492440787,1.2,1.2,11.76798,2.0602954006936978,3.582037252985233,55.563554788224394,23.75,0.01,3467,34.660000000000004,/Users/rahul/seismoFNO/data/simulations/scaled_motions/RSN0036_PGA_1p200g.npy
RSN0037_PGA_0p050g,RSN0037,Chi-Chi (Taiwan-01),1999,Station_Chi-_037,7.726335746962476,8.051256486995921,503.1996118741468,Reverse,0.243035465410655,0.05,0.05,0.4903325,0.1627985490696365,1.0106979884069895,0.06521582926541261,16.46,0.01,4181,41.800000000000004,/Users/rahul/seismoFNO/data/simulations/scaled_motions/RSN0037_PGA_0p050g.npy
RSN0037_PGA_0p100g,RSN0037,Chi-Chi (Taiwan-01),1999,Station_Chi-_037,7.726335746962476,8.051256486995921,503.1996118741468,Reverse,0.48607093082131,0.1,0.1,0.980665,0.325597098139273,2.021395976813979,0.26086331706165045,16.46,0.01,4181,41.800000000000004,/Users/rahul/seismoFNO/data/simulations/scaled_motions/RSN0037_PGA_0p100g.npy
RSN0037_PGA_0p200g,RSN0037,Chi-Chi (Taiwan-01),1999,Station_Chi-_037,7.726335746962476,8.051256486995921,503.1996118741468,Reverse,0.97214186164262,0.2,0.2,1.96133,0.651194196278546,4.042791953627958,1.0434532682466018,16.46,0.01,4181,41.800000000000004,/Users/rahul/seismoFNO/data/simulations/scaled_motions/RSN0037_PGA_0p200g.npy
RSN0037_PGA_0p300g,RSN0037,Chi-Chi (Taiwan-01),1999,Station_Chi-_037,7.726335746962476,8.051256486995921,503.1996118741468,Reverse,1.4582127924639299,0.3,0.3,2.941995,0.9767912944178199,6.064187930441937,2.3477698535548495,16.46,0.01,4181,41.800000000000004,/Users/rahul/seismoFNO/data/simulations/scaled_motions/RSN0037_PGA_0p300g.npy
RSN0037_PGA_0p400g,RSN0037,Chi-Chi (Taiwan-01),1999,Station_Chi-_037,7.726335746962476,8.051256486995921,503.1996118741468,Reverse,1.94428372328524,0.4,0.4,3.92266,1.302388392557092,8.085583907255916,4.173813072986407,16.46,0.01,4181,41.800000000000004,/Users/rahul/seismoFNO/data/simulations/scaled_motions/RSN0037_PGA_0p400g.npy
RSN0037_PGA_0p500g,RSN0037,Chi-Chi (Taiwan-01),1999,Station_Chi-_037,7.726335746962476,8.051256486995921,503.1996118741468,Reverse,2.4303546541065497,0.5,0.5,4.903325,1.627985490696365,10.106979884069883,6.521582926541252,16.46,0.01,4181,41.800000000000004,/Users/rahul/seismoFNO/data/simulations/scaled_motions/RSN0037_PGA_0p500g.npy
RSN0037_PGA_0p600g,RSN0037,Chi-Chi (Taiwan-01),1999,Station_Chi-_037,7.726335746962476,8.051256486995921,503.1996118741468,Reverse,2.9164255849278597,0.6,0.6,5.88399,1.9535825888356397,12.128375860883875,9.391079414219398,16.46,0.01,4181,41.800000000000004,/Users/rahul/seismoFNO/data/simulations/scaled_motions/RSN0037_PGA_0p600g.npy
RSN0037_PGA_0p800g,RSN0037,Chi-Chi (Taiwan-01),1999,Station_Chi-_037,7.726335746962476,8.051256486995921,503.1996118741468,Reverse,3.88856744657048,0.8,0.8,7.84532,2.604776785114184,16.171167814511833,16.69525229194563,16.46,0.01,4181,41.800000000000004,/Users/rahul/seismoFNO/data/simulations/scaled_motions/RSN0037_PGA_0p800g.npy
RSN0037_PGA_1p000g,RSN0037,Chi-Chi (Taiwan-01),1999,Station_Chi-_037,7.726335746962476,8.051256486995921,503.1996118741468,Reverse,4.860709308213099,1.0,1.0,9.80665,3.25597098139273,20.213959768139766,26.08633170616501,16.46,0.01,4181,41.800000000000004,/Users/rahul/seismoFNO/data/simulations/scaled_motions/RSN0037_PGA_1p000g.npy
RSN0037_PGA_1p200g,RSN0037,Chi-Chi (Taiwan-01),1999,Station_Chi-_037,7.726335746962476,8.051256486995921,503.1996118741468,Reverse,5.8328511698557195,1.2,1.2,11.76798,3.9071651776712795,24.25675172176775,37.56431765687759,16.46,0.01,4181,41.800000000000004,/Users/rahul/seismoFNO/data/simulations/scaled_motions/RSN0037_PGA_1p200g.npy
RSN0038_PGA_0p050g,RSN0038,Kocaeli (Turkey),1999,Station_Koca_038,7.435951887284316,3.6295670326082403,335.60101876817356,Strike-Slip,0.2288172358446757,0.05,0.05,0.4903325,0.10608882324771977,0.13651176329486303,0.033403492693303984,10.100000000000001,0.01,3949,39.480000000000004,/Users/rahul/seismoFNO/data/simulations/scaled_motions/RSN0038_PGA_0p050g.npy
RSN0038_PGA_0p100g,RSN0038,Kocaeli (Turkey),1999,Station_Koca_038,7.435951887284316,3.6295670326082403,335.60101876817356,Strike-Slip,0.4576344716893514,0.1,0.1,0.980665,0.21217764649543955,0.27302352658972606,0.13361397077321593,10.100000000000001,0.01,3949,39.480000000000004,/Users/rahul/seismoFNO/data/simulations/scaled_motions/RSN0038_PGA_0p100g.npy
RSN0038_PGA_0p200g,RSN0038,Kocaeli (Turkey),1999,Station_Koca_038,7.435951887284316,3.6295670326082403,335.60101876817356,Strike-Slip,0.9152689433787028,0.2,0.2,1.96133,0.4243552929908791,0.5460470531794521,0.5344558830928637,10.100000000000001,0.01,3949,39.480000000000004,/Users/rahul/seismoFNO/data/simulations/scaled_motions/RSN0038_PGA_0p200g.npy
RSN0038_PGA_0p300g,RSN0038,Kocaeli (Turkey),1999,Station_Koca_038,7.435951887284316,3.6295670326082403,335.60101876817356,Strike-Slip,1.3729034150680541,0.3,0.3,2.941995,0.6365329394863186,0.8190705797691781,1.2025257369589504,10.100000000000001,0.01,3949,39.480000000000004,/Users/rahul/seismoFNO/data/simulations/scaled_motions/RSN0038_PGA_0p300g.npy
RSN0038_PGA_0p400g,RSN0038,Kocaeli (Turkey),1999,Station_Koca_038,7.435951887284316,3.6295670326082403,335.60101876817356,Strike-Slip,1.8305378867574056,0.4,0.4,3.92266,0.8487105859817582,1.0920941063589042,2.137823532371455,10.100000000000001,0.01,3949,39.480000000000004,/Users/rahul/seismoFNO/data/simulations/scaled_motions/RSN0038_PGA_0p400g.npy
RSN0038_PGA_0p500g,RSN0038,Kocaeli (Turkey),1999,Station_Koca_038,7.435951887284316,3.6295670326082403,335.60101876817356,Strike-Slip,2.288172358446757,0.5,0.5,4.903325,1.060888232477197,1.3651176329486283,3.340349269330423,10.100000000000001,0.01,3949,39.480000000000004,/Users/rahul/seismoFNO/data/simulations/scaled_motions/RSN0038_PGA_0p500g.npy
RSN0038_PGA_0p600g,RSN0038,Kocaeli (Turkey),1999,Station_Koca_038,7.435951887284316,3.6295670326082403,335.60101876817356,Strike-Slip,2.7458068301361083,0.6,0.6,5.88399,1.2730658789726372,1.6381411595383562,4.8101029478358015,10.100000000000001,0.01,3949,39.480000000000004,/Users/rahul/seismoFNO/data/simulations/scaled_motions/RSN0038_PGA_0p600g.npy
RSN0038_PGA_0p800g,RSN0038,Kocaeli (Turkey),1999,Station_Koca_038,7.435951887284316,3.6295670326082403,335.60101876817356,Strike-Slip,3.661075773514811,0.8,0.8,7.84532,1.6974211719635164,2.1841882127178085,8.55129412948582,10.100000000000001,0.01,3949,39.480000000000004,/Users/rahul/seismoFNO/data/simulations/scaled_motions/RSN0038_PGA_0p800g.npy
RSN0038_PGA_1p000g,RSN0038,Kocaeli (Turkey),1999,Station_Koca_038,7.435951887284316,3.6295670326082403,335.60101876817356,Strike-Slip,4.576344716893514,1.0,1.0,9.80665,2.121776464954394,2.7302352658972566,13.361397077321692,10.100000000000001,0.01,3949,39.480000000000004,/Users/rahul/seismoFNO/data/simulations/scaled_motions/RSN0038_PGA_1p000g.npy
RSN0038_PGA_1p200g,RSN0038,Kocaeli (Turkey),1999,Station_Koca_038,7.435951887284316,3.6295670326082403,335.60101876817356,Strike-Slip,5.4916136602722165,1.2,1.2,11.76798,2.5461317579452745,3.2762823190767123,19.240411791343206,10.100000000000001,0.01,3949,39.480000000000004,/Users/rahul/seismoFNO/data/simulations/scaled_motions/RSN0038_PGA_1p200g.npy
RSN0039_PGA_0p050g,RSN0039,Landers,1992,Station_Land_039,7.144679441363137,15.410546228077308,453.61782905296593,Strike-Slip,0.4494522305498614,0.05,0.05,0.4903325,0.08610303370835476,0.5254799921934813,0.06361431989532694,14.59,0.01,3716,37.15,/Users/rahul/seismoFNO/data/simulations/scaled_motions/RSN0039_PGA_0p050g.npy
RSN0039_PGA_0p100g,RSN0039,Landers,1992,Station_Land_039,7.144679441363137,15.410546228077308,453.61782905296593,Strike-Slip,0.8989044610997228,0.1,0.1,0.980665,0.17220606741670952,1.0509599843869626,0.25445727958130776,14.59,0.01,3716,37.15,/Users/rahul/seismoFNO/data/simulations/scaled_motions/RSN0039_PGA_0p100g.npy
RSN0039_PGA_0p200g,RSN0039,Landers,1992,Station_Land_039,7.144679441363137,15.410546228077308,453.61782905296593,Strike-Slip,1.7978089221994455,0.2,0.2,1.96133,0.34441213483341904,2.101919968773925,1.017829118325231,14.59,0.01,3716,37.15,/Users/rahul/seismoFNO/data/simulations/scaled_motions/RSN0039_PGA_0p200g.npy
RSN0039_PGA_0p300g,RSN0039,Landers,1992,Station_Land_039,7.144679441363137,15.410546228077308,453.61782905296593,Strike-Slip,2.6967133832991683,0.3,0.3,2.941995,0.5166182022501289,3.1528799531609235,2.290115516231772,14.59,0.01,3716,37.15,/Users/rahul/seismoFNO/data/simulations/scaled_motions/RSN0039_PGA_0p300g.npy
RSN0039_PGA_0p400g,RSN0039,Landers,1992,Station_Land_039,7.144679441363137,15.410546228077308,453.61782905296593,Strike-Slip,3.595617844398891,0.4,0.4,3.92266,0.6888242696668381,4.20383993754785,4.071316473300924,14.59,0.01,3716,37.15,/Users/rahul/seismoFNO/data/simulations/scaled_motions/RSN0039_PGA_0p400g.npy
RSN0039_PGA_0p500g,RSN0039,Landers,1992,Station_Land_039,7.144679441363137,15.410546228077308,453.61782905296593,Strike-Slip,4.494522305498614,0.5,0.5,4.903325,0.8610303370835477,5.254799921934853,6.361431989532715,14.59,0.01,3716,37.15,/Users/rahul/seismoFNO/data/simulations/scaled_motions/RSN0039_PGA_0p500g.npy
RSN0039_PGA_0p600g,RSN0039,Landers,1992,Station_Land_039,7.144679441363137,15.410546228077308,453.61782905296593,Strike-Slip,5.393426766598337,0.6,0.6,5.88399,1.0332364045002578,6.305759906321847,9.160462064927088,14.59,0.01,3716,37.15,/Users/rahul/seismoFNO/data/simulations/scaled_motions/RSN0039_PGA_0p600g.npy
RSN0039_PGA_0p800g,RSN0039,Landers,1992,Station_Land_039,7.144679441363137,15.410546228077308,453.61782905296593,Strike-Slip,7.191235688797782,0.8,0.8,7.84532,1.3776485393336761,8.4076798750957,16.285265893203697,14.59,0.01,3716,37.15,/Users/rahul/seismoFNO/data/simulations/scaled_motions/RSN0039_PGA_0p800g.npy
RSN0039_PGA_1p000g,RSN0039,Landers,1992,Station_Land_039,7.144679441363137,15.410546228077308,453.61782905296593,Strike-Slip,8.989044610997228,1.0,1.0,9.80665,1.7220606741670954,10.509599843869706,25.44572795813086,14.59,0.01,3716,37.15,/Users/rahul/seismoFNO/data/simulations/scaled_motions/RSN0039_PGA_1p000g.npy
RSN0039_PGA_1p200g,RSN0039,Landers,1992,Station_Land_039,7.144679441363137,15.410546228077308,453.61782905296593,Strike-Slip,10.786853533196673,1.2,1.2,11.76798,2.0664728090005156,12.611519812643694,36.641848259708354,14.59,0.01,3716,37.15,/Users/rahul/seismoFNO/data/simulations/scaled_motions/RSN0039_PGA_1p200g.npy
RSN0040_PGA_0p050g,RSN0040,San Fernando,1971,Station_San _040,6.701763548129561,48.167182774861104,610.3769284757589,Reverse,1.1030843830487456,0.05,0.05,0.4903325,0.11369965813437521,0.6608602319872872,0.08579212906816153,22.35,0.01,3362,33.61,/Users/rahul/seismoFNO/data/simulations/scaled_motions/RSN0040_PGA_0p050g.npy
RSN0040_PGA_0p100g,RSN0040,San Fernando,1971,Station_San _040,6.701763548129561,48.167182774861104,610.3769284757589,Reverse,2.206168766097491,0.1,0.1,0.980665,0.22739931626875043,1.3217204639745743,0.3431685162726461,22.35,0.01,3362,33.61,/Users/rahul/seismoFNO/data/simulations/scaled_motions/RSN0040_PGA_0p100g.npy
RSN0040_PGA_0p200g,RSN0040,San Fernando,1971,Station_San _040,6.701763548129561,48.167182774861104,610.3769284757589,Reverse,4.412337532194982,0.2,0.2,1.96133,0.45479863253750086,2.6434409279491486,1.3726740650905844,22.35,0.01,3362,33.61,/Users/rahul/seismoFNO/data/simulations/scaled_motions/RSN0040_PGA_0p200g.npy
RSN0040_PGA_0p300g,RSN0040,San Fernando,1971,Station_San _040,6.701763548129561,48.167182774861104,610.3769284757589,Reverse,6.6185062982924725,0.3,0.3,2.941995,0.6821979488062518,3.9651613919237305,3.0885166464538076,22.35,0.01,3362,33.61,/Users/rahul/seismoFNO/data/simulations/scaled_motions/RSN0040_PGA_0p300g.npy
RSN0040_PGA_0p400g,RSN0040,San Fernando,1971,Station_San _040,6.701763548129561,48.167182774861104,610.3769284757589,Reverse,8.824675064389965,0.4,0.4,3.92266,0.9095972650750017,5.286881855898297,5.490696260362338,22.35,0.01,3362,33.61,/Users/rahul/seismoFNO/data/simulations/scaled_motions/RSN0040_PGA_0p400g.npy
RSN0040_PGA_0p500g,RSN0040,San Fernando,1971,Station_San _040,6.701763548129561,48.167182774861104,610.3769284757589,Reverse,11.030843830487454,0.5,0.49999999999999994,4.903324999999999,1.1369965813437533,6.608602319872896,8.579212906816112,22.35,0.01,3362,33.61,/Users/rahul/seismoFNO/data/simulations/scaled_motions/RSN0040_PGA_0p500g.npy
RSN0040_PGA_0p600g,RSN0040,San Fernando,1971,Station_San _040,6.701763548129561,48.167182774861104,610.3769284757589,Reverse,13.237012596584945,0.6,0.6,5.88399,1.3643958976125037,7.930322783847461,12.35406658581523,22.35,0.01,3362,33.61,/Users/rahul/seismoFNO/data/simulations/scaled_motions/RSN0040_PGA_0p600g.npy
RSN0040_PGA_0p800g,RSN0040,San Fernando,1971,Station_San _040,6.701763548129561,48.167182774861104,610.3769284757589,Reverse,17.64935012877993,0.8,0.8,7.84532,1.8191945301500034,10.573763711796595,21.96278504144935,22.35,0.01,3362,33.61,/Users/rahul/seismoFNO/data/simulations/scaled_motions/RSN0040_PGA_0p800g.npy
RSN0040_PGA_1p000g,RSN0040,San Fernando,1971,Station_San _040,6.701763548129561,48.167182774861104,610.3769284757589,Reverse,22.061687660974908,1.0,0.9999999999999999,9.806649999999998,2.2739931626875065,13.217204639745791,34.31685162726445,22.35,0.01,3362,33.61,/Users/rahul/seismoFNO/data/simulations/scaled_motions/RSN0040_PGA_1p000g.npy
RSN0040_PGA_1p200g,RSN0040,San Fernando,1971,Station_San _040,6.701763548129561,48.167182774861104,610.3769284757589,Reverse,26.47402519316989,1.2,1.2,11.76798,2.7287917952250074,15.860645567694922,49.41626634326092,22.35,0.01,3362,33.61,/Users/rahul/seismoFNO/data/simulations/scaled_motions/RSN0040_PGA_1p200g.npy
RSN0041_PGA_0p050g,RSN0041,Hector Mine,1999,Station_Hect_041,7.183595778848907,11.428516541600594,843.8999037733138,Strike-Slip,0.37910572464123,0.05,0.05,0.4903325,0.08315301525637592,0.1024580835563419,0.027969687313178664,12.590000000000002,0.01,3748,37.47,/Users/rahul/seismoFNO/data/simulations/scaled_motions/RSN0041_PGA_0p050g.npy
RSN0041_PGA_0p100g,RSN0041,Hector Mine,1999,Station_Hect_041,7.183595778848907,11.428516541600594,843.8999037733138,Strike-Slip,0.75821144928246,0.1,0.1,0.980665,0.16630603051275183,0.2049161671126838,0.11187874925271465,12.590000000000002,0.01,3748,37.47,/Users/rahul/seismoFNO/data/simulations/scaled_motions/RSN0041_PGA_0p100g.npy
RSN0041_PGA_0p200g,RSN0041,Hector Mine,1999,Station_Hect_041,7.183595778848907,11.428516541600594,843.8999037733138,Strike-Slip,1.51642289856492,0.2,0.2,1.96133,0.33261206102550367,0.4098323342253676,0.4475149970108586,12.590000000000002,0.01,3748,37.47,/Users/rahul/seismoFNO/data/simulations/scaled_motions/RSN0041_PGA_0p200g.npy
RSN0041_PGA_0p300g,RSN0041,Hector Mine,1999,Station_Hect_041,7.183595778848907,11.428516541600594,843.8999037733138,Strike-Slip,2.2746343478473796,0.3,0.3,2.941995,0.49891809153825534,0.6147485013380583,1.0069087432744277,12.590000000000002,0.01,3748,37.47,/Users/rahul/seismoFNO/data/simulations/scaled_motions/RSN0041_PGA_0p300g.npy
RSN0041_PGA_0p400g,RSN0041,Hector Mine,1999,Station_Hect_041,7.183595778848907,11.428516541600594,843.8999037733138,Strike-Slip,3.03284579712984,0.4,0.4,3.92266,0.6652241220510073,0.8196646684507352,1.7900599880434345,12.590000000000002,0.01,3748,37.47,/Users/rahul/seismoFNO/data/simulations/scaled_motions/RSN0041_PGA_0p400g.npy
RSN0041_PGA_0p500g,RSN0041,Hector Mine,1999,Station_Hect_041,7.183595778848907,11.428516541600594,843.8999037733138,Strike-Slip,3.7910572464123,0.5,0.5,4.903325,0.8315301525637592,1.0245808355634187,2.7969687313178646,12.590000000000002,0.01,3748,37.47,/Users/rahul/seismoFNO/data/simulations/scaled_motions/RSN0041_PGA_0p500g.npy
RSN0041_PGA_0p600g,RSN0041,Hector Mine,1999,Station_Hect_041,7.183595778848907,11.428516541600594,843.8999037733138,Strike-Slip,4.549268695694759,0.6,0.6,5.88399,0.9978361830765107,1.2294970026761165,4.027634973097711,12.590000000000002,0.01,3748,37.47,/Users/rahul/seismoFNO/data/simulations/scaled_motions/RSN0041_PGA_0p600g.npy
RSN0041_PGA_0p800g,RSN0041,Hector Mine,1999,Station_Hect_041,7.183595778848907,11.428516541600594,843.8999037733138,Strike-Slip,6.06569159425968,0.8,0.8,7.84532,1.3304482441020147,1.6393293369014703,7.160239952173738,12.590000000000002,0.01,3748,37.47,/Users/rahul/seismoFNO/data/simulations/scaled_motions/RSN0041_PGA_0p800g.npy
RSN0041_PGA_1p000g,RSN0041,Hector Mine,1999,Station_Hect_041,7.183595778848907,11.428516541600594,843.8999037733138,Strike-Slip,7.5821144928246,1.0,1.0,9.80665,1.6630603051275183,2.0491616711268374,11.187874925271458,12.590000000000002,0.01,3748,37.47,/Users/rahul/seismoFNO/data/simulations/scaled_motions/RSN0041_PGA_1p000g.npy
RSN0041_PGA_1p200g,RSN0041,Hector Mine,1999,Station_Hect_041,7.183595778848907,11.428516541600594,843.8999037733138,Strike-Slip,9.098537391389518,1.2,1.2,11.76798,1.9956723661530213,2.458994005352233,16.110539892390843,12.590000000000002,0.01,3748,37.47,/Users/rahul/seismoFNO/data/simulations/scaled_motions/RSN0041_PGA_1p200g.npy
RSN0042_PGA_0p050g,RSN0042,Duzce (Turkey),1999,Station_Duzc_042,7.437850798398508,10.224623505900468,472.88430636023696,Strike-Slip,0.31014708424361426,0.05,0.05,0.4903325,0.1415391950682622,0.5645753940847883,0.052247509694518676,13.45,0.01,3951,39.5,/Users/rahul/seismoFNO/data/simulations/scaled_motions/RSN0042_PGA_0p050g.npy
RSN0042_PGA_0p100g,RSN0042,Duzce (Turkey),1999,Station_Duzc_042,7.437850798398508,10.224623505900468,472.88430636023696,Strike-Slip,0.6202941684872285,0.1,0.1,0.980665,0.2830783901365244,1.1291507881695766,0.2089900387780747,13.45,0.01,3951,39.5,/Users/rahul/seismoFNO/data/simulations/scaled_motions/RSN0042_PGA_0p100g.npy
RSN0042_PGA_0p200g,RSN0042,Duzce (Turkey),1999,Station_Duzc_042,7.437850798398508,10.224623505900468,472.88430636023696,Strike-Slip,1.240588336974457,0.2,0.2,1.96133,0.5661567802730488,2.258301576339153,0.8359601551122988,13.45,0.01,3951,39.5,/Users/rahul/seismoFNO/data/simulations/scaled_motions/RSN0042_PGA_0p200g.npy
RSN0042_PGA_0p300g,RSN0042,Duzce (Turkey),1999,Station_Duzc_042,7.437850798398508,10.224623505900468,472.88430636023696,Strike-Slip,1.8608825054616853,0.3,0.3,2.941995,0.8492351704095727,3.3874523645087247,1.8809103490026722,13.45,0.01,3951,39.5,/Users/rahul/seismoFNO/data/simulations/scaled_motions/RSN0042_PGA_0p300g.npy
RSN0042_PGA_0p400g,RSN0042,Duzce (Turkey),1999,Station_Duzc_042,7.437850798398508,10.224623505900468,472.88430636023696,Strike-Slip,2.481176673948914,0.4,0.4,3.92266,1.1323135605460977,4.516603152678306,3.3438406204491953,13.45,0.01,3951,39.5,/Users/rahul/seismoFNO/data/simulations/scaled_motions/RSN0042_PGA_0p400g.npy
RSN0042_PGA_0p500g,RSN0042,Duzce (Turkey),1999,Station_Duzc_042,7.437850798398508,10.224623505900468,472.88430636023696,Strike-Slip,3.1014708424361426,0.5,0.5,4.903325,1.4153919506826216,5.645753940847855,5.224750969451869,13.45,0.01,3951,39.5,/Users/rahul/seismoFNO/data/simulations/scaled_motions/RSN0042_PGA_0p500g.npy
RSN0042_PGA_0p600g,RSN0042,Duzce (Turkey),1999,Station_Duzc_042,7.437850798398508,10.224623505900468,472.88430636023696,Strike-Slip,3.7217650109233706,0.6,0.6,5.88399,1.6984703408191455,6.774904729017449,7.523641396010689,13.45,0.01,3951,39.5,/Users/rahul/seismoFNO/data/simulations/scaled_motions/RSN0042_PGA_0p600g.npy
RSN0042_PGA_0p800g,RSN0042,Duzce (Turkey),1999,Station_Duzc_042,7.437850798398508,10.224623505900468,472.88430636023696,Strike-Slip,4.962353347897828,0.8,0.8,7.84532,2.2646271210921953,9.033206305356613,13.375362481796781,13.45,0.01,3951,39.5,/Users/rahul/seismoFNO/data/simulations/scaled_motions/RSN0042_PGA_0p800g.npy
RSN0042_PGA_1p000g,RSN0042,Duzce (Turkey),1999,Station_Duzc_042,7.437850798398508,10.224623505900468,472.88430636023696,Strike-Slip,6.202941684872285,1.0,1.0,9.80665,2.830783901365243,11.29150788169571,20.899003877807477,13.45,0.01,3951,39.5,/Users/rahul/seismoFNO/data/simulations/scaled_motions/RSN0042_PGA_1p000g.npy
RSN0042_PGA_1p200g,RSN0042,Duzce (Turkey),1999,Station_Duzc_042,7.437850798398508,10.224623505900468,472.88430636023696,Strike-Slip,7.443530021846741,1.2,1.2,11.76798,3.396940681638291,13.549809458034899,30.094565584042755,13.45,0.01,3951,39.5,/Users/rahul/seismoFNO/data/simulations/scaled_motions/RSN0042_PGA_1p200g.npy
RSN0043_PGA_0p050g,RSN0043,Christchurch,2011,Station_Chri_043,6.048711033876293,3.678558009882374,338.445782902098,Reverse-Oblique,0.5069326532594608,0.05,0.049999999999999996,0.49033249999999995,0.07293542190760005,0.19863362820521402,0.015707672005257276,3.4699999999999998,0.01,2839,28.38,/Users/rahul/seismoFNO/data/simulations/scaled_motions/RSN0043_PGA_0p050g.npy
RSN0043_PGA_0p100g,RSN0043,Christchurch,2011,Station_Chri_043,6.048711033876293,3.678558009882374,338.445782902098,Reverse-Oblique,1.0138653065189216,0.1,0.09999999999999999,0.9806649999999999,0.1458708438152001,0.39726725641042804,0.0628306880210291,3.4699999999999998,0.01,2839,28.38,/Users/rahul/seismoFNO/data/simulations/scaled_motions/RSN0043_PGA_0p100g.npy
RSN0043_PGA_0p200g,RSN0043,Christchurch,2011,Station_Chri_043,6.048711033876293,3.678558009882374,338.445782902098,Reverse-Oblique,2.027730613037843,0.2,0.19999999999999998,1.9613299999999998,0.2917416876304002,0.7945345128208561,0.2513227520841164,3.4699999999999998,0.01,2839,28.38,/Users/rahul/seismoFNO/data/simulations/scaled_motions/RSN0043_PGA_0p200g.npy
RSN0043_PGA_0p300g,RSN0043,Christchurch,2011,Station_Chri_043,6.048711033876293,3.678558009882374,338.445782902098,Reverse-Oblique,3.0415959195567646,0.3,0.3,2.941995,0.4376125314456002,1.1918017692312868,0.5654761921892607,3.4699999999999998,0.01,2839,28.38,/Users/rahul/seismoFNO/data/simulations/scaled_motions/RSN0043_PGA_0p300g.npy
RSN0043_PGA_0p400g,RSN0043,Christchurch,2011,Station_Chri_043,6.048711033876293,3.678558009882374,338.445782902098,Reverse-Oblique,4.055461226075686,0.4,0.39999999999999997,3.9226599999999996,0.5834833752608004,1.5890690256417122,1.0052910083364657,3.4699999999999998,0.01,2839,28.38,/Users/rahul/seismoFNO/data/simulations/scaled_motions/RSN0043_PGA_0p400g.npy
RSN0043_PGA_0p500g,RSN0043,Christchurch,2011,Station_Chri_043,6.048711033876293,3.678558009882374,338.445782902098,Reverse-Oblique,5.069326532594608,0.5,0.49999999999999994,4.903324999999999,0.7293542190760001,1.9863362820521202,1.5707672005257245,3.4699999999999998,0.01,2839,28.38,/Users/rahul/seismoFNO/data/simulations/scaled_motions/RSN0043_PGA_0p500g.npy
RSN0043_PGA_0p600g,RSN0043,Christchurch,2011,Station_Chri_043,6.048711033876293,3.678558009882374,338.445782902098,Reverse-Oblique,6.083191839113529,0.6,0.6,5.88399,0.8752250628912004,2.3836035384625736,2.261904768757043,3.4699999999999998,0.01,2839,28.38,/Users/rahul/seismoFNO/data/simulations/scaled_motions/RSN0043_PGA_0p600g.npy
RSN0043_PGA_0p800g,RSN0043,Christchurch,2011,Station_Chri_043,6.048711033876293,3.678558009882374,338.445782902098,Reverse-Oblique,8.110922452151373,0.8,0.7999999999999999,7.845319999999999,1.1669667505216008,3.1781380512834243,4.021164033345863,3.4699999999999998,0.01,2839,28.38,/Users/rahul/seismoFNO/data/simulations/scaled_motions/RSN0043_PGA_0p800g.npy
RSN0043_PGA_1p000g,RSN0043,Christchurch,2011,Station_Chri_043,6.048711033876293,3.678558009882374,338.445782902098,Reverse-Oblique,10.138653065189215,1.0,0.9999999999999999,9.806649999999998,1.4587084381520001,3.9726725641042404,6.283068802102898,3.4699999999999998,0.01,2839,28.38,/Users/rahul/seismoFNO/data/simulations/scaled_motions/RSN0043_PGA_1p000g.npy
RSN0043_PGA_1p200g,RSN0043,Christchurch,2011,Station_Chri_043,6.048711033876293,3.678558009882374,338.445782902098,Reverse-Oblique,12.166383678227058,1.2,1.2,11.76798,1.7504501257824008,4.767207076925147,9.047619075028171,3.4699999999999998,0.01,2839,28.38,/Users/rahul/seismoFNO/data/simulations/scaled_motions/RSN0043_PGA_1p200g.npy
RSN0044_PGA_0p050g,RSN0044,Tottori (Japan),2000,Station_Tott_044,6.62818557082254,64.38591747253302,169.94768445089977,Strike-Slip,1.394863843215875,0.05,0.05,0.4903325,0.15231864912266938,0.3755571429775437,0.10357824556112971,20.74,0.01,3303,33.02,/Users/rahul/seismoFNO/data/simulations/scaled_motions/RSN0044_PGA_0p050g.npy
RSN0044_PGA_0p100g,RSN0044,Tottori (Japan),2000,Station_Tott_044,6.62818557082254,64.38591747253302,169.94768445089977,Strike-Slip,2.78972768643175,0.1,0.1,0.980665,0.30463729824533875,0.7511142859550874,0.41431298224451885,20.74,0.01,3303,33.02,/Users/rahul/seismoFNO/data/simulations/scaled_motions/RSN0044_PGA_0p100g.npy
RSN0044_PGA_0p200g,RSN0044,Tottori (Japan),2000,Station_Tott_044,6.62818557082254,64.38591747253302,169.94768445089977,Strike-Slip,5.5794553728635,0.2,0.2,1.96133,0.6092745964906775,1.502228571910175,1.6572519289780754,20.74,0.01,3303,33.02,/Users/rahul/seismoFNO/data/simulations/scaled_motions/RSN0044_PGA_0p200g.npy
RSN0044_PGA_0p300g,RSN0044,Tottori (Japan),2000,Station_Tott_044,6.62818557082254,64.38591747253302,169.94768445089977,Strike-Slip,8.36918305929525,0.3,0.3,2.941995,0.9139118947360151,2.2533428578652557,3.72881684020068,20.74,0.01,3303,33.02,/Users/rahul/seismoFNO/data/simulations/scaled_motions/RSN0044_PGA_0p300g.npy
RSN0044_PGA_0p400g,RSN0044,Tottori (Japan),2000,Station_Tott_044,6.62818557082254,64.38591747253302,169.94768445089977,Strike-Slip,11.158910745727,0.4,0.4,3.92266,1.218549192981355,3.00445714382035,6.6290077159123015,20.74,0.01,3303,33.02,/Users/rahul/seismoFNO/data/simulations/scaled_motions/RSN0044_PGA_0p400g.npy
RSN0044_PGA_0p500g,RSN0044,Tottori (Japan),2000,Station_Tott_044,6.62818557082254,64.38591747253302,169.94768445089977,Strike-Slip,13.94863843215875,0.5,0.5,4.903325,1.5231864912266917,3.755571429775422,10.35782455611299,20.74,0.01,3303,33.02,/Users/rahul/seismoFNO/data/simulations/scaled_motions/RSN0044_PGA_0p500g.npy
RSN0044_PGA_0p600g,RSN0044,Tottori (Japan),2000,Station_Tott_044,6.62818557082254,64.38591747253302,169.94768445089977,Strike-Slip,16.7383661185905,0.6,0.6,5.88399,1.8278237894720302,4.506685715730511,14.91526736080272,20.74,0.01,3303,33.02,/Users/rahul/seismoFNO/data/simulations/scaled_motions/RSN0044_PGA_0p600g.npy
RSN0044_PGA_0p800g,RSN0044,Tottori (Japan),2000,Station_Tott_044,6.62818557082254,64.38591747253302,169.94768445089977,Strike-Slip,22.317821491454,0.8,0.8,7.84532,2.43709838596271,6.0089142876407,26.516030863649206,20.74,0.01,3303,33.02,/Users/rahul/seismoFNO/data/simulations/scaled_motions/RSN0044_PGA_0p800g.npy
RSN0044_PGA_1p000g,RSN0044,Tottori (Japan),2000,Station_Tott_044,6.62818557082254,64.38591747253302,169.94768445089977,Strike-Slip,27.8972768643175,1.0,1.0,9.80665,3.0463729824533834,7.511142859550844,41.43129822445196,20.74,0.01,3303,33.02,/Users/rahul/seismoFNO/data/simulations/scaled_motions/RSN0044_PGA_1p000g.npy
RSN0044_PGA_1p200g,RSN0044,Tottori (Japan),2000,Station_Tott_044,6.62818557082254,64.38591747253302,169.94768445089977,Strike-Slip,33.476732237181,1.2,1.2,11.76798,3.6556475789440603,9.013371431461023,59.66106944321088,20.74,0.01,3303,33.02,/Users/rahul/seismoFNO/data/simulations/scaled_motions/RSN0044_PGA_1p200g.npy
RSN0045_PGA_0p050g,RSN0045,Morgan Hill,1984,Station_Morg_045,5.971849317715254,7.850392657766625,619.3617868090199,Strike-Slip,0.6744316427881719,0.05,0.05,0.4903325,0.05366846402461866,0.09340310377122141,0.024195540249910517,5.41,0.01,2778,27.77,/Users/rahul/seismoFNO/data/simulations/scaled_motions/RSN0045_PGA_0p050g.npy
RSN0045_PGA_0p100g,RSN0045,Morgan Hill,1984,Station_Morg_045,5.971849317715254,7.850392657766625,619.3617868090199,Strike-Slip,1.3488632855763438,0.1,0.1,0.980665,0.10733692804923732,0.18680620754244281,0.09678216099964207,5.41,0.01,2778,27.77,/Users/rahul/seismoFNO/data/simulations/scaled_motions/RSN0045_PGA_0p100g.npy
RSN0045_PGA_0p200g,RSN0045,Morgan Hill,1984,Station_Morg_045,5.971849317715254,7.850392657766625,619.3617868090199,Strike-Slip,2.6977265711526877,0.2,0.2,1.96133,0.21467385609847464,0.37361241508488563,0.3871286439985683,5.41,0.01,2778,27.77,/Users/rahul/seismoFNO/data/simulations/scaled_motions/RSN0045_PGA_0p200g.npy
RSN0045_PGA_0p300g,RSN0045,Morgan Hill,1984,Station_Morg_045,5.971849317715254,7.850392657766625,619.3617868090199,Strike-Slip,4.046589856729031,0.3,0.3,2.941995,0.32201078414771184,0.5604186226273263,0.8710394489967777,5.41,0.01,2778,27.77,/Users/rahul/seismoFNO/data/simulations/scaled_motions/RSN0045_PGA_0p300g.npy
RSN0045_PGA_0p400g,RSN0045,Morgan Hill,1984,Station_Morg_045,5.971849317715254,7.850392657766625,619.3617868090199,Strike-Slip,5.395453142305375,0.4,0.4,3.92266,0.4293477121969493,0.7472248301697713,1.5485145759942731,5.41,0.01,2778,27.77,/Users/rahul/seismoFNO/data/simulations/scaled_motions/RSN0045_PGA_0p400g.npy
RSN0045_PGA_0p500g,RSN0045,Morgan Hill,1984,Station_Morg_045,5.971849317715254,7.850392657766625,619.3617868090199,Strike-Slip,6.744316427881718,0.5,0.5,4.903325,0.5366846402461866,0.9340310377122144,2.4195540249910543,5.41,0.01,2778,27.77,/Users/rahul/seismoFNO/data/simulations/scaled_motions/RSN0045_PGA_0p500g.npy
RSN0045_PGA_0p600g,RSN0045,Morgan Hill,1984,Station_Morg_045,5.971849317715254,7.850392657766625,619.3617868090199,Strike-Slip,8.093179713458062,0.6,0.6,5.88399,0.6440215682954237,1.1208372452546527,3.4841577959871106,5.41,0.01,2778,27.77,/Users/rahul/seismoFNO/data/simulations/scaled_motions/RSN0045_PGA_0p600g.npy
RSN0045_PGA_0p800g,RSN0045,Morgan Hill,1984,Station_Morg_045,5.971849317715254,7.850392657766625,619.3617868090199,Strike-Slip,10.79090628461075,0.8,0.8,7.84532,0.8586954243938986,1.4944496603395425,6.1940583039770925,5.41,0.01,2778,27.77,/Users/rahul/seismoFNO/data/simulations/scaled_motions/RSN0045_PGA_0p800g.npy
RSN0045_PGA_1p000g,RSN0045,Morgan Hill,1984,Station_Morg_045,5.971849317715254,7.850392657766625,619.3617868090199,Strike-Slip,13.488632855763436,1.0,1.0,9.80665,1.0733692804923731,1.8680620754244288,9.678216099964217,5.41,0.01,2778,27.77,/Users/rahul/seismoFNO/data/simulations/scaled_motions/RSN0045_PGA_1p000g.npy
RSN0045_PGA_1p200g,RSN0045,Morgan Hill,1984,Station_Morg_045,5.971849317715254,7.850392657766625,619.3617868090199,Strike-Slip,16.186359426916123,1.2,1.2,11.76798,1.2880431365908473,2.2416744905093053,13.936631183948442,5.41,0.01,2778,27.77,/Users/rahul/seismoFNO/data/simulations/scaled_motions/RSN0045_PGA_1p200g.npy
RSN0046_PGA_0p050g,RSN0046,Whittier Narrows-01,1987,Station_Whit_046,5.92177625020917,54.268608432975945,548.6262453818673,Reverse,1.8771602713944846,0.05,0.05,0.4903325,0.08489596738663331,0.2634324691473948,0.08928616367908927,17.660000000000004,0.01,2738,27.37,/Users/rahul/seismoFNO/data/simulations/scaled_motions/RSN0046_PGA_0p050g.npy
RSN0046_PGA_0p100g,RSN0046,Whittier Narrows-01,1987,Station_Whit_046,5.92177625020917,54.268608432975945,548.6262453818673,Reverse,3.754320542788969,0.1,0.1,0.980665,0.16979193477326662,0.5268649382947896,0.3571446547163571,17.660000000000004,0.01,2738,27.37,/Users/rahul/seismoFNO/data/simulations/scaled_motions/RSN0046_PGA_0p100g.npy
RSN0046_PGA_0p200g,RSN0046,Whittier Narrows-01,1987,Station_Whit_046,5.92177625020917,54.268608432975945,548.6262453818673,Reverse,7.508641085577938,0.2,0.2,1.96133,0.33958386954653325,1.0537298765895793,1.4285786188654284,17.660000000000004,0.01,2738,27.37,/Users/rahul/seismoFNO/data/simulations/scaled_motions/RSN0046_PGA_0p200g.npy
RSN0046_PGA_0p300g,RSN0046,Whittier Narrows-01,1987,Station_Whit_046,5.92177625020917,54.268608432975945,548.6262453818673,Reverse,11.262961628366906,0.3,0.3,2.941995,0.5093758043197996,1.5805948148843698,3.2143018924472084,17.660000000000004,0.01,2738,27.37,/Users/rahul/seismoFNO/data/simulations/scaled_motions/RSN0046_PGA_0p300g.npy
RSN0046_PGA_0p400g,RSN0046,Whittier Narrows-01,1987,Station_Whit_046,5.92177625020917,54.268608432975945,548.6262453818673,Reverse,15.017282171155877,0.4,0.4,3.92266,0.6791677390930665,2.1074597531791586,5.7143144754617134,17.660000000000004,0.01,2738,27.37,/Users/rahul/seismoFNO/data/simulations/scaled_motions/RSN0046_PGA_0p400g.npy
RSN0046_PGA_0p500g,RSN0046,Whittier Narrows-01,1987,Station_Whit_046,5.92177625020917,54.268608432975945,548.6262453818673,Reverse,18.771602713944844,0.5,0.5,4.903325,0.8489596738663331,2.6343246914739504,8.928616367908917,17.660000000000004,0.01,2738,27.37,/Users/rahul/seismoFNO/data/simulations/scaled_motions/RSN0046_PGA_0p500g.npy
RSN0046_PGA_0p600g,RSN0046,Whittier Narrows-01,1987,Station_Whit_046,5.92177625020917,54.268608432975945,548.6262453818673,Reverse,22.52592325673381,0.6,0.6,5.88399,1.0187516086395991,3.1611896297687396,12.857207569788834,17.660000000000004,0.01,2738,27.37,/Users/rahul/seismoFNO/data/simulations/scaled_motions/RSN0046_PGA_0p600g.npy
RSN0046_PGA_0p800g,RSN0046,Whittier Narrows-01,1987,Station_Whit_046,5.92177625020917,54.268608432975945,548.6262453818673,Reverse,30.034564342311754,0.8,0.8,7.84532,1.358335478186133,4.214919506358317,22.857257901846854,17.660000000000004,0.01,2738,27.37,/Users/rahul/seismoFNO/data/simulations/scaled_motions/RSN0046_PGA_0p800g.npy
RSN0046_PGA_1p000g,RSN0046,Whittier Narrows-01,1987,Station_Whit_046,5.92177625020917,54.268608432975945,548.6262453818673,Reverse,37.54320542788969,1.0,1.0,9.80665,1.6979193477326662,5.268649382947901,35.71446547163567,17.660000000000004,0.01,2738,27.37,/Users/rahul/seismoFNO/data/simulations/scaled_motions/RSN0046_PGA_1p000g.npy
RSN0046_PGA_1p200g,RSN0046,Whittier Narrows-01,1987,Station_Whit_046,5.92177625020917,54.268608432975945,548.6262453818673,Reverse,45.05184651346762,1.2,1.2,11.76798,2.0375032172791983,6.322379259537479,51.428830279155335,17.660000000000004,0.01,2738,27.37,/Users/rahul/seismoFNO/data/simulations/scaled_motions/RSN0046_PGA_1p200g.npy
RSN0047_PGA_0p050g,RSN0047,Parkfield-02,2004,Station_Park_047,5.963670022690653,12.487306695369128,297.24469033377005,Strike-Slip,0.7985940756970601,0.05,0.05,0.4903325,0.05086766264590136,0.018750026911229047,0.037716156301493595,8.39,0.01,2771,27.7,/Users/rahul/seismoFNO/data/simulations/scaled_motions/RSN0047_PGA_0p050g.npy
RSN0047_PGA_0p100g,RSN0047,Parkfield-02,2004,Station_Park_047,5.963670022690653,12.487306695369128,297.24469033377005,Strike-Slip,1.5971881513941202,0.1,0.1,0.980665,0.10173532529180272,0.03750005382245809,0.15086462520597438,8.39,0.01,2771,27.7,/Users/rahul/seismoFNO/data/simulations/scaled_motions/RSN0047_PGA_0p100g.npy
RSN0047_PGA_0p200g,RSN0047,Parkfield-02,2004,Station_Park_047,5.963670022690653,12.487306695369128,297.24469033377005,Strike-Slip,3.1943763027882404,0.2,0.2,1.96133,0.20347065058360544,0.07500010764491619,0.6034585008238975,8.39,0.01,2771,27.7,/Users/rahul/seismoFNO/data/simulations/scaled_motions/RSN0047_PGA_0p200g.npy
RSN0047_PGA_0p300g,RSN0047,Parkfield-02,2004,Station_Park_047,5.963670022690653,12.487306695369128,297.24469033377005,Strike-Slip,4.79156445418236,0.3,0.3,2.941995,0.30520597587540826,0.11250016146737432,1.3577816268537615,8.39,0.01,2771,27.7,/Users/rahul/seismoFNO/data/simulations/scaled_motions/RSN0047_PGA_0p300g.npy
RSN0047_PGA_0p400g,RSN0047,Parkfield-02,2004,Station_Park_047,5.963670022690653,12.487306695369128,297.24469033377005,Strike-Slip,6.388752605576481,0.4,0.4,3.92266,0.4069413011672109,0.15000021528983237,2.41383400329559,8.39,0.01,2771,27.7,/Users/rahul/seismoFNO/data/simulations/scaled_motions/RSN0047_PGA_0p400g.npy
RSN0047_PGA_0p500g,RSN0047,Parkfield-02,2004,Station_Park_047,5.963670022690653,12.487306695369128,297.24469033377005,Strike-Slip,7.9859407569706,0.5,0.5,4.903325,0.5086766264590136,0.18750026911229054,3.771615630149345,8.39,0.01,2771,27.7,/Users/rahul/seismoFNO/data/simulations/scaled_motions/RSN0047_PGA_0p500g.npy
RSN0047_PGA_0p600g,RSN0047,Parkfield-02,2004,Station_Park_047,5.963670022690653,12.487306695369128,297.24469033377005,Strike-Slip,9.58312890836472,0.6,0.6,5.88399,0.6104119517508165,0.22500032293474864,5.431126507415046,8.39,0.01,2771,27.7,/Users/rahul/seismoFNO/data/simulations/scaled_motions/RSN0047_PGA_0p600g.npy
RSN0047_PGA_0p800g,RSN0047,Parkfield-02,2004,Station_Park_047,5.963670022690653,12.487306695369128,297.24469033377005,Strike-Slip,12.777505211152961,0.8,0.8,7.84532,0.8138826023344218,0.30000043057966475,9.65533601318236,8.39,0.01,2771,27.7,/Users/rahul/seismoFNO/data/simulations/scaled_motions/RSN0047_PGA_0p800g.npy
RSN0047_PGA_1p000g,RSN0047,Parkfield-02,2004,Station_Park_047,5.963670022690653,12.487306695369128,297.24469033377005,Strike-Slip,15.9718815139412,1.0,1.0,9.80665,1.0173532529180271,0.37500053822458107,15.08646252059738,8.39,0.01,2771,27.7,/Users/rahul/seismoFNO/data/simulations/scaled_motions/RSN0047_PGA_1p000g.npy
RSN0047_PGA_1p200g,RSN0047,Parkfield-02,2004,Station_Park_047,5.963670022690653,12.487306695369128,297.24469033377005,Strike-Slip,19.16625781672944,1.2,1.2,11.76798,1.220823903501633,0.4500006458694973,21.724506029660184,8.39,0.01,2771,27.7,/Users/rahul/seismoFNO/data/simulations/scaled_motions/RSN0047_PGA_1p200g.npy
RSN0048_PGA_0p050g,RSN0048,Darfield (New Zealand),2010,Station_Darf_048,7.103363168480835,3.9140527917335377,940.5878330936904,Strike-Slip,0.2930495438420407,0.05,0.05,0.4903325,0.07604185605935289,0.2568129591617273,0.01914310562340892,8.32,0.01,3683,36.82,/Users/rahul/seismoFNO/data/simulations/scaled_motions/RSN0048_PGA_0p050g.npy
RSN0048_PGA_0p100g,RSN0048,Darfield (New Zealand),2010,Station_Darf_048,7.103363168480835,3.9140527917335377,940.5878330936904,Strike-Slip,0.5860990876840814,0.1,0.1,0.980665,0.15208371211870578,0.5136259183234546,0.07657242249363568,8.32,0.01,3683,36.82,/Users/rahul/seismoFNO/data/simulations/scaled_motions/RSN0048_PGA_0p100g.npy
RSN0048_PGA_0p200g,RSN0048,Darfield (New Zealand),2010,Station_Darf_048,7.103363168480835,3.9140527917335377,940.5878330936904,Strike-Slip,1.1721981753681627,0.2,0.2,1.96133,0.30416742423741155,1.0272518366469092,0.3062896899745427,8.32,0.01,3683,36.82,/Users/rahul/seismoFNO/data/simulations/scaled_motions/RSN0048_PGA_0p200g.npy
RSN0048_PGA_0p300g,RSN0048,Darfield (New Zealand),2010,Station_Darf_048,7.103363168480835,3.9140527917335377,940.5878330936904,Strike-Slip,1.758297263052244,0.3,0.3,2.941995,0.456251136356117,1.540877754970355,0.6891518024427177,8.32,0.01,3683,36.82,/Users/rahul/seismoFNO/data/simulations/scaled_motions/RSN0048_PGA_0p300g.npy
RSN0048_PGA_0p400g,RSN0048,Darfield (New Zealand),2010,Station_Darf_048,7.103363168480835,3.9140527917335377,940.5878330936904,Strike-Slip,2.3443963507363255,0.4,0.4,3.92266,0.6083348484748231,2.0545036732938184,1.2251587598981708,8.32,0.01,3683,36.82,/Users/rahul/seismoFNO/data/simulations/scaled_motions/RSN0048_PGA_0p400g.npy
RSN0048_PGA_0p500g,RSN0048,Darfield (New Zealand),2010,Station_Darf_048,7.103363168480835,3.9140527917335377,940.5878330936904,Strike-Slip,2.9304954384204067,0.5,0.5,4.903325,0.7604185605935284,2.5681295916172697,1.9143105623408907,8.32,0.01,3683,36.82,/Users/rahul/seismoFNO/data/simulations/scaled_motions/RSN0048_PGA_0p500g.npy
RSN0048_PGA_0p600g,RSN0048,Darfield (New Zealand),2010,Station_Darf_048,7.103363168480835,3.9140527917335377,940.5878330936904,Strike-Slip,3.516594526104488,0.6,0.6,5.88399,0.912502272712234,3.08175550994071,2.7566072097708707,8.32,0.01,3683,36.82,/Users/rahul/seismoFNO/data/simulations/scaled_motions/RSN0048_PGA_0p600g.npy
RSN0048_PGA_0p800g,RSN0048,Darfield (New Zealand),2010,Station_Darf_048,7.103363168480835,3.9140527917335377,940.5878330936904,Strike-Slip,4.688792701472651,0.8,0.8,7.84532,1.2166696969496462,4.109007346587637,4.900635039592683,8.32,0.01,3683,36.82,/Users/rahul/seismoFNO/data/simulations/scaled_motions/RSN0048_PGA_0p800g.npy
RSN0048_PGA_1p000g,RSN0048,Darfield (New Zealand),2010,Station_Darf_048,7.103363168480835,3.9140527917335377,940.5878330936904,Strike-Slip,5.860990876840813,1.0,1.0,9.80665,1.5208371211870568,5.1362591832345394,7.657242249363563,8.32,0.01,3683,36.82,/Users/rahul/seismoFNO/data/simulations/scaled_motions/RSN0048_PGA_1p000g.npy
RSN0048_PGA_1p200g,RSN0048,Darfield (New Zealand),2010,Station_Darf_048,7.103363168480835,3.9140527917335377,940.5878330936904,Strike-Slip,7.033189052208976,1.2,1.2,11.76798,1.825004545424468,6.16351101988142,11.026428839083483,8.32,0.01,3683,36.82,/Users/rahul/seismoFNO/data/simulations/scaled_motions/RSN0048_PGA_1p200g.npy
RSN0049_PGA_0p050g,RSN0049,Imperial Valley-06,1979,Station_Impe_049,6.551695617398673,19.812082429988617,691.131545756943,Strike-Slip,0.7054892166341306,0.05,0.05,0.4903325,0.06061272135880695,0.03813930318492976,0.04834696482276876,12.599999999999998,0.01,3242,32.410000000000004,/Users/rahul/seismoFNO/data/simulations/scaled_motions/RSN0049_PGA_0p050g.npy
RSN0049_PGA_0p100g,RSN0049,Imperial Valley-06,1979,Station_Impe_049,6.551695617398673,19.812082429988617,691.131545756943,Strike-Slip,1.4109784332682611,0.1,0.1,0.980665,0.1212254427176139,0.07627860636985952,0.19338785929107505,12.599999999999998,0.01,3242,32.410000000000004,/Users/rahul/seismoFNO/data/simulations/scaled_motions/RSN0049_PGA_0p100g.npy
RSN0049_PGA_0p200g,RSN0049,Imperial Valley-06,1979,Station_Impe_049,6.551695617398673,19.812082429988617,691.131545756943,Strike-Slip,2.8219568665365222,0.2,0.2,1.96133,0.2424508854352278,0.15255721273971903,0.7735514371643002,12.599999999999998,0.01,3242,32.410000000000004,/Users/rahul/seismoFNO/data/simulations/scaled_motions/RSN0049_PGA_0p200g.npy
RSN0049_PGA_0p300g,RSN0049,Imperial Valley-06,1979,Station_Impe_049,6.551695617398673,19.812082429988617,691.131545756943,Strike-Slip,4.232935299804783,0.3,0.3,2.941995,0.3636763281528419,0.2288358191095791,1.7404907336196864,12.599999999999998,0.01,3242,32.410000000000004,/Users/rahul/seismoFNO/data/simulations/scaled_motions/RSN0049_PGA_0p300g.npy
RSN0049_PGA_0p400g,RSN0049,Imperial Valley-06,1979,Station_Impe_049,6.551695617398673,19.812082429988617,691.131545756943,Strike-Slip,5.6439137330730444,0.4,0.4,3.92266,0.4849017708704556,0.30511442547943807,3.0942057486572008,12.599999999999998,0.01,3242,32.410000000000004,/Users/rahul/seismoFNO/data/simulations/scaled_motions/RSN0049_PGA_0p400g.npy
RSN0049_PGA_0p500g,RSN0049,Imperial Valley-06,1979,Station_Impe_049,6.551695617398673,19.812082429988617,691.131545756943,Strike-Slip,7.054892166341306,0.5,0.5,4.903325,0.6061272135880691,0.3813930318492957,4.834696482276903,12.599999999999998,0.01,3242,32.410000000000004,/Users/rahul/seismoFNO/data/simulations/scaled_motions/RSN0049_PGA_0p500g.npy
RSN0049_PGA_0p600g,RSN0049,Imperial Valley-06,1979,Station_Impe_049,6.551695617398673,19.812082429988617,691.131545756943,Strike-Slip,8.465870599609566,0.6,0.6,5.88399,0.7273526563056838,0.4576716382191582,6.961962934478746,12.599999999999998,0.01,3242,32.410000000000004,/Users/rahul/seismoFNO/data/simulations/scaled_motions/RSN0049_PGA_0p600g.npy
RSN0049_PGA_0p800g,RSN0049,Imperial Valley-06,1979,Station_Impe_049,6.551695617398673,19.812082429988617,691.131545756943,Strike-Slip,11.287827466146089,0.8,0.8,7.84532,0.9698035417409112,0.6102288509588761,12.376822994628803,12.599999999999998,0.01,3242,32.410000000000004,/Users/rahul/seismoFNO/data/simulations/scaled_motions/RSN0049_PGA_0p800g.npy
RSN0049_PGA_1p000g,RSN0049,Imperial Valley-06,1979,Station_Impe_049,6.551695617398673,19.812082429988617,691.131545756943,Strike-Slip,14.109784332682612,1.0,1.0,9.80665,1.2122544271761382,0.7627860636985914,19.338785929107612,12.599999999999998,0.01,3242,32.410000000000004,/Users/rahul/seismoFNO/data/simulations/scaled_motions/RSN0049_PGA_1p000g.npy
RSN0049_PGA_1p200g,RSN0049,Imperial Valley-06,1979,Station_Impe_049,6.551695617398673,19.812082429988617,691.131545756943,Strike-Slip,16.931741199219132,1.2,1.2,11.76798,1.4547053126113676,0.9153432764383164,27.847851737914983,12.599999999999998,0.01,3242,32.410000000000004,/Users/rahul/seismoFNO/data/simulations/scaled_motions/RSN0049_PGA_1p200g.npy
RSN0050_PGA_0p050g,RSN0050,Loma Prieta,1989,Station_Loma_050,7.302627104847987,108.36139475595148,187.83371091932383,Reverse-Oblique,1.370884160143899,0.05,0.05,0.4903325,0.23443854782131682,1.6003133278811228,0.12605221429991476,23.099999999999998,0.01,3843,38.42,/Users/rahul/seismoFNO/data/simulations/scaled_motions/RSN0050_PGA_0p050g.npy
RSN0050_PGA_0p100g,RSN0050,Loma Prieta,1989,Station_Loma_050,7.302627104847987,108.36139475595148,187.83371091932383,Reverse-Oblique,2.741768320287798,0.1,0.1,0.980665,0.46887709564263363,3.2006266557622456,0.504208857199659,23.099999999999998,0.01,3843,38.42,/Users/rahul/seismoFNO/data/simulations/scaled_motions/RSN0050_PGA_0p100g.npy
RSN0050_PGA_0p200g,RSN0050,Loma Prieta,1989,Station_Loma_050,7.302627104847987,108.36139475595148,187.83371091932383,Reverse-Oblique,5.483536640575596,0.2,0.2,1.96133,0.9377541912852673,6.401253311524491,2.016835428798636,23.099999999999998,0.01,3843,38.42,/Users/rahul/seismoFNO/data/simulations/scaled_motions/RSN0050_PGA_0p200g.npy
RSN0050_PGA_0p300g,RSN0050,Loma Prieta,1989,Station_Loma_050,7.302627104847987,108.36139475595148,187.83371091932383,Reverse-Oblique,8.225304960863394,0.3,0.3,2.941995,1.406631286927901,9.601879967286756,4.537879714796933,23.099999999999998,0.01,3843,38.42,/Users/rahul/seismoFNO/data/simulations/scaled_motions/RSN0050_PGA_0p300g.npy
RSN0050_PGA_0p400g,RSN0050,Loma Prieta,1989,Station_Loma_050,7.302627104847987,108.36139475595148,187.83371091932383,Reverse-Oblique,10.967073281151192,0.4,0.4,3.92266,1.8755083825705345,12.802506623048982,8.067341715194544,23.099999999999998,0.01,3843,38.42,/Users/rahul/seismoFNO/data/simulations/scaled_motions/RSN0050_PGA_0p400g.npy
RSN0050_PGA_0p500g,RSN0050,Loma Prieta,1989,Station_Loma_050,7.302627104847987,108.36139475595148,187.83371091932383,Reverse-Oblique,13.708841601438989,0.5,0.5,4.903325,2.344385478213168,16.003133278811305,12.605221429991467,23.099999999999998,0.01,3843,38.42,/Users/rahul/seismoFNO/data/simulations/scaled_motions/RSN0050_PGA_0p500g.npy
RSN0050_PGA_0p600g,RSN0050,Loma Prieta,1989,Station_Loma_050,7.302627104847987,108.36139475595148,187.83371091932383,Reverse-Oblique,16.450609921726787,0.6,0.6,5.88399,2.813262573855802,19.20375993457351,18.151518859187732,23.099999999999998,0.01,3843,38.42,/Users/rahul/seismoFNO/data/simulations/scaled_motions/RSN0050_PGA_0p600g.npy
RSN0050_PGA_0p800g,RSN0050,Loma Prieta,1989,Station_Loma_050,7.302627104847987,108.36139475595148,187.83371091932383,Reverse-Oblique,21.934146562302384,0.8,0.8,7.84532,3.751016765141069,25.605013246097965,32.26936686077818,23.099999999999998,0.01,3843,38.42,/Users/rahul/seismoFNO/data/simulations/scaled_motions/RSN0050_PGA_0p800g.npy
RSN0050_PGA_1p000g,RSN0050,Loma Prieta,1989,Station_Loma_050,7.302627104847987,108.36139475595148,187.83371091932383,Reverse-Oblique,27.417683202877978,1.0,1.0,9.80665,4.688770956426336,32.00626655762261,50.42088571996587,23.099999999999998,0.01,3843,38.42,/Users/rahul/seismoFNO/data/simulations/scaled_motions/RSN0050_PGA_1p000g.npy
RSN0050_PGA_1p200g,RSN0050,Loma Prieta,1989,Station_Loma_050,7.302627104847987,108.36139475595148,187.83371091932383,Reverse-Oblique,32.901219843453575,1.2,1.2,11.76798,5.626525147711604,38.40751986914702,72.60607543675093,23.099999999999998,0.01,3843,38.42,/Users/rahul/seismoFNO/data/simulations/scaled_motions/RSN0050_PGA_1p200g.npy
RSN0051_PGA_0p050g,RSN0051,Northridge-01,1994,Station_Nort_051,6.640348504385952,5.30436138292923,230.84769971395616,Reverse,0.39237564935889757,0.05,0.05,0.4903325,0.07858423419954236,0.05614988010384596,0.027458708941191318,5.95,0.01,3313,33.12,/Users/rahul/seismoFNO/data/simulations/scaled_motions/RSN0051_PGA_0p050g.npy
RSN0051_PGA_0p100g,RSN0051,Northridge-01,1994,Station_Nort_051,6.640348504385952,5.30436138292923,230.84769971395616,Reverse,0.7847512987177951,0.1,0.1,0.980665,0.15716846839908472,0.11229976020769192,0.10983483576476527,5.95,0.01,3313,33.12,/Users/rahul/seismoFNO/data/simulations/scaled_motions/RSN0051_PGA_0p100g.npy
RSN0051_PGA_0p200g,RSN0051,Northridge-01,1994,Station_Nort_051,6.640348504385952,5.30436138292923,230.84769971395616,Reverse,1.5695025974355903,0.2,0.2,1.96133,0.31433693679816943,0.22459952041538384,0.4393393430590611,5.95,0.01,3313,33.12,/Users/rahul/seismoFNO/data/simulations/scaled_motions/RSN0051_PGA_0p200g.npy
RSN0051_PGA_0p300g,RSN0051,Northridge-01,1994,Station_Nort_051,6.640348504385952,5.30436138292923,230.84769971395616,Reverse,2.354253896153385,0.3,0.3,2.941995,0.471505405197254,0.3368992806230758,0.9885135218828848,5.95,0.01,3313,33.12,/Users/rahul/seismoFNO/data/simulations/scaled_motions/RSN0051_PGA_0p300g.npy
RSN0051_PGA_0p400g,RSN0051,Northridge-01,1994,Station_Nort_051,6.640348504385952,5.30436138292923,230.84769971395616,Reverse,3.1390051948711806,0.4,0.4,3.92266,0.6286738735963389,0.44919904083076767,1.7573573722362443,5.95,0.01,3313,33.12,/Users/rahul/seismoFNO/data/simulations/scaled_motions/RSN0051_PGA_0p400g.npy
RSN0051_PGA_0p500g,RSN0051,Northridge-01,1994,Station_Nort_051,6.640348504385952,5.30436138292923,230.84769971395616,Reverse,3.9237564935889755,0.5,0.5,4.903325,0.7858423419954231,0.5614988010384595,2.745870894119125,5.95,0.01,3313,33.12,/Users/rahul/seismoFNO/data/simulations/scaled_motions/RSN0051_PGA_0p500g.npy
RSN0051_PGA_0p600g,RSN0051,Northridge-01,1994,Station_Nort_051,6.640348504385952,5.30436138292923,230.84769971395616,Reverse,4.70850779230677,0.6,0.6,5.88399,0.943010810394508,0.6737985612461516,3.954054087531539,5.95,0.01,3313,33.12,/Users/rahul/seismoFNO/data/simulations/scaled_motions/RSN0051_PGA_0p600g.npy
RSN0051_PGA_0p800g,RSN0051,Northridge-01,1994,Station_Nort_051,6.640348504385952,5.30436138292923,230.84769971395616,Reverse,6.278010389742361,0.8,0.8,7.84532,1.2573477471926777,0.8983980816615353,7.029429488944977,5.95,0.01,3313,33.12,/Users/rahul/seismoFNO/data/simulations/scaled_motions/RSN0051_PGA_0p800g.npy
RSN0051_PGA_1p000g,RSN0051,Northridge-01,1994,Station_Nort_051,6.640348504385952,5.30436138292923,230.84769971395616,Reverse,7.847512987177951,1.0,1.0,9.80665,1.5716846839908463,1.122997602076919,10.9834835764765,5.95,0.01,3313,33.12,/Users/rahul/seismoFNO/data/simulations/scaled_motions/RSN0051_PGA_1p000g.npy
RSN0051_PGA_1p200g,RSN0051,Northridge-01,1994,Station_Nort_051,6.640348504385952,5.30436138292923,230.84769971395616,Reverse,9.41701558461354,1.2,1.2,11.76798,1.886021620789016,1.3475971224923031,15.816216350126156,5.95,0.01,3313,33.12,/Users/rahul/seismoFNO/data/simulations/scaled_motions/RSN0051_PGA_1p200g.npy
RSN0052_PGA_0p050g,RSN0052,Kobe (Hyogo-ken Nanbu),1995,Station_Kobe_052,6.927588325907724,15.47394122388078,350.202743559578,Strike-Slip,0.5032244172728855,0.05,0.049999999999999996,0.49033249999999995,0.06787697669677015,0.1152478370636543,0.049221400481395394,12.440000000000001,0.01,3543,35.42,/Users/rahul/seismoFNO/data/simulations/scaled_motions/RSN0052_PGA_0p050g.npy
RSN0052_PGA_0p100g,RSN0052,Kobe (Hyogo-ken Nanbu),1995,Station_Kobe_052,6.927588325907724,15.47394122388078,350.202743559578,Strike-Slip,1.006448834545771,0.1,0.09999999999999999,0.9806649999999999,0.1357539533935403,0.2304956741273086,0.19688560192558158,12.440000000000001,0.01,3543,35.42,/Users/rahul/seismoFNO/data/simulations/scaled_motions/RSN0052_PGA_0p100g.npy
RSN0052_PGA_0p200g,RSN0052,Kobe (Hyogo-ken Nanbu),1995,Station_Kobe_052,6.927588325907724,15.47394122388078,350.202743559578,Strike-Slip,2.012897669091542,0.2,0.19999999999999998,1.9613299999999998,0.2715079067870806,0.4609913482546172,0.7875424077023263,12.440000000000001,0.01,3543,35.42,/Users/rahul/seismoFNO/data/simulations/scaled_motions/RSN0052_PGA_0p200g.npy
RSN0052_PGA_0p300g,RSN0052,Kobe (Hyogo-ken Nanbu),1995,Station_Kobe_052,6.927588325907724,15.47394122388078,350.202743559578,Strike-Slip,3.019346503637313,0.3,0.3,2.941995,0.40726186018062105,0.6914870223819546,1.771970417330231,12.440000000000001,0.01,3543,35.42,/Users/rahul/seismoFNO/data/simulations/scaled_motions/RSN0052_PGA_0p300g.npy
RSN0052_PGA_0p400g,RSN0052,Kobe (Hyogo-ken Nanbu),1995,Station_Kobe_052,6.927588325907724,15.47394122388078,350.202743559578,Strike-Slip,4.025795338183084,0.4,0.39999999999999997,3.9226599999999996,0.5430158135741612,0.9219826965092344,3.1501696308093052,12.440000000000001,0.01,3543,35.42,/Users/rahul/seismoFNO/data/simulations/scaled_motions/RSN0052_PGA_0p400g.npy
RSN0052_PGA_0p500g,RSN0052,Kobe (Hyogo-ken Nanbu),1995,Station_Kobe_052,6.927588325907724,15.47394122388078,350.202743559578,Strike-Slip,5.032244172728855,0.5,0.5,4.903325,0.6787697669677015,1.152478370636584,4.9221400481395525,12.440000000000001,0.01,3543,35.42,/Users/rahul/seismoFNO/data/simulations/scaled_motions/RSN0052_PGA_0p500g.npy
RSN0052_PGA_0p600g,RSN0052,Kobe (Hyogo-ken Nanbu),1995,Station_Kobe_052,6.927588325907724,15.47394122388078,350.202743559578,Strike-Slip,6.038693007274626,0.6,0.6,5.88399,0.8145237203612421,1.3829740447639092,7.087881669320924,12.440000000000001,0.01,3543,35.42,/Users/rahul/seismoFNO/data/simulations/scaled_motions/RSN0052_PGA_0p600g.npy
RSN0052_PGA_0p800g,RSN0052,Kobe (Hyogo-ken Nanbu),1995,Station_Kobe_052,6.927588325907724,15.47394122388078,350.202743559578,Strike-Slip,8.051590676366168,0.8,0.7999999999999999,7.845319999999999,1.0860316271483224,1.8439653930184687,12.600678523237221,12.440000000000001,0.01,3543,35.42,/Users/rahul/seismoFNO/data/simulations/scaled_motions/RSN0052_PGA_0p800g.npy
RSN0052_PGA_1p000g,RSN0052,Kobe (Hyogo-ken Nanbu),1995,Station_Kobe_052,6.927588325907724,15.47394122388078,350.202743559578,Strike-Slip,10.06448834545771,1.0,1.0,9.80665,1.357539533935403,2.304956741273168,19.68856019255821,12.440000000000001,0.01,3543,35.42,/Users/rahul/seismoFNO/data/simulations/scaled_motions/RSN0052_PGA_1p000g.npy
RSN0052_PGA_1p200g,RSN0052,Kobe (Hyogo-ken Nanbu),1995,Station_Kobe_052,6.927588325907724,15.47394122388078,350.202743559578,Strike-Slip,12.077386014549251,1.2,1.2,11.76798,1.6290474407224842,2.7659480895278183,28.351526677283697,12.440000000000001,0.01,3543,35.42,/Users/rahul/seismoFNO/data/simulations/scaled_motions/RSN0052_PGA_1p200g.npy
RSN0053_PGA_0p050g,RSN0053,Chi-Chi (Taiwan-01),1999,Station_Chi-_053,7.662901134860671,7.963951645705117,760.2783342370823,Reverse,0.25296922788358417,0.05,0.05000000000000001,0.49033250000000006,0.048839259170854396,0.05969488043753824,0.043731933640425436,15.639999999999999,0.01,4131,41.300000000000004,/Users/rahul/seismoFNO/data/simulations/scaled_motions/RSN0053_PGA_0p050g.npy
RSN0053_PGA_0p100g,RSN0053,Chi-Chi (Taiwan-01),1999,Station_Chi-_053,7.662901134860671,7.963951645705117,760.2783342370823,Reverse,0.5059384557671683,0.1,0.10000000000000002,0.9806650000000001,0.09767851834170879,0.11938976087507648,0.17492773456170174,15.639999999999999,0.01,4131,41.300000000000004,/Users/rahul/seismoFNO/data/simulations/scaled_motions/RSN0053_PGA_0p100g.npy
RSN0053_PGA_0p200g,RSN0053,Chi-Chi (Taiwan-01),1999,Station_Chi-_053,7.662901134860671,7.963951645705117,760.2783342370823,Reverse,1.0118769115343367,0.2,0.20000000000000004,1.9613300000000002,0.19535703668341758,0.23877952175015296,0.699710938246807,15.639999999999999,0.01,4131,41.300000000000004,/Users/rahul/seismoFNO/data/simulations/scaled_motions/RSN0053_PGA_0p200g.npy
RSN0053_PGA_0p300g,RSN0053,Chi-Chi (Taiwan-01),1999,Station_Chi-_053,7.662901134860671,7.963951645705117,760.2783342370823,Reverse,1.5178153673015047,0.3,0.3,2.941995,0.29303555502512624,0.3581692826252285,1.5743496110553046,15.639999999999999,0.01,4131,41.300000000000004,/Users/rahul/seismoFNO/data/simulations/scaled_motions/RSN0053_PGA_0p300g.npy
RSN0053_PGA_0p400g,RSN0053,Chi-Chi (Taiwan-01),1999,Station_Chi-_053,7.662901134860671,7.963951645705117,760.2783342370823,Reverse,2.0237538230686734,0.4,0.4000000000000001,3.9226600000000005,0.39071407336683517,0.4775590435003059,2.798843752987228,15.639999999999999,0.01,4131,41.300000000000004,/Users/rahul/seismoFNO/data/simulations/scaled_motions/RSN0053_PGA_0p400g.npy
RSN0053_PGA_0p500g,RSN0053,Chi-Chi (Taiwan-01),1999,Station_Chi-_053,7.662901134860671,7.963951645705117,760.2783342370823,Reverse,2.5296922788358414,0.5,0.5,4.903325,0.48839259170854354,0.5969488043753824,4.373193364042525,15.639999999999999,0.01,4131,41.300000000000004,/Users/rahul/seismoFNO/data/simulations/scaled_motions/RSN0053_PGA_0p500g.npy
RSN0053_PGA_0p600g,RSN0053,Chi-Chi (Taiwan-01),1999,Station_Chi-_053,7.662901134860671,7.963951645705117,760.2783342370823,Reverse,3.0356307346030094,0.6,0.6,5.88399,0.5860711100502525,0.716338565250457,6.297398444221218,15.639999999999999,0.01,4131,41.300000000000004,/Users/rahul/seismoFNO/data/simulations/scaled_motions/RSN0053_PGA_0p600g.npy
RSN0053_PGA_0p800g,RSN0053,Chi-Chi (Taiwan-01),1999,Station_Chi-_053,7.662901134860671,7.963951645705117,760.2783342370823,Reverse,4.047507646137347,0.8,0.8000000000000002,7.845320000000001,0.7814281467336703,0.9551180870006118,11.195375011948911,15.639999999999999,0.01,4131,41.300000000000004,/Users/rahul/seismoFNO/data/simulations/scaled_motions/RSN0053_PGA_0p800g.npy
RSN0053_PGA_1p000g,RSN0053,Chi-Chi (Taiwan-01),1999,Station_Chi-_053,7.662901134860671,7.963951645705117,760.2783342370823,Reverse,5.059384557671683,1.0,1.0,9.80665,0.9767851834170871,1.193897608750765,17.4927734561701,15.639999999999999,0.01,4131,41.300000000000004,/Users/rahul/seismoFNO/data/simulations/scaled_motions/RSN0053_PGA_1p000g.npy
RSN0053_PGA_1p200g,RSN0053,Chi-Chi (Taiwan-01),1999,Station_Chi-_053,7.662901134860671,7.963951645705117,760.2783342370823,Reverse,6.071261469206019,1.2,1.2,11.76798,1.172142220100505,1.432677130500914,25.189593776884873,15.639999999999999,0.01,4131,41.300000000000004,/Users/rahul/seismoFNO/data/simulations/scaled_motions/RSN0053_PGA_1p200g.npy
RSN0054_PGA_0p050g,RSN0054,Kocaeli (Turkey),1999,Station_Koca_054,7.551141128230592,52.67984940113846,395.60314574133565,Strike-Slip,0.7185061967417673,0.05,0.05,0.4903325,0.12967850196791691,0.7262059512771594,0.04964149696533992,24.340000000000003,0.01,4041,40.4,/Users/rahul/seismoFNO/data/simulations/scaled_motions/RSN0054_PGA_0p050g.npy
RSN0054_PGA_0p100g,RSN0054,Kocaeli (Turkey),1999,Station_Koca_054,7.551141128230592,52.67984940113846,395.60314574133565,Strike-Slip,1.4370123934835346,0.1,0.1,0.980665,0.25935700393583383,1.4524119025543187,0.19856598786135968,24.340000000000003,0.01,4041,40.4,/Users/rahul/seismoFNO/data/simulations/scaled_motions/RSN0054_PGA_0p100g.npy
RSN0054_PGA_0p200g,RSN0054,Kocaeli (Turkey),1999,Station_Koca_054,7.551141128230592,52.67984940113846,395.60314574133565,Strike-Slip,2.874024786967069,0.2,0.2,1.96133,0.5187140078716677,2.9048238051086375,0.7942639514454387,24.340000000000003,0.01,4041,40.4,/Users/rahul/seismoFNO/data/simulations/scaled_motions/RSN0054_PGA_0p200g.npy
RSN0054_PGA_0p300g,RSN0054,Kocaeli (Turkey),1999,Station_Koca_054,7.551141128230592,52.67984940113846,395.60314574133565,Strike-Slip,4.311037180450604,0.3,0.3,2.941995,0.7780710118075024,4.357235707662961,1.7870938907522325,24.340000000000003,0.01,4041,40.4,/Users/rahul/seismoFNO/data/simulations/scaled_motions/RSN0054_PGA_0p300g.npy
RSN0054_PGA_0p400g,RSN0054,Kocaeli (Turkey),1999,Station_Koca_054,7.551141128230592,52.67984940113846,395.60314574133565,Strike-Slip,5.748049573934138,0.4,0.4,3.92266,1.0374280157433353,5.809647610217275,3.177055805781755,24.340000000000003,0.01,4041,40.4,/Users/rahul/seismoFNO/data/simulations/scaled_motions/RSN0054_PGA_0p400g.npy
RSN0054_PGA_0p500g,RSN0054,Kocaeli (Turkey),1999,Station_Koca_054,7.551141128230592,52.67984940113846,395.60314574133565,Strike-Slip,7.185061967417673,0.5,0.5,4.903325,1.2967850196791688,7.262059512771545,4.964149696533974,24.340000000000003,0.01,4041,40.4,/Users/rahul/seismoFNO/data/simulations/scaled_motions/RSN0054_PGA_0p500g.npy
RSN0054_PGA_0p600g,RSN0054,Kocaeli (Turkey),1999,Station_Koca_054,7.551141128230592,52.67984940113846,395.60314574133565,Strike-Slip,8.622074360901207,0.6,0.6,5.88399,1.5561420236150048,8.714471415325923,7.14837556300893,24.340000000000003,0.01,4041,40.4,/Users/rahul/seismoFNO/data/simulations/scaled_motions/RSN0054_PGA_0p600g.npy
RSN0054_PGA_0p800g,RSN0054,Kocaeli (Turkey),1999,Station_Koca_054,7.551141128230592,52.67984940113846,395.60314574133565,Strike-Slip,11.496099147868277,0.8,0.8,7.84532,2.0748560314866706,11.61929522043455,12.70822322312702,24.340000000000003,0.01,4041,40.4,/Users/rahul/seismoFNO/data/simulations/scaled_motions/RSN0054_PGA_0p800g.npy
RSN0054_PGA_1p000g,RSN0054,Kocaeli (Turkey),1999,Station_Koca_054,7.551141128230592,52.67984940113846,395.60314574133565,Strike-Slip,14.370123934835346,1.0,1.0,9.80665,2.5935700393583376,14.52411902554309,19.856598786135898,24.340000000000003,0.01,4041,40.4,/Users/rahul/seismoFNO/data/simulations/scaled_motions/RSN0054_PGA_1p000g.npy
RSN0054_PGA_1p200g,RSN0054,Kocaeli (Turkey),1999,Station_Koca_054,7.551141128230592,52.67984940113846,395.60314574133565,Strike-Slip,17.244148721802414,1.2,1.2,11.76798,3.1122840472300095,17.428942830651845,28.59350225203572,24.340000000000003,0.01,4041,40.4,/Users/rahul/seismoFNO/data/simulations/scaled_motions/RSN0054_PGA_1p200g.npy
RSN0055_PGA_0p050g,RSN0055,Landers,1992,Station_Land_055,7.433213728384319,3.5161491716808446,479.47181933993636,Strike-Slip,0.22515948449629913,0.05,0.05,0.4903325,0.11790779342495554,0.3756404806334571,0.04494697770076988,10.590000000000002,0.01,3947,39.46,/Users/rahul/seismoFNO/data/simulations/scaled_motions/RSN0055_PGA_0p050g.npy
RSN0055_PGA_0p100g,RSN0055,Landers,1992,Station_Land_055,7.433213728384319,3.5161491716808446,479.47181933993636,Strike-Slip,0.45031896899259827,0.1,0.1,0.980665,0.23581558684991108,0.7512809612669142,0.17978791080307951,10.590000000000002,0.01,3947,39.46,/Users/rahul/seismoFNO/data/simulations/scaled_motions/RSN0055_PGA_0p100g.npy
RSN0055_PGA_0p200g,RSN0055,Landers,1992,Station_Land_055,7.433213728384319,3.5161491716808446,479.47181933993636,Strike-Slip,0.9006379379851965,0.2,0.2,1.96133,0.47163117369982216,1.5025619225338285,0.7191516432123181,10.590000000000002,0.01,3947,39.46,/Users/rahul/seismoFNO/data/simulations/scaled_motions/RSN0055_PGA_0p200g.npy
RSN0055_PGA_0p300g,RSN0055,Landers,1992,Station_Land_055,7.433213728384319,3.5161491716808446,479.47181933993636,Strike-Slip,1.3509569069777947,0.3,0.3,2.941995,0.7074467605497333,2.2538428838007403,1.6180911972277194,10.590000000000002,0.01,3947,39.46,/Users/rahul/seismoFNO/data/simulations/scaled_motions/RSN0055_PGA_0p300g.npy
RSN0055_PGA_0p400g,RSN0055,Landers,1992,Station_Land_055,7.433213728384319,3.5161491716808446,479.47181933993636,Strike-Slip,1.801275875970393,0.4,0.4,3.92266,0.9432623473996443,3.005123845067657,2.8766065728492722,10.590000000000002,0.01,3947,39.46,/Users/rahul/seismoFNO/data/simulations/scaled_motions/RSN0055_PGA_0p400g.npy
RSN0055_PGA_0p500g,RSN0055,Landers,1992,Station_Land_055,7.433213728384319,3.5161491716808446,479.47181933993636,Strike-Slip,2.251594844962991,0.5,0.49999999999999994,4.903324999999999,1.1790779342495554,3.7564048063345594,4.494697770076982,10.590000000000002,0.01,3947,39.46,/Users/rahul/seismoFNO/data/simulations/scaled_motions/RSN0055_PGA_0p500g.npy
RSN0055_PGA_0p600g,RSN0055,Landers,1992,Station_Land_055,7.433213728384319,3.5161491716808446,479.47181933993636,Strike-Slip,2.7019138139555894,0.6,0.6,5.88399,1.4148935210994666,4.5076857676014805,6.472364788910878,10.590000000000002,0.01,3947,39.46,/Users/rahul/seismoFNO/data/simulations/scaled_motions/RSN0055_PGA_0p600g.npy
RSN0055_PGA_0p800g,RSN0055,Landers,1992,Station_Land_055,7.433213728384319,3.5161491716808446,479.47181933993636,Strike-Slip,3.602551751940786,0.8,0.8,7.84532,1.8865246947992886,6.010247690135314,11.506426291397089,10.590000000000002,0.01,3947,39.46,/Users/rahul/seismoFNO/data/simulations/scaled_motions/RSN0055_PGA_0p800g.npy
RSN0055_PGA_1p000g,RSN0055,Landers,1992,Station_Land_055,7.433213728384319,3.5161491716808446,479.47181933993636,Strike-Slip,4.503189689925982,1.0,0.9999999999999999,9.806649999999998,2.358155868499111,7.512809612669119,17.97879108030793,10.590000000000002,0.01,3947,39.46,/Users/rahul/seismoFNO/data/simulations/scaled_motions/RSN0055_PGA_1p000g.npy
RSN0055_PGA_1p200g,RSN0055,Landers,1992,Station_Land_055,7.433213728384319,3.5161491716808446,479.47181933993636,Strike-Slip,5.403827627911179,1.2,1.2,11.76798,2.8297870421989333,9.015371535202961,25.88945915564351,10.590000000000002,0.01,3947,39.46,/Users/rahul/seismoFNO/data/simulations/scaled_motions/RSN0055_PGA_1p200g.npy
RSN0056_PGA_0p050g,RSN0056,San Fernando,1971,Station_San _056,6.74449355680388,3.97608730777322,380.57309073188895,Reverse,0.344259895352075,0.05,0.05,0.4903325,0.05812953289935452,0.07285381305862187,0.02282064223566545,5.87,0.01,3396,33.95,/Users/rahul/seismoFNO/data/simulations/scaled_motions/RSN0056_PGA_0p050g.npy
RSN0056_PGA_0p100g,RSN0056,San Fernando,1971,Station_San _056,6.74449355680388,3.97608730777322,380.57309073188895,Reverse,0.68851979070415,0.1,0.1,0.980665,0.11625906579870904,0.14570762611724375,0.0912825689426618,5.87,0.01,3396,33.95,/Users/rahul/seismoFNO/data/simulations/scaled_motions/RSN0056_PGA_0p100g.npy
RSN0056_PGA_0p200g,RSN0056,San Fernando,1971,Station_San _056,6.74449355680388,3.97608730777322,380.57309073188895,Reverse,1.3770395814083,0.2,0.2,1.96133,0.23251813159741808,0.2914152522344875,0.3651302757706472,5.87,0.01,3396,33.95,/Users/rahul/seismoFNO/data/simulations/scaled_motions/RSN0056_PGA_0p200g.npy
RSN0056_PGA_0p300g,RSN0056,San Fernando,1971,Station_San _056,6.74449355680388,3.97608730777322,380.57309073188895,Reverse,2.06555937211245,0.3,0.3,2.941995,0.3487771973961269,0.43712287835172703,0.8215431204839556,5.87,0.01,3396,33.95,/Users/rahul/seismoFNO/data/simulations/scaled_motions/RSN0056_PGA_0p300g.npy
RSN0056_PGA_0p400g,RSN0056,San Fernando,1971,Station_San _056,6.74449355680388,3.97608730777322,380.57309073188895,Reverse,2.7540791628166,0.4,0.4,3.92266,0.46503626319483615,0.582830504468975,1.4605211030825889,5.87,0.01,3396,33.95,/Users/rahul/seismoFNO/data/simulations/scaled_motions/RSN0056_PGA_0p400g.npy
RSN0056_PGA_0p500g,RSN0056,San Fernando,1971,Station_San _056,6.74449355680388,3.97608730777322,380.57309073188895,Reverse,3.44259895352075,0.5,0.5,4.903325,0.5812953289935452,0.7285381305862215,2.2820642235665383,5.87,0.01,3396,33.95,/Users/rahul/seismoFNO/data/simulations/scaled_motions/RSN0056_PGA_0p500g.npy
RSN0056_PGA_0p600g,RSN0056,San Fernando,1971,Station_San _056,6.74449355680388,3.97608730777322,380.57309073188895,Reverse,4.1311187442249,0.6,0.6,5.88399,0.6975543947922538,0.8742457567034541,3.2861724819358225,5.87,0.01,3396,33.95,/Users/rahul/seismoFNO/data/simulations/scaled_motions/RSN0056_PGA_0p600g.npy
RSN0056_PGA_0p800g,RSN0056,San Fernando,1971,Station_San _056,6.74449355680388,3.97608730777322,380.57309073188895,Reverse,5.5081583256332,0.8,0.8,7.84532,0.9300725263896723,1.16566100893795,5.8420844123303555,5.87,0.01,3396,33.95,/Users/rahul/seismoFNO/data/simulations/scaled_motions/RSN0056_PGA_0p800g.npy
RSN0056_PGA_1p000g,RSN0056,San Fernando,1971,Station_San _056,6.74449355680388,3.97608730777322,380.57309073188895,Reverse,6.8851979070415,1.0,1.0,9.80665,1.1625906579870904,1.457076261172443,9.128256894266153,5.87,0.01,3396,33.95,/Users/rahul/seismoFNO/data/simulations/scaled_motions/RSN0056_PGA_1p000g.npy
RSN0056_PGA_1p200g,RSN0056,San Fernando,1971,Station_San _056,6.74449355680388,3.97608730777322,380.57309073188895,Reverse,8.2622374884498,1.2,1.2,11.76798,1.3951087895845076,1.7484915134069081,13.14468992774329,5.87,0.01,3396,33.95,/Users/rahul/seismoFNO/data/simulations/scaled_motions/RSN0056_PGA_1p200g.npy
RSN0057_PGA_0p050g,RSN0057,Hector Mine,1999,Station_Hect_057,7.167184747639208,15.937207005107542,295.93730679026186,Strike-Slip,0.44270284207073574,0.05,0.05,0.4903325,0.08159020274393268,0.1157699820474256,0.051297741978795865,14.890000000000002,0.01,3734,37.33,/Users/rahul/seismoFNO/data/simulations/scaled_motions/RSN0057_PGA_0p050g.npy
RSN0057_PGA_0p100g,RSN0057,Hector Mine,1999,Station_Hect_057,7.167184747639208,15.937207005107542,295.93730679026186,Strike-Slip,0.8854056841414715,0.1,0.1,0.980665,0.16318040548786536,0.2315399640948512,0.20519096791518346,14.890000000000002,0.01,3734,37.33,/Users/rahul/seismoFNO/data/simulations/scaled_motions/RSN0057_PGA_0p100g.npy
RSN0057_PGA_0p200g,RSN0057,Hector Mine,1999,Station_Hect_057,7.167184747639208,15.937207005107542,295.93730679026186,Strike-Slip,1.770811368282943,0.2,0.2,1.96133,0.3263608109757307,0.4630799281897024,0.8207638716607338,14.890000000000002,0.01,3734,37.33,/Users/rahul/seismoFNO/data/simulations/scaled_motions/RSN0057_PGA_0p200g.npy
RSN0057_PGA_0p300g,RSN0057,Hector Mine,1999,Station_Hect_057,7.167184747639208,15.937207005107542,295.93730679026186,Strike-Slip,2.6562170524244144,0.3,0.3,2.941995,0.4895412164635959,0.6946198922845499,1.8467187112366525,14.890000000000002,0.01,3734,37.33,/Users/rahul/seismoFNO/data/simulations/scaled_motions/RSN0057_PGA_0p300g.npy
RSN0057_PGA_0p400g,RSN0057,Hector Mine,1999,Station_Hect_057,7.167184747639208,15.937207005107542,295.93730679026186,Strike-Slip,3.541622736565886,0.4,0.4,3.92266,0.6527216219514614,0.9261598563794048,3.2830554866429353,14.890000000000002,0.01,3734,37.33,/Users/rahul/seismoFNO/data/simulations/scaled_motions/RSN0057_PGA_0p400g.npy
RSN0057_PGA_0p500g,RSN0057,Hector Mine,1999,Station_Hect_057,7.167184747639208,15.937207005107542,295.93730679026186,Strike-Slip,4.427028420707357,0.5,0.49999999999999994,4.903324999999999,0.8159020274393273,1.157699820474255,5.129774197879559,14.890000000000002,0.01,3734,37.33,/Users/rahul/seismoFNO/data/simulations/scaled_motions/RSN0057_PGA_0p500g.npy
RSN0057_PGA_0p600g,RSN0057,Hector Mine,1999,Station_Hect_057,7.167184747639208,15.937207005107542,295.93730679026186,Strike-Slip,5.312434104848829,0.6,0.6,5.88399,0.9790824329271918,1.3892397845690998,7.38687484494661,14.890000000000002,0.01,3734,37.33,/Users/rahul/seismoFNO/data/simulations/scaled_motions/RSN0057_PGA_0p600g.npy
RSN0057_PGA_0p800g,RSN0057,Hector Mine,1999,Station_Hect_057,7.167184747639208,15.937207005107542,295.93730679026186,Strike-Slip,7.083245473131772,0.8,0.8,7.84532,1.3054432439029229,1.8523197127588096,13.132221946571741,14.890000000000002,0.01,3734,37.33,/Users/rahul/seismoFNO/data/simulations/scaled_motions/RSN0057_PGA_0p800g.npy
RSN0057_PGA_1p000g,RSN0057,Hector Mine,1999,Station_Hect_057,7.167184747639208,15.937207005107542,295.93730679026186,Strike-Slip,8.854056841414714,1.0,0.9999999999999999,9.806649999999998,1.6318040548786545,2.31539964094851,20.519096791518237,14.890000000000002,0.01,3734,37.33,/Users/rahul/seismoFNO/data/simulations/scaled_motions/RSN0057_PGA_1p000g.npy
RSN0057_PGA_1p200g,RSN0057,Hector Mine,1999,Station_Hect_057,7.167184747639208,15.937207005107542,295.93730679026186,Strike-Slip,10.624868209697658,1.2,1.2,11.76798,1.9581648658543835,2.7784795691381996,29.54749937978644,14.890000000000002,0.01,3734,37.33,/Users/rahul/seismoFNO/data/simulations/scaled_motions/RSN0057_PGA_1p200g.npy
RSN0058_PGA_0p050g,RSN0058,Duzce (Turkey),1999,Station_Duzc_058,7.083670538989325,4.5493271798735595,390.95481043495954,Strike-Slip,0.2918846190826941,0.05,0.05,0.4903325,0.06973858091185396,0.10948882616966128,0.020483400019039057,7.600000000000001,0.01,3667,36.660000000000004,/Users/rahul/seismoFNO/data/simulations/scaled_motions/RSN0058_PGA_0p050g.npy
RSN0058_PGA_0p100g,RSN0058,Duzce (Turkey),1999,Station_Duzc_058,7.083670538989325,4.5493271798735595,390.95481043495954,Strike-Slip,0.5837692381653882,0.1,0.1,0.980665,0.13947716182370792,0.21897765233932256,0.08193360007615623,7.600000000000001,0.01,3667,36.660000000000004,/Users/rahul/seismoFNO/data/simulations/scaled_motions/RSN0058_PGA_0p100g.npy
RSN0058_PGA_0p200g,RSN0058,Duzce (Turkey),1999,Station_Duzc_058,7.083670538989325,4.5493271798735595,390.95481043495954,Strike-Slip,1.1675384763307763,0.2,0.2,1.96133,0.27895432364741585,0.43795530467864513,0.3277344003046249,7.600000000000001,0.01,3667,36.660000000000004,/Users/rahul/seismoFNO/data/simulations/scaled_motions/RSN0058_PGA_0p200g.npy
RSN0058_PGA_0p300g,RSN0058,Duzce (Turkey),1999,Station_Duzc_058,7.083670538989325,4.5493271798735595,390.95481043495954,Strike-Slip,1.7513077144961644,0.3,0.3,2.941995,0.4184314854711233,0.6569329570179642,0.7374024006854024,7.600000000000001,0.01,3667,36.660000000000004,/Users/rahul/seismoFNO/data/simulations/scaled_motions/RSN0058_PGA_0p300g.npy
RSN0058_PGA_0p400g,RSN0058,Duzce (Turkey),1999,Station_Duzc_058,7.083670538989325,4.5493271798735595,390.95481043495954,Strike-Slip,2.3350769526615527,0.4,0.4,3.92266,0.5579086472948317,0.8759106093572903,1.3109376012184997,7.600000000000001,0.01,3667,36.660000000000004,/Users/rahul/seismoFNO/data/simulations/scaled_motions/RSN0058_PGA_0p400g.npy
RSN0058_PGA_0p500g,RSN0058,Duzce (Turkey),1999,Station_Duzc_058,7.083670538989325,4.5493271798735595,390.95481043495954,Strike-Slip,2.9188461908269407,0.5,0.5,4.903325,0.6973858091185392,1.0948882616966091,2.0483400019039024,7.600000000000001,0.01,3667,36.660000000000004,/Users/rahul/seismoFNO/data/simulations/scaled_motions/RSN0058_PGA_0p500g.npy
RSN0058_PGA_0p600g,RSN0058,Duzce (Turkey),1999,Station_Duzc_058,7.083670538989325,4.5493271798735595,390.95481043495954,Strike-Slip,3.502615428992329,0.6,0.6,5.88399,0.8368629709422466,1.3138659140359283,2.9496096027416097,7.600000000000001,0.01,3667,36.660000000000004,/Users/rahul/seismoFNO/data/simulations/scaled_motions/RSN0058_PGA_0p600g.npy
RSN0058_PGA_0p800g,RSN0058,Duzce (Turkey),1999,Station_Duzc_058,7.083670538989325,4.5493271798735595,390.95481043495954,Strike-Slip,4.670153905323105,0.8,0.8,7.84532,1.1158172945896634,1.7518212187145805,5.243750404873999,7.600000000000001,0.01,3667,36.660000000000004,/Users/rahul/seismoFNO/data/simulations/scaled_motions/RSN0058_PGA_0p800g.npy
RSN0058_PGA_1p000g,RSN0058,Duzce (Turkey),1999,Station_Duzc_058,7.083670538989325,4.5493271798735595,390.95481043495954,Strike-Slip,5.8376923816538815,1.0,1.0,9.80665,1.3947716182370784,2.1897765233932183,8.19336000761561,7.600000000000001,0.01,3667,36.660000000000004,/Users/rahul/seismoFNO/data/simulations/scaled_motions/RSN0058_PGA_1p000g.npy
RSN0058_PGA_1p200g,RSN0058,Duzce (Turkey),1999,Station_Duzc_058,7.083670538989325,4.5493271798735595,390.95481043495954,Strike-Slip,7.005230857984658,1.2,1.2,11.76798,1.6737259418844932,2.6277318280718567,11.798438410966439,7.600000000000001,0.01,3667,36.660000000000004,/Users/rahul/seismoFNO/data/simulations/scaled_motions/RSN0058_PGA_1p200g.npy
RSN0059_PGA_0p050g,RSN0059,Christchurch,2011,Station_Chri_059,6.057400031033753,8.585000680502368,361.2527583585311,Reverse-Oblique,0.6411316784736113,0.05,0.05,0.4903325,0.0614011415372206,0.025704205208145415,0.02912336272574833,6.5600000000000005,0.01,2847,28.46,/Users/rahul/seismoFNO/data/simulations/scaled_motions/RSN0059_PGA_0p050g.npy
RSN0059_PGA_0p100g,RSN0059,Christchurch,2011,Station_Chri_059,6.057400031033753,8.585000680502368,361.2527583585311,Reverse-Oblique,1.2822633569472226,0.1,0.1,0.980665,0.1228022830744412,0.05140841041629083,0.11649345090299332,6.5600000000000005,0.01,2847,28.46,/Users/rahul/seismoFNO/data/simulations/scaled_motions/RSN0059_PGA_0p100g.npy
RSN0059_PGA_0p200g,RSN0059,Christchurch,2011,Station_Chri_059,6.057400031033753,8.585000680502368,361.2527583585311,Reverse-Oblique,2.564526713894445,0.2,0.2,1.96133,0.2456045661488824,0.10281682083258166,0.46597380361197327,6.5600000000000005,0.01,2847,28.46,/Users/rahul/seismoFNO/data/simulations/scaled_motions/RSN0059_PGA_0p200g.npy
RSN0059_PGA_0p300g,RSN0059,Christchurch,2011,Station_Chri_059,6.057400031033753,8.585000680502368,361.2527583585311,Reverse-Oblique,3.8467900708416676,0.3,0.3,2.941995,0.36840684922332356,0.15422523124887252,1.0484410581269412,6.5600000000000005,0.01,2847,28.46,/Users/rahul/seismoFNO/data/simulations/scaled_motions/RSN0059_PGA_0p300g.npy
RSN0059_PGA_0p400g,RSN0059,Christchurch,2011,Station_Chri_059,6.057400031033753,8.585000680502368,361.2527583585311,Reverse-Oblique,5.12905342778889,0.4,0.4,3.92266,0.4912091322977648,0.20563364166516332,1.863895214447893,6.5600000000000005,0.01,2847,28.46,/Users/rahul/seismoFNO/data/simulations/scaled_motions/RSN0059_PGA_0p400g.npy
RSN0059_PGA_0p500g,RSN0059,Christchurch,2011,Station_Chri_059,6.057400031033753,8.585000680502368,361.2527583585311,Reverse-Oblique,6.411316784736113,0.5,0.5,4.903325,0.6140114153722063,0.25704205208145436,2.912336272574829,6.5600000000000005,0.01,2847,28.46,/Users/rahul/seismoFNO/data/simulations/scaled_motions/RSN0059_PGA_0p500g.npy
RSN0059_PGA_0p600g,RSN0059,Christchurch,2011,Station_Chri_059,6.057400031033753,8.585000680502368,361.2527583585311,Reverse-Oblique,7.693580141683335,0.6,0.6,5.88399,0.7368136984466471,0.30845046249774505,4.193764232507765,6.5600000000000005,0.01,2847,28.46,/Users/rahul/seismoFNO/data/simulations/scaled_motions/RSN0059_PGA_0p600g.npy
RSN0059_PGA_0p800g,RSN0059,Christchurch,2011,Station_Chri_059,6.057400031033753,8.585000680502368,361.2527583585311,Reverse-Oblique,10.25810685557778,0.8,0.8,7.84532,0.9824182645955296,0.41126728333032664,7.455580857791572,6.5600000000000005,0.01,2847,28.46,/Users/rahul/seismoFNO/data/simulations/scaled_motions/RSN0059_PGA_0p800g.npy
RSN0059_PGA_1p000g,RSN0059,Christchurch,2011,Station_Chri_059,6.057400031033753,8.585000680502368,361.2527583585311,Reverse-Oblique,12.822633569472226,1.0,1.0,9.80665,1.2280228307444125,0.5140841041629087,11.649345090299317,6.5600000000000005,0.01,2847,28.46,/Users/rahul/seismoFNO/data/simulations/scaled_motions/RSN0059_PGA_1p000g.npy
RSN0059_PGA_1p200g,RSN0059,Christchurch,2011,Station_Chri_059,6.057400031033753,8.585000680502368,361.2527583585311,Reverse-Oblique,15.38716028336667,1.2,1.2,11.76798,1.4736273968932943,0.6169009249954901,16.77505693003106,6.5600000000000005,0.01,2847,28.46,/Users/rahul/seismoFNO/data/simulations/scaled_motions/RSN0059_PGA_1p200g.npy
RSN0060_PGA_0p050g,RSN0060,Tottori (Japan),2000,Station_Tott_060,6.787073161042581,3.472432568243252,911.9309517640454,Strike-Slip,0.3416999491507637,0.05,0.05,0.4903325,0.05740631587136135,0.031381169382484794,0.020507374872807446,5.72,0.01,3430,34.29,/Users/rahul/seismoFNO/data/simulations/scaled_motions/RSN0060_PGA_0p050g.npy
RSN0060_PGA_0p100g,RSN0060,Tottori (Japan),2000,Station_Tott_060,6.787073161042581,3.472432568243252,911.9309517640454,Strike-Slip,0.6833998983015274,0.1,0.1,0.980665,0.1148126317427227,0.06276233876496959,0.08202949949122978,5.72,0.01,3430,34.29,/Users/rahul/seismoFNO/data/simulations/scaled_motions/RSN0060_PGA_0p100g.npy
RSN0060_PGA_0p200g,RSN0060,Tottori (Japan),2000,Station_Tott_060,6.787073161042581,3.472432568243252,911.9309517640454,Strike-Slip,1.3667997966030547,0.2,0.2,1.96133,0.2296252634854454,0.12552467752993918,0.32811799796491914,5.72,0.01,3430,34.29,/Users/rahul/seismoFNO/data/simulations/scaled_motions/RSN0060_PGA_0p200g.npy
RSN0060_PGA_0p300g,RSN0060,Tottori (Japan),2000,Station_Tott_060,6.787073161042581,3.472432568243252,911.9309517640454,Strike-Slip,2.050199694904582,0.3,0.3,2.941995,0.34443789522816787,0.1882870162949057,0.7382654954210734,5.72,0.01,3430,34.29,/Users/rahul/seismoFNO/data/simulations/scaled_motions/RSN0060_PGA_0p300g.npy
RSN0060_PGA_0p400g,RSN0060,Tottori (Japan),2000,Station_Tott_060,6.787073161042581,3.472432568243252,911.9309517640454,Strike-Slip,2.7335995932061095,0.4,0.4,3.92266,0.4592505269708908,0.25104935505987835,1.3124719918596766,5.72,0.01,3430,34.29,/Users/rahul/seismoFNO/data/simulations/scaled_motions/RSN0060_PGA_0p400g.npy
RSN0060_PGA_0p500g,RSN0060,Tottori (Japan),2000,Station_Tott_060,6.787073161042581,3.472432568243252,911.9309517640454,Strike-Slip,3.4169994915076365,0.5,0.5,4.903325,0.5740631587136131,0.3138116938248467,2.0507374872807453,5.72,0.01,3430,34.29,/Users/rahul/seismoFNO/data/simulations/scaled_motions/RSN0060_PGA_0p500g.npy
RSN0060_PGA_0p600g,RSN0060,Tottori (Japan),2000,Station_Tott_060,6.787073161042581,3.472432568243252,911.9309517640454,Strike-Slip,4.100399389809164,0.6,0.6,5.88399,0.6888757904563357,0.3765740325898114,2.953061981684294,5.72,0.01,3430,34.29,/Users/rahul/seismoFNO/data/simulations/scaled_motions/RSN0060_PGA_0p600g.npy
RSN0060_PGA_0p800g,RSN0060,Tottori (Japan),2000,Station_Tott_060,6.787073161042581,3.472432568243252,911.9309517640454,Strike-Slip,5.467199186412219,0.8,0.8,7.84532,0.9185010539417816,0.5020987101197567,5.249887967438706,5.72,0.01,3430,34.29,/Users/rahul/seismoFNO/data/simulations/scaled_motions/RSN0060_PGA_0p800g.npy
RSN0060_PGA_1p000g,RSN0060,Tottori (Japan),2000,Station_Tott_060,6.787073161042581,3.472432568243252,911.9309517640454,Strike-Slip,6.833998983015273,1.0,1.0,9.80665,1.1481263174272263,0.6276233876496934,8.202949949122981,5.72,0.01,3430,34.29,/Users/rahul/seismoFNO/data/simulations/scaled_motions/RSN0060_PGA_1p000g.npy
RSN0060_PGA_1p200g,RSN0060,Tottori (Japan),2000,Station_Tott_060,6.787073161042581,3.472432568243252,911.9309517640454,Strike-Slip,8.200798779618328,1.2,1.2,11.76798,1.3777515809126715,0.7531480651796228,11.812247926737175,5.72,0.01,3430,34.29,/Users/rahul/seismoFNO/data/simulations/scaled_motions/RSN0060_PGA_1p200g.npy
RSN0061_PGA_0p050g,RSN0061,Morgan Hill,1984,Station_Morg_061,6.413336591884958,20.00862956562571,280.0612316434731,Strike-Slip,0.7665622003897382,0.05,0.05,0.4903325,0.09694386443151194,0.08235699242033205,0.06896319516137296,13.410000000000002,0.01,3131,31.3,/Users/rahul/seismoFNO/data/simulations/scaled_motions/RSN0061_PGA_0p050g.npy
RSN0061_PGA_0p100g,RSN0061,Morgan Hill,1984,Station_Morg_061,6.413336591884958,20.00862956562571,280.0612316434731,Strike-Slip,1.5331244007794764,0.1,0.1,0.980665,0.19388772886302388,0.1647139848406641,0.27585278064549185,13.410000000000002,0.01,3131,31.3,/Users/rahul/seismoFNO/data/simulations/scaled_motions/RSN0061_PGA_0p100g.npy
RSN0061_PGA_0p200g,RSN0061,Morgan Hill,1984,Station_Morg_061,6.413336591884958,20.00862956562571,280.0612316434731,Strike-Slip,3.066248801558953,0.2,0.2,1.96133,0.38777545772604777,0.3294279696813282,1.1034111225819674,13.410000000000002,0.01,3131,31.3,/Users/rahul/seismoFNO/data/simulations/scaled_motions/RSN0061_PGA_0p200g.npy
RSN0061_PGA_0p300g,RSN0061,Morgan Hill,1984,Station_Morg_061,6.413336591884958,20.00862956562571,280.0612316434731,Strike-Slip,4.5993732023384295,0.3,0.3,2.941995,0.5816631865890721,0.49414195452199283,2.482675025809424,13.410000000000002,0.01,3131,31.3,/Users/rahul/seismoFNO/data/simulations/scaled_motions/RSN0061_PGA_0p300g.npy
RSN0061_PGA_0p400g,RSN0061,Morgan Hill,1984,Station_Morg_061,6.413336591884958,20.00862956562571,280.0612316434731,Strike-Slip,6.132497603117906,0.4,0.4,3.92266,0.7755509154520955,0.6588559393626564,4.4136444903278695,13.410000000000002,0.01,3131,31.3,/Users/rahul/seismoFNO/data/simulations/scaled_motions/RSN0061_PGA_0p400g.npy
RSN0061_PGA_0p500g,RSN0061,Morgan Hill,1984,Station_Morg_061,6.413336591884958,20.00862956562571,280.0612316434731,Strike-Slip,7.665622003897382,0.5,0.5,4.903325,0.9694386443151193,0.8235699242033223,6.8963195161373045,13.410000000000002,0.01,3131,31.3,/Users/rahul/seismoFNO/data/simulations/scaled_motions/RSN0061_PGA_0p500g.npy
RSN0061_PGA_0p600g,RSN0061,Morgan Hill,1984,Station_Morg_061,6.413336591884958,20.00862956562571,280.0612316434731,Strike-Slip,9.198746404676859,0.6,0.6,5.88399,1.1633263731781442,0.9882839090439857,9.930700103237696,13.410000000000002,0.01,3131,31.3,/Users/rahul/seismoFNO/data/simulations/scaled_motions/RSN0061_PGA_0p600g.npy
RSN0061_PGA_0p800g,RSN0061,Morgan Hill,1984,Station_Morg_061,6.413336591884958,20.00862956562571,280.0612316434731,Strike-Slip,12.264995206235811,0.8,0.8,7.84532,1.551101830904191,1.3177118787253128,17.654577961311478,13.410000000000002,0.01,3131,31.3,/Users/rahul/seismoFNO/data/simulations/scaled_motions/RSN0061_PGA_0p800g.npy
RSN0061_PGA_1p000g,RSN0061,Morgan Hill,1984,Station_Morg_061,6.413336591884958,20.00862956562571,280.0612316434731,Strike-Slip,15.331244007794764,1.0,1.0,9.80665,1.9388772886302386,1.6471398484066446,27.585278064549218,13.410000000000002,0.01,3131,31.3,/Users/rahul/seismoFNO/data/simulations/scaled_motions/RSN0061_PGA_1p000g.npy
RSN0061_PGA_1p200g,RSN0061,Morgan Hill,1984,Station_Morg_061,6.413336591884958,20.00862956562571,280.0612316434731,Strike-Slip,18.397492809353718,1.2,1.2,11.76798,2.3266527463562885,1.9765678180879713,39.72280041295078,13.410000000000002,0.01,3131,31.3,/Users/rahul/seismoFNO/data/simulations/scaled_motions/RSN0061_PGA_1p200g.npy
RSN0062_PGA_0p050g,RSN0062,Whittier Narrows-01,1987,Station_Whit_062,6.057348510343938,4.835267236576063,673.9000853440211,Reverse,0.5351541606402518,0.05,0.05000000000000001,0.49033250000000006,0.039345931963630704,0.10597674170758618,0.012037899287328117,4.42,0.01,2847,28.46,/Users/rahul/seismoFNO/data/simulations/scaled_motions/RSN0062_PGA_0p050g.npy
RSN0062_PGA_0p100g,RSN0062,Whittier Narrows-01,1987,Station_Whit_062,6.057348510343938,4.835267236576063,673.9000853440211,Reverse,1.0703083212805036,0.1,0.10000000000000002,0.9806650000000001,0.07869186392726141,0.21195348341517237,0.04815159714931247,4.42,0.01,2847,28.46,/Users/rahul/seismoFNO/data/simulations/scaled_motions/RSN0062_PGA_0p100g.npy
RSN0062_PGA_0p200g,RSN0062,Whittier Narrows-01,1987,Station_Whit_062,6.057348510343938,4.835267236576063,673.9000853440211,Reverse,2.140616642561007,0.2,0.20000000000000004,1.9613300000000002,0.15738372785452281,0.42390696683034473,0.19260638859724988,4.42,0.01,2847,28.46,/Users/rahul/seismoFNO/data/simulations/scaled_motions/RSN0062_PGA_0p200g.npy
RSN0062_PGA_0p300g,RSN0062,Whittier Narrows-01,1987,Station_Whit_062,6.057348510343938,4.835267236576063,673.9000853440211,Reverse,3.21092496384151,0.3,0.3,2.941995,0.2360755917817842,0.6358604502455186,0.433364374343812,4.42,0.01,2847,28.46,/Users/rahul/seismoFNO/data/simulations/scaled_motions/RSN0062_PGA_0p300g.npy
RSN0062_PGA_0p400g,RSN0062,Whittier Narrows-01,1987,Station_Whit_062,6.057348510343938,4.835267236576063,673.9000853440211,Reverse,4.281233285122014,0.4,0.4000000000000001,3.9226600000000005,0.31476745570904563,0.8478139336606895,0.7704255543889995,4.42,0.01,2847,28.46,/Users/rahul/seismoFNO/data/simulations/scaled_motions/RSN0062_PGA_0p400g.npy
RSN0062_PGA_0p500g,RSN0062,Whittier Narrows-01,1987,Station_Whit_062,6.057348510343938,4.835267236576063,673.9000853440211,Reverse,5.351541606402517,0.5,0.5,4.903325,0.39345931963630715,1.0597674170758662,1.2037899287328135,4.42,0.01,2847,28.46,/Users/rahul/seismoFNO/data/simulations/scaled_motions/RSN0062_PGA_0p500g.npy
RSN0062_PGA_0p600g,RSN0062,Whittier Narrows-01,1987,Station_Whit_062,6.057348510343938,4.835267236576063,673.9000853440211,Reverse,6.42184992768302,0.6,0.6,5.88399,0.4721511835635684,1.2717209004910373,1.733457497375248,4.42,0.01,2847,28.46,/Users/rahul/seismoFNO/data/simulations/scaled_motions/RSN0062_PGA_0p600g.npy
RSN0062_PGA_0p800g,RSN0062,Whittier Narrows-01,1987,Station_Whit_062,6.057348510343938,4.835267236576063,673.9000853440211,Reverse,8.562466570244029,0.8,0.8000000000000002,7.845320000000001,0.6295349114180913,1.695627867321379,3.081702217555998,4.42,0.01,2847,28.46,/Users/rahul/seismoFNO/data/simulations/scaled_motions/RSN0062_PGA_0p800g.npy
RSN0062_PGA_1p000g,RSN0062,Whittier Narrows-01,1987,Station_Whit_062,6.057348510343938,4.835267236576063,673.9000853440211,Reverse,10.703083212805033,1.0,1.0,9.80665,0.7869186392726143,2.1195348341517324,4.815159714931254,4.42,0.01,2847,28.46,/Users/rahul/seismoFNO/data/simulations/scaled_motions/RSN0062_PGA_1p000g.npy
RSN0062_PGA_1p200g,RSN0062,Whittier Narrows-01,1987,Station_Whit_062,6.057348510343938,4.835267236576063,673.9000853440211,Reverse,12.84369985536604,1.2,1.2,11.76798,0.9443023671271368,2.5434418009820745,6.933829989500992,4.42,0.01,2847,28.46,/Users/rahul/seismoFNO/data/simulations/scaled_motions/RSN0062_PGA_1p200g.npy
RSN0063_PGA_0p050g,RSN0063,Parkfield-02,2004,Station_Park_063,6.1458948174144306,52.265234204107834,280.5554568450503,Strike-Slip,1.6018572806413338,0.05,0.05,0.4903325,0.08840492123913907,0.39632542742885657,0.0675755721418706,19.1,0.01,2917,29.16,/Users/rahul/seismoFNO/data/simulations/scaled_motions/RSN0063_PGA_0p050g.npy
RSN0063_PGA_0p100g,RSN0063,Parkfield-02,2004,Station_Park_063,6.1458948174144306,52.265234204107834,280.5554568450503,Strike-Slip,3.2037145612826676,0.1,0.1,0.980665,0.17680984247827813,0.7926508548577131,0.2703022885674824,19.1,0.01,2917,29.16,/Users/rahul/seismoFNO/data/simulations/scaled_motions/RSN0063_PGA_0p100g.npy
RSN0063_PGA_0p200g,RSN0063,Parkfield-02,2004,Station_Park_063,6.1458948174144306,52.265234204107834,280.5554568450503,Strike-Slip,6.407429122565335,0.2,0.2,1.96133,0.35361968495655627,1.5853017097154263,1.0812091542699296,19.1,0.01,2917,29.16,/Users/rahul/seismoFNO/data/simulations/scaled_motions/RSN0063_PGA_0p200g.npy
RSN0063_PGA_0p300g,RSN0063,Parkfield-02,2004,Station_Park_063,6.1458948174144306,52.265234204107834,280.5554568450503,Strike-Slip,9.611143683848002,0.3,0.3,2.941995,0.530429527434835,2.3779525645731465,2.4327205971073473,19.1,0.01,2917,29.16,/Users/rahul/seismoFNO/data/simulations/scaled_motions/RSN0063_PGA_0p300g.npy
RSN0063_PGA_0p400g,RSN0063,Parkfield-02,2004,Station_Park_063,6.1458948174144306,52.265234204107834,280.5554568450503,Strike-Slip,12.81485824513067,0.4,0.4,3.92266,0.7072393699131125,3.1706034194308526,4.324836617079718,19.1,0.01,2917,29.16,/Users/rahul/seismoFNO/data/simulations/scaled_motions/RSN0063_PGA_0p400g.npy
RSN0063_PGA_0p500g,RSN0063,Parkfield-02,2004,Station_Park_063,6.1458948174144306,52.265234204107834,280.5554568450503,Strike-Slip,16.01857280641334,0.5,0.5,4.903325,0.8840492123913897,3.963254274288562,6.757557214187073,19.1,0.01,2917,29.16,/Users/rahul/seismoFNO/data/simulations/scaled_motions/RSN0063_PGA_0p500g.npy
RSN0063_PGA_0p600g,RSN0063,Parkfield-02,2004,Station_Park_063,6.1458948174144306,52.265234204107834,280.5554568450503,Strike-Slip,19.222287367696005,0.6,0.6,5.88399,1.06085905486967,4.755905129146293,9.73088238842939,19.1,0.01,2917,29.16,/Users/rahul/seismoFNO/data/simulations/scaled_motions/RSN0063_PGA_0p600g.npy
RSN0063_PGA_0p800g,RSN0063,Parkfield-02,2004,Station_Park_063,6.1458948174144306,52.265234204107834,280.5554568450503,Strike-Slip,25.62971649026134,0.8,0.8,7.84532,1.414478739826225,6.341206838861705,17.299346468318873,19.1,0.01,2917,29.16,/Users/rahul/seismoFNO/data/simulations/scaled_motions/RSN0063_PGA_0p800g.npy
RSN0063_PGA_1p000g,RSN0063,Parkfield-02,2004,Station_Park_063,6.1458948174144306,52.265234204107834,280.5554568450503,Strike-Slip,32.03714561282668,1.0,1.0,9.80665,1.7680984247827793,7.926508548577124,27.03022885674829,19.1,0.01,2917,29.16,/Users/rahul/seismoFNO/data/simulations/scaled_motions/RSN0063_PGA_1p000g.npy
RSN0063_PGA_1p200g,RSN0063,Parkfield-02,2004,Station_Park_063,6.1458948174144306,52.265234204107834,280.5554568450503,Strike-Slip,38.44457473539201,1.2,1.2,11.76798,2.12171810973934,9.511810258292586,38.92352955371756,19.1,0.01,2917,29.16,/Users/rahul/seismoFNO/data/simulations/scaled_motions/RSN0063_PGA_1p200g.npy
RSN0064_PGA_0p050g,RSN0064,Darfield (New Zealand),2010,Station_Darf_064,6.99044921629593,12.792432005014952,209.24158406717427,Strike-Slip,0.4445664709025401,0.05,0.05,0.4903325,0.09041260619396983,0.31426573404821395,0.056047254404938955,11.66,0.01,3593,35.92,/Users/rahul/seismoFNO/data/simulations/scaled_motions/RSN0064_PGA_0p050g.npy
RSN0064_PGA_0p100g,RSN0064,Darfield (New Zealand),2010,Station_Darf_064,6.99044921629593,12.792432005014952,209.24158406717427,Strike-Slip,0.8891329418050802,0.1,0.1,0.980665,0.18082521238793967,0.6285314680964279,0.22418901761975582,11.66,0.01,3593,35.92,/Users/rahul/seismoFNO/data/simulations/scaled_motions/RSN0064_PGA_0p100g.npy
RSN0064_PGA_0p200g,RSN0064,Darfield (New Zealand),2010,Station_Darf_064,6.99044921629593,12.792432005014952,209.24158406717427,Strike-Slip,1.7782658836101604,0.2,0.2,1.96133,0.36165042477587933,1.2570629361928558,0.8967560704790233,11.66,0.01,3593,35.92,/Users/rahul/seismoFNO/data/simulations/scaled_motions/RSN0064_PGA_0p200g.npy
RSN0064_PGA_0p300g,RSN0064,Darfield (New Zealand),2010,Station_Darf_064,6.99044921629593,12.792432005014952,209.24158406717427,Strike-Slip,2.6673988254152405,0.3,0.3,2.941995,0.5424756371638187,1.8855944042892936,2.0177011585777977,11.66,0.01,3593,35.92,/Users/rahul/seismoFNO/data/simulations/scaled_motions/RSN0064_PGA_0p300g.npy
RSN0064_PGA_0p400g,RSN0064,Darfield (New Zealand),2010,Station_Darf_064,6.99044921629593,12.792432005014952,209.24158406717427,Strike-Slip,3.5565317672203207,0.4,0.4,3.92266,0.7233008495517587,2.5141258723857116,3.587024281916093,11.66,0.01,3593,35.92,/Users/rahul/seismoFNO/data/simulations/scaled_motions/RSN0064_PGA_0p400g.npy
RSN0064_PGA_0p500g,RSN0064,Darfield (New Zealand),2010,Station_Darf_064,6.99044921629593,12.792432005014952,209.24158406717427,Strike-Slip,4.445664709025401,0.5,0.5,4.903325,0.9041260619396976,3.1426573404821316,5.604725440493892,11.66,0.01,3593,35.92,/Users/rahul/seismoFNO/data/simulations/scaled_motions/RSN0064_PGA_0p500g.npy
RSN0064_PGA_0p600g,RSN0064,Darfield (New Zealand),2010,Station_Darf_064,6.99044921629593,12.792432005014952,209.24158406717427,Strike-Slip,5.334797650830481,0.6,0.6,5.88399,1.0849512743276375,3.771188808578587,8.070804634311191,11.66,0.01,3593,35.92,/Users/rahul/seismoFNO/data/simulations/scaled_motions/RSN0064_PGA_0p600g.npy
RSN0064_PGA_0p800g,RSN0064,Darfield (New Zealand),2010,Station_Darf_064,6.99044921629593,12.792432005014952,209.24158406717427,Strike-Slip,7.113063534440641,0.8,0.8,7.84532,1.4466016991035173,5.028251744771423,14.348097127664373,11.66,0.01,3593,35.92,/Users/rahul/seismoFNO/data/simulations/scaled_motions/RSN0064_PGA_0p800g.npy
RSN0064_PGA_1p000g,RSN0064,Darfield (New Zealand),2010,Station_Darf_064,6.99044921629593,12.792432005014952,209.24158406717427,Strike-Slip,8.891329418050802,1.0,1.0,9.80665,1.8082521238793952,6.285314680964263,22.41890176197557,11.66,0.01,3593,35.92,/Users/rahul/seismoFNO/data/simulations/scaled_motions/RSN0064_PGA_1p000g.npy
RSN0064_PGA_1p200g,RSN0064,Darfield (New Zealand),2010,Station_Darf_064,6.99044921629593,12.792432005014952,209.24158406717427,Strike-Slip,10.669595301660962,1.2,1.2,11.76798,2.169902548655275,7.542377617157174,32.283218537244764,11.66,0.01,3593,35.92,/Users/rahul/seismoFNO/data/simulations/scaled_motions/RSN0064_PGA_1p200g.npy
RSN0065_PGA_0p050g,RSN0065,Imperial Valley-06,1979,Station_Impe_065,6.42490897495044,5.397767208481664,785.6197101820097,Strike-Slip,0.45201944475210903,0.05,0.05,0.4903325,0.05130994772894656,0.13851485417450782,0.014301418286666,5.34,0.01,3141,31.400000000000002,/Users/rahul/seismoFNO/data/simulations/scaled_motions/RSN0065_PGA_0p050g.npy
RSN0065_PGA_0p100g,RSN0065,Imperial Valley-06,1979,Station_Impe_065,6.42490897495044,5.397767208481664,785.6197101820097,Strike-Slip,0.9040388895042181,0.1,0.1,0.980665,0.10261989545789311,0.27702970834901564,0.057205673146664,5.34,0.01,3141,31.400000000000002,/Users/rahul/seismoFNO/data/simulations/scaled_motions/RSN0065_PGA_0p100g.npy
RSN0065_PGA_0p200g,RSN0065,Imperial Valley-06,1979,Station_Impe_065,6.42490897495044,5.397767208481664,785.6197101820097,Strike-Slip,1.8080777790084361,0.2,0.2,1.96133,0.20523979091578623,0.5540594166980313,0.228822692586656,5.34,0.01,3141,31.400000000000002,/Users/rahul/seismoFNO/data/simulations/scaled_motions/RSN0065_PGA_0p200g.npy
RSN0065_PGA_0p300g,RSN0065,Imperial Valley-06,1979,Station_Impe_065,6.42490897495044,5.397767208481664,785.6197101820097,Strike-Slip,2.712116668512654,0.3,0.3,2.941995,0.3078596863736795,0.8310891250470501,0.5148510583199748,5.34,0.01,3141,31.400000000000002,/Users/rahul/seismoFNO/data/simulations/scaled_motions/RSN0065_PGA_0p300g.npy
RSN0065_PGA_0p400g,RSN0065,Imperial Valley-06,1979,Station_Impe_065,6.42490897495044,5.397767208481664,785.6197101820097,Strike-Slip,3.6161555580168723,0.4,0.4,3.92266,0.41047958183157246,1.1081188333960625,0.915290770346624,5.34,0.01,3141,31.400000000000002,/Users/rahul/seismoFNO/data/simulations/scaled_motions/RSN0065_PGA_0p400g.npy
RSN0065_PGA_0p500g,RSN0065,Imperial Valley-06,1979,Station_Impe_065,6.42490897495044,5.397767208481664,785.6197101820097,Strike-Slip,4.5201944475210905,0.5,0.5,4.903325,0.513099477289466,1.3851485417450835,1.4301418286665983,5.34,0.01,3141,31.400000000000002,/Users/rahul/seismoFNO/data/simulations/scaled_motions/RSN0065_PGA_0p500g.npy
RSN0065_PGA_0p600g,RSN0065,Imperial Valley-06,1979,Station_Impe_065,6.42490897495044,5.397767208481664,785.6197101820097,Strike-Slip,5.424233337025308,0.6,0.6,5.88399,0.615719372747359,1.6621782500941003,2.059404233279899,5.34,0.01,3141,31.400000000000002,/Users/rahul/seismoFNO/data/simulations/scaled_motions/RSN0065_PGA_0p600g.npy
RSN0065_PGA_0p800g,RSN0065,Imperial Valley-06,1979,Station_Impe_065,6.42490897495044,5.397767208481664,785.6197101820097,Strike-Slip,7.2323111160337445,0.8,0.8,7.84532,0.8209591636631449,2.216237666792125,3.661163081386496,5.34,0.01,3141,31.400000000000002,/Users/rahul/seismoFNO/data/simulations/scaled_motions/RSN0065_PGA_0p800g.npy
RSN0065_PGA_1p000g,RSN0065,Imperial Valley-06,1979,Station_Impe_065,6.42490897495044,5.397767208481664,785.6197101820097,Strike-Slip,9.040388895042181,1.0,1.0,9.80665,1.026198954578932,2.770297083490167,5.720567314666393,5.34,0.01,3141,31.400000000000002,/Users/rahul/seismoFNO/data/simulations/scaled_motions/RSN0065_PGA_1p000g.npy
RSN0065_PGA_1p200g,RSN0065,Imperial Valley-06,1979,Station_Impe_065,6.42490897495044,5.397767208481664,785.6197101820097,Strike-Slip,10.848466674050616,1.2,1.2,11.76798,1.231438745494718,3.3243565001882005,8.237616933119597,5.34,0.01,3141,31.400000000000002,/Users/rahul/seismoFNO/data/simulations/scaled_motions/RSN0065_PGA_1p200g.npy
RSN0066_PGA_0p050g,RSN0066,Loma Prieta,1989,Station_Loma_066,6.832466385004255,30.71480670145832,168.29113996971975,Reverse-Oblique,0.7683561124207625,0.05,0.05,0.4903325,0.11744160622468523,0.1949057773466967,0.09433252931118034,18.81,0.01,3467,34.660000000000004,/Users/rahul/seismoFNO/data/simulations/scaled_motions/RSN0066_PGA_0p050g.npy
RSN0066_PGA_0p100g,RSN0066,Loma Prieta,1989,Station_Loma_066,6.832466385004255,30.71480670145832,168.29113996971975,Reverse-Oblique,1.536712224841525,0.1,0.1,0.980665,0.23488321244937047,0.3898115546933934,0.3773301172447214,18.81,0.01,3467,34.660000000000004,/Users/rahul/seismoFNO/data/simulations/scaled_motions/RSN0066_PGA_0p100g.npy
RSN0066_PGA_0p200g,RSN0066,Loma Prieta,1989,Station_Loma_066,6.832466385004255,30.71480670145832,168.29113996971975,Reverse-Oblique,3.07342444968305,0.2,0.2,1.96133,0.46976642489874093,0.7796231093867868,1.5093204689788855,18.81,0.01,3467,34.660000000000004,/Users/rahul/seismoFNO/data/simulations/scaled_motions/RSN0066_PGA_0p200g.npy
RSN0066_PGA_0p300g,RSN0066,Loma Prieta,1989,Station_Loma_066,6.832466385004255,30.71480670145832,168.29113996971975,Reverse-Oblique,4.610136674524575,0.3,0.3,2.941995,0.7046496373481114,1.1694346640801634,3.395971055202494,18.81,0.01,3467,34.660000000000004,/Users/rahul/seismoFNO/data/simulations/scaled_motions/RSN0066_PGA_0p300g.npy
RSN0066_PGA_0p400g,RSN0066,Loma Prieta,1989,Station_Loma_066,6.832466385004255,30.71480670145832,168.29113996971975,Reverse-Oblique,6.1468488993661,0.4,0.4,3.92266,0.9395328497974819,1.5592462187735736,6.037281875915542,18.81,0.01,3467,34.660000000000004,/Users/rahul/seismoFNO/data/simulations/scaled_motions/RSN0066_PGA_0p400g.npy
RSN0066_PGA_0p500g,RSN0066,Loma Prieta,1989,Station_Loma_066,6.832466385004255,30.71480670145832,168.29113996971975,Reverse-Oblique,7.683561124207624,0.5,0.5,4.903325,1.174416062246852,1.9490577734669732,9.433252931118052,18.81,0.01,3467,34.660000000000004,/Users/rahul/seismoFNO/data/simulations/scaled_motions/RSN0066_PGA_0p500g.npy
RSN0066_PGA_0p600g,RSN0066,Loma Prieta,1989,Station_Loma_066,6.832466385004255,30.71480670145832,168.29113996971975,Reverse-Oblique,9.22027334904915,0.6,0.6,5.88399,1.4092992746962227,2.3388693281603268,13.583884220809976,18.81,0.01,3467,34.660000000000004,/Users/rahul/seismoFNO/data/simulations/scaled_motions/RSN0066_PGA_0p600g.npy
RSN0066_PGA_0p800g,RSN0066,Loma Prieta,1989,Station_Loma_066,6.832466385004255,30.71480670145832,168.29113996971975,Reverse-Oblique,12.2936977987322,0.8,0.8,7.84532,1.8790656995949637,3.1184924375471472,24.149127503662168,18.81,0.01,3467,34.660000000000004,/Users/rahul/seismoFNO/data/simulations/scaled_motions/RSN0066_PGA_0p800g.npy
RSN0066_PGA_1p000g,RSN0066,Loma Prieta,1989,Station_Loma_066,6.832466385004255,30.71480670145832,168.29113996971975,Reverse-Oblique,15.367122248415248,1.0,1.0,9.80665,2.348832124493704,3.8981155469339464,37.733011724472206,18.81,0.01,3467,34.660000000000004,/Users/rahul/seismoFNO/data/simulations/scaled_motions/RSN0066_PGA_1p000g.npy
RSN0066_PGA_1p200g,RSN0066,Loma Prieta,1989,Station_Loma_066,6.832466385004255,30.71480670145832,168.29113996971975,Reverse-Oblique,18.4405466980983,1.2,1.2,11.76798,2.8185985493924455,4.6777386563206536,54.335536883239904,18.81,0.01,3467,34.660000000000004,/Users/rahul/seismoFNO/data/simulations/scaled_motions/RSN0066_PGA_1p200g.npy
RSN0067_PGA_0p050g,RSN0067,Northridge-01,1994,Station_Nort_067,6.776132670478136,91.99420693741955,161.53073259455545,Reverse,1.6544850701522091,0.05,0.05,0.4903325,0.08243445672507664,0.31043559162679996,0.07125532699894167,19.32,0.01,3421,34.2,/Users/rahul/seismoFNO/data/simulations/scaled_motions/RSN0067_PGA_0p050g.npy
RSN0067_PGA_0p100g,RSN0067,Northridge-01,1994,Station_Nort_067,6.776132670478136,91.99420693741955,161.53073259455545,Reverse,3.3089701403044183,0.1,0.1,0.980665,0.16486891345015328,0.6208711832535999,0.2850213079957667,19.32,0.01,3421,34.2,/Users/rahul/seismoFNO/data/simulations/scaled_motions/RSN0067_PGA_0p100g.npy
RSN0067_PGA_0p200g,RSN0067,Northridge-01,1994,Station_Nort_067,6.776132670478136,91.99420693741955,161.53073259455545,Reverse,6.6179402806088365,0.2,0.2,1.96133,0.32973782690030656,1.2417423665071998,1.1400852319830668,19.32,0.01,3421,34.2,/Users/rahul/seismoFNO/data/simulations/scaled_motions/RSN0067_PGA_0p200g.npy
RSN0067_PGA_0p300g,RSN0067,Northridge-01,1994,Station_Nort_067,6.776132670478136,91.99420693741955,161.53073259455545,Reverse,9.926910420913254,0.3,0.3,2.941995,0.49460674035045926,1.8626135497607965,2.5651917719618957,19.32,0.01,3421,34.2,/Users/rahul/seismoFNO/data/simulations/scaled_motions/RSN0067_PGA_0p300g.npy
RSN0067_PGA_0p400g,RSN0067,Northridge-01,1994,Station_Nort_067,6.776132670478136,91.99420693741955,161.53073259455545,Reverse,13.235880561217673,0.4,0.4,3.92266,0.6594756538006131,2.4834847330143996,4.560340927932267,19.32,0.01,3421,34.2,/Users/rahul/seismoFNO/data/simulations/scaled_motions/RSN0067_PGA_0p400g.npy
RSN0067_PGA_0p500g,RSN0067,Northridge-01,1994,Station_Nort_067,6.776132670478136,91.99420693741955,161.53073259455545,Reverse,16.54485070152209,0.5,0.5,4.903325,0.8243445672507658,3.1043559162680068,7.125532699894165,19.32,0.01,3421,34.2,/Users/rahul/seismoFNO/data/simulations/scaled_motions/RSN0067_PGA_0p500g.npy
RSN0067_PGA_0p600g,RSN0067,Northridge-01,1994,Station_Nort_067,6.776132670478136,91.99420693741955,161.53073259455545,Reverse,19.853820841826508,0.6,0.6,5.88399,0.9892134807009185,3.725227099521593,10.260767087847583,19.32,0.01,3421,34.2,/Users/rahul/seismoFNO/data/simulations/scaled_motions/RSN0067_PGA_0p600g.npy
RSN0067_PGA_0p800g,RSN0067,Northridge-01,1994,Station_Nort_067,6.776132670478136,91.99420693741955,161.53073259455545,Reverse,26.471761122435346,0.8,0.8,7.84532,1.3189513076012263,4.966969466028799,18.24136371172907,19.32,0.01,3421,34.2,/Users/rahul/seismoFNO/data/simulations/scaled_motions/RSN0067_PGA_0p800g.npy
RSN0067_PGA_1p000g,RSN0067,Northridge-01,1994,Station_Nort_067,6.776132670478136,91.99420693741955,161.53073259455545,Reverse,33.08970140304418,1.0,1.0,9.80665,1.6486891345015315,6.2087118325360136,28.50213079957666,19.32,0.01,3421,34.2,/Users/rahul/seismoFNO/data/simulations/scaled_motions/RSN0067_PGA_1p000g.npy
RSN0067_PGA_1p200g,RSN0067,Northridge-01,1994,Station_Nort_067,6.776132670478136,91.99420693741955,161.53073259455545,Reverse,39.707641683653016,1.2,1.2,11.76798,1.978426961401837,7.450454199043186,41.04306835139033,19.32,0.01,3421,34.2,/Users/rahul/seismoFNO/data/simulations/scaled_motions/RSN0067_PGA_1p200g.npy
RSN0068_PGA_0p050g,RSN0068,Kobe (Hyogo-ken Nanbu),1995,Station_Kobe_068,7.075845266159338,45.655909317113085,219.58806319742393,Strike-Slip,0.8587709732808722,0.05,0.05,0.4903325,0.16115552301294522,0.7801831003740866,0.09668421332536456,23.770000000000003,0.01,3661,36.6,/Users/rahul/seismoFNO/data/simulations/scaled_motions/RSN0068_PGA_0p050g.npy
RSN0068_PGA_0p100g,RSN0068,Kobe (Hyogo-ken Nanbu),1995,Station_Kobe_068,7.075845266159338,45.655909317113085,219.58806319742393,Strike-Slip,1.7175419465617443,0.1,0.1,0.980665,0.32231104602589045,1.5603662007481731,0.38673685330145824,23.770000000000003,0.01,3661,36.6,/Users/rahul/seismoFNO/data/simulations/scaled_motions/RSN0068_PGA_0p100g.npy
RSN0068_PGA_0p200g,RSN0068,Kobe (Hyogo-ken Nanbu),1995,Station_Kobe_068,7.075845266159338,45.655909317113085,219.58806319742393,Strike-Slip,3.4350838931234886,0.2,0.2,1.96133,0.6446220920517809,3.1207324014963462,1.546947413205833,23.770000000000003,0.01,3661,36.6,/Users/rahul/seismoFNO/data/simulations/scaled_motions/RSN0068_PGA_0p200g.npy
RSN0068_PGA_0p300g,RSN0068,Kobe (Hyogo-ken Nanbu),1995,Station_Kobe_068,7.075845266159338,45.655909317113085,219.58806319742393,Strike-Slip,5.152625839685232,0.3,0.3,2.941995,0.966933138077671,4.681098602244498,3.4806316797131127,23.770000000000003,0.01,3661,36.6,/Users/rahul/seismoFNO/data/simulations/scaled_motions/RSN0068_PGA_0p300g.npy
RSN0068_PGA_0p400g,RSN0068,Kobe (Hyogo-ken Nanbu),1995,Station_Kobe_068,7.075845266159338,45.655909317113085,219.58806319742393,Strike-Slip,6.870167786246977,0.4,0.4,3.92266,1.2892441841035618,6.2414648029926925,6.187789652823332,23.770000000000003,0.01,3661,36.6,/Users/rahul/seismoFNO/data/simulations/scaled_motions/RSN0068_PGA_0p400g.npy
RSN0068_PGA_0p500g,RSN0068,Kobe (Hyogo-ken Nanbu),1995,Station_Kobe_068,7.075845266159338,45.655909317113085,219.58806319742393,Strike-Slip,8.58770973280872,0.5,0.5,4.903325,1.6115552301294536,7.801831003740911,9.668421332536447,23.770000000000003,0.01,3661,36.6,/Users/rahul/seismoFNO/data/simulations/scaled_motions/RSN0068_PGA_0p500g.npy
RSN0068_PGA_0p600g,RSN0068,Kobe (Hyogo-ken Nanbu),1995,Station_Kobe_068,7.075845266159338,45.655909317113085,219.58806319742393,Strike-Slip,10.305251679370464,0.6,0.6,5.88399,1.933866276155342,9.362197204488997,13.92252671885245,23.770000000000003,0.01,3661,36.6,/Users/rahul/seismoFNO/data/simulations/scaled_motions/RSN0068_PGA_0p600g.npy
RSN0068_PGA_0p800g,RSN0068,Kobe (Hyogo-ken Nanbu),1995,Station_Kobe_068,7.075845266159338,45.655909317113085,219.58806319742393,Strike-Slip,13.740335572493954,0.8,0.8,7.84532,2.5784883682071236,12.482929605985385,24.751158611293327,23.770000000000003,0.01,3661,36.6,/Users/rahul/seismoFNO/data/simulations/scaled_motions/RSN0068_PGA_0p800g.npy
RSN0068_PGA_1p000g,RSN0068,Kobe (Hyogo-ken Nanbu),1995,Station_Kobe_068,7.075845266159338,45.655909317113085,219.58806319742393,Strike-Slip,17.17541946561744,1.0,1.0,9.80665,3.223110460258907,15.603662007481821,38.67368533014579,23.770000000000003,0.01,3661,36.6,/Users/rahul/seismoFNO/data/simulations/scaled_motions/RSN0068_PGA_1p000g.npy
RSN0068_PGA_1p200g,RSN0068,Kobe (Hyogo-ken Nanbu),1995,Station_Kobe_068,7.075845266159338,45.655909317113085,219.58806319742393,Strike-Slip,20.610503358740928,1.2,1.2,11.76798,3.867732552310684,18.724394408977993,55.6901068754098,23.770000000000003,0.01,3661,36.6,/Users/rahul/seismoFNO/data/simulations/scaled_motions/RSN0068_PGA_1p200g.npy
RSN0069_PGA_0p050g,RSN0069,Chi-Chi (Taiwan-01),1999,Station_Chi-_069,7.8,81.97905218087007,215.54222175383654,Reverse,0.8432549469479488,0.05,0.05,0.4903325,0.2428124106406979,0.4270803937076052,0.11877220493699145,26.919999999999995,0.01,4241,42.4,/Users/rahul/seismoFNO/data/simulations/scaled_motions/RSN0069_PGA_0p050g.npy
RSN0069_PGA_0p100g,RSN0069,Chi-Chi (Taiwan-01),1999,Station_Chi-_069,7.8,81.97905218087007,215.54222175383654,Reverse,1.6865098938958976,0.1,0.1,0.980665,0.4856248212813958,0.8541607874152104,0.4750888197479658,26.919999999999995,0.01,4241,42.4,/Users/rahul/seismoFNO/data/simulations/scaled_motions/RSN0069_PGA_0p100g.npy
RSN0069_PGA_0p200g,RSN0069,Chi-Chi (Taiwan-01),1999,Station_Chi-_069,7.8,81.97905218087007,215.54222175383654,Reverse,3.373019787791795,0.2,0.2,1.96133,0.9712496425627916,1.7083215748304208,1.9003552789918632,26.919999999999995,0.01,4241,42.4,/Users/rahul/seismoFNO/data/simulations/scaled_motions/RSN0069_PGA_0p200g.npy
RSN0069_PGA_0p300g,RSN0069,Chi-Chi (Taiwan-01),1999,Station_Chi-_069,7.8,81.97905218087007,215.54222175383654,Reverse,5.0595296816876925,0.3,0.3,2.941995,1.4568744638441882,2.5624823622456003,4.275799377731675,26.919999999999995,0.01,4241,42.4,/Users/rahul/seismoFNO/data/simulations/scaled_motions/RSN0069_PGA_0p300g.npy
RSN0069_PGA_0p400g,RSN0069,Chi-Chi (Taiwan-01),1999,Station_Chi-_069,7.8,81.97905218087007,215.54222175383654,Reverse,6.74603957558359,0.4,0.4,3.92266,1.9424992851255831,3.4166431496608416,7.601421115967453,26.919999999999995,0.01,4241,42.4,/Users/rahul/seismoFNO/data/simulations/scaled_motions/RSN0069_PGA_0p400g.npy
RSN0069_PGA_0p500g,RSN0069,Chi-Chi (Taiwan-01),1999,Station_Chi-_069,7.8,81.97905218087007,215.54222175383654,Reverse,8.432549469479488,0.5,0.5,4.903325,2.428124106406979,4.270803937076023,11.87722049369912,26.919999999999995,0.01,4241,42.4,/Users/rahul/seismoFNO/data/simulations/scaled_motions/RSN0069_PGA_0p500g.npy
RSN0069_PGA_0p600g,RSN0069,Chi-Chi (Taiwan-01),1999,Station_Chi-_069,7.8,81.97905218087007,215.54222175383654,Reverse,10.119059363375385,0.6,0.6,5.88399,2.9137489276883763,5.124964724491201,17.1031975109267,26.919999999999995,0.01,4241,42.4,/Users/rahul/seismoFNO/data/simulations/scaled_motions/RSN0069_PGA_0p600g.npy
RSN0069_PGA_0p800g,RSN0069,Chi-Chi (Taiwan-01),1999,Station_Chi-_069,7.8,81.97905218087007,215.54222175383654,Reverse,13.49207915116718,0.8,0.8,7.84532,3.8849985702511662,6.833286299321683,30.40568446386981,26.919999999999995,0.01,4241,42.4,/Users/rahul/seismoFNO/data/simulations/scaled_motions/RSN0069_PGA_0p800g.npy
RSN0069_PGA_1p000g,RSN0069,Chi-Chi (Taiwan-01),1999,Station_Chi-_069,7.8,81.97905218087007,215.54222175383654,Reverse,16.865098938958976,1.0,1.0,9.80665,4.856248212813958,8.541607874152046,47.50888197479648,26.919999999999995,0.01,4241,42.4,/Users/rahul/seismoFNO/data/simulations/scaled_motions/RSN0069_PGA_1p000g.npy
RSN0069_PGA_1p200g,RSN0069,Chi-Chi (Taiwan-01),1999,Station_Chi-_069,7.8,81.97905218087007,215.54222175383654,Reverse,20.23811872675077,1.2,1.2,11.76798,5.827497855376753,10.249929448982401,68.4127900437068,26.919999999999995,0.01,4241,42.4,/Users/rahul/seismoFNO/data/simulations/scaled_motions/RSN0069_PGA_1p200g.npy
RSN0070_PGA_0p050g,RSN0070,Kocaeli (Turkey),1999,Station_Koca_070,7.2296520551590575,100.71167523500033,192.1686247856576,Strike-Slip,1.3650809718725536,0.05,0.05,0.4903325,0.1877226801918806,0.2767496428538961,0.0851790502953439,22.340000000000003,0.01,3784,37.83,/Users/rahul/seismoFNO/data/simulations/scaled_motions/RSN0070_PGA_0p050g.npy
RSN0070_PGA_0p100g,RSN0070,Kocaeli (Turkey),1999,Station_Koca_070,7.2296520551590575,100.71167523500033,192.1686247856576,Strike-Slip,2.7301619437451072,0.1,0.1,0.980665,0.3754453603837612,0.5534992857077922,0.3407162011813756,22.340000000000003,0.01,3784,37.83,/Users/rahul/seismoFNO/data/simulations/scaled_motions/RSN0070_PGA_0p100g.npy
RSN0070_PGA_0p200g,RSN0070,Kocaeli (Turkey),1999,Station_Koca_070,7.2296520551590575,100.71167523500033,192.1686247856576,Strike-Slip,5.4603238874902145,0.2,0.2,1.96133,0.7508907207675224,1.1069985714155843,1.3628648047255023,22.340000000000003,0.01,3784,37.83,/Users/rahul/seismoFNO/data/simulations/scaled_motions/RSN0070_PGA_0p200g.npy
RSN0070_PGA_0p300g,RSN0070,Kocaeli (Turkey),1999,Station_Koca_070,7.2296520551590575,100.71167523500033,192.1686247856576,Strike-Slip,8.190485831235321,0.3,0.3,2.941995,1.1263360811512841,1.660497857123382,3.0664458106323793,22.340000000000003,0.01,3784,37.83,/Users/rahul/seismoFNO/data/simulations/scaled_motions/RSN0070_PGA_0p300g.npy
RSN0070_PGA_0p400g,RSN0070,Kocaeli (Turkey),1999,Station_Koca_070,7.2296520551590575,100.71167523500033,192.1686247856576,Strike-Slip,10.920647774980429,0.4,0.4,3.92266,1.5017814415350448,2.2139971428311687,5.451459218902009,22.340000000000003,0.01,3784,37.83,/Users/rahul/seismoFNO/data/simulations/scaled_motions/RSN0070_PGA_0p400g.npy
RSN0070_PGA_0p500g,RSN0070,Kocaeli (Turkey),1999,Station_Koca_070,7.2296520551590575,100.71167523500033,192.1686247856576,Strike-Slip,13.650809718725535,0.5,0.5,4.903325,1.8772268019188065,2.7674964285389585,8.517905029534385,22.340000000000003,0.01,3784,37.83,/Users/rahul/seismoFNO/data/simulations/scaled_motions/RSN0070_PGA_0p500g.npy
RSN0070_PGA_0p600g,RSN0070,Kocaeli (Turkey),1999,Station_Koca_070,7.2296520551590575,100.71167523500033,192.1686247856576,Strike-Slip,16.380971662470643,0.6,0.6,5.88399,2.2526721623025683,3.320995714246764,12.265783242529517,22.340000000000003,0.01,3784,37.83,/Users/rahul/seismoFNO/data/simulations/scaled_motions/RSN0070_PGA_0p600g.npy
RSN0070_PGA_0p800g,RSN0070,Kocaeli (Turkey),1999,Station_Koca_070,7.2296520551590575,100.71167523500033,192.1686247856576,Strike-Slip,21.841295549960858,0.8,0.8,7.84532,3.0035628830700896,4.427994285662337,21.805836875608037,22.340000000000003,0.01,3784,37.83,/Users/rahul/seismoFNO/data/simulations/scaled_motions/RSN0070_PGA_0p800g.npy
RSN0070_PGA_1p000g,RSN0070,Kocaeli (Turkey),1999,Station_Koca_070,7.2296520551590575,100.71167523500033,192.1686247856576,Strike-Slip,27.30161943745107,1.0,1.0,9.80665,3.754453603837613,5.534992857077917,34.07162011813754,22.340000000000003,0.01,3784,37.83,/Users/rahul/seismoFNO/data/simulations/scaled_motions/RSN0070_PGA_1p000g.npy
RSN0070_PGA_1p200g,RSN0070,Kocaeli (Turkey),1999,Station_Koca_070,7.2296520551590575,100.71167523500033,192.1686247856576,Strike-Slip,32.761943324941285,1.2,1.2,11.76798,4.505344324605137,6.641991428493528,49.06313297011807,22.340000000000003,0.01,3784,37.83,/Users/rahul/seismoFNO/data/simulations/scaled_motions/RSN0070_PGA_1p200g.npy
RSN0071_PGA_0p050g,RSN0071,Landers,1992,Station_Land_071,7.497253039415654,68.1423586463273,247.7846240362297,Strike-Slip,0.883485599369364,0.05,0.05,0.4903325,0.18759574283294028,1.7729000045769798,0.09090142622235736,25.5,0.01,3999,39.980000000000004,/Users/rahul/seismoFNO/data/simulations/scaled_motions/RSN0071_PGA_0p050g.npy
RSN0071_PGA_0p100g,RSN0071,Landers,1992,Station_Land_071,7.497253039415654,68.1423586463273,247.7846240362297,Strike-Slip,1.766971198738728,0.1,0.1,0.980665,0.37519148566588056,3.5458000091539597,0.36360570488942945,25.5,0.01,3999,39.980000000000004,/Users/rahul/seismoFNO/data/simulations/scaled_motions/RSN0071_PGA_0p100g.npy
RSN0071_PGA_0p200g,RSN0071,Landers,1992,Station_Land_071,7.497253039415654,68.1423586463273,247.7846240362297,Strike-Slip,3.533942397477456,0.2,0.2,1.96133,0.7503829713317611,7.091600018307919,1.4544228195577178,25.5,0.01,3999,39.980000000000004,/Users/rahul/seismoFNO/data/simulations/scaled_motions/RSN0071_PGA_0p200g.npy
RSN0071_PGA_0p300g,RSN0071,Landers,1992,Station_Land_071,7.497253039415654,68.1423586463273,247.7846240362297,Strike-Slip,5.3009135962161835,0.3,0.3,2.941995,1.125574456997642,10.637400027461933,3.2724513440048555,25.5,0.01,3999,39.980000000000004,/Users/rahul/seismoFNO/data/simulations/scaled_motions/RSN0071_PGA_0p300g.npy
RSN0071_PGA_0p400g,RSN0071,Landers,1992,Station_Land_071,7.497253039415654,68.1423586463273,247.7846240362297,Strike-Slip,7.067884794954912,0.4,0.4,3.92266,1.5007659426635223,14.183200036615839,5.817691278230871,25.5,0.01,3999,39.980000000000004,/Users/rahul/seismoFNO/data/simulations/scaled_motions/RSN0071_PGA_0p400g.npy
RSN0071_PGA_0p500g,RSN0071,Landers,1992,Station_Land_071,7.497253039415654,68.1423586463273,247.7846240362297,Strike-Slip,8.834855993693639,0.5,0.49999999999999994,4.903324999999999,1.8759574283293992,17.729000045769777,9.090142622235716,25.5,0.01,3999,39.980000000000004,/Users/rahul/seismoFNO/data/simulations/scaled_motions/RSN0071_PGA_0p500g.npy
RSN0071_PGA_0p600g,RSN0071,Landers,1992,Station_Land_071,7.497253039415654,68.1423586463273,247.7846240362297,Strike-Slip,10.601827192432367,0.6,0.6,5.88399,2.251148913995284,21.274800054923865,13.089805376019422,25.5,0.01,3999,39.980000000000004,/Users/rahul/seismoFNO/data/simulations/scaled_motions/RSN0071_PGA_0p600g.npy
RSN0071_PGA_0p800g,RSN0071,Landers,1992,Station_Land_071,7.497253039415654,68.1423586463273,247.7846240362297,Strike-Slip,14.135769589909824,0.8,0.8,7.84532,3.0015318853270445,28.366400073231677,23.270765112923485,25.5,0.01,3999,39.980000000000004,/Users/rahul/seismoFNO/data/simulations/scaled_motions/RSN0071_PGA_0p800g.npy
RSN0071_PGA_1p000g,RSN0071,Landers,1992,Station_Land_071,7.497253039415654,68.1423586463273,247.7846240362297,Strike-Slip,17.669711987387277,1.0,0.9999999999999999,9.806649999999998,3.7519148566587983,35.45800009153955,36.36057048894286,25.5,0.01,3999,39.980000000000004,/Users/rahul/seismoFNO/data/simulations/scaled_motions/RSN0071_PGA_1p000g.npy
RSN0071_PGA_1p200g,RSN0071,Landers,1992,Station_Land_071,7.497253039415654,68.1423586463273,247.7846240362297,Strike-Slip,21.203654384864734,1.2,1.2,11.76798,4.502297827990568,42.54960010984773,52.35922150407769,25.5,0.01,3999,39.980000000000004,/Users/rahul/seismoFNO/data/simulations/scaled_motions/RSN0071_PGA_1p200g.npy
RSN0072_PGA_0p050g,RSN0072,San Fernando,1971,Station_San _072,6.588161613228407,33.240460008182026,849.0718120994319,Reverse,0.9417503996426076,0.05,0.05,0.4903325,0.055673413122773706,0.045719355291430806,0.05931090955153021,19.58,0.01,3271,32.7,/Users/rahul/seismoFNO/data/simulations/scaled_motions/RSN0072_PGA_0p050g.npy
RSN0072_PGA_0p100g,RSN0072,San Fernando,1971,Station_San _072,6.588161613228407,33.240460008182026,849.0718120994319,Reverse,1.8835007992852153,0.1,0.1,0.980665,0.11134682624554741,0.09143871058286161,0.23724363820612085,19.58,0.01,3271,32.7,/Users/rahul/seismoFNO/data/simulations/scaled_motions/RSN0072_PGA_0p100g.npy
RSN0072_PGA_0p200g,RSN0072,San Fernando,1971,Station_San _072,6.588161613228407,33.240460008182026,849.0718120994319,Reverse,3.7670015985704306,0.2,0.2,1.96133,0.22269365249109482,0.18287742116572323,0.9489745528244834,19.58,0.01,3271,32.7,/Users/rahul/seismoFNO/data/simulations/scaled_motions/RSN0072_PGA_0p200g.npy
RSN0072_PGA_0p300g,RSN0072,San Fernando,1971,Station_San _072,6.588161613228407,33.240460008182026,849.0718120994319,Reverse,5.650502397855646,0.3,0.3,2.941995,0.3340404787366422,0.274316131748585,2.1351927438550944,19.58,0.01,3271,32.7,/Users/rahul/seismoFNO/data/simulations/scaled_motions/RSN0072_PGA_0p300g.npy
RSN0072_PGA_0p400g,RSN0072,San Fernando,1971,Station_San _072,6.588161613228407,33.240460008182026,849.0718120994319,Reverse,7.534003197140861,0.4,0.4,3.92266,0.44538730498218965,0.36575484233144645,3.7958982112979336,19.58,0.01,3271,32.7,/Users/rahul/seismoFNO/data/simulations/scaled_motions/RSN0072_PGA_0p400g.npy
RSN0072_PGA_0p500g,RSN0072,San Fernando,1971,Station_San _072,6.588161613228407,33.240460008182026,849.0718120994319,Reverse,9.417503996426076,0.5,0.5,4.903325,0.5567341312277372,0.45719355291430713,5.931090955153046,19.58,0.01,3271,32.7,/Users/rahul/seismoFNO/data/simulations/scaled_motions/RSN0072_PGA_0p500g.npy
RSN0072_PGA_0p600g,RSN0072,San Fernando,1971,Station_San _072,6.588161613228407,33.240460008182026,849.0718120994319,Reverse,11.301004795711291,0.6,0.6,5.88399,0.6680809574732844,0.54863226349717,8.540770975420378,19.58,0.01,3271,32.7,/Users/rahul/seismoFNO/data/simulations/scaled_motions/RSN0072_PGA_0p600g.npy
RSN0072_PGA_0p800g,RSN0072,San Fernando,1971,Station_San _072,6.588161613228407,33.240460008182026,849.0718120994319,Reverse,15.068006394281722,0.8,0.8,7.84532,0.8907746099643793,0.7315096846628929,15.183592845191734,19.58,0.01,3271,32.7,/Users/rahul/seismoFNO/data/simulations/scaled_motions/RSN0072_PGA_0p800g.npy
RSN0072_PGA_1p000g,RSN0072,San Fernando,1971,Station_San _072,6.588161613228407,33.240460008182026,849.0718120994319,Reverse,18.83500799285215,1.0,1.0,9.80665,1.1134682624554744,0.9143871058286143,23.724363820612183,19.58,0.01,3271,32.7,/Users/rahul/seismoFNO/data/simulations/scaled_motions/RSN0072_PGA_1p000g.npy
RSN0072_PGA_1p200g,RSN0072,San Fernando,1971,Station_San _072,6.588161613228407,33.240460008182026,849.0718120994319,Reverse,22.602009591422583,1.2,1.2,11.76798,1.3361619149465689,1.09726452699434,34.16308390168151,19.58,0.01,3271,32.7,/Users/rahul/seismoFNO/data/simulations/scaled_motions/RSN0072_PGA_1p200g.npy
RSN0073_PGA_0p050g,RSN0073,Hector Mine,1999,Station_Hect_073,7.056345921102488,83.01973586596806,494.7599108178997,Strike-Slip,1.319566740390274,0.05,0.05,0.4903325,0.17180947363731747,0.7825830056105818,0.09499220771341933,22.330000000000002,0.01,3645,36.44,/Users/rahul/seismoFNO/data/simulations/scaled_motions/RSN0073_PGA_0p050g.npy
RSN0073_PGA_0p100g,RSN0073,Hector Mine,1999,Station_Hect_073,7.056345921102488,83.01973586596806,494.7599108178997,Strike-Slip,2.639133480780548,0.1,0.1,0.980665,0.34361894727463493,1.5651660112211636,0.37996883085367733,22.330000000000002,0.01,3645,36.44,/Users/rahul/seismoFNO/data/simulations/scaled_motions/RSN0073_PGA_0p100g.npy
RSN0073_PGA_0p200g,RSN0073,Hector Mine,1999,Station_Hect_073,7.056345921102488,83.01973586596806,494.7599108178997,Strike-Slip,5.278266961561096,0.2,0.2,1.96133,0.6872378945492699,3.1303320224423272,1.5198753234147093,22.330000000000002,0.01,3645,36.44,/Users/rahul/seismoFNO/data/simulations/scaled_motions/RSN0073_PGA_0p200g.npy
RSN0073_PGA_0p300g,RSN0073,Hector Mine,1999,Station_Hect_073,7.056345921102488,83.01973586596806,494.7599108178997,Strike-Slip,7.917400442341643,0.3,0.3,2.941995,1.0308568418239041,4.69549803366349,3.4197194776831017,22.330000000000002,0.01,3645,36.44,/Users/rahul/seismoFNO/data/simulations/scaled_motions/RSN0073_PGA_0p300g.npy
RSN0073_PGA_0p400g,RSN0073,Hector Mine,1999,Station_Hect_073,7.056345921102488,83.01973586596806,494.7599108178997,Strike-Slip,10.556533923122192,0.4,0.4,3.92266,1.3744757890985397,6.2606640448846544,6.079501293658837,22.330000000000002,0.01,3645,36.44,/Users/rahul/seismoFNO/data/simulations/scaled_motions/RSN0073_PGA_0p400g.npy
RSN0073_PGA_0p500g,RSN0073,Hector Mine,1999,Station_Hect_073,7.056345921102488,83.01973586596806,494.7599108178997,Strike-Slip,13.195667403902739,0.5,0.5,4.903325,1.7180947363731751,7.8258300561058345,9.499220771341935,22.330000000000002,0.01,3645,36.44,/Users/rahul/seismoFNO/data/simulations/scaled_motions/RSN0073_PGA_0p500g.npy
RSN0073_PGA_0p600g,RSN0073,Hector Mine,1999,Station_Hect_073,7.056345921102488,83.01973586596806,494.7599108178997,Strike-Slip,15.834800884683286,0.6,0.6,5.88399,2.0617136836478083,9.39099606732698,13.678877910732407,22.330000000000002,0.01,3645,36.44,/Users/rahul/seismoFNO/data/simulations/scaled_motions/RSN0073_PGA_0p600g.npy
RSN0073_PGA_0p800g,RSN0073,Hector Mine,1999,Station_Hect_073,7.056345921102488,83.01973586596806,494.7599108178997,Strike-Slip,21.113067846244384,0.8,0.8,7.84532,2.7489515781970795,12.521328089769309,24.31800517463535,22.330000000000002,0.01,3645,36.44,/Users/rahul/seismoFNO/data/simulations/scaled_motions/RSN0073_PGA_0p800g.npy
RSN0073_PGA_1p000g,RSN0073,Hector Mine,1999,Station_Hect_073,7.056345921102488,83.01973586596806,494.7599108178997,Strike-Slip,26.391334807805478,1.0,1.0,9.80665,3.4361894727463502,15.651660112211669,37.99688308536774,22.330000000000002,0.01,3645,36.44,/Users/rahul/seismoFNO/data/simulations/scaled_motions/RSN0073_PGA_1p000g.npy
RSN0073_PGA_1p200g,RSN0073,Hector Mine,1999,Station_Hect_073,7.056345921102488,83.01973586596806,494.7599108178997,Strike-Slip,31.669601769366572,1.2,1.2,11.76798,4.1234273672956165,18.78199213465396,54.71551164292963,22.330000000000002,0.01,3645,36.44,/Users/rahul/seismoFNO/data/simulations/scaled_motions/RSN0073_PGA_1p200g.npy
RSN0074_PGA_0p050g,RSN0074,Duzce (Turkey),1999,Station_Duzc_074,7.442052763934732,58.90329296248045,418.3426012173902,Strike-Slip,0.8262286135103859,0.05,0.05,0.4903325,0.13195505709051178,0.2158282673320771,0.08371920958747993,25.349999999999998,0.01,3954,39.53,/Users/rahul/seismoFNO/data/simulations/scaled_motions/RSN0074_PGA_0p050g.npy
RSN0074_PGA_0p100g,RSN0074,Duzce (Turkey),1999,Station_Duzc_074,7.442052763934732,58.90329296248045,418.3426012173902,Strike-Slip,1.6524572270207718,0.1,0.1,0.980665,0.26391011418102356,0.4316565346641542,0.3348768383499197,25.349999999999998,0.01,3954,39.53,/Users/rahul/seismoFNO/data/simulations/scaled_motions/RSN0074_PGA_0p100g.npy
RSN0074_PGA_0p200g,RSN0074,Duzce (Turkey),1999,Station_Duzc_074,7.442052763934732,58.90329296248045,418.3426012173902,Strike-Slip,3.3049144540415436,0.2,0.2,1.96133,0.5278202283620471,0.8633130693283084,1.3395073533996789,25.349999999999998,0.01,3954,39.53,/Users/rahul/seismoFNO/data/simulations/scaled_motions/RSN0074_PGA_0p200g.npy
RSN0074_PGA_0p300g,RSN0074,Duzce (Turkey),1999,Station_Duzc_074,7.442052763934732,58.90329296248045,418.3426012173902,Strike-Slip,4.957371681062315,0.3,0.3,2.941995,0.7917303425430701,1.2949696039924579,3.013891545149275,25.349999999999998,0.01,3954,39.53,/Users/rahul/seismoFNO/data/simulations/scaled_motions/RSN0074_PGA_0p300g.npy
RSN0074_PGA_0p400g,RSN0074,Duzce (Turkey),1999,Station_Duzc_074,7.442052763934732,58.90329296248045,418.3426012173902,Strike-Slip,6.609828908083087,0.4,0.4,3.92266,1.0556404567240942,1.7266261386566168,5.358029413598715,25.349999999999998,0.01,3954,39.53,/Users/rahul/seismoFNO/data/simulations/scaled_motions/RSN0074_PGA_0p400g.npy
RSN0074_PGA_0p500g,RSN0074,Duzce (Turkey),1999,Station_Duzc_074,7.442052763934732,58.90329296248045,418.3426012173902,Strike-Slip,8.262286135103858,0.5,0.49999999999999994,4.903324999999999,1.3195505709051167,2.1582826733207696,8.371920958747948,25.349999999999998,0.01,3954,39.53,/Users/rahul/seismoFNO/data/simulations/scaled_motions/RSN0074_PGA_0p500g.npy
RSN0074_PGA_0p600g,RSN0074,Duzce (Turkey),1999,Station_Duzc_074,7.442052763934732,58.90329296248045,418.3426012173902,Strike-Slip,9.91474336212463,0.6,0.6,5.88399,1.5834606850861401,2.5899392079849157,12.0555661805971,25.349999999999998,0.01,3954,39.53,/Users/rahul/seismoFNO/data/simulations/scaled_motions/RSN0074_PGA_0p600g.npy
RSN0074_PGA_0p800g,RSN0074,Duzce (Turkey),1999,Station_Duzc_074,7.442052763934732,58.90329296248045,418.3426012173902,Strike-Slip,13.219657816166174,0.8,0.8,7.84532,2.1112809134481885,3.4532522773132337,21.43211765439486,25.349999999999998,0.01,3954,39.53,/Users/rahul/seismoFNO/data/simulations/scaled_motions/RSN0074_PGA_0p800g.npy
RSN0074_PGA_1p000g,RSN0074,Duzce (Turkey),1999,Station_Duzc_074,7.442052763934732,58.90329296248045,418.3426012173902,Strike-Slip,16.524572270207717,1.0,0.9999999999999999,9.806649999999998,2.6391011418102335,4.316565346641539,33.48768383499179,25.349999999999998,0.01,3954,39.53,/Users/rahul/seismoFNO/data/simulations/scaled_motions/RSN0074_PGA_1p000g.npy
RSN0074_PGA_1p200g,RSN0074,Duzce (Turkey),1999,Station_Duzc_074,7.442052763934732,58.90329296248045,418.3426012173902,Strike-Slip,19.82948672424926,1.2,1.2,11.76798,3.1669213701722803,5.1798784159698315,48.2222647223884,25.349999999999998,0.01,3954,39.53,/Users/rahul/seismoFNO/data/simulations/scaled_motions/RSN0074_PGA_1p200g.npy
RSN0075_PGA_0p050g,RSN0075,Christchurch,2011,Station_Chri_075,6.253028958727454,99.43830901738006,204.51762635111697,Reverse-Oblique,2.3742246602935175,0.05,0.05,0.4903325,0.09095416140108334,0.8140058464876119,0.05950902527984219,18.03,0.01,3003,30.02,/Users/rahul/seismoFNO/data/simulations/scaled_motions/RSN0075_PGA_0p050g.npy
RSN0075_PGA_0p100g,RSN0075,Christchurch,2011,Station_Chri_075,6.253028958727454,99.43830901738006,204.51762635111697,Reverse-Oblique,4.748449320587035,0.1,0.1,0.980665,0.18190832280216668,1.6280116929752237,0.23803610111936876,18.03,0.01,3003,30.02,/Users/rahul/seismoFNO/data/simulations/scaled_motions/RSN0075_PGA_0p100g.npy
RSN0075_PGA_0p200g,RSN0075,Christchurch,2011,Station_Chri_075,6.253028958727454,99.43830901738006,204.51762635111697,Reverse-Oblique,9.49689864117407,0.2,0.2,1.96133,0.36381664560433336,3.2560233859504475,0.9521444044774751,18.03,0.01,3003,30.02,/Users/rahul/seismoFNO/data/simulations/scaled_motions/RSN0075_PGA_0p200g.npy
RSN0075_PGA_0p300g,RSN0075,Christchurch,2011,Station_Chri_075,6.253028958727454,99.43830901738006,204.51762635111697,Reverse-Oblique,14.245347961761103,0.3,0.3,2.941995,0.5457249684064999,4.884035078925661,2.1423249100743154,18.03,0.01,3003,30.02,/Users/rahul/seismoFNO/data/simulations/scaled_motions/RSN0075_PGA_0p300g.npy
RSN0075_PGA_0p400g,RSN0075,Christchurch,2011,Station_Chri_075,6.253028958727454,99.43830901738006,204.51762635111697,Reverse-Oblique,18.99379728234814,0.4,0.4,3.92266,0.7276332912086667,6.512046771900895,3.8085776179099002,18.03,0.01,3003,30.02,/Users/rahul/seismoFNO/data/simulations/scaled_motions/RSN0075_PGA_0p400g.npy
RSN0075_PGA_0p500g,RSN0075,Christchurch,2011,Station_Chri_075,6.253028958727454,99.43830901738006,204.51762635111697,Reverse-Oblique,23.74224660293517,0.5,0.5,4.903325,0.9095416140108324,8.140058464876077,5.950902527984225,18.03,0.01,3003,30.02,/Users/rahul/seismoFNO/data/simulations/scaled_motions/RSN0075_PGA_0p500g.npy
RSN0075_PGA_0p600g,RSN0075,Christchurch,2011,Station_Chri_075,6.253028958727454,99.43830901738006,204.51762635111697,Reverse-Oblique,28.490695923522207,0.6,0.6,5.88399,1.0914499368129997,9.768070157851321,8.569299640297261,18.03,0.01,3003,30.02,/Users/rahul/seismoFNO/data/simulations/scaled_motions/RSN0075_PGA_0p600g.npy
RSN0075_PGA_0p800g,RSN0075,Christchurch,2011,Station_Chri_075,6.253028958727454,99.43830901738006,204.51762635111697,Reverse-Oblique,37.98759456469628,0.8,0.8,7.84532,1.4552665824173334,13.02409354380179,15.234310471639601,18.03,0.01,3003,30.02,/Users/rahul/seismoFNO/data/simulations/scaled_motions/RSN0075_PGA_0p800g.npy
RSN0075_PGA_1p000g,RSN0075,Christchurch,2011,Station_Chri_075,6.253028958727454,99.43830901738006,204.51762635111697,Reverse-Oblique,47.48449320587034,1.0,1.0,9.80665,1.8190832280216649,16.280116929752154,23.8036101119369,18.03,0.01,3003,30.02,/Users/rahul/seismoFNO/data/simulations/scaled_motions/RSN0075_PGA_1p000g.npy
RSN0075_PGA_1p200g,RSN0075,Christchurch,2011,Station_Chri_075,6.253028958727454,99.43830901738006,204.51762635111697,Reverse-Oblique,56.981391847044414,1.2,1.2,11.76798,2.1828998736259995,19.536140315702642,34.277198561189046,18.03,0.01,3003,30.02,/Users/rahul/seismoFNO/data/simulations/scaled_motions/RSN0075_PGA_1p200g.npy
RSN0076_PGA_0p050g,RSN0076,Tottori (Japan),2000,Station_Tott_076,6.835493613507933,5.715411522478766,781.1522190475416,Strike-Slip,0.3606591058095292,0.05,0.05,0.4903325,0.05572424178007766,0.150398448411001,0.027544194642543766,7.0600000000000005,0.01,3469,34.68,/Users/rahul/seismoFNO/data/simulations/scaled_motions/RSN0076_PGA_0p050g.npy
RSN0076_PGA_0p100g,RSN0076,Tottori (Japan),2000,Station_Tott_076,6.835493613507933,5.715411522478766,781.1522190475416,Strike-Slip,0.7213182116190584,0.1,0.1,0.980665,0.11144848356015533,0.300796896822002,0.11017677857017506,7.0600000000000005,0.01,3469,34.68,/Users/rahul/seismoFNO/data/simulations/scaled_motions/RSN0076_PGA_0p100g.npy
RSN0076_PGA_0p200g,RSN0076,Tottori (Japan),2000,Station_Tott_076,6.835493613507933,5.715411522478766,781.1522190475416,Strike-Slip,1.4426364232381168,0.2,0.2,1.96133,0.22289696712031065,0.601593793644004,0.44070711428070025,7.0600000000000005,0.01,3469,34.68,/Users/rahul/seismoFNO/data/simulations/scaled_motions/RSN0076_PGA_0p200g.npy
RSN0076_PGA_0p300g,RSN0076,Tottori (Japan),2000,Station_Tott_076,6.835493613507933,5.715411522478766,781.1522190475416,Strike-Slip,2.1639546348571748,0.3,0.3,2.941995,0.3343454506804655,0.9023906904659985,0.991591007131576,7.0600000000000005,0.01,3469,34.68,/Users/rahul/seismoFNO/data/simulations/scaled_motions/RSN0076_PGA_0p300g.npy
RSN0076_PGA_0p400g,RSN0076,Tottori (Japan),2000,Station_Tott_076,6.835493613507933,5.715411522478766,781.1522190475416,Strike-Slip,2.8852728464762336,0.4,0.4,3.92266,0.4457939342406213,1.203187587288008,1.762828457122801,7.0600000000000005,0.01,3469,34.68,/Users/rahul/seismoFNO/data/simulations/scaled_motions/RSN0076_PGA_0p400g.npy
RSN0076_PGA_0p500g,RSN0076,Tottori (Japan),2000,Station_Tott_076,6.835493613507933,5.715411522478766,781.1522190475416,Strike-Slip,3.6065910580952916,0.5,0.5,4.903325,0.5572424178007765,1.5039844841100134,2.7544194642543673,7.0600000000000005,0.01,3469,34.68,/Users/rahul/seismoFNO/data/simulations/scaled_motions/RSN0076_PGA_0p500g.npy
RSN0076_PGA_0p600g,RSN0076,Tottori (Japan),2000,Station_Tott_076,6.835493613507933,5.715411522478766,781.1522190475416,Strike-Slip,4.3279092697143495,0.6,0.6,5.88399,0.668690901360931,1.804781380931997,3.966364028526304,7.0600000000000005,0.01,3469,34.68,/Users/rahul/seismoFNO/data/simulations/scaled_motions/RSN0076_PGA_0p600g.npy
RSN0076_PGA_0p800g,RSN0076,Tottori (Japan),2000,Station_Tott_076,6.835493613507933,5.715411522478766,781.1522190475416,Strike-Slip,5.770545692952467,0.8,0.8,7.84532,0.8915878684812426,2.406375174576016,7.051313828491204,7.0600000000000005,0.01,3469,34.68,/Users/rahul/seismoFNO/data/simulations/scaled_motions/RSN0076_PGA_0p800g.npy
RSN0076_PGA_1p000g,RSN0076,Tottori (Japan),2000,Station_Tott_076,6.835493613507933,5.715411522478766,781.1522190475416,Strike-Slip,7.213182116190583,1.0,1.0,9.80665,1.114484835601553,3.007968968220027,11.01767785701747,7.0600000000000005,0.01,3469,34.68,/Users/rahul/seismoFNO/data/simulations/scaled_motions/RSN0076_PGA_1p000g.npy
RSN0076_PGA_1p200g,RSN0076,Tottori (Japan),2000,Station_Tott_076,6.835493613507933,5.715411522478766,781.1522190475416,Strike-Slip,8.655818539428699,1.2,1.2,11.76798,1.337381802721862,3.609562761863994,15.865456114105216,7.0600000000000005,0.01,3469,34.68,/Users/rahul/seismoFNO/data/simulations/scaled_motions/RSN0076_PGA_1p200g.npy
RSN0077_PGA_0p050g,RSN0077,Morgan Hill,1984,Station_Morg_077,6.033345512377104,3.082203085149853,247.2852003917099,Strike-Slip,0.49022422710265956,0.05,0.05,0.4903325,0.05317188181089656,0.24390308899798335,0.013893201980458946,3.51,0.01,2827,28.26,/Users/rahul/seismoFNO/data/simulations/scaled_motions/RSN0077_PGA_0p050g.npy
RSN0077_PGA_0p100g,RSN0077,Morgan Hill,1984,Station_Morg_077,6.033345512377104,3.082203085149853,247.2852003917099,Strike-Slip,0.9804484542053191,0.1,0.1,0.980665,0.10634376362179312,0.4878061779959667,0.05557280792183578,3.51,0.01,2827,28.26,/Users/rahul/seismoFNO/data/simulations/scaled_motions/RSN0077_PGA_0p100g.npy
RSN0077_PGA_0p200g,RSN0077,Morgan Hill,1984,Station_Morg_077,6.033345512377104,3.082203085149853,247.2852003917099,Strike-Slip,1.9608969084106382,0.2,0.2,1.96133,0.21268752724358625,0.9756123559919334,0.22229123168734313,3.51,0.01,2827,28.26,/Users/rahul/seismoFNO/data/simulations/scaled_motions/RSN0077_PGA_0p200g.npy
RSN0077_PGA_0p300g,RSN0077,Morgan Hill,1984,Station_Morg_077,6.033345512377104,3.082203085149853,247.2852003917099,Strike-Slip,2.941345362615957,0.3,0.3,2.941995,0.31903129086537935,1.4634185339879069,0.5001552712965186,3.51,0.01,2827,28.26,/Users/rahul/seismoFNO/data/simulations/scaled_motions/RSN0077_PGA_0p300g.npy
RSN0077_PGA_0p400g,RSN0077,Morgan Hill,1984,Station_Morg_077,6.033345512377104,3.082203085149853,247.2852003917099,Strike-Slip,3.9217938168212765,0.4,0.4,3.92266,0.4253750544871725,1.9512247119838668,0.8891649267493725,3.51,0.01,2827,28.26,/Users/rahul/seismoFNO/data/simulations/scaled_motions/RSN0077_PGA_0p400g.npy
RSN0077_PGA_0p500g,RSN0077,Morgan Hill,1984,Station_Morg_077,6.033345512377104,3.082203085149853,247.2852003917099,Strike-Slip,4.902242271026595,0.5,0.5,4.903325,0.5317188181089656,2.4390308899798536,1.3893201980458918,3.51,0.01,2827,28.26,/Users/rahul/seismoFNO/data/simulations/scaled_motions/RSN0077_PGA_0p500g.npy
RSN0077_PGA_0p600g,RSN0077,Morgan Hill,1984,Station_Morg_077,6.033345512377104,3.082203085149853,247.2852003917099,Strike-Slip,5.882690725231914,0.6,0.6,5.88399,0.6380625817307587,2.9268370679758138,2.0006210851860744,3.51,0.01,2827,28.26,/Users/rahul/seismoFNO/data/simulations/scaled_motions/RSN0077_PGA_0p600g.npy
RSN0077_PGA_0p800g,RSN0077,Morgan Hill,1984,Station_Morg_077,6.033345512377104,3.082203085149853,247.2852003917099,Strike-Slip,7.843587633642553,0.8,0.8,7.84532,0.850750108974345,3.9024494239677336,3.55665970699749,3.51,0.01,2827,28.26,/Users/rahul/seismoFNO/data/simulations/scaled_motions/RSN0077_PGA_0p800g.npy
RSN0077_PGA_1p000g,RSN0077,Morgan Hill,1984,Station_Morg_077,6.033345512377104,3.082203085149853,247.2852003917099,Strike-Slip,9.80448454205319,1.0,1.0,9.80665,1.0634376362179312,4.878061779959707,5.557280792183567,3.51,0.01,2827,28.26,/Users/rahul/seismoFNO/data/simulations/scaled_motions/RSN0077_PGA_1p000g.npy
RSN0077_PGA_1p200g,RSN0077,Morgan Hill,1984,Station_Morg_077,6.033345512377104,3.082203085149853,247.2852003917099,Strike-Slip,11.765381450463828,1.2,1.2,11.76798,1.2761251634615174,5.8536741359516276,8.002484340744298,3.51,0.01,2827,28.26,/Users/rahul/seismoFNO/data/simulations/scaled_motions/RSN0077_PGA_1p200g.npy
RSN0078_PGA_0p050g,RSN0078,Whittier Narrows-01,1987,Station_Whit_078,6.020787464001657,4.5296880723400745,198.76565651528296,Reverse,0.5386145085416968,0.05,0.05,0.4903325,0.07556855154940331,0.11358603809683777,0.02575134323698405,3.9699999999999998,0.01,2817,28.16,/Users/rahul/seismoFNO/data/simulations/scaled_motions/RSN0078_PGA_0p050g.npy
RSN0078_PGA_0p100g,RSN0078,Whittier Narrows-01,1987,Station_Whit_078,6.020787464001657,4.5296880723400745,198.76565651528296,Reverse,1.0772290170833936,0.1,0.1,0.980665,0.15113710309880662,0.22717207619367555,0.1030053729479362,3.9699999999999998,0.01,2817,28.16,/Users/rahul/seismoFNO/data/simulations/scaled_motions/RSN0078_PGA_0p100g.npy
RSN0078_PGA_0p200g,RSN0078,Whittier Narrows-01,1987,Station_Whit_078,6.020787464001657,4.5296880723400745,198.76565651528296,Reverse,2.154458034166787,0.2,0.2,1.96133,0.30227420619761325,0.4543441523873511,0.4120214917917448,3.9699999999999998,0.01,2817,28.16,/Users/rahul/seismoFNO/data/simulations/scaled_motions/RSN0078_PGA_0p200g.npy
RSN0078_PGA_0p300g,RSN0078,Whittier Narrows-01,1987,Station_Whit_078,6.020787464001657,4.5296880723400745,198.76565651528296,Reverse,3.2316870512501805,0.3,0.3,2.941995,0.45341130929641976,0.6815162285810205,0.9270483565314296,3.9699999999999998,0.01,2817,28.16,/Users/rahul/seismoFNO/data/simulations/scaled_motions/RSN0078_PGA_0p300g.npy
RSN0078_PGA_0p400g,RSN0078,Whittier Narrows-01,1987,Station_Whit_078,6.020787464001657,4.5296880723400745,198.76565651528296,Reverse,4.308916068333574,0.4,0.4,3.92266,0.6045484123952265,0.9086883047747022,1.6480859671669792,3.9699999999999998,0.01,2817,28.16,/Users/rahul/seismoFNO/data/simulations/scaled_motions/RSN0078_PGA_0p400g.npy
RSN0078_PGA_0p500g,RSN0078,Whittier Narrows-01,1987,Station_Whit_078,6.020787464001657,4.5296880723400745,198.76565651528296,Reverse,5.386145085416968,0.5,0.5,4.903325,0.7556855154940331,1.1358603809683827,2.575134323698401,3.9699999999999998,0.01,2817,28.16,/Users/rahul/seismoFNO/data/simulations/scaled_motions/RSN0078_PGA_0p500g.npy
RSN0078_PGA_0p600g,RSN0078,Whittier Narrows-01,1987,Station_Whit_078,6.020787464001657,4.5296880723400745,198.76565651528296,Reverse,6.463374102500361,0.6,0.6,5.88399,0.9068226185928395,1.363032457162041,3.7081934261257183,3.9699999999999998,0.01,2817,28.16,/Users/rahul/seismoFNO/data/simulations/scaled_motions/RSN0078_PGA_0p600g.npy
RSN0078_PGA_0p800g,RSN0078,Whittier Narrows-01,1987,Station_Whit_078,6.020787464001657,4.5296880723400745,198.76565651528296,Reverse,8.617832136667149,0.8,0.8,7.84532,1.209096824790453,1.8173766095494044,6.592343868667917,3.9699999999999998,0.01,2817,28.16,/Users/rahul/seismoFNO/data/simulations/scaled_motions/RSN0078_PGA_0p800g.npy
RSN0078_PGA_1p000g,RSN0078,Whittier Narrows-01,1987,Station_Whit_078,6.020787464001657,4.5296880723400745,198.76565651528296,Reverse,10.772290170833935,1.0,1.0,9.80665,1.5113710309880661,2.2717207619367654,10.300537294793603,3.9699999999999998,0.01,2817,28.16,/Users/rahul/seismoFNO/data/simulations/scaled_motions/RSN0078_PGA_1p000g.npy
RSN0078_PGA_1p200g,RSN0078,Whittier Narrows-01,1987,Station_Whit_078,6.020787464001657,4.5296880723400745,198.76565651528296,Reverse,12.926748205000722,1.2,1.2,11.76798,1.813645237185679,2.726064914324082,14.832773704502873,3.9699999999999998,0.01,2817,28.16,/Users/rahul/seismoFNO/data/simulations/scaled_motions/RSN0078_PGA_1p200g.npy
RSN0079_PGA_0p050g,RSN0079,Parkfield-02,2004,Station_Park_079,6.3131310160084855,85.22962039351835,983.9714582414665,Strike-Slip,2.053858800409394,0.05,0.05,0.4903325,0.12440265825393365,0.6792846001992309,0.06587441460001937,18.43,0.01,3051,30.5,/Users/rahul/seismoFNO/data/simulations/scaled_motions/RSN0079_PGA_0p050g.npy
RSN0079_PGA_0p100g,RSN0079,Parkfield-02,2004,Station_Park_079,6.3131310160084855,85.22962039351835,983.9714582414665,Strike-Slip,4.107717600818788,0.1,0.1,0.980665,0.2488053165078673,1.3585692003984617,0.2634976584000775,18.43,0.01,3051,30.5,/Users/rahul/seismoFNO/data/simulations/scaled_motions/RSN0079_PGA_0p100g.npy
RSN0079_PGA_0p200g,RSN0079,Parkfield-02,2004,Station_Park_079,6.3131310160084855,85.22962039351835,983.9714582414665,Strike-Slip,8.215435201637575,0.2,0.2,1.96133,0.4976106330157346,2.7171384007969235,1.05399063360031,18.43,0.01,3051,30.5,/Users/rahul/seismoFNO/data/simulations/scaled_motions/RSN0079_PGA_0p200g.npy
RSN0079_PGA_0p300g,RSN0079,Parkfield-02,2004,Station_Park_079,6.3131310160084855,85.22962039351835,983.9714582414665,Strike-Slip,12.323152802456361,0.3,0.3,2.941995,0.7464159495236012,4.075707601195378,2.371478925600697,18.43,0.01,3051,30.5,/Users/rahul/seismoFNO/data/simulations/scaled_motions/RSN0079_PGA_0p300g.npy
RSN0079_PGA_0p400g,RSN0079,Parkfield-02,2004,Station_Park_079,6.3131310160084855,85.22962039351835,983.9714582414665,Strike-Slip,16.43087040327515,0.4,0.4,3.92266,0.9952212660314692,5.434276801593847,4.21596253440124,18.43,0.01,3051,30.5,/Users/rahul/seismoFNO/data/simulations/scaled_motions/RSN0079_PGA_0p400g.npy
RSN0079_PGA_0p500g,RSN0079,Parkfield-02,2004,Station_Park_079,6.3131310160084855,85.22962039351835,983.9714582414665,Strike-Slip,20.53858800409394,0.5,0.5,4.903325,1.2440265825393364,6.792846001992297,6.587441460001935,18.43,0.01,3051,30.5,/Users/rahul/seismoFNO/data/simulations/scaled_motions/RSN0079_PGA_0p500g.npy
RSN0079_PGA_0p600g,RSN0079,Parkfield-02,2004,Station_Park_079,6.3131310160084855,85.22962039351835,983.9714582414665,Strike-Slip,24.646305604912722,0.6,0.6,5.88399,1.4928318990472025,8.151415202390757,9.485915702402789,18.43,0.01,3051,30.5,/Users/rahul/seismoFNO/data/simulations/scaled_motions/RSN0079_PGA_0p600g.npy
RSN0079_PGA_0p800g,RSN0079,Parkfield-02,2004,Station_Park_079,6.3131310160084855,85.22962039351835,983.9714582414665,Strike-Slip,32.8617408065503,0.8,0.8,7.84532,1.9904425320629384,10.868553603187694,16.86385013760496,18.43,0.01,3051,30.5,/Users/rahul/seismoFNO/data/simulations/scaled_motions/RSN0079_PGA_0p800g.npy
RSN0079_PGA_1p000g,RSN0079,Parkfield-02,2004,Station_Park_079,6.3131310160084855,85.22962039351835,983.9714582414665,Strike-Slip,41.07717600818788,1.0,1.0,9.80665,2.488053165078673,13.585692003984594,26.34976584000774,18.43,0.01,3051,30.5,/Users/rahul/seismoFNO/data/simulations/scaled_motions/RSN0079_PGA_1p000g.npy
RSN0079_PGA_1p200g,RSN0079,Parkfield-02,2004,Station_Park_079,6.3131310160084855,85.22962039351835,983.9714582414665,Strike-Slip,49.292611209825445,1.2,1.2,11.76798,2.985663798094405,16.302830404781513,37.943662809611155,18.43,0.01,3051,30.5,/Users/rahul/seismoFNO/data/simulations/scaled_motions/RSN0079_PGA_1p200g.npy
RSN0080_PGA_0p050g,RSN0080,Darfield (New Zealand),2010,Station_Darf_080,6.938421763455178,63.58231443847697,457.55667476980597,Strike-Slip,1.1662749347850911,0.05,0.049999999999999996,0.49033249999999995,0.11166829123487099,0.25651277101965386,0.09579398322019957,22.779999999999998,0.01,3551,35.5,/Users/rahul/seismoFNO/data/simulations/scaled_motions/RSN0080_PGA_0p050g.npy
RSN0080_PGA_0p100g,RSN0080,Darfield (New Zealand),2010,Station_Darf_080,6.938421763455178,63.58231443847697,457.55667476980597,Strike-Slip,2.3325498695701823,0.1,0.09999999999999999,0.9806649999999999,0.22333658246974197,0.5130255420393077,0.38317593288079826,22.779999999999998,0.01,3551,35.5,/Users/rahul/seismoFNO/data/simulations/scaled_motions/RSN0080_PGA_0p100g.npy
RSN0080_PGA_0p200g,RSN0080,Darfield (New Zealand),2010,Station_Darf_080,6.938421763455178,63.58231443847697,457.55667476980597,Strike-Slip,4.665099739140365,0.2,0.19999999999999998,1.9613299999999998,0.44667316493948395,1.0260510840786154,1.532703731523193,22.779999999999998,0.01,3551,35.5,/Users/rahul/seismoFNO/data/simulations/scaled_motions/RSN0080_PGA_0p200g.npy
RSN0080_PGA_0p300g,RSN0080,Darfield (New Zealand),2010,Station_Darf_080,6.938421763455178,63.58231443847697,457.55667476980597,Strike-Slip,6.997649608710547,0.3,0.3,2.941995,0.6700097474092253,1.539076626117925,3.4485833959271877,22.779999999999998,0.01,3551,35.5,/Users/rahul/seismoFNO/data/simulations/scaled_motions/RSN0080_PGA_0p300g.npy
RSN0080_PGA_0p400g,RSN0080,Darfield (New Zealand),2010,Station_Darf_080,6.938421763455178,63.58231443847697,457.55667476980597,Strike-Slip,9.33019947828073,0.4,0.39999999999999997,3.9226599999999996,0.8933463298789679,2.052102168157231,6.130814926092772,22.779999999999998,0.01,3551,35.5,/Users/rahul/seismoFNO/data/simulations/scaled_motions/RSN0080_PGA_0p400g.npy
RSN0080_PGA_0p500g,RSN0080,Darfield (New Zealand),2010,Station_Darf_080,6.938421763455178,63.58231443847697,457.55667476980597,Strike-Slip,11.662749347850912,0.5,0.5,4.903325,1.1166829123487088,2.5651277101965406,9.579398322019928,22.779999999999998,0.01,3551,35.5,/Users/rahul/seismoFNO/data/simulations/scaled_motions/RSN0080_PGA_0p500g.npy
RSN0080_PGA_0p600g,RSN0080,Darfield (New Zealand),2010,Station_Darf_080,6.938421763455178,63.58231443847697,457.55667476980597,Strike-Slip,13.995299217421094,0.6,0.6,5.88399,1.3400194948184505,3.07815325223585,13.79433358370875,22.779999999999998,0.01,3551,35.5,/Users/rahul/seismoFNO/data/simulations/scaled_motions/RSN0080_PGA_0p600g.npy
RSN0080_PGA_0p800g,RSN0080,Darfield (New Zealand),2010,Station_Darf_080,6.938421763455178,63.58231443847697,457.55667476980597,Strike-Slip,18.66039895656146,0.8,0.7999999999999999,7.845319999999999,1.7866926597579358,4.104204336314462,24.52325970437109,22.779999999999998,0.01,3551,35.5,/Users/rahul/seismoFNO/data/simulations/scaled_motions/RSN0080_PGA_0p800g.npy
RSN0080_PGA_1p000g,RSN0080,Darfield (New Zealand),2010,Station_Darf_080,6.938421763455178,63.58231443847697,457.55667476980597,Strike-Slip,23.325498695701825,1.0,1.0,9.80665,2.2333658246974175,5.130255420393081,38.31759328807971,22.779999999999998,0.01,3551,35.5,/Users/rahul/seismoFNO/data/simulations/scaled_motions/RSN0080_PGA_1p000g.npy
RSN0080_PGA_1p200g,RSN0080,Darfield (New Zealand),2010,Station_Darf_080,6.938421763455178,63.58231443847697,457.55667476980597,Strike-Slip,27.990598434842187,1.2,1.2,11.76798,2.680038989636901,6.1563065044717,55.177334334835,22.779999999999998,0.01,3551,35.5,/Users/rahul/seismoFNO/data/simulations/scaled_motions/RSN0080_PGA_1p200g.npy
RSN0081_PGA_0p050g,RSN0081,Imperial Valley-06,1979,Station_Impe_081,6.733440554157031,84.43350105990554,300.8291750515353,Strike-Slip,1.5907786802954853,0.05,0.05,0.4903325,0.12554323863125724,0.4504425272773416,0.08047513819743372,22.330000000000002,0.01,3387,33.86,/Users/rahul/seismoFNO/data/simulations/scaled_motions/RSN0081_PGA_0p050g.npy
RSN0081_PGA_0p100g,RSN0081,Imperial Valley-06,1979,Station_Impe_081,6.733440554157031,84.43350105990554,300.8291750515353,Strike-Slip,3.1815573605909706,0.1,0.1,0.980665,0.2510864772625145,0.9008850545546832,0.3219005527897349,22.330000000000002,0.01,3387,33.86,/Users/rahul/seismoFNO/data/simulations/scaled_motions/RSN0081_PGA_0p100g.npy
RSN0081_PGA_0p200g,RSN0081,Imperial Valley-06,1979,Station_Impe_081,6.733440554157031,84.43350105990554,300.8291750515353,Strike-Slip,6.363114721181941,0.2,0.2,1.96133,0.502172954525029,1.8017701091093663,1.2876022111589396,22.330000000000002,0.01,3387,33.86,/Users/rahul/seismoFNO/data/simulations/scaled_motions/RSN0081_PGA_0p200g.npy
RSN0081_PGA_0p300g,RSN0081,Imperial Valley-06,1979,Station_Impe_081,6.733440554157031,84.43350105990554,300.8291750515353,Strike-Slip,9.54467208177291,0.3,0.3,2.941995,0.7532594317875435,2.7026551636640312,2.89710497510761,22.330000000000002,0.01,3387,33.86,/Users/rahul/seismoFNO/data/simulations/scaled_motions/RSN0081_PGA_0p300g.npy
RSN0081_PGA_0p400g,RSN0081,Imperial Valley-06,1979,Station_Impe_081,6.733440554157031,84.43350105990554,300.8291750515353,Strike-Slip,12.726229442363882,0.4,0.4,3.92266,1.004345909050058,3.6035402182187326,5.150408844635758,22.330000000000002,0.01,3387,33.86,/Users/rahul/seismoFNO/data/simulations/scaled_motions/RSN0081_PGA_0p400g.npy
RSN0081_PGA_0p500g,RSN0081,Imperial Valley-06,1979,Station_Impe_081,6.733440554157031,84.43350105990554,300.8291750515353,Strike-Slip,15.90778680295485,0.5,0.5,4.903325,1.2554323863125727,4.504425272773417,8.047513819743383,22.330000000000002,0.01,3387,33.86,/Users/rahul/seismoFNO/data/simulations/scaled_motions/RSN0081_PGA_0p500g.npy
RSN0081_PGA_0p600g,RSN0081,Imperial Valley-06,1979,Station_Impe_081,6.733440554157031,84.43350105990554,300.8291750515353,Strike-Slip,19.08934416354582,0.6,0.6,5.88399,1.506518863575087,5.4053103273280625,11.58841990043044,22.330000000000002,0.01,3387,33.86,/Users/rahul/seismoFNO/data/simulations/scaled_motions/RSN0081_PGA_0p600g.npy
RSN0081_PGA_0p800g,RSN0081,Imperial Valley-06,1979,Station_Impe_081,6.733440554157031,84.43350105990554,300.8291750515353,Strike-Slip,25.452458884727765,0.8,0.8,7.84532,2.008691818100116,7.207080436437465,20.601635378543033,22.330000000000002,0.01,3387,33.86,/Users/rahul/seismoFNO/data/simulations/scaled_motions/RSN0081_PGA_0p800g.npy
RSN0081_PGA_1p000g,RSN0081,Imperial Valley-06,1979,Station_Impe_081,6.733440554157031,84.43350105990554,300.8291750515353,Strike-Slip,31.8155736059097,1.0,1.0,9.80665,2.5108647726251454,9.008850545546833,32.19005527897353,22.330000000000002,0.01,3387,33.86,/Users/rahul/seismoFNO/data/simulations/scaled_motions/RSN0081_PGA_1p000g.npy
RSN0081_PGA_1p200g,RSN0081,Imperial Valley-06,1979,Station_Impe_081,6.733440554157031,84.43350105990554,300.8291750515353,Strike-Slip,38.17868832709164,1.2,1.2,11.76798,3.013037727150174,10.810620654656125,46.35367960172176,22.330000000000002,0.01,3387,33.86,/Users/rahul/seismoFNO/data/simulations/scaled_motions/RSN0081_PGA_1p200g.npy
RSN0082_PGA_0p050g,RSN0082,Loma Prieta,1989,Station_Loma_082,7.042522331231985,9.281366568736432,322.5590430952889,Reverse-Oblique,0.3745037746288413,0.05,0.05,0.4903325,0.05013801168634313,0.16200556779941158,0.017706436235426316,9.79,0.01,3635,36.34,/Users/rahul/seismoFNO/data/simulations/scaled_motions/RSN0082_PGA_0p050g.npy
RSN0082_PGA_0p100g,RSN0082,Loma Prieta,1989,Station_Loma_082,7.042522331231985,9.281366568736432,322.5590430952889,Reverse-Oblique,0.7490075492576826,0.1,0.1,0.980665,0.10027602337268626,0.32401113559882316,0.07082574494170527,9.79,0.01,3635,36.34,/Users/rahul/seismoFNO/data/simulations/scaled_motions/RSN0082_PGA_0p100g.npy
RSN0082_PGA_0p200g,RSN0082,Loma Prieta,1989,Station_Loma_082,7.042522331231985,9.281366568736432,322.5590430952889,Reverse-Oblique,1.4980150985153653,0.2,0.2,1.96133,0.20055204674537253,0.6480222711976463,0.28330297976682106,9.79,0.01,3635,36.34,/Users/rahul/seismoFNO/data/simulations/scaled_motions/RSN0082_PGA_0p200g.npy
RSN0082_PGA_0p300g,RSN0082,Loma Prieta,1989,Station_Loma_082,7.042522331231985,9.281366568736432,322.5590430952889,Reverse-Oblique,2.247022647773048,0.3,0.30000000000000004,2.9419950000000004,0.3008280701180588,0.9720334067964751,0.6374317044753474,9.79,0.01,3635,36.34,/Users/rahul/seismoFNO/data/simulations/scaled_motions/RSN0082_PGA_0p300g.npy
RSN0082_PGA_0p400g,RSN0082,Loma Prieta,1989,Station_Loma_082,7.042522331231985,9.281366568736432,322.5590430952889,Reverse-Oblique,2.9960301970307306,0.4,0.4,3.92266,0.40110409349074505,1.2960445423952927,1.1332119190672842,9.79,0.01,3635,36.34,/Users/rahul/seismoFNO/data/simulations/scaled_motions/RSN0082_PGA_0p400g.npy
RSN0082_PGA_0p500g,RSN0082,Loma Prieta,1989,Station_Loma_082,7.042522331231985,9.281366568736432,322.5590430952889,Reverse-Oblique,3.745037746288413,0.5,0.49999999999999994,4.903324999999999,0.5013801168634313,1.6200556779941286,1.7706436235426246,9.79,0.01,3635,36.34,/Users/rahul/seismoFNO/data/simulations/scaled_motions/RSN0082_PGA_0p500g.npy
RSN0082_PGA_0p600g,RSN0082,Loma Prieta,1989,Station_Loma_082,7.042522331231985,9.281366568736432,322.5590430952889,Reverse-Oblique,4.494045295546096,0.6,0.6000000000000001,5.883990000000001,0.6016561402361176,1.9440668135929502,2.5497268179013894,9.79,0.01,3635,36.34,/Users/rahul/seismoFNO/data/simulations/scaled_motions/RSN0082_PGA_0p600g.npy
RSN0082_PGA_0p800g,RSN0082,Loma Prieta,1989,Station_Loma_082,7.042522331231985,9.281366568736432,322.5590430952889,Reverse-Oblique,5.992060394061461,0.8,0.8,7.84532,0.8022081869814901,2.5920890847905853,4.532847676269137,9.79,0.01,3635,36.34,/Users/rahul/seismoFNO/data/simulations/scaled_motions/RSN0082_PGA_0p800g.npy
RSN0082_PGA_1p000g,RSN0082,Loma Prieta,1989,Station_Loma_082,7.042522331231985,9.281366568736432,322.5590430952889,Reverse-Oblique,7.490075492576826,1.0,0.9999999999999999,9.806649999999998,1.0027602337268626,3.2401113559882573,7.0825744941704984,9.79,0.01,3635,36.34,/Users/rahul/seismoFNO/data/simulations/scaled_motions/RSN0082_PGA_1p000g.npy
RSN0082_PGA_1p200g,RSN0082,Loma Prieta,1989,Station_Loma_082,7.042522331231985,9.281366568736432,322.5590430952889,Reverse-Oblique,8.988090591092192,1.2,1.2000000000000002,11.767980000000001,1.2033122804722352,3.8881336271859004,10.198907271605558,9.79,0.01,3635,36.34,/Users/rahul/seismoFNO/data/simulations/scaled_motions/RSN0082_PGA_1p200g.npy
RSN0083_PGA_0p050g,RSN0083,Northridge-01,1994,Station_Nort_083,6.701666869028422,54.51069465483735,177.36951825143046,Reverse,1.203647101612075,0.05,0.05,0.4903325,0.1030650493318836,0.24126463272786886,0.1058519836049982,22.35,0.01,3362,33.61,/Users/rahul/seismoFNO/data/simulations/scaled_motions/RSN0083_PGA_0p050g.npy
RSN0083_PGA_0p100g,RSN0083,Northridge-01,1994,Station_Nort_083,6.701666869028422,54.51069465483735,177.36951825143046,Reverse,2.40729420322415,0.1,0.1,0.980665,0.2061300986637672,0.4825292654557377,0.4234079344199928,22.35,0.01,3362,33.61,/Users/rahul/seismoFNO/data/simulations/scaled_motions/RSN0083_PGA_0p100g.npy
RSN0083_PGA_0p200g,RSN0083,Northridge-01,1994,Station_Nort_083,6.701666869028422,54.51069465483735,177.36951825143046,Reverse,4.8145884064483,0.2,0.2,1.96133,0.4122601973275344,0.9650585309114754,1.6936317376799712,22.35,0.01,3362,33.61,/Users/rahul/seismoFNO/data/simulations/scaled_motions/RSN0083_PGA_0p200g.npy
RSN0083_PGA_0p300g,RSN0083,Northridge-01,1994,Station_Nort_083,6.701666869028422,54.51069465483735,177.36951825143046,Reverse,7.22188260967245,0.3,0.3,2.941995,0.6183902959913014,1.4475877963672097,3.810671409779947,22.35,0.01,3362,33.61,/Users/rahul/seismoFNO/data/simulations/scaled_motions/RSN0083_PGA_0p300g.npy
RSN0083_PGA_0p400g,RSN0083,Northridge-01,1994,Station_Nort_083,6.701666869028422,54.51069465483735,177.36951825143046,Reverse,9.6291768128966,0.4,0.4,3.92266,0.8245203946550688,1.9301170618229508,6.774526950719885,22.35,0.01,3362,33.61,/Users/rahul/seismoFNO/data/simulations/scaled_motions/RSN0083_PGA_0p400g.npy
RSN0083_PGA_0p500g,RSN0083,Northridge-01,1994,Station_Nort_083,6.701666869028422,54.51069465483735,177.36951825143046,Reverse,12.03647101612075,0.5,0.49999999999999994,4.903324999999999,1.0306504933188358,2.4126463272786958,10.585198360499824,22.35,0.01,3362,33.61,/Users/rahul/seismoFNO/data/simulations/scaled_motions/RSN0083_PGA_0p500g.npy
RSN0083_PGA_0p600g,RSN0083,Northridge-01,1994,Station_Nort_083,6.701666869028422,54.51069465483735,177.36951825143046,Reverse,14.4437652193449,0.6,0.6,5.88399,1.2367805919826027,2.8951755927344194,15.242685639119788,22.35,0.01,3362,33.61,/Users/rahul/seismoFNO/data/simulations/scaled_motions/RSN0083_PGA_0p600g.npy
RSN0083_PGA_0p800g,RSN0083,Northridge-01,1994,Station_Nort_083,6.701666869028422,54.51069465483735,177.36951825143046,Reverse,19.2583536257932,0.8,0.8,7.84532,1.6490407893101375,3.8602341236459017,27.09810780287954,22.35,0.01,3362,33.61,/Users/rahul/seismoFNO/data/simulations/scaled_motions/RSN0083_PGA_0p800g.npy
RSN0083_PGA_1p000g,RSN0083,Northridge-01,1994,Station_Nort_083,6.701666869028422,54.51069465483735,177.36951825143046,Reverse,24.0729420322415,1.0,0.9999999999999999,9.806649999999998,2.0613009866376717,4.8252926545573915,42.340793441999296,22.35,0.01,3362,33.61,/Users/rahul/seismoFNO/data/simulations/scaled_motions/RSN0083_PGA_1p000g.npy
RSN0083_PGA_1p200g,RSN0083,Northridge-01,1994,Station_Nort_083,6.701666869028422,54.51069465483735,177.36951825143046,Reverse,28.8875304386898,1.2,1.2,11.76798,2.4735611839652054,5.790351185468839,60.97074255647915,22.35,0.01,3362,33.61,/Users/rahul/seismoFNO/data/simulations/scaled_motions/RSN0083_PGA_1p200g.npy
RSN0084_PGA_0p050g,RSN0084,Kobe (Hyogo-ken Nanbu),1995,Station_Kobe_084,6.716926101648249,3.0487713095344167,586.3700842971731,Strike-Slip,0.3373883686781882,0.05,0.049999999999999996,0.49033249999999995,0.07157205531620586,0.16677010596231923,0.021214655043187237,5.93,0.01,3374,33.730000000000004,/Users/rahul/seismoFNO/data/simulations/scaled_motions/RSN0084_PGA_0p050g.npy
RSN0084_PGA_0p100g,RSN0084,Kobe (Hyogo-ken Nanbu),1995,Station_Kobe_084,6.716926101648249,3.0487713095344167,586.3700842971731,Strike-Slip,0.6747767373563764,0.1,0.09999999999999999,0.9806649999999999,0.14314411063241173,0.33354021192463845,0.08485862017274895,5.93,0.01,3374,33.730000000000004,/Users/rahul/seismoFNO/data/simulations/scaled_motions/RSN0084_PGA_0p100g.npy
RSN0084_PGA_0p200g,RSN0084,Kobe (Hyogo-ken Nanbu),1995,Station_Kobe_084,6.716926101648249,3.0487713095344167,586.3700842971731,Strike-Slip,1.3495534747127529,0.2,0.19999999999999998,1.9613299999999998,0.28628822126482345,0.6670804238492769,0.3394344806909958,5.93,0.01,3374,33.730000000000004,/Users/rahul/seismoFNO/data/simulations/scaled_motions/RSN0084_PGA_0p200g.npy
RSN0084_PGA_0p300g,RSN0084,Kobe (Hyogo-ken Nanbu),1995,Station_Kobe_084,6.716926101648249,3.0487713095344167,586.3700842971731,Strike-Slip,2.0243302120691293,0.3,0.3,2.941995,0.4294323318972352,1.000620635773909,0.7637275815547376,5.93,0.01,3374,33.730000000000004,/Users/rahul/seismoFNO/data/simulations/scaled_motions/RSN0084_PGA_0p300g.npy
RSN0084_PGA_0p400g,RSN0084,Kobe (Hyogo-ken Nanbu),1995,Station_Kobe_084,6.716926101648249,3.0487713095344167,586.3700842971731,Strike-Slip,2.6991069494255058,0.4,0.39999999999999997,3.9226599999999996,0.5725764425296469,1.3341608476985538,1.3577379227639832,5.93,0.01,3374,33.730000000000004,/Users/rahul/seismoFNO/data/simulations/scaled_motions/RSN0084_PGA_0p400g.npy
RSN0084_PGA_0p500g,RSN0084,Kobe (Hyogo-ken Nanbu),1995,Station_Kobe_084,6.716926101648249,3.0487713095344167,586.3700842971731,Strike-Slip,3.373883686781882,0.5,0.5,4.903325,0.715720553162059,1.667701059623202,2.1214655043187136,5.93,0.01,3374,33.730000000000004,/Users/rahul/seismoFNO/data/simulations/scaled_motions/RSN0084_PGA_0p500g.npy
RSN0084_PGA_0p600g,RSN0084,Kobe (Hyogo-ken Nanbu),1995,Station_Kobe_084,6.716926101648249,3.0487713095344167,586.3700842971731,Strike-Slip,4.048660424138259,0.6,0.6,5.88399,0.8588646637944704,2.001241271547818,3.0549103262189505,5.93,0.01,3374,33.730000000000004,/Users/rahul/seismoFNO/data/simulations/scaled_motions/RSN0084_PGA_0p600g.npy
RSN0084_PGA_0p800g,RSN0084,Kobe (Hyogo-ken Nanbu),1995,Station_Kobe_084,6.716926101648249,3.0487713095344167,586.3700842971731,Strike-Slip,5.3982138988510115,0.8,0.7999999999999999,7.845319999999999,1.1451528850592938,2.6683216953971076,5.430951691055933,5.93,0.01,3374,33.730000000000004,/Users/rahul/seismoFNO/data/simulations/scaled_motions/RSN0084_PGA_0p800g.npy
RSN0084_PGA_1p000g,RSN0084,Kobe (Hyogo-ken Nanbu),1995,Station_Kobe_084,6.716926101648249,3.0487713095344167,586.3700842971731,Strike-Slip,6.747767373563764,1.0,1.0,9.80665,1.431441106324118,3.335402119246404,8.485862017274854,5.93,0.01,3374,33.730000000000004,/Users/rahul/seismoFNO/data/simulations/scaled_motions/RSN0084_PGA_1p000g.npy
RSN0084_PGA_1p200g,RSN0084,Kobe (Hyogo-ken Nanbu),1995,Station_Kobe_084,6.716926101648249,3.0487713095344167,586.3700842971731,Strike-Slip,8.097320848276517,1.2,1.2,11.76798,1.7177293275889407,4.002482543095636,12.219641304875802,5.93,0.01,3374,33.730000000000004,/Users/rahul/seismoFNO/data/simulations/scaled_motions/RSN0084_PGA_1p200g.npy
RSN0085_PGA_0p050g,RSN0085,Chi-Chi (Taiwan-01),1999,Station_Chi-_085,7.7893517852775815,14.111642721191155,611.814368749502,Reverse,0.29258693562041366,0.05,0.05,0.4903325,0.11560015847105766,0.1043842282516076,0.07653016827765106,17.24,0.01,4232,42.31,/Users/rahul/seismoFNO/data/simulations/scaled_motions/RSN0085_PGA_0p050g.npy
RSN0085_PGA_0p100g,RSN0085,Chi-Chi (Taiwan-01),1999,Station_Chi-_085,7.7893517852775815,14.111642721191155,611.814368749502,Reverse,0.5851738712408273,0.1,0.1,0.980665,0.23120031694211532,0.2087684565032152,0.30612067311060426,17.24,0.01,4232,42.31,/Users/rahul/seismoFNO/data/simulations/scaled_motions/RSN0085_PGA_0p100g.npy
RSN0085_PGA_0p200g,RSN0085,Chi-Chi (Taiwan-01),1999,Station_Chi-_085,7.7893517852775815,14.111642721191155,611.814368749502,Reverse,1.1703477424816546,0.2,0.2,1.96133,0.46240063388423064,0.4175369130064304,1.224482692442417,17.24,0.01,4232,42.31,/Users/rahul/seismoFNO/data/simulations/scaled_motions/RSN0085_PGA_0p200g.npy
RSN0085_PGA_0p300g,RSN0085,Chi-Chi (Taiwan-01),1999,Station_Chi-_085,7.7893517852775815,14.111642721191155,611.814368749502,Reverse,1.7555216137224818,0.3,0.3,2.941995,0.6936009508263464,0.626305369509643,2.755086057995451,17.24,0.01,4232,42.31,/Users/rahul/seismoFNO/data/simulations/scaled_motions/RSN0085_PGA_0p300g.npy
RSN0085_PGA_0p400g,RSN0085,Chi-Chi (Taiwan-01),1999,Station_Chi-_085,7.7893517852775815,14.111642721191155,611.814368749502,Reverse,2.3406954849633093,0.4,0.4,3.92266,0.9248012677684613,0.8350738260128608,4.897930769769668,17.24,0.01,4232,42.31,/Users/rahul/seismoFNO/data/simulations/scaled_motions/RSN0085_PGA_0p400g.npy
RSN0085_PGA_0p500g,RSN0085,Chi-Chi (Taiwan-01),1999,Station_Chi-_085,7.7893517852775815,14.111642721191155,611.814368749502,Reverse,2.9258693562041365,0.5,0.5,4.903325,1.156001584710578,1.0438422825160736,7.65301682776514,17.24,0.01,4232,42.31,/Users/rahul/seismoFNO/data/simulations/scaled_motions/RSN0085_PGA_0p500g.npy
RSN0085_PGA_0p600g,RSN0085,Chi-Chi (Taiwan-01),1999,Station_Chi-_085,7.7893517852775815,14.111642721191155,611.814368749502,Reverse,3.5110432274449637,0.6,0.6,5.88399,1.3872019016526929,1.252610739019286,11.020344231981804,17.24,0.01,4232,42.31,/Users/rahul/seismoFNO/data/simulations/scaled_motions/RSN0085_PGA_0p600g.npy
RSN0085_PGA_0p800g,RSN0085,Chi-Chi (Taiwan-01),1999,Station_Chi-_085,7.7893517852775815,14.111642721191155,611.814368749502,Reverse,4.6813909699266185,0.8,0.8,7.84532,1.8496025355369226,1.6701476520257217,19.591723079078672,17.24,0.01,4232,42.31,/Users/rahul/seismoFNO/data/simulations/scaled_motions/RSN0085_PGA_0p800g.npy
RSN0085_PGA_1p000g,RSN0085,Chi-Chi (Taiwan-01),1999,Station_Chi-_085,7.7893517852775815,14.111642721191155,611.814368749502,Reverse,5.851738712408273,1.0,1.0,9.80665,2.312003169421156,2.087684565032147,30.61206731106056,17.24,0.01,4232,42.31,/Users/rahul/seismoFNO/data/simulations/scaled_motions/RSN0085_PGA_1p000g.npy
RSN0085_PGA_1p200g,RSN0085,Chi-Chi (Taiwan-01),1999,Station_Chi-_085,7.7893517852775815,14.111642721191155,611.814368749502,Reverse,7.022086454889927,1.2,1.2,11.76798,2.7744038033053857,2.505221478038572,44.08137692792722,17.24,0.01,4232,42.31,/Users/rahul/seismoFNO/data/simulations/scaled_motions/RSN0085_PGA_1p200g.npy
RSN0086_PGA_0p050g,RSN0086,Kocaeli (Turkey),1999,Station_Koca_086,7.645809607620085,4.4029191812929955,715.1990334245162,Strike-Slip,0.20934791508555528,0.05,0.05,0.4903325,0.09329783489745286,0.1651651154746603,0.040122526733645594,13.049999999999999,0.01,4117,41.160000000000004,/Users/rahul/seismoFNO/data/simulations/scaled_motions/RSN0086_PGA_0p050g.npy
RSN0086_PGA_0p100g,RSN0086,Kocaeli (Turkey),1999,Station_Koca_086,7.645809607620085,4.4029191812929955,715.1990334245162,Strike-Slip,0.41869583017111056,0.1,0.1,0.980665,0.18659566979490572,0.3303302309493206,0.16049010693458238,13.049999999999999,0.01,4117,41.160000000000004,/Users/rahul/seismoFNO/data/simulations/scaled_motions/RSN0086_PGA_0p100g.npy
RSN0086_PGA_0p200g,RSN0086,Kocaeli (Turkey),1999,Station_Koca_086,7.645809607620085,4.4029191812929955,715.1990334245162,Strike-Slip,0.8373916603422211,0.2,0.2,1.96133,0.37319133958981143,0.6606604618986412,0.6419604277383295,13.049999999999999,0.01,4117,41.160000000000004,/Users/rahul/seismoFNO/data/simulations/scaled_motions/RSN0086_PGA_0p200g.npy
RSN0086_PGA_0p300g,RSN0086,Kocaeli (Turkey),1999,Station_Koca_086,7.645809607620085,4.4029191812929955,715.1990334245162,Strike-Slip,1.2560874905133317,0.3,0.3,2.941995,0.559787009384717,0.9909906928479539,1.4444109624112331,13.049999999999999,0.01,4117,41.160000000000004,/Users/rahul/seismoFNO/data/simulations/scaled_motions/RSN0086_PGA_0p300g.npy
RSN0086_PGA_0p400g,RSN0086,Kocaeli (Turkey),1999,Station_Koca_086,7.645809607620085,4.4029191812929955,715.1990334245162,Strike-Slip,1.6747833206844422,0.4,0.4,3.92266,0.7463826791796229,1.3213209237972825,2.567841710953318,13.049999999999999,0.01,4117,41.160000000000004,/Users/rahul/seismoFNO/data/simulations/scaled_motions/RSN0086_PGA_0p400g.npy
RSN0086_PGA_0p500g,RSN0086,Kocaeli (Turkey),1999,Station_Koca_086,7.645809607620085,4.4029191812929955,715.1990334245162,Strike-Slip,2.093479150855553,0.5,0.5,4.903325,0.9329783489745289,1.6516511547465929,4.012252673364574,13.049999999999999,0.01,4117,41.160000000000004,/Users/rahul/seismoFNO/data/simulations/scaled_motions/RSN0086_PGA_0p500g.npy
RSN0086_PGA_0p600g,RSN0086,Kocaeli (Turkey),1999,Station_Koca_086,7.645809607620085,4.4029191812929955,715.1990334245162,Strike-Slip,2.5121749810266634,0.6,0.6,5.88399,1.119574018769434,1.9819813856959079,5.7776438496449325,13.049999999999999,0.01,4117,41.160000000000004,/Users/rahul/seismoFNO/data/simulations/scaled_motions/RSN0086_PGA_0p600g.npy
RSN0086_PGA_0p800g,RSN0086,Kocaeli (Turkey),1999,Station_Koca_086,7.645809607620085,4.4029191812929955,715.1990334245162,Strike-Slip,3.3495666413688845,0.8,0.8,7.84532,1.4927653583592457,2.642641847594565,10.271366843813272,13.049999999999999,0.01,4117,41.160000000000004,/Users/rahul/seismoFNO/data/simulations/scaled_motions/RSN0086_PGA_0p800g.npy
RSN0086_PGA_1p000g,RSN0086,Kocaeli (Turkey),1999,Station_Koca_086,7.645809607620085,4.4029191812929955,715.1990334245162,Strike-Slip,4.186958301711106,1.0,1.0,9.80665,1.8659566979490578,3.3033023094931857,16.049010693458296,13.049999999999999,0.01,4117,41.160000000000004,/Users/rahul/seismoFNO/data/simulations/scaled_motions/RSN0086_PGA_1p000g.npy
RSN0086_PGA_1p200g,RSN0086,Kocaeli (Turkey),1999,Station_Koca_086,7.645809607620085,4.4029191812929955,715.1990334245162,Strike-Slip,5.024349962053327,1.2,1.2,11.76798,2.239148037538868,3.9639627713918157,23.11057539857973,13.049999999999999,0.01,4117,41.160000000000004,/Users/rahul/seismoFNO/data/simulations/scaled_motions/RSN0086_PGA_1p200g.npy
RSN0087_PGA_0p050g,RSN0087,Landers,1992,Station_Land_087,7.612873687756826,3.2483762113902626,355.7361750582837,Strike-Slip,0.2010243715750308,0.05,0.05,0.4903325,0.08797995534396987,0.2528357567720257,0.05575701891679629,11.950000000000001,0.01,4091,40.9,/Users/rahul/seismoFNO/data/simulations/scaled_motions/RSN0087_PGA_0p050g.npy
RSN0087_PGA_0p100g,RSN0087,Landers,1992,Station_Land_087,7.612873687756826,3.2483762113902626,355.7361750582837,Strike-Slip,0.4020487431500616,0.1,0.1,0.980665,0.17595991068793973,0.5056715135440514,0.22302807566718516,11.950000000000001,0.01,4091,40.9,/Users/rahul/seismoFNO/data/simulations/scaled_motions/RSN0087_PGA_0p100g.npy
RSN0087_PGA_0p200g,RSN0087,Landers,1992,Station_Land_087,7.612873687756826,3.2483762113902626,355.7361750582837,Strike-Slip,0.8040974863001232,0.2,0.2,1.96133,0.35191982137587946,1.0113430270881028,0.8921123026687406,11.950000000000001,0.01,4091,40.9,/Users/rahul/seismoFNO/data/simulations/scaled_motions/RSN0087_PGA_0p200g.npy
RSN0087_PGA_0p300g,RSN0087,Landers,1992,Station_Land_087,7.612873687756826,3.2483762113902626,355.7361750582837,Strike-Slip,1.2061462294501848,0.3,0.3,2.941995,0.5278797320638191,1.5170145406321505,2.0072526810046663,11.950000000000001,0.01,4091,40.9,/Users/rahul/seismoFNO/data/simulations/scaled_motions/RSN0087_PGA_0p300g.npy
RSN0087_PGA_0p400g,RSN0087,Landers,1992,Station_Land_087,7.612873687756826,3.2483762113902626,355.7361750582837,Strike-Slip,1.6081949726002465,0.4,0.4,3.92266,0.7038396427517589,2.0226860541762055,3.5684492106749626,11.950000000000001,0.01,4091,40.9,/Users/rahul/seismoFNO/data/simulations/scaled_motions/RSN0087_PGA_0p400g.npy
RSN0087_PGA_0p500g,RSN0087,Landers,1992,Station_Land_087,7.612873687756826,3.2483762113902626,355.7361750582837,Strike-Slip,2.010243715750308,0.5,0.5,4.903325,0.879799553439699,2.5283575677202634,5.575701891679631,11.950000000000001,0.01,4091,40.9,/Users/rahul/seismoFNO/data/simulations/scaled_motions/RSN0087_PGA_0p500g.npy
RSN0087_PGA_0p600g,RSN0087,Landers,1992,Station_Land_087,7.612873687756826,3.2483762113902626,355.7361750582837,Strike-Slip,2.4122924589003696,0.6,0.6,5.88399,1.0557594641276382,3.034029081264301,8.029010724018665,11.950000000000001,0.01,4091,40.9,/Users/rahul/seismoFNO/data/simulations/scaled_motions/RSN0087_PGA_0p600g.npy
RSN0087_PGA_0p800g,RSN0087,Landers,1992,Station_Land_087,7.612873687756826,3.2483762113902626,355.7361750582837,Strike-Slip,3.216389945200493,0.8,0.8,7.84532,1.4076792855035178,4.045372108352411,14.27379684269985,11.950000000000001,0.01,4091,40.9,/Users/rahul/seismoFNO/data/simulations/scaled_motions/RSN0087_PGA_0p800g.npy
RSN0087_PGA_1p000g,RSN0087,Landers,1992,Station_Land_087,7.612873687756826,3.2483762113902626,355.7361750582837,Strike-Slip,4.020487431500616,1.0,1.0,9.80665,1.759599106879398,5.056715135440527,22.302807566718524,11.950000000000001,0.01,4091,40.9,/Users/rahul/seismoFNO/data/simulations/scaled_motions/RSN0087_PGA_1p000g.npy
RSN0087_PGA_1p200g,RSN0087,Landers,1992,Station_Land_087,7.612873687756826,3.2483762113902626,355.7361750582837,Strike-Slip,4.824584917800739,1.2,1.2,11.76798,2.1115189282552764,6.068058162528602,32.11604289607466,11.950000000000001,0.01,4091,40.9,/Users/rahul/seismoFNO/data/simulations/scaled_motions/RSN0087_PGA_1p200g.npy
RSN0088_PGA_0p050g,RSN0088,San Fernando,1971,Station_San _088,6.7930277354887005,2.8969004020116795,819.9626140322976,Reverse,0.3137334231890502,0.05,0.05,0.4903325,0.051647542293335465,0.026692842370853776,0.02053124506667935,5.760000000000001,0.01,3435,34.34,/Users/rahul/seismoFNO/data/simulations/scaled_motions/RSN0088_PGA_0p050g.npy
RSN0088_PGA_0p100g,RSN0088,San Fernando,1971,Station_San _088,6.7930277354887005,2.8969004020116795,819.9626140322976,Reverse,0.6274668463781004,0.1,0.1,0.980665,0.10329508458667093,0.05338568474170755,0.0821249802667174,5.760000000000001,0.01,3435,34.34,/Users/rahul/seismoFNO/data/simulations/scaled_motions/RSN0088_PGA_0p100g.npy
RSN0088_PGA_0p200g,RSN0088,San Fernando,1971,Station_San _088,6.7930277354887005,2.8969004020116795,819.9626140322976,Reverse,1.2549336927562007,0.2,0.2,1.96133,0.20659016917334186,0.1067713694834151,0.3284999210668696,5.760000000000001,0.01,3435,34.34,/Users/rahul/seismoFNO/data/simulations/scaled_motions/RSN0088_PGA_0p200g.npy
RSN0088_PGA_0p300g,RSN0088,San Fernando,1971,Station_San _088,6.7930277354887005,2.8969004020116795,819.9626140322976,Reverse,1.8824005391343008,0.3,0.3,2.941995,0.3098852537600128,0.16015705422512283,0.7391248224004591,5.760000000000001,0.01,3435,34.34,/Users/rahul/seismoFNO/data/simulations/scaled_motions/RSN0088_PGA_0p300g.npy
RSN0088_PGA_0p400g,RSN0088,San Fernando,1971,Station_San _088,6.7930277354887005,2.8969004020116795,819.9626140322976,Reverse,2.5098673855124014,0.4,0.4,3.92266,0.4131803383466837,0.2135427389668302,1.3139996842674784,5.760000000000001,0.01,3435,34.34,/Users/rahul/seismoFNO/data/simulations/scaled_motions/RSN0088_PGA_0p400g.npy
RSN0088_PGA_0p500g,RSN0088,San Fernando,1971,Station_San _088,6.7930277354887005,2.8969004020116795,819.9626140322976,Reverse,3.1373342318905015,0.5,0.5,4.903325,0.5164754229333546,0.26692842370853753,2.053124506667926,5.760000000000001,0.01,3435,34.34,/Users/rahul/seismoFNO/data/simulations/scaled_motions/RSN0088_PGA_0p500g.npy
RSN0088_PGA_0p600g,RSN0088,San Fernando,1971,Station_San _088,6.7930277354887005,2.8969004020116795,819.9626140322976,Reverse,3.7648010782686017,0.6,0.6,5.88399,0.6197705075200256,0.32031410845024566,2.9564992896018363,5.760000000000001,0.01,3435,34.34,/Users/rahul/seismoFNO/data/simulations/scaled_motions/RSN0088_PGA_0p600g.npy
RSN0088_PGA_0p800g,RSN0088,San Fernando,1971,Station_San _088,6.7930277354887005,2.8969004020116795,819.9626140322976,Reverse,5.019734771024803,0.8,0.8,7.84532,0.8263606766933674,0.4270854779336604,5.2559987370699135,5.760000000000001,0.01,3435,34.34,/Users/rahul/seismoFNO/data/simulations/scaled_motions/RSN0088_PGA_0p800g.npy
RSN0088_PGA_1p000g,RSN0088,San Fernando,1971,Station_San _088,6.7930277354887005,2.8969004020116795,819.9626140322976,Reverse,6.274668463781003,1.0,1.0,9.80665,1.0329508458667092,0.5338568474170751,8.212498026671703,5.760000000000001,0.01,3435,34.34,/Users/rahul/seismoFNO/data/simulations/scaled_motions/RSN0088_PGA_1p000g.npy
RSN0088_PGA_1p200g,RSN0088,San Fernando,1971,Station_San _088,6.7930277354887005,2.8969004020116795,819.9626140322976,Reverse,7.529602156537203,1.2,1.2,11.76798,1.2395410150400512,0.6406282169004913,11.825997158407345,5.760000000000001,0.01,3435,34.34,/Users/rahul/seismoFNO/data/simulations/scaled_motions/RSN0088_PGA_1p200g.npy
RSN0089_PGA_0p050g,RSN0089,Hector Mine,1999,Station_Hect_089,6.813055318673972,50.54597490350544,492.11242114185234,Strike-Slip,1.0733166406586747,0.05,0.05,0.4903325,0.1154244107174951,0.14480447741667007,0.05819564265495285,22.42,0.01,3451,34.5,/Users/rahul/seismoFNO/data/simulations/scaled_motions/RSN0089_PGA_0p050g.npy
RSN0089_PGA_0p100g,RSN0089,Hector Mine,1999,Station_Hect_089,6.813055318673972,50.54597490350544,492.11242114185234,Strike-Slip,2.1466332813173494,0.1,0.1,0.980665,0.2308488214349902,0.28960895483334015,0.2327825706198114,22.42,0.01,3451,34.5,/Users/rahul/seismoFNO/data/simulations/scaled_motions/RSN0089_PGA_0p100g.npy
RSN0089_PGA_0p200g,RSN0089,Hector Mine,1999,Station_Hect_089,6.813055318673972,50.54597490350544,492.11242114185234,Strike-Slip,4.293266562634699,0.2,0.2,1.96133,0.4616976428699804,0.5792179096666803,0.9311302824792456,22.42,0.01,3451,34.5,/Users/rahul/seismoFNO/data/simulations/scaled_motions/RSN0089_PGA_0p200g.npy
RSN0089_PGA_0p300g,RSN0089,Hector Mine,1999,Station_Hect_089,6.813055318673972,50.54597490350544,492.11242114185234,Strike-Slip,6.439899843952048,0.3,0.3,2.941995,0.6925464643049705,0.868826864500018,2.0950431355783037,22.42,0.01,3451,34.5,/Users/rahul/seismoFNO/data/simulations/scaled_motions/RSN0089_PGA_0p300g.npy
RSN0089_PGA_0p400g,RSN0089,Hector Mine,1999,Station_Hect_089,6.813055318673972,50.54597490350544,492.11242114185234,Strike-Slip,8.586533125269398,0.4,0.4,3.92266,0.9233952857399608,1.1584358193333606,3.7245211299169823,22.42,0.01,3451,34.5,/Users/rahul/seismoFNO/data/simulations/scaled_motions/RSN0089_PGA_0p400g.npy
RSN0089_PGA_0p500g,RSN0089,Hector Mine,1999,Station_Hect_089,6.813055318673972,50.54597490350544,492.11242114185234,Strike-Slip,10.733166406586747,0.5,0.5,4.903325,1.154244107174952,1.4480447741667088,5.819564265495289,22.42,0.01,3451,34.5,/Users/rahul/seismoFNO/data/simulations/scaled_motions/RSN0089_PGA_0p500g.npy
RSN0089_PGA_0p600g,RSN0089,Hector Mine,1999,Station_Hect_089,6.813055318673972,50.54597490350544,492.11242114185234,Strike-Slip,12.879799687904097,0.6,0.6,5.88399,1.385092928609941,1.737653729000036,8.380172542313215,22.42,0.01,3451,34.5,/Users/rahul/seismoFNO/data/simulations/scaled_motions/RSN0089_PGA_0p600g.npy
RSN0089_PGA_0p800g,RSN0089,Hector Mine,1999,Station_Hect_089,6.813055318673972,50.54597490350544,492.11242114185234,Strike-Slip,17.173066250538795,0.8,0.8,7.84532,1.8467905714799215,2.316871638666721,14.898084519667929,22.42,0.01,3451,34.5,/Users/rahul/seismoFNO/data/simulations/scaled_motions/RSN0089_PGA_0p800g.npy
RSN0089_PGA_1p000g,RSN0089,Hector Mine,1999,Station_Hect_089,6.813055318673972,50.54597490350544,492.11242114185234,Strike-Slip,21.466332813173494,1.0,1.0,9.80665,2.308488214349904,2.8960895483334177,23.278257061981154,22.42,0.01,3451,34.5,/Users/rahul/seismoFNO/data/simulations/scaled_motions/RSN0089_PGA_1p000g.npy
RSN0089_PGA_1p200g,RSN0089,Hector Mine,1999,Station_Hect_089,6.813055318673972,50.54597490350544,492.11242114185234,Strike-Slip,25.759599375808193,1.2,1.2,11.76798,2.770185857219882,3.475307458000072,33.52069016925286,22.42,0.01,3451,34.5,/Users/rahul/seismoFNO/data/simulations/scaled_motions/RSN0089_PGA_1p200g.npy
RSN0090_PGA_0p050g,RSN0090,Duzce (Turkey),1999,Station_Duzc_090,7.0244220533917305,4.780818653803381,299.6231348065546,Strike-Slip,0.310976666772779,0.05,0.05,0.4903325,0.040583667462131635,0.1241792433264436,0.019706801914331953,6.720000000000001,0.01,3620,36.19,/Users/rahul/seismoFNO/data/simulations/scaled_motions/RSN0090_PGA_0p050g.npy
RSN0090_PGA_0p100g,RSN0090,Duzce (Turkey),1999,Station_Duzc_090,7.0244220533917305,4.780818653803381,299.6231348065546,Strike-Slip,0.621953333545558,0.1,0.1,0.980665,0.08116733492426327,0.2483584866528872,0.07882720765732781,6.720000000000001,0.01,3620,36.19,/Users/rahul/seismoFNO/data/simulations/scaled_motions/RSN0090_PGA_0p100g.npy
RSN0090_PGA_0p200g,RSN0090,Duzce (Turkey),1999,Station_Duzc_090,7.0244220533917305,4.780818653803381,299.6231348065546,Strike-Slip,1.243906667091116,0.2,0.2,1.96133,0.16233466984852654,0.4967169733057744,0.31530883062931125,6.720000000000001,0.01,3620,36.19,/Users/rahul/seismoFNO/data/simulations/scaled_motions/RSN0090_PGA_0p200g.npy
RSN0090_PGA_0p300g,RSN0090,Duzce (Turkey),1999,Station_Duzc_090,7.0244220533917305,4.780818653803381,299.6231348065546,Strike-Slip,1.865860000636674,0.3,0.3,2.941995,0.24350200477278958,0.7450754599586524,0.7094448689159495,6.720000000000001,0.01,3620,36.19,/Users/rahul/seismoFNO/data/simulations/scaled_motions/RSN0090_PGA_0p300g.npy
RSN0090_PGA_0p400g,RSN0090,Duzce (Turkey),1999,Station_Duzc_090,7.0244220533917305,4.780818653803381,299.6231348065546,Strike-Slip,2.487813334182232,0.4,0.4,3.92266,0.3246693396970531,0.9934339466115488,1.261235322517245,6.720000000000001,0.01,3620,36.19,/Users/rahul/seismoFNO/data/simulations/scaled_motions/RSN0090_PGA_0p400g.npy
RSN0090_PGA_0p500g,RSN0090,Duzce (Turkey),1999,Station_Duzc_090,7.0244220533917305,4.780818653803381,299.6231348065546,Strike-Slip,3.10976666772779,0.5,0.5,4.903325,0.4058366746213158,1.2417924332644115,1.9706801914331933,6.720000000000001,0.01,3620,36.19,/Users/rahul/seismoFNO/data/simulations/scaled_motions/RSN0090_PGA_0p500g.npy
RSN0090_PGA_0p600g,RSN0090,Duzce (Turkey),1999,Station_Duzc_090,7.0244220533917305,4.780818653803381,299.6231348065546,Strike-Slip,3.731720001273348,0.6,0.6,5.88399,0.48700400954557915,1.4901509199173049,2.837779475663798,6.720000000000001,0.01,3620,36.19,/Users/rahul/seismoFNO/data/simulations/scaled_motions/RSN0090_PGA_0p600g.npy
RSN0090_PGA_0p800g,RSN0090,Duzce (Turkey),1999,Station_Duzc_090,7.0244220533917305,4.780818653803381,299.6231348065546,Strike-Slip,4.975626668364464,0.8,0.8,7.84532,0.6493386793941062,1.9868678932230976,5.04494129006898,6.720000000000001,0.01,3620,36.19,/Users/rahul/seismoFNO/data/simulations/scaled_motions/RSN0090_PGA_0p800g.npy
RSN0090_PGA_1p000g,RSN0090,Duzce (Turkey),1999,Station_Duzc_090,7.0244220533917305,4.780818653803381,299.6231348065546,Strike-Slip,6.21953333545558,1.0,1.0,9.80665,0.8116733492426316,2.483584866528823,7.882720765732773,6.720000000000001,0.01,3620,36.19,/Users/rahul/seismoFNO/data/simulations/scaled_motions/RSN0090_PGA_1p000g.npy
RSN0090_PGA_1p200g,RSN0090,Duzce (Turkey),1999,Station_Duzc_090,7.0244220533917305,4.780818653803381,299.6231348065546,Strike-Slip,7.463440002546696,1.2,1.2,11.76798,0.9740080190911583,2.9803018398346097,11.351117902655192,6.720000000000001,0.01,3620,36.19,/Users/rahul/seismoFNO/data/simulations/scaled_motions/RSN0090_PGA_1p200g.npy
RSN0091_PGA_0p050g,RSN0091,Christchurch,2011,Station_Chri_091,6.173573605864556,4.482530379723461,439.8379379293587,Reverse-Oblique,0.5015643405670854,0.05,0.05000000000000001,0.49033250000000006,0.048461017426499824,0.022743723931708846,0.011893250444959313,4.25,0.01,2939,29.38,/Users/rahul/seismoFNO/data/simulations/scaled_motions/RSN0091_PGA_0p050g.npy
RSN0091_PGA_0p100g,RSN0091,Christchurch,2011,Station_Chri_091,6.173573605864556,4.482530379723461,439.8379379293587,Reverse-Oblique,1.0031286811341709,0.1,0.10000000000000002,0.9806650000000001,0.09692203485299965,0.04548744786341769,0.047573001779837254,4.25,0.01,2939,29.38,/Users/rahul/seismoFNO/data/simulations/scaled_motions/RSN0091_PGA_0p100g.npy
RSN0091_PGA_0p200g,RSN0091,Christchurch,2011,Station_Chri_091,6.173573605864556,4.482530379723461,439.8379379293587,Reverse-Oblique,2.0062573622683417,0.2,0.20000000000000004,1.9613300000000002,0.1938440697059993,0.09097489572683538,0.19029200711934902,4.25,0.01,2939,29.38,/Users/rahul/seismoFNO/data/simulations/scaled_motions/RSN0091_PGA_0p200g.npy
RSN0091_PGA_0p300g,RSN0091,Christchurch,2011,Station_Chri_091,6.173573605864556,4.482530379723461,439.8379379293587,Reverse-Oblique,3.009386043402512,0.3,0.3,2.941995,0.290766104558999,0.13646234359025308,0.4281570160185357,4.25,0.01,2939,29.38,/Users/rahul/seismoFNO/data/simulations/scaled_motions/RSN0091_PGA_0p300g.npy
RSN0091_PGA_0p400g,RSN0091,Christchurch,2011,Station_Chri_091,6.173573605864556,4.482530379723461,439.8379379293587,Reverse-Oblique,4.0125147245366835,0.4,0.4000000000000001,3.9226600000000005,0.3876881394119986,0.18194979145367077,0.7611680284773961,4.25,0.01,2939,29.38,/Users/rahul/seismoFNO/data/simulations/scaled_motions/RSN0091_PGA_0p400g.npy
RSN0091_PGA_0p500g,RSN0091,Christchurch,2011,Station_Chri_091,6.173573605864556,4.482530379723461,439.8379379293587,Reverse-Oblique,5.015643405670853,0.5,0.49999999999999994,4.903324999999999,0.4846101742649985,0.22743723931708845,1.1893250444959311,4.25,0.01,2939,29.38,/Users/rahul/seismoFNO/data/simulations/scaled_motions/RSN0091_PGA_0p500g.npy
RSN0091_PGA_0p600g,RSN0091,Christchurch,2011,Station_Chri_091,6.173573605864556,4.482530379723461,439.8379379293587,Reverse-Oblique,6.018772086805024,0.6,0.6,5.88399,0.581532209117998,0.27292468718050616,1.7126280640741427,4.25,0.01,2939,29.38,/Users/rahul/seismoFNO/data/simulations/scaled_motions/RSN0091_PGA_0p600g.npy
RSN0091_PGA_0p800g,RSN0091,Christchurch,2011,Station_Chri_091,6.173573605864556,4.482530379723461,439.8379379293587,Reverse-Oblique,8.025029449073367,0.8,0.8000000000000002,7.845320000000001,0.7753762788239972,0.36389958290734153,3.0446721139095843,4.25,0.01,2939,29.38,/Users/rahul/seismoFNO/data/simulations/scaled_motions/RSN0091_PGA_0p800g.npy
RSN0091_PGA_1p000g,RSN0091,Christchurch,2011,Station_Chri_091,6.173573605864556,4.482530379723461,439.8379379293587,Reverse-Oblique,10.031286811341706,1.0,0.9999999999999999,9.806649999999998,0.969220348529997,0.4548744786341769,4.7573001779837245,4.25,0.01,2939,29.38,/Users/rahul/seismoFNO/data/simulations/scaled_motions/RSN0091_PGA_1p000g.npy
RSN0091_PGA_1p200g,RSN0091,Christchurch,2011,Station_Chri_091,6.173573605864556,4.482530379723461,439.8379379293587,Reverse-Oblique,12.037544173610048,1.2,1.2,11.76798,1.163064418235996,0.5458493743610123,6.850512256296571,4.25,0.01,2939,29.38,/Users/rahul/seismoFNO/data/simulations/scaled_motions/RSN0091_PGA_1p200g.npy
RSN0092_PGA_0p050g,RSN0092,Tottori (Japan),2000,Station_Tott_092,6.595816172164434,10.775098034952144,324.01424849023067,Strike-Slip,0.5242212422027843,0.05,0.05,0.4903325,0.06536820465244478,0.22148124504329644,0.03611673356606707,9.17,0.01,3277,32.76,/Users/rahul/seismoFNO/data/simulations/scaled_motions/RSN0092_PGA_0p050g.npy
RSN0092_PGA_0p100g,RSN0092,Tottori (Japan),2000,Station_Tott_092,6.595816172164434,10.775098034952144,324.01424849023067,Strike-Slip,1.0484424844055686,0.1,0.1,0.980665,0.13073640930488956,0.4429624900865929,0.1444669342642683,9.17,0.01,3277,32.76,/Users/rahul/seismoFNO/data/simulations/scaled_motions/RSN0092_PGA_0p100g.npy
RSN0092_PGA_0p200g,RSN0092,Tottori (Japan),2000,Station_Tott_092,6.595816172164434,10.775098034952144,324.01424849023067,Strike-Slip,2.0968849688111373,0.2,0.2,1.96133,0.2614728186097791,0.8859249801731858,0.5778677370570732,9.17,0.01,3277,32.76,/Users/rahul/seismoFNO/data/simulations/scaled_motions/RSN0092_PGA_0p200g.npy
RSN0092_PGA_0p300g,RSN0092,Tottori (Japan),2000,Station_Tott_092,6.595816172164434,10.775098034952144,324.01424849023067,Strike-Slip,3.145327453216706,0.3,0.3,2.941995,0.3922092279146688,1.3288874702597908,1.300202408378415,9.17,0.01,3277,32.76,/Users/rahul/seismoFNO/data/simulations/scaled_motions/RSN0092_PGA_0p300g.npy
RSN0092_PGA_0p400g,RSN0092,Tottori (Japan),2000,Station_Tott_092,6.595816172164434,10.775098034952144,324.01424849023067,Strike-Slip,4.193769937622275,0.4,0.4,3.92266,0.5229456372195582,1.7718499603463715,2.3114709482282927,9.17,0.01,3277,32.76,/Users/rahul/seismoFNO/data/simulations/scaled_motions/RSN0092_PGA_0p400g.npy
RSN0092_PGA_0p500g,RSN0092,Tottori (Japan),2000,Station_Tott_092,6.595816172164434,10.775098034952144,324.01424849023067,Strike-Slip,5.242212422027843,0.5,0.5,4.903325,0.6536820465244476,2.214812450432966,3.611673356606717,9.17,0.01,3277,32.76,/Users/rahul/seismoFNO/data/simulations/scaled_motions/RSN0092_PGA_0p500g.npy
RSN0092_PGA_0p600g,RSN0092,Tottori (Japan),2000,Station_Tott_092,6.595816172164434,10.775098034952144,324.01424849023067,Strike-Slip,6.290654906433412,0.6,0.6,5.88399,0.7844184558293376,2.6577749405195816,5.20080963351366,9.17,0.01,3277,32.76,/Users/rahul/seismoFNO/data/simulations/scaled_motions/RSN0092_PGA_0p600g.npy
RSN0092_PGA_0p800g,RSN0092,Tottori (Japan),2000,Station_Tott_092,6.595816172164434,10.775098034952144,324.01424849023067,Strike-Slip,8.38753987524455,0.8,0.8,7.84532,1.0458912744391164,3.543699920692743,9.24588379291317,9.17,0.01,3277,32.76,/Users/rahul/seismoFNO/data/simulations/scaled_motions/RSN0092_PGA_0p800g.npy
RSN0092_PGA_1p000g,RSN0092,Tottori (Japan),2000,Station_Tott_092,6.595816172164434,10.775098034952144,324.01424849023067,Strike-Slip,10.484424844055686,1.0,1.0,9.80665,1.3073640930488952,4.429624900865932,14.446693426426869,9.17,0.01,3277,32.76,/Users/rahul/seismoFNO/data/simulations/scaled_motions/RSN0092_PGA_1p000g.npy
RSN0092_PGA_1p200g,RSN0092,Tottori (Japan),2000,Station_Tott_092,6.595816172164434,10.775098034952144,324.01424849023067,Strike-Slip,12.581309812866824,1.2,1.2,11.76798,1.5688369116586751,5.315549881039163,20.80323853405464,9.17,0.01,3277,32.76,/Users/rahul/seismoFNO/data/simulations/scaled_motions/RSN0092_PGA_1p200g.npy
RSN0093_PGA_0p050g,RSN0093,Morgan Hill,1984,Station_Morg_093,6.489975682239566,19.2815559385777,677.0340633889379,Strike-Slip,0.7192341194502185,0.05,0.05,0.4903325,0.07310776981412294,0.07715183229407066,0.040477489932443204,12.759999999999998,0.01,3193,31.92,/Users/rahul/seismoFNO/data/simulations/scaled_motions/RSN0093_PGA_0p050g.npy
RSN0093_PGA_0p100g,RSN0093,Morgan Hill,1984,Station_Morg_093,6.489975682239566,19.2815559385777,677.0340633889379,Strike-Slip,1.438468238900437,0.1,0.1,0.980665,0.14621553962824588,0.15430366458814132,0.16190995972977282,12.759999999999998,0.01,3193,31.92,/Users/rahul/seismoFNO/data/simulations/scaled_motions/RSN0093_PGA_0p100g.npy
RSN0093_PGA_0p200g,RSN0093,Morgan Hill,1984,Station_Morg_093,6.489975682239566,19.2815559385777,677.0340633889379,Strike-Slip,2.876936477800874,0.2,0.2,1.96133,0.29243107925649175,0.30860732917628264,0.6476398389190913,12.759999999999998,0.01,3193,31.92,/Users/rahul/seismoFNO/data/simulations/scaled_motions/RSN0093_PGA_0p200g.npy
RSN0093_PGA_0p300g,RSN0093,Morgan Hill,1984,Station_Morg_093,6.489975682239566,19.2815559385777,677.0340633889379,Strike-Slip,4.315404716701311,0.3,0.3,2.941995,0.4386466188847376,0.4629109937644315,1.4571896375679514,12.759999999999998,0.01,3193,31.92,/Users/rahul/seismoFNO/data/simulations/scaled_motions/RSN0093_PGA_0p300g.npy
RSN0093_PGA_0p400g,RSN0093,Morgan Hill,1984,Station_Morg_093,6.489975682239566,19.2815559385777,677.0340633889379,Strike-Slip,5.753872955601748,0.4,0.4,3.92266,0.5848621585129835,0.6172146583525653,2.590559355676365,12.759999999999998,0.01,3193,31.92,/Users/rahul/seismoFNO/data/simulations/scaled_motions/RSN0093_PGA_0p400g.npy
RSN0093_PGA_0p500g,RSN0093,Morgan Hill,1984,Station_Morg_093,6.489975682239566,19.2815559385777,677.0340633889379,Strike-Slip,7.192341194502185,0.5,0.5,4.903325,0.7310776981412294,0.7715183229407004,4.0477489932443325,12.759999999999998,0.01,3193,31.92,/Users/rahul/seismoFNO/data/simulations/scaled_motions/RSN0093_PGA_0p500g.npy
RSN0093_PGA_0p600g,RSN0093,Morgan Hill,1984,Station_Morg_093,6.489975682239566,19.2815559385777,677.0340633889379,Strike-Slip,8.630809433402622,0.6,0.6,5.88399,0.8772932377694752,0.925821987528863,5.828758550271806,12.759999999999998,0.01,3193,31.92,/Users/rahul/seismoFNO/data/simulations/scaled_motions/RSN0093_PGA_0p600g.npy
RSN0093_PGA_0p800g,RSN0093,Morgan Hill,1984,Station_Morg_093,6.489975682239566,19.2815559385777,677.0340633889379,Strike-Slip,11.507745911203497,0.8,0.8,7.84532,1.169724317025967,1.2344293167051306,10.36223742270546,12.759999999999998,0.01,3193,31.92,/Users/rahul/seismoFNO/data/simulations/scaled_motions/RSN0093_PGA_0p800g.npy
RSN0093_PGA_1p000g,RSN0093,Morgan Hill,1984,Station_Morg_093,6.489975682239566,19.2815559385777,677.0340633889379,Strike-Slip,14.38468238900437,1.0,1.0,9.80665,1.4621553962824587,1.5430366458814009,16.19099597297733,12.759999999999998,0.01,3193,31.92,/Users/rahul/seismoFNO/data/simulations/scaled_motions/RSN0093_PGA_1p000g.npy
RSN0093_PGA_1p200g,RSN0093,Morgan Hill,1984,Station_Morg_093,6.489975682239566,19.2815559385777,677.0340633889379,Strike-Slip,17.261618866805243,1.2,1.2,11.76798,1.7545864755389504,1.851643975057726,23.315034201087222,12.759999999999998,0.01,3193,31.92,/Users/rahul/seismoFNO/data/simulations/scaled_motions/RSN0093_PGA_1p200g.npy
RSN0094_PGA_0p050g,RSN0094,Whittier Narrows-01,1987,Station_Whit_094,5.84097709829514,5.700816901278316,220.87978931122464,Reverse,0.6363892430404116,0.05,0.05,0.4903325,0.057396656407966616,0.0313418713300914,0.019338060324087542,4.47,0.01,2673,26.72,/Users/rahul/seismoFNO/data/simulations/scaled_motions/RSN0094_PGA_0p050g.npy
RSN0094_PGA_0p100g,RSN0094,Whittier Narrows-01,1987,Station_Whit_094,5.84097709829514,5.700816901278316,220.87978931122464,Reverse,1.2727784860808231,0.1,0.1,0.980665,0.11479331281593323,0.0626837426601828,0.07735224129635017,4.47,0.01,2673,26.72,/Users/rahul/seismoFNO/data/simulations/scaled_motions/RSN0094_PGA_0p100g.npy
RSN0094_PGA_0p200g,RSN0094,Whittier Narrows-01,1987,Station_Whit_094,5.84097709829514,5.700816901278316,220.87978931122464,Reverse,2.5455569721616462,0.2,0.2,1.96133,0.22958662563186646,0.1253674853203656,0.3094089651854007,4.47,0.01,2673,26.72,/Users/rahul/seismoFNO/data/simulations/scaled_motions/RSN0094_PGA_0p200g.npy
RSN0094_PGA_0p300g,RSN0094,Whittier Narrows-01,1987,Station_Whit_094,5.84097709829514,5.700816901278316,220.87978931122464,Reverse,3.818335458242469,0.3,0.3,2.941995,0.3443799384478001,0.18805122798054802,0.6961701716671495,4.47,0.01,2673,26.72,/Users/rahul/seismoFNO/data/simulations/scaled_motions/RSN0094_PGA_0p300g.npy
RSN0094_PGA_0p400g,RSN0094,Whittier Narrows-01,1987,Station_Whit_094,5.84097709829514,5.700816901278316,220.87978931122464,Reverse,5.0911139443232925,0.4,0.4,3.92266,0.45917325126373293,0.2507349706407312,1.2376358607416027,4.47,0.01,2673,26.72,/Users/rahul/seismoFNO/data/simulations/scaled_motions/RSN0094_PGA_0p400g.npy
RSN0094_PGA_0p500g,RSN0094,Whittier Narrows-01,1987,Station_Whit_094,5.84097709829514,5.700816901278316,220.87978931122464,Reverse,6.363892430404116,0.5,0.5,4.903325,0.5739665640796664,0.31341871330091375,1.9338060324087496,4.47,0.01,2673,26.72,/Users/rahul/seismoFNO/data/simulations/scaled_motions/RSN0094_PGA_0p500g.npy
RSN0094_PGA_0p600g,RSN0094,Whittier Narrows-01,1987,Station_Whit_094,5.84097709829514,5.700816901278316,220.87978931122464,Reverse,7.636670916484938,0.6,0.6,5.88399,0.6887598768956003,0.37610245596109604,2.784680686668598,4.47,0.01,2673,26.72,/Users/rahul/seismoFNO/data/simulations/scaled_motions/RSN0094_PGA_0p600g.npy
RSN0094_PGA_0p800g,RSN0094,Whittier Narrows-01,1987,Station_Whit_094,5.84097709829514,5.700816901278316,220.87978931122464,Reverse,10.182227888646585,0.8,0.8,7.84532,0.9183465025274659,0.5014699412814624,4.950543442966411,4.47,0.01,2673,26.72,/Users/rahul/seismoFNO/data/simulations/scaled_motions/RSN0094_PGA_0p800g.npy
RSN0094_PGA_1p000g,RSN0094,Whittier Narrows-01,1987,Station_Whit_094,5.84097709829514,5.700816901278316,220.87978931122464,Reverse,12.727784860808232,1.0,1.0,9.80665,1.1479331281593328,0.6268374266018275,7.735224129634998,4.47,0.01,2673,26.72,/Users/rahul/seismoFNO/data/simulations/scaled_motions/RSN0094_PGA_1p000g.npy
RSN0094_PGA_1p200g,RSN0094,Whittier Narrows-01,1987,Station_Whit_094,5.84097709829514,5.700816901278316,220.87978931122464,Reverse,15.273341832969876,1.2,1.2,11.76798,1.3775197537912005,0.7522049119221921,11.138722746674391,4.47,0.01,2673,26.72,/Users/rahul/seismoFNO/data/simulations/scaled_motions/RSN0094_PGA_1p200g.npy
RSN0095_PGA_0p050g,RSN0095,Parkfield-02,2004,Station_Park_095,6.30006082764308,7.751565620960365,289.0654110499895,Strike-Slip,0.5379384502952693,0.05,0.05,0.4903325,0.05723661248204219,0.041427702314351396,0.016786595249783282,6.27,0.01,3041,30.400000000000002,/Users/rahul/seismoFNO/data/simulations/scaled_motions/RSN0095_PGA_0p050g.npy
RSN0095_PGA_0p100g,RSN0095,Parkfield-02,2004,Station_Park_095,6.30006082764308,7.751565620960365,289.0654110499895,Strike-Slip,1.0758769005905386,0.1,0.1,0.980665,0.11447322496408438,0.08285540462870279,0.06714638099913313,6.27,0.01,3041,30.400000000000002,/Users/rahul/seismoFNO/data/simulations/scaled_motions/RSN0095_PGA_0p100g.npy
RSN0095_PGA_0p200g,RSN0095,Parkfield-02,2004,Station_Park_095,6.30006082764308,7.751565620960365,289.0654110499895,Strike-Slip,2.1517538011810773,0.2,0.2,1.96133,0.22894644992816876,0.16571080925740558,0.2685855239965325,6.27,0.01,3041,30.400000000000002,/Users/rahul/seismoFNO/data/simulations/scaled_motions/RSN0095_PGA_0p200g.npy
RSN0095_PGA_0p300g,RSN0095,Parkfield-02,2004,Station_Park_095,6.30006082764308,7.751565620960365,289.0654110499895,Strike-Slip,3.2276307017716155,0.3,0.3,2.941995,0.3434196748922532,0.2485662138861092,0.6043174289921974,6.27,0.01,3041,30.400000000000002,/Users/rahul/seismoFNO/data/simulations/scaled_motions/RSN0095_PGA_0p300g.npy
RSN0095_PGA_0p400g,RSN0095,Parkfield-02,2004,Station_Park_095,6.30006082764308,7.751565620960365,289.0654110499895,Strike-Slip,4.303507602362155,0.4,0.4,3.92266,0.4578928998563375,0.33142161851481117,1.07434209598613,6.27,0.01,3041,30.400000000000002,/Users/rahul/seismoFNO/data/simulations/scaled_motions/RSN0095_PGA_0p400g.npy
RSN0095_PGA_0p500g,RSN0095,Parkfield-02,2004,Station_Park_095,6.30006082764308,7.751565620960365,289.0654110499895,Strike-Slip,5.379384502952693,0.5,0.5,4.903325,0.572366124820422,0.4142770231435146,1.6786595249783347,6.27,0.01,3041,30.400000000000002,/Users/rahul/seismoFNO/data/simulations/scaled_motions/RSN0095_PGA_0p500g.npy
RSN0095_PGA_0p600g,RSN0095,Parkfield-02,2004,Station_Park_095,6.30006082764308,7.751565620960365,289.0654110499895,Strike-Slip,6.455261403543231,0.6,0.6,5.88399,0.6868393497845064,0.4971324277722184,2.4172697159687897,6.27,0.01,3041,30.400000000000002,/Users/rahul/seismoFNO/data/simulations/scaled_motions/RSN0095_PGA_0p600g.npy
RSN0095_PGA_0p800g,RSN0095,Parkfield-02,2004,Station_Park_095,6.30006082764308,7.751565620960365,289.0654110499895,Strike-Slip,8.60701520472431,0.8,0.8,7.84532,0.915785799712675,0.6628432370296223,4.29736838394452,6.27,0.01,3041,30.400000000000002,/Users/rahul/seismoFNO/data/simulations/scaled_motions/RSN0095_PGA_0p800g.npy
RSN0095_PGA_1p000g,RSN0095,Parkfield-02,2004,Station_Park_095,6.30006082764308,7.751565620960365,289.0654110499895,Strike-Slip,10.758769005905386,1.0,1.0,9.80665,1.144732249640844,0.8285540462870292,6.714638099913339,6.27,0.01,3041,30.400000000000002,/Users/rahul/seismoFNO/data/simulations/scaled_motions/RSN0095_PGA_1p000g.npy
RSN0095_PGA_1p200g,RSN0095,Parkfield-02,2004,Station_Park_095,6.30006082764308,7.751565620960365,289.0654110499895,Strike-Slip,12.910522807086462,1.2,1.2,11.76798,1.373678699569013,0.9942648555444368,9.669078863875159,6.27,0.01,3041,30.400000000000002,/Users/rahul/seismoFNO/data/simulations/scaled_motions/RSN0095_PGA_1p200g.npy
RSN0096_PGA_0p050g,RSN0096,Darfield (New Zealand),2010,Station_Darf_096,7.2224697465555465,73.73770470752645,252.6407791917324,Strike-Slip,1.097589103069342,0.05,0.05,0.4903325,0.19188402643732502,0.6259209786550781,0.09600555612921542,23.630000000000003,0.01,3779,37.78,/Users/rahul/seismoFNO/data/simulations/scaled_motions/RSN0096_PGA_0p050g.npy
RSN0096_PGA_0p100g,RSN0096,Darfield (New Zealand),2010,Station_Darf_096,7.2224697465555465,73.73770470752645,252.6407791917324,Strike-Slip,2.195178206138684,0.1,0.1,0.980665,0.38376805287465005,1.2518419573101562,0.3840222245168617,23.630000000000003,0.01,3779,37.78,/Users/rahul/seismoFNO/data/simulations/scaled_motions/RSN0096_PGA_0p100g.npy
RSN0096_PGA_0p200g,RSN0096,Darfield (New Zealand),2010,Station_Darf_096,7.2224697465555465,73.73770470752645,252.6407791917324,Strike-Slip,4.390356412277368,0.2,0.2,1.96133,0.7675361057493001,2.5036839146203125,1.5360888980674468,23.630000000000003,0.01,3779,37.78,/Users/rahul/seismoFNO/data/simulations/scaled_motions/RSN0096_PGA_0p200g.npy
RSN0096_PGA_0p300g,RSN0096,Darfield (New Zealand),2010,Station_Darf_096,7.2224697465555465,73.73770470752645,252.6407791917324,Strike-Slip,6.585534618416052,0.3,0.3,2.941995,1.1513041586239514,3.7555258719304883,3.456200020651746,23.630000000000003,0.01,3779,37.78,/Users/rahul/seismoFNO/data/simulations/scaled_motions/RSN0096_PGA_0p300g.npy
RSN0096_PGA_0p400g,RSN0096,Darfield (New Zealand),2010,Station_Darf_096,7.2224697465555465,73.73770470752645,252.6407791917324,Strike-Slip,8.780712824554737,0.4,0.4,3.92266,1.5350722114986002,5.007367829240625,6.144355592269787,23.630000000000003,0.01,3779,37.78,/Users/rahul/seismoFNO/data/simulations/scaled_motions/RSN0096_PGA_0p400g.npy
RSN0096_PGA_0p500g,RSN0096,Darfield (New Zealand),2010,Station_Darf_096,7.2224697465555465,73.73770470752645,252.6407791917324,Strike-Slip,10.97589103069342,0.5,0.5,4.903325,1.918840264373253,6.259209786550839,9.600555612921513,23.630000000000003,0.01,3779,37.78,/Users/rahul/seismoFNO/data/simulations/scaled_motions/RSN0096_PGA_0p500g.npy
RSN0096_PGA_0p600g,RSN0096,Darfield (New Zealand),2010,Station_Darf_096,7.2224697465555465,73.73770470752645,252.6407791917324,Strike-Slip,13.171069236832103,0.6,0.6,5.88399,2.302608317247903,7.5110517438609765,13.824800082606984,23.630000000000003,0.01,3779,37.78,/Users/rahul/seismoFNO/data/simulations/scaled_motions/RSN0096_PGA_0p600g.npy
RSN0096_PGA_0p800g,RSN0096,Darfield (New Zealand),2010,Station_Darf_096,7.2224697465555465,73.73770470752645,252.6407791917324,Strike-Slip,17.561425649109474,0.8,0.8,7.84532,3.0701444229972004,10.01473565848125,24.577422369079148,23.630000000000003,0.01,3779,37.78,/Users/rahul/seismoFNO/data/simulations/scaled_motions/RSN0096_PGA_0p800g.npy
RSN0096_PGA_1p000g,RSN0096,Darfield (New Zealand),2010,Station_Darf_096,7.2224697465555465,73.73770470752645,252.6407791917324,Strike-Slip,21.95178206138684,1.0,1.0,9.80665,3.837680528746506,12.518419573101678,38.40222245168605,23.630000000000003,0.01,3779,37.78,/Users/rahul/seismoFNO/data/simulations/scaled_motions/RSN0096_PGA_1p000g.npy
RSN0096_PGA_1p200g,RSN0096,Darfield (New Zealand),2010,Station_Darf_096,7.2224697465555465,73.73770470752645,252.6407791917324,Strike-Slip,26.342138473664207,1.2,1.2,11.76798,4.605216634495806,15.022103487721953,55.29920033042794,23.630000000000003,0.01,3779,37.78,/Users/rahul/seismoFNO/data/simulations/scaled_motions/RSN0096_PGA_1p200g.npy
RSN0097_PGA_0p050g,RSN0097,Imperial Valley-06,1979,Station_Impe_097,6.47512478311877,17.78678913204301,253.59697680366986,Strike-Slip,0.699427319533514,0.05,0.05,0.4903325,0.07277577096525252,0.05790376453491509,0.04567449552544156,12.29,0.01,3181,31.8,/Users/rahul/seismoFNO/data/simulations/scaled_motions/RSN0097_PGA_0p050g.npy
RSN0097_PGA_0p100g,RSN0097,Imperial Valley-06,1979,Station_Impe_097,6.47512478311877,17.78678913204301,253.59697680366986,Strike-Slip,1.398854639067028,0.1,0.1,0.980665,0.14555154193050504,0.11580752906983018,0.18269798210176624,12.29,0.01,3181,31.8,/Users/rahul/seismoFNO/data/simulations/scaled_motions/RSN0097_PGA_0p100g.npy
RSN0097_PGA_0p200g,RSN0097,Imperial Valley-06,1979,Station_Impe_097,6.47512478311877,17.78678913204301,253.59697680366986,Strike-Slip,2.797709278134056,0.2,0.2,1.96133,0.2911030838610101,0.23161505813966035,0.730791928407065,12.29,0.01,3181,31.8,/Users/rahul/seismoFNO/data/simulations/scaled_motions/RSN0097_PGA_0p200g.npy
RSN0097_PGA_0p300g,RSN0097,Imperial Valley-06,1979,Station_Impe_097,6.47512478311877,17.78678913204301,253.59697680366986,Strike-Slip,4.196563917201083,0.3,0.3,2.941995,0.4366546257915154,0.34742258720949104,1.6442818389158949,12.29,0.01,3181,31.8,/Users/rahul/seismoFNO/data/simulations/scaled_motions/RSN0097_PGA_0p300g.npy
RSN0097_PGA_0p400g,RSN0097,Imperial Valley-06,1979,Station_Impe_097,6.47512478311877,17.78678913204301,253.59697680366986,Strike-Slip,5.595418556268112,0.4,0.4,3.92266,0.5822061677220202,0.4632301162793207,2.92316771362826,12.29,0.01,3181,31.8,/Users/rahul/seismoFNO/data/simulations/scaled_motions/RSN0097_PGA_0p400g.npy
RSN0097_PGA_0p500g,RSN0097,Imperial Valley-06,1979,Station_Impe_097,6.47512478311877,17.78678913204301,253.59697680366986,Strike-Slip,6.99427319533514,0.5,0.5,4.903325,0.7277577096525257,0.5790376453491517,4.567449552544158,12.29,0.01,3181,31.8,/Users/rahul/seismoFNO/data/simulations/scaled_motions/RSN0097_PGA_0p500g.npy
RSN0097_PGA_0p600g,RSN0097,Imperial Valley-06,1979,Station_Impe_097,6.47512478311877,17.78678913204301,253.59697680366986,Strike-Slip,8.393127834402167,0.6,0.6,5.88399,0.8733092515830309,0.6948451744189821,6.577127355663579,12.29,0.01,3181,31.8,/Users/rahul/seismoFNO/data/simulations/scaled_motions/RSN0097_PGA_0p600g.npy
RSN0097_PGA_0p800g,RSN0097,Imperial Valley-06,1979,Station_Impe_097,6.47512478311877,17.78678913204301,253.59697680366986,Strike-Slip,11.190837112536224,0.8,0.8,7.84532,1.1644123354440403,0.9264602325586414,11.69267085451304,12.29,0.01,3181,31.8,/Users/rahul/seismoFNO/data/simulations/scaled_motions/RSN0097_PGA_0p800g.npy
RSN0097_PGA_1p000g,RSN0097,Imperial Valley-06,1979,Station_Impe_097,6.47512478311877,17.78678913204301,253.59697680366986,Strike-Slip,13.98854639067028,1.0,1.0,9.80665,1.4555154193050515,1.1580752906983034,18.26979821017663,12.29,0.01,3181,31.8,/Users/rahul/seismoFNO/data/simulations/scaled_motions/RSN0097_PGA_1p000g.npy
RSN0097_PGA_1p200g,RSN0097,Imperial Valley-06,1979,Station_Impe_097,6.47512478311877,17.78678913204301,253.59697680366986,Strike-Slip,16.786255668804333,1.2,1.2,11.76798,1.7466185031660617,1.3896903488379642,26.308509422654318,12.29,0.01,3181,31.8,/Users/rahul/seismoFNO/data/simulations/scaled_motions/RSN0097_PGA_1p200g.npy
RSN0098_PGA_0p050g,RSN0098,Loma Prieta,1989,Station_Loma_098,6.917497788389491,10.31803406349096,893.3295895314899,Reverse-Oblique,0.4172115888460264,0.05,0.05,0.4903325,0.06405098604617043,0.060059977528555956,0.037726628779354246,10.64,0.01,3535,35.34,/Users/rahul/seismoFNO/data/simulations/scaled_motions/RSN0098_PGA_0p050g.npy
RSN0098_PGA_0p100g,RSN0098,Loma Prieta,1989,Station_Loma_098,6.917497788389491,10.31803406349096,893.3295895314899,Reverse-Oblique,0.8344231776920528,0.1,0.1,0.980665,0.12810197209234087,0.12011995505711191,0.15090651511741698,10.64,0.01,3535,35.34,/Users/rahul/seismoFNO/data/simulations/scaled_motions/RSN0098_PGA_0p100g.npy
RSN0098_PGA_0p200g,RSN0098,Loma Prieta,1989,Station_Loma_098,6.917497788389491,10.31803406349096,893.3295895314899,Reverse-Oblique,1.6688463553841055,0.2,0.2,1.96133,0.25620394418468173,0.24023991011422383,0.6036260604696679,10.64,0.01,3535,35.34,/Users/rahul/seismoFNO/data/simulations/scaled_motions/RSN0098_PGA_0p200g.npy
RSN0098_PGA_0p300g,RSN0098,Loma Prieta,1989,Station_Loma_098,6.917497788389491,10.31803406349096,893.3295895314899,Reverse-Oblique,2.503269533076158,0.3,0.3,2.941995,0.38430591627702243,0.3603598651713361,1.3581586360567472,10.64,0.01,3535,35.34,/Users/rahul/seismoFNO/data/simulations/scaled_motions/RSN0098_PGA_0p300g.npy
RSN0098_PGA_0p400g,RSN0098,Loma Prieta,1989,Station_Loma_098,6.917497788389491,10.31803406349096,893.3295895314899,Reverse-Oblique,3.337692710768211,0.4,0.4,3.92266,0.5124078883693635,0.48047982022844765,2.4145042418786717,10.64,0.01,3535,35.34,/Users/rahul/seismoFNO/data/simulations/scaled_motions/RSN0098_PGA_0p400g.npy
RSN0098_PGA_0p500g,RSN0098,Loma Prieta,1989,Station_Loma_098,6.917497788389491,10.31803406349096,893.3295895314899,Reverse-Oblique,4.172115888460263,0.5,0.5,4.903325,0.6405098604617044,0.6005997752855604,3.7726628779354288,10.64,0.01,3535,35.34,/Users/rahul/seismoFNO/data/simulations/scaled_motions/RSN0098_PGA_0p500g.npy
RSN0098_PGA_0p600g,RSN0098,Loma Prieta,1989,Station_Loma_098,6.917497788389491,10.31803406349096,893.3295895314899,Reverse-Oblique,5.006539066152316,0.6,0.6,5.88399,0.7686118325540449,0.7207197303426722,5.432634544226989,10.64,0.01,3535,35.34,/Users/rahul/seismoFNO/data/simulations/scaled_motions/RSN0098_PGA_0p600g.npy
RSN0098_PGA_0p800g,RSN0098,Loma Prieta,1989,Station_Loma_098,6.917497788389491,10.31803406349096,893.3295895314899,Reverse-Oblique,6.675385421536422,0.8,0.8,7.84532,1.024815776738727,0.9609596404568953,9.658016967514687,10.64,0.01,3535,35.34,/Users/rahul/seismoFNO/data/simulations/scaled_motions/RSN0098_PGA_0p800g.npy
RSN0098_PGA_1p000g,RSN0098,Loma Prieta,1989,Station_Loma_098,6.917497788389491,10.31803406349096,893.3295895314899,Reverse-Oblique,8.344231776920527,1.0,1.0,9.80665,1.2810197209234089,1.2011995505711208,15.090651511741715,10.64,0.01,3535,35.34,/Users/rahul/seismoFNO/data/simulations/scaled_motions/RSN0098_PGA_1p000g.npy
RSN0098_PGA_1p200g,RSN0098,Loma Prieta,1989,Station_Loma_098,6.917497788389491,10.31803406349096,893.3295895314899,Reverse-Oblique,10.013078132304631,1.2,1.2,11.76798,1.5372236651080897,1.4414394606853445,21.730538176907956,10.64,0.01,3535,35.34,/Users/rahul/seismoFNO/data/simulations/scaled_motions/RSN0098_PGA_1p200g.npy
RSN0099_PGA_0p050g,RSN0099,Northridge-01,1994,Station_Nort_099,6.514092244533892,19.828730688992135,464.2022782961871,Reverse,0.7239938060023977,0.05,0.05,0.4903325,0.11257587664902101,0.0704301510059431,0.06467805202088416,14.39,0.01,3212,32.11,/Users/rahul/seismoFNO/data/simulations/scaled_motions/RSN0099_PGA_0p050g.npy
RSN0099_PGA_0p100g,RSN0099,Northridge-01,1994,Station_Nort_099,6.514092244533892,19.828730688992135,464.2022782961871,Reverse,1.4479876120047954,0.1,0.1,0.980665,0.22515175329804202,0.1408603020118862,0.2587122080835366,14.39,0.01,3212,32.11,/Users/rahul/seismoFNO/data/simulations/scaled_motions/RSN0099_PGA_0p100g.npy
RSN0099_PGA_0p200g,RSN0099,Northridge-01,1994,Station_Nort_099,6.514092244533892,19.828730688992135,464.2022782961871,Reverse,2.895975224009591,0.2,0.2,1.96133,0.45030350659608404,0.2817206040237724,1.0348488323341465,14.39,0.01,3212,32.11,/Users/rahul/seismoFNO/data/simulations/scaled_motions/RSN0099_PGA_0p200g.npy
RSN0099_PGA_0p300g,RSN0099,Northridge-01,1994,Station_Nort_099,6.514092244533892,19.828730688992135,464.2022782961871,Reverse,4.343962836014386,0.3,0.3,2.941995,0.6754552598941252,0.4225809060356614,2.328409872751835,14.39,0.01,3212,32.11,/Users/rahul/seismoFNO/data/simulations/scaled_motions/RSN0099_PGA_0p300g.npy
RSN0099_PGA_0p400g,RSN0099,Northridge-01,1994,Station_Nort_099,6.514092244533892,19.828730688992135,464.2022782961871,Reverse,5.791950448019182,0.4,0.4,3.92266,0.9006070131921681,0.5634412080475448,4.139395329336586,14.39,0.01,3212,32.11,/Users/rahul/seismoFNO/data/simulations/scaled_motions/RSN0099_PGA_0p400g.npy
RSN0099_PGA_0p500g,RSN0099,Northridge-01,1994,Station_Nort_099,6.514092244533892,19.828730688992135,464.2022782961871,Reverse,7.239938060023976,0.5,0.5,4.903325,1.125758766490209,0.7043015100594445,6.467805202088449,14.39,0.01,3212,32.11,/Users/rahul/seismoFNO/data/simulations/scaled_motions/RSN0099_PGA_0p500g.npy
RSN0099_PGA_0p600g,RSN0099,Northridge-01,1994,Station_Nort_099,6.514092244533892,19.828730688992135,464.2022782961871,Reverse,8.687925672028772,0.6,0.6,5.88399,1.3509105197882505,0.8451618120713228,9.31363949100734,14.39,0.01,3212,32.11,/Users/rahul/seismoFNO/data/simulations/scaled_motions/RSN0099_PGA_0p600g.npy
RSN0099_PGA_0p800g,RSN0099,Northridge-01,1994,Station_Nort_099,6.514092244533892,19.828730688992135,464.2022782961871,Reverse,11.583900896038363,0.8,0.8,7.84532,1.8012140263843361,1.1268824160950897,16.557581317346344,14.39,0.01,3212,32.11,/Users/rahul/seismoFNO/data/simulations/scaled_motions/RSN0099_PGA_0p800g.npy
RSN0099_PGA_1p000g,RSN0099,Northridge-01,1994,Station_Nort_099,6.514092244533892,19.828730688992135,464.2022782961871,Reverse,14.479876120047953,1.0,1.0,9.80665,2.251517532980418,1.408603020118889,25.871220808353797,14.39,0.01,3212,32.11,/Users/rahul/seismoFNO/data/simulations/scaled_motions/RSN0099_PGA_1p000g.npy
RSN0099_PGA_1p200g,RSN0099,Northridge-01,1994,Station_Nort_099,6.514092244533892,19.828730688992135,464.2022782961871,Reverse,17.375851344057544,1.2,1.2,11.76798,2.701821039576501,1.6903236241426456,37.25455796402936,14.39,0.01,3212,32.11,/Users/rahul/seismoFNO/data/simulations/scaled_motions/RSN0099_PGA_1p200g.npy
RSN0100_PGA_0p050g,RSN0100,Kobe (Hyogo-ken Nanbu),1995,Station_Kobe_100,6.823682873098608,5.816687270889605,630.4379982578604,Strike-Slip,0.3639577231836303,0.05,0.05,0.4903325,0.07053851140860595,0.06339494372048952,0.0282272894140356,8.37,0.01,3459,34.58,/Users/rahul/seismoFNO/data/simulations/scaled_motions/RSN0100_PGA_0p050g.npy
RSN0100_PGA_0p100g,RSN0100,Kobe (Hyogo-ken Nanbu),1995,Station_Kobe_100,6.823682873098608,5.816687270889605,630.4379982578604,Strike-Slip,0.7279154463672606,0.1,0.1,0.980665,0.1410770228172119,0.12678988744097905,0.1129091576561424,8.37,0.01,3459,34.58,/Users/rahul/seismoFNO/data/simulations/scaled_motions/RSN0100_PGA_0p100g.npy
RSN0100_PGA_0p200g,RSN0100,Kobe (Hyogo-ken Nanbu),1995,Station_Kobe_100,6.823682873098608,5.816687270889605,630.4379982578604,Strike-Slip,1.4558308927345212,0.2,0.2,1.96133,0.2821540456344238,0.2535797748819581,0.4516366306245696,8.37,0.01,3459,34.58,/Users/rahul/seismoFNO/data/simulations/scaled_motions/RSN0100_PGA_0p200g.npy
RSN0100_PGA_0p300g,RSN0100,Kobe (Hyogo-ken Nanbu),1995,Station_Kobe_100,6.823682873098608,5.816687270889605,630.4379982578604,Strike-Slip,2.1837463391017815,0.3,0.3,2.941995,0.42323106845163555,0.38036966232293445,1.0161824189052824,8.37,0.01,3459,34.58,/Users/rahul/seismoFNO/data/simulations/scaled_motions/RSN0100_PGA_0p300g.npy
RSN0100_PGA_0p400g,RSN0100,Kobe (Hyogo-ken Nanbu),1995,Station_Kobe_100,6.823682873098608,5.816687270889605,630.4379982578604,Strike-Slip,2.9116617854690423,0.4,0.4,3.92266,0.5643080912688476,0.5071595497639162,1.8065465224982784,8.37,0.01,3459,34.58,/Users/rahul/seismoFNO/data/simulations/scaled_motions/RSN0100_PGA_0p400g.npy
RSN0100_PGA_0p500g,RSN0100,Kobe (Hyogo-ken Nanbu),1995,Station_Kobe_100,6.823682873098608,5.816687270889605,630.4379982578604,Strike-Slip,3.6395772318363027,0.5,0.5,4.903325,0.705385114086059,0.6339494372048904,2.8227289414035543,8.37,0.01,3459,34.58,/Users/rahul/seismoFNO/data/simulations/scaled_motions/RSN0100_PGA_0p500g.npy
RSN0100_PGA_0p600g,RSN0100,Kobe (Hyogo-ken Nanbu),1995,Station_Kobe_100,6.823682873098608,5.816687270889605,630.4379982578604,Strike-Slip,4.367492678203563,0.6,0.6,5.88399,0.8464621369032711,0.7607393246458689,4.0647296756211295,8.37,0.01,3459,34.58,/Users/rahul/seismoFNO/data/simulations/scaled_motions/RSN0100_PGA_0p600g.npy
RSN0100_PGA_0p800g,RSN0100,Kobe (Hyogo-ken Nanbu),1995,Station_Kobe_100,6.823682873098608,5.816687270889605,630.4379982578604,Strike-Slip,5.823323570938085,0.8,0.8,7.84532,1.1286161825376952,1.0143190995278324,7.226186089993114,8.37,0.01,3459,34.58,/Users/rahul/seismoFNO/data/simulations/scaled_motions/RSN0100_PGA_0p800g.npy
RSN0100_PGA_1p000g,RSN0100,Kobe (Hyogo-ken Nanbu),1995,Station_Kobe_100,6.823682873098608,5.816687270889605,630.4379982578604,Strike-Slip,7.279154463672605,1.0,1.0,9.80665,1.410770228172118,1.2678988744097808,11.290915765614217,8.37,0.01,3459,34.58,/Users/rahul/seismoFNO/data/simulations/scaled_motions/RSN0100_PGA_1p000g.npy
RSN0100_PGA_1p200g,RSN0100,Kobe (Hyogo-ken Nanbu),1995,Station_Kobe_100,6.823682873098608,5.816687270889605,630.4379982578604,Strike-Slip,8.734985356407126,1.2,1.2,11.76798,1.6929242738065422,1.5214786492917378,16.258918702484518,8.37,0.01,3459,34.58,/Users/rahul/seismoFNO/data/simulations/scaled_motions/RSN0100_PGA_1p200g.npy
RSN0101_PGA_0p050g,RSN0101,Chi-Chi (Taiwan-01),1999,Station_Chi-_101,7.651128299136956,3.2701468159690177,741.305527618609,Reverse,0.1975399038646688,0.05,0.05,0.4903325,0.12472256785146774,0.5902232673919282,0.03594668362093864,13.69,0.01,4121,41.2,/Users/rahul/seismoFNO/data/simulations/scaled_motions/RSN0101_PGA_0p050g.npy
RSN0101_PGA_0p100g,RSN0101,Chi-Chi (Taiwan-01),1999,Station_Chi-_101,7.651128299136956,3.2701468159690177,741.305527618609,Reverse,0.3950798077293376,0.1,0.1,0.980665,0.24944513570293547,1.1804465347838564,0.14378673448375456,13.69,0.01,4121,41.2,/Users/rahul/seismoFNO/data/simulations/scaled_motions/RSN0101_PGA_0p100g.npy
RSN0101_PGA_0p200g,RSN0101,Chi-Chi (Taiwan-01),1999,Station_Chi-_101,7.651128299136956,3.2701468159690177,741.305527618609,Reverse,0.7901596154586752,0.2,0.2,1.96133,0.49889027140587094,2.360893069567713,0.5751469379350183,13.69,0.01,4121,41.2,/Users/rahul/seismoFNO/data/simulations/scaled_motions/RSN0101_PGA_0p200g.npy
RSN0101_PGA_0p300g,RSN0101,Chi-Chi (Taiwan-01),1999,Station_Chi-_101,7.651128299136956,3.2701468159690177,741.305527618609,Reverse,1.1852394231880126,0.3,0.3,2.941995,0.7483354071088061,3.541339604351593,1.2940806103537905,13.69,0.01,4121,41.2,/Users/rahul/seismoFNO/data/simulations/scaled_motions/RSN0101_PGA_0p300g.npy
RSN0101_PGA_0p400g,RSN0101,Chi-Chi (Taiwan-01),1999,Station_Chi-_101,7.651128299136956,3.2701468159690177,741.305527618609,Reverse,1.5803192309173504,0.4,0.4,3.92266,0.9977805428117419,4.721786139135426,2.300587751740073,13.69,0.01,4121,41.2,/Users/rahul/seismoFNO/data/simulations/scaled_motions/RSN0101_PGA_0p400g.npy
RSN0101_PGA_0p500g,RSN0101,Chi-Chi (Taiwan-01),1999,Station_Chi-_101,7.651128299136956,3.2701468159690177,741.305527618609,Reverse,1.9753990386466878,0.5,0.5,4.903325,1.2472256785146771,5.90223267391934,3.5946683620938518,13.69,0.01,4121,41.2,/Users/rahul/seismoFNO/data/simulations/scaled_motions/RSN0101_PGA_0p500g.npy
RSN0101_PGA_0p600g,RSN0101,Chi-Chi (Taiwan-01),1999,Station_Chi-_101,7.651128299136956,3.2701468159690177,741.305527618609,Reverse,2.370478846376025,0.6,0.6,5.88399,1.4966708142176122,7.082679208703186,5.176322441415162,13.69,0.01,4121,41.2,/Users/rahul/seismoFNO/data/simulations/scaled_motions/RSN0101_PGA_0p600g.npy
RSN0101_PGA_0p800g,RSN0101,Chi-Chi (Taiwan-01),1999,Station_Chi-_101,7.651128299136956,3.2701468159690177,741.305527618609,Reverse,3.1606384618347008,0.8,0.8,7.84532,1.9955610856234838,9.443572278270851,9.202351006960292,13.69,0.01,4121,41.2,/Users/rahul/seismoFNO/data/simulations/scaled_motions/RSN0101_PGA_0p800g.npy
RSN0101_PGA_1p000g,RSN0101,Chi-Chi (Taiwan-01),1999,Station_Chi-_101,7.651128299136956,3.2701468159690177,741.305527618609,Reverse,3.9507980772933755,1.0,1.0,9.80665,2.4944513570293543,11.80446534783868,14.378673448375407,13.69,0.01,4121,41.2,/Users/rahul/seismoFNO/data/simulations/scaled_motions/RSN0101_PGA_1p000g.npy
RSN0101_PGA_1p200g,RSN0101,Chi-Chi (Taiwan-01),1999,Station_Chi-_101,7.651128299136956,3.2701468159690177,741.305527618609,Reverse,4.74095769275205,1.2,1.2,11.76798,2.9933416284352243,14.165358417406372,20.70528976566065,13.69,0.01,4121,41.2,/Users/rahul/seismoFNO/data/simulations/scaled_motions/RSN0101_PGA_1p200g.npy
RSN0102_PGA_0p050g,RSN0102,Kocaeli (Turkey),1999,Station_Koca_102,7.600041317688927,3.050542779829347,748.0063637490929,Strike-Slip,0.1992140675486722,0.05,0.05,0.4903325,0.07256888551764094,0.3934993197561751,0.03168894119158002,13.090000000000002,0.01,4081,40.800000000000004,/Users/rahul/seismoFNO/data/simulations/scaled_motions/RSN0102_PGA_0p050g.npy
RSN0102_PGA_0p100g,RSN0102,Kocaeli (Turkey),1999,Station_Koca_102,7.600041317688927,3.050542779829347,748.0063637490929,Strike-Slip,0.3984281350973444,0.1,0.1,0.980665,0.1451377710352819,0.7869986395123502,0.12675576476632008,13.090000000000002,0.01,4081,40.800000000000004,/Users/rahul/seismoFNO/data/simulations/scaled_motions/RSN0102_PGA_0p100g.npy
RSN0102_PGA_0p200g,RSN0102,Kocaeli (Turkey),1999,Station_Koca_102,7.600041317688927,3.050542779829347,748.0063637490929,Strike-Slip,0.7968562701946889,0.2,0.2,1.96133,0.2902755420705638,1.5739972790247003,0.5070230590652803,13.090000000000002,0.01,4081,40.800000000000004,/Users/rahul/seismoFNO/data/simulations/scaled_motions/RSN0102_PGA_0p200g.npy
RSN0102_PGA_0p300g,RSN0102,Kocaeli (Turkey),1999,Station_Koca_102,7.600041317688927,3.050542779829347,748.0063637490929,Strike-Slip,1.1952844052920333,0.3,0.3,2.941995,0.4354133131058457,2.3609959185370224,1.1408018828968856,13.090000000000002,0.01,4081,40.800000000000004,/Users/rahul/seismoFNO/data/simulations/scaled_motions/RSN0102_PGA_0p300g.npy
RSN0102_PGA_0p400g,RSN0102,Kocaeli (Turkey),1999,Station_Koca_102,7.600041317688927,3.050542779829347,748.0063637490929,Strike-Slip,1.5937125403893777,0.4,0.4,3.92266,0.5805510841411275,3.1479945580494006,2.0280922362611213,13.090000000000002,0.01,4081,40.800000000000004,/Users/rahul/seismoFNO/data/simulations/scaled_motions/RSN0102_PGA_0p400g.npy
RSN0102_PGA_0p500g,RSN0102,Kocaeli (Turkey),1999,Station_Koca_102,7.600041317688927,3.050542779829347,748.0063637490929,Strike-Slip,1.9921406754867221,0.5,0.5,4.903325,0.7256888551764091,3.934993197561689,3.1688941191580042,13.090000000000002,0.01,4081,40.800000000000004,/Users/rahul/seismoFNO/data/simulations/scaled_motions/RSN0102_PGA_0p500g.npy
RSN0102_PGA_0p600g,RSN0102,Kocaeli (Turkey),1999,Station_Koca_102,7.600041317688927,3.050542779829347,748.0063637490929,Strike-Slip,2.3905688105840666,0.6,0.6,5.88399,0.8708266262116914,4.721991837074045,4.563207531587542,13.090000000000002,0.01,4081,40.800000000000004,/Users/rahul/seismoFNO/data/simulations/scaled_motions/RSN0102_PGA_0p600g.npy
RSN0102_PGA_0p800g,RSN0102,Kocaeli (Turkey),1999,Station_Koca_102,7.600041317688927,3.050542779829347,748.0063637490929,Strike-Slip,3.1874250807787554,0.8,0.8,7.84532,1.161102168282255,6.295989116098801,8.112368945044485,13.090000000000002,0.01,4081,40.800000000000004,/Users/rahul/seismoFNO/data/simulations/scaled_motions/RSN0102_PGA_0p800g.npy
RSN0102_PGA_1p000g,RSN0102,Kocaeli (Turkey),1999,Station_Koca_102,7.600041317688927,3.050542779829347,748.0063637490929,Strike-Slip,3.9842813509734443,1.0,1.0,9.80665,1.4513777103528183,7.869986395123378,12.675576476632017,13.090000000000002,0.01,4081,40.800000000000004,/Users/rahul/seismoFNO/data/simulations/scaled_motions/RSN0102_PGA_1p000g.npy
RSN0102_PGA_1p200g,RSN0102,Kocaeli (Turkey),1999,Station_Koca_102,7.600041317688927,3.050542779829347,748.0063637490929,Strike-Slip,4.781137621168133,1.2,1.2,11.76798,1.7416532524233828,9.44398367414809,18.25283012635017,13.090000000000002,0.01,4081,40.800000000000004,/Users/rahul/seismoFNO/data/simulations/scaled_motions/RSN0102_PGA_1p200g.npy
RSN0103_PGA_0p050g,RSN0103,Landers,1992,Station_Land_103,7.527200476625931,41.7995872539802,478.3614067535033,Strike-Slip,0.6240615970453416,0.05,0.05,0.4903325,0.19910117921141485,1.5235763478259539,0.0986278668509712,25.540000000000006,0.01,4023,40.22,/Users/rahul/seismoFNO/data/simulations/scaled_motions/RSN0103_PGA_0p050g.npy
RSN0103_PGA_0p100g,RSN0103,Landers,1992,Station_Land_103,7.527200476625931,41.7995872539802,478.3614067535033,Strike-Slip,1.2481231940906832,0.1,0.1,0.980665,0.3982023584228297,3.0471526956519077,0.3945114674038848,25.540000000000006,0.01,4023,40.22,/Users/rahul/seismoFNO/data/simulations/scaled_motions/RSN0103_PGA_0p100g.npy
RSN0103_PGA_0p200g,RSN0103,Landers,1992,Station_Land_103,7.527200476625931,41.7995872539802,478.3614067535033,Strike-Slip,2.4962463881813663,0.2,0.2,1.96133,0.7964047168456594,6.094305391303815,1.5780458696155393,25.540000000000006,0.01,4023,40.22,/Users/rahul/seismoFNO/data/simulations/scaled_motions/RSN0103_PGA_0p200g.npy
RSN0103_PGA_0p300g,RSN0103,Landers,1992,Station_Land_103,7.527200476625931,41.7995872539802,478.3614067535033,Strike-Slip,3.744369582272049,0.3,0.3,2.941995,1.1946070752684899,9.141458086955762,3.5506032066349595,25.540000000000006,0.01,4023,40.22,/Users/rahul/seismoFNO/data/simulations/scaled_motions/RSN0103_PGA_0p300g.npy
RSN0103_PGA_0p400g,RSN0103,Landers,1992,Station_Land_103,7.527200476625931,41.7995872539802,478.3614067535033,Strike-Slip,4.992492776362733,0.4,0.4,3.92266,1.5928094336913188,12.18861078260763,6.312183478462157,25.540000000000006,0.01,4023,40.22,/Users/rahul/seismoFNO/data/simulations/scaled_motions/RSN0103_PGA_0p400g.npy
RSN0103_PGA_0p500g,RSN0103,Landers,1992,Station_Land_103,7.527200476625931,41.7995872539802,478.3614067535033,Strike-Slip,6.240615970453415,0.5,0.5,4.903325,1.9910117921141501,15.235763478259583,9.862786685097133,25.540000000000006,0.01,4023,40.22,/Users/rahul/seismoFNO/data/simulations/scaled_motions/RSN0103_PGA_0p500g.npy
RSN0103_PGA_0p600g,RSN0103,Landers,1992,Station_Land_103,7.527200476625931,41.7995872539802,478.3614067535033,Strike-Slip,7.488739164544098,0.6,0.6,5.88399,2.3892141505369797,18.282916173911524,14.202412826539838,25.540000000000006,0.01,4023,40.22,/Users/rahul/seismoFNO/data/simulations/scaled_motions/RSN0103_PGA_0p600g.npy
RSN0103_PGA_0p800g,RSN0103,Landers,1992,Station_Land_103,7.527200476625931,41.7995872539802,478.3614067535033,Strike-Slip,9.984985552725465,0.8,0.8,7.84532,3.1856188673826376,24.37722156521526,25.24873391384863,25.540000000000006,0.01,4023,40.22,/Users/rahul/seismoFNO/data/simulations/scaled_motions/RSN0103_PGA_0p800g.npy
RSN0103_PGA_1p000g,RSN0103,Landers,1992,Station_Land_103,7.527200476625931,41.7995872539802,478.3614067535033,Strike-Slip,12.48123194090683,1.0,1.0,9.80665,3.9820235842283003,30.471526956519167,39.45114674038853,25.540000000000006,0.01,4023,40.22,/Users/rahul/seismoFNO/data/simulations/scaled_motions/RSN0103_PGA_1p000g.npy
RSN0103_PGA_1p200g,RSN0103,Landers,1992,Station_Land_103,7.527200476625931,41.7995872539802,478.3614067535033,Strike-Slip,14.977478329088196,1.2,1.2,11.76798,4.778428301073959,36.56583234782305,56.80965130615935,25.540000000000006,0.01,4023,40.22,/Users/rahul/seismoFNO/data/simulations/scaled_motions/RSN0103_PGA_1p200g.npy
RSN0104_PGA_0p050g,RSN0104,San Fernando,1971,Station_San _104,6.450505095682537,2.621534028662404,548.9004280498692,Reverse,0.3770265206687357,0.05,0.05,0.4903325,0.03882911357155708,0.04577459132503098,0.017567927812936514,4.25,0.01,3161,31.6,/Users/rahul/seismoFNO/data/simulations/scaled_motions/RSN0104_PGA_0p050g.npy
RSN0104_PGA_0p100g,RSN0104,San Fernando,1971,Station_San _104,6.450505095682537,2.621534028662404,548.9004280498692,Reverse,0.7540530413374714,0.1,0.1,0.980665,0.07765822714311416,0.09154918265006196,0.07027171125174606,4.25,0.01,3161,31.6,/Users/rahul/seismoFNO/data/simulations/scaled_motions/RSN0104_PGA_0p100g.npy
RSN0104_PGA_0p200g,RSN0104,San Fernando,1971,Station_San _104,6.450505095682537,2.621534028662404,548.9004280498692,Reverse,1.5081060826749428,0.2,0.2,1.96133,0.1553164542862283,0.1830983653001239,0.2810868450069842,4.25,0.01,3161,31.6,/Users/rahul/seismoFNO/data/simulations/scaled_motions/RSN0104_PGA_0p200g.npy
RSN0104_PGA_0p300g,RSN0104,San Fernando,1971,Station_San _104,6.450505095682537,2.621534028662404,548.9004280498692,Reverse,2.262159124012414,0.3,0.3,2.941995,0.23297468142934247,0.2746475479501838,0.6324454012657157,4.25,0.01,3161,31.6,/Users/rahul/seismoFNO/data/simulations/scaled_motions/RSN0104_PGA_0p300g.npy
RSN0104_PGA_0p400g,RSN0104,San Fernando,1971,Station_San _104,6.450505095682537,2.621534028662404,548.9004280498692,Reverse,3.0162121653498857,0.4,0.4,3.92266,0.3106329085724566,0.3661967306002478,1.1243473800279369,4.25,0.01,3161,31.6,/Users/rahul/seismoFNO/data/simulations/scaled_motions/RSN0104_PGA_0p400g.npy
RSN0104_PGA_0p500g,RSN0104,San Fernando,1971,Station_San _104,6.450505095682537,2.621534028662404,548.9004280498692,Reverse,3.770265206687357,0.5,0.5,4.903325,0.38829113571557067,0.45774591325030634,1.7567927812936441,4.25,0.01,3161,31.6,/Users/rahul/seismoFNO/data/simulations/scaled_motions/RSN0104_PGA_0p500g.npy
RSN0104_PGA_0p600g,RSN0104,San Fernando,1971,Station_San _104,6.450505095682537,2.621534028662404,548.9004280498692,Reverse,4.524318248024828,0.6,0.6,5.88399,0.46594936285868493,0.5492950959003676,2.5297816050628628,4.25,0.01,3161,31.6,/Users/rahul/seismoFNO/data/simulations/scaled_motions/RSN0104_PGA_0p600g.npy
RSN0104_PGA_0p800g,RSN0104,San Fernando,1971,Station_San _104,6.450505095682537,2.621534028662404,548.9004280498692,Reverse,6.032424330699771,0.8,0.8,7.84532,0.6212658171449132,0.7323934612004956,4.4973895201117475,4.25,0.01,3161,31.6,/Users/rahul/seismoFNO/data/simulations/scaled_motions/RSN0104_PGA_0p800g.npy
RSN0104_PGA_1p000g,RSN0104,San Fernando,1971,Station_San _104,6.450505095682537,2.621534028662404,548.9004280498692,Reverse,7.540530413374714,1.0,1.0,9.80665,0.7765822714311413,0.9154918265006127,7.0271711251745765,4.25,0.01,3161,31.6,/Users/rahul/seismoFNO/data/simulations/scaled_motions/RSN0104_PGA_1p000g.npy
RSN0104_PGA_1p200g,RSN0104,San Fernando,1971,Station_San _104,6.450505095682537,2.621534028662404,548.9004280498692,Reverse,9.048636496049657,1.2,1.2,11.76798,0.9318987257173699,1.0985901918007352,10.119126420251451,4.25,0.01,3161,31.6,/Users/rahul/seismoFNO/data/simulations/scaled_motions/RSN0104_PGA_1p200g.npy
RSN0105_PGA_0p050g,RSN0105,Hector Mine,1999,Station_Hect_105,7.18264017378736,18.51395516379049,392.9972801171429,Strike-Slip,0.4724159030570381,0.05,0.05,0.4903325,0.1175877565684495,0.19223352572680677,0.06015728229574142,16.17,0.01,3746,37.45,/Users/rahul/seismoFNO/data/simulations/scaled_motions/RSN0105_PGA_0p050g.npy
RSN0105_PGA_0p100g,RSN0105,Hector Mine,1999,Station_Hect_105,7.18264017378736,18.51395516379049,392.9972801171429,Strike-Slip,0.9448318061140762,0.1,0.1,0.980665,0.235175513136899,0.38446705145361354,0.24062912918296567,16.17,0.01,3746,37.45,/Users/rahul/seismoFNO/data/simulations/scaled_motions/RSN0105_PGA_0p100g.npy
RSN0105_PGA_0p200g,RSN0105,Hector Mine,1999,Station_Hect_105,7.18264017378736,18.51395516379049,392.9972801171429,Strike-Slip,1.8896636122281525,0.2,0.2,1.96133,0.470351026273798,0.7689341029072271,0.9625165167318627,16.17,0.01,3746,37.45,/Users/rahul/seismoFNO/data/simulations/scaled_motions/RSN0105_PGA_0p200g.npy
RSN0105_PGA_0p300g,RSN0105,Hector Mine,1999,Station_Hect_105,7.18264017378736,18.51395516379049,392.9972801171429,Strike-Slip,2.8344954183422284,0.3,0.3,2.941995,0.7055265394106969,1.1534011543608373,2.165662162646691,16.17,0.01,3746,37.45,/Users/rahul/seismoFNO/data/simulations/scaled_motions/RSN0105_PGA_0p300g.npy
RSN0105_PGA_0p400g,RSN0105,Hector Mine,1999,Station_Hect_105,7.18264017378736,18.51395516379049,392.9972801171429,Strike-Slip,3.779327224456305,0.4,0.4,3.92266,0.940702052547596,1.5378682058144542,3.8500660669274507,16.17,0.01,3746,37.45,/Users/rahul/seismoFNO/data/simulations/scaled_motions/RSN0105_PGA_0p400g.npy
RSN0105_PGA_0p500g,RSN0105,Hector Mine,1999,Station_Hect_105,7.18264017378736,18.51395516379049,392.9972801171429,Strike-Slip,4.724159030570381,0.5,0.5,4.903325,1.1758775656844962,1.922335257268066,6.015728229574142,16.17,0.01,3746,37.45,/Users/rahul/seismoFNO/data/simulations/scaled_motions/RSN0105_PGA_0p500g.npy
RSN0105_PGA_0p600g,RSN0105,Hector Mine,1999,Station_Hect_105,7.18264017378736,18.51395516379049,392.9972801171429,Strike-Slip,5.668990836684457,0.6,0.6,5.88399,1.4110530788213937,2.3068023087216747,8.662648650586764,16.17,0.01,3746,37.45,/Users/rahul/seismoFNO/data/simulations/scaled_motions/RSN0105_PGA_0p600g.npy
RSN0105_PGA_0p800g,RSN0105,Hector Mine,1999,Station_Hect_105,7.18264017378736,18.51395516379049,392.9972801171429,Strike-Slip,7.55865444891261,0.8,0.8,7.84532,1.881404105095192,3.0757364116289083,15.400264267709803,16.17,0.01,3746,37.45,/Users/rahul/seismoFNO/data/simulations/scaled_motions/RSN0105_PGA_0p800g.npy
RSN0105_PGA_1p000g,RSN0105,Hector Mine,1999,Station_Hect_105,7.18264017378736,18.51395516379049,392.9972801171429,Strike-Slip,9.448318061140762,1.0,1.0,9.80665,2.3517551313689924,3.844670514536132,24.06291291829657,16.17,0.01,3746,37.45,/Users/rahul/seismoFNO/data/simulations/scaled_motions/RSN0105_PGA_1p000g.npy
RSN0105_PGA_1p200g,RSN0105,Hector Mine,1999,Station_Hect_105,7.18264017378736,18.51395516379049,392.9972801171429,Strike-Slip,11.337981673368914,1.2,1.2,11.76798,2.8221061576427875,4.613604617443349,34.650594602347056,16.17,0.01,3746,37.45,/Users/rahul/seismoFNO/data/simulations/scaled_motions/RSN0105_PGA_1p200g.npy
RSN0106_PGA_0p050g,RSN0106,Duzce (Turkey),1999,Station_Duzc_106,7.047148672364419,76.46484400459707,224.83893302606137,Strike-Slip,1.2438347327528934,0.05,0.05,0.4903325,0.1449903572362582,0.3849892461127998,0.11294850619962529,23.5,0.01,3638,36.37,/Users/rahul/seismoFNO/data/simulations/scaled_motions/RSN0106_PGA_0p050g.npy
RSN0106_PGA_0p100g,RSN0106,Duzce (Turkey),1999,Station_Duzc_106,7.047148672364419,76.46484400459707,224.83893302606137,Strike-Slip,2.4876694655057867,0.1,0.1,0.980665,0.2899807144725164,0.7699784922255996,0.45179402479850117,23.5,0.01,3638,36.37,/Users/rahul/seismoFNO/data/simulations/scaled_motions/RSN0106_PGA_0p100g.npy
RSN0106_PGA_0p200g,RSN0106,Duzce (Turkey),1999,Station_Duzc_106,7.047148672364419,76.46484400459707,224.83893302606137,Strike-Slip,4.975338931011573,0.2,0.2,1.96133,0.5799614289450328,1.539956984451199,1.8071760991940047,23.5,0.01,3638,36.37,/Users/rahul/seismoFNO/data/simulations/scaled_motions/RSN0106_PGA_0p200g.npy
RSN0106_PGA_0p300g,RSN0106,Duzce (Turkey),1999,Station_Duzc_106,7.047148672364419,76.46484400459707,224.83893302606137,Strike-Slip,7.46300839651736,0.3,0.3,2.941995,0.8699421434175508,2.309935476676809,4.066146223186502,23.5,0.01,3638,36.37,/Users/rahul/seismoFNO/data/simulations/scaled_motions/RSN0106_PGA_0p300g.npy
RSN0106_PGA_0p400g,RSN0106,Duzce (Turkey),1999,Station_Duzc_106,7.047148672364419,76.46484400459707,224.83893302606137,Strike-Slip,9.950677862023147,0.4,0.4,3.92266,1.1599228578900656,3.079913968902398,7.228704396776019,23.5,0.01,3638,36.37,/Users/rahul/seismoFNO/data/simulations/scaled_motions/RSN0106_PGA_0p400g.npy
RSN0106_PGA_0p500g,RSN0106,Duzce (Turkey),1999,Station_Duzc_106,7.047148672364419,76.46484400459707,224.83893302606137,Strike-Slip,12.438347327528932,0.5,0.5,4.903325,1.4499035723625835,3.849892461128009,11.294850619962519,23.5,0.01,3638,36.37,/Users/rahul/seismoFNO/data/simulations/scaled_motions/RSN0106_PGA_0p500g.npy
RSN0106_PGA_0p600g,RSN0106,Duzce (Turkey),1999,Station_Duzc_106,7.047148672364419,76.46484400459707,224.83893302606137,Strike-Slip,14.92601679303472,0.6,0.6,5.88399,1.7398842868351017,4.619870953353618,16.264584892746008,23.5,0.01,3638,36.37,/Users/rahul/seismoFNO/data/simulations/scaled_motions/RSN0106_PGA_0p600g.npy
RSN0106_PGA_0p800g,RSN0106,Duzce (Turkey),1999,Station_Duzc_106,7.047148672364419,76.46484400459707,224.83893302606137,Strike-Slip,19.901355724046294,0.8,0.8,7.84532,2.319845715780131,6.159827937804796,28.914817587104075,23.5,0.01,3638,36.37,/Users/rahul/seismoFNO/data/simulations/scaled_motions/RSN0106_PGA_0p800g.npy
RSN0106_PGA_1p000g,RSN0106,Duzce (Turkey),1999,Station_Duzc_106,7.047148672364419,76.46484400459707,224.83893302606137,Strike-Slip,24.876694655057864,1.0,1.0,9.80665,2.899807144725167,7.699784922256018,45.179402479850076,23.5,0.01,3638,36.37,/Users/rahul/seismoFNO/data/simulations/scaled_motions/RSN0106_PGA_1p000g.npy
RSN0106_PGA_1p200g,RSN0106,Duzce (Turkey),1999,Station_Duzc_106,7.047148672364419,76.46484400459707,224.83893302606137,Strike-Slip,29.85203358606944,1.2,1.2,11.76798,3.4797685736702033,9.239741906707236,65.05833957098403,23.5,0.01,3638,36.37,/Users/rahul/seismoFNO/data/simulations/scaled_motions/RSN0106_PGA_1p200g.npy
RSN0107_PGA_0p050g,RSN0107,Christchurch,2011,Station_Chri_107,6.386768815576416,17.06884685910288,219.78233852191659,Reverse-Oblique,0.7166043252813827,0.05,0.049999999999999996,0.49033249999999995,0.09321957037622162,0.10828161690794666,0.05389360252513952,11.459999999999999,0.01,3110,31.09,/Users/rahul/seismoFNO/data/simulations/scaled_motions/RSN0107_PGA_0p050g.npy
RSN0107_PGA_0p100g,RSN0107,Christchurch,2011,Station_Chri_107,6.386768815576416,17.06884685910288,219.78233852191659,Reverse-Oblique,1.4332086505627655,0.1,0.09999999999999999,0.9806649999999999,0.18643914075244325,0.21656323381589332,0.21557441010055808,11.459999999999999,0.01,3110,31.09,/Users/rahul/seismoFNO/data/simulations/scaled_motions/RSN0107_PGA_0p100g.npy
RSN0107_PGA_0p200g,RSN0107,Christchurch,2011,Station_Chri_107,6.386768815576416,17.06884685910288,219.78233852191659,Reverse-Oblique,2.866417301125531,0.2,0.19999999999999998,1.9613299999999998,0.3728782815048865,0.43312646763178664,0.8622976404022323,11.459999999999999,0.01,3110,31.09,/Users/rahul/seismoFNO/data/simulations/scaled_motions/RSN0107_PGA_0p200g.npy
RSN0107_PGA_0p300g,RSN0107,Christchurch,2011,Station_Chri_107,6.386768815576416,17.06884685910288,219.78233852191659,Reverse-Oblique,4.299625951688296,0.3,0.3,2.941995,0.5593174222573293,0.6496897014476954,1.9401696909050288,11.459999999999999,0.01,3110,31.09,/Users/rahul/seismoFNO/data/simulations/scaled_motions/RSN0107_PGA_0p300g.npy
RSN0107_PGA_0p400g,RSN0107,Christchurch,2011,Station_Chri_107,6.386768815576416,17.06884685910288,219.78233852191659,Reverse-Oblique,5.732834602251062,0.4,0.39999999999999997,3.9226599999999996,0.745756563009773,0.8662529352635733,3.4491905616089293,11.459999999999999,0.01,3110,31.09,/Users/rahul/seismoFNO/data/simulations/scaled_motions/RSN0107_PGA_0p400g.npy
RSN0107_PGA_0p500g,RSN0107,Christchurch,2011,Station_Chri_107,6.386768815576416,17.06884685910288,219.78233852191659,Reverse-Oblique,7.166043252813828,0.5,0.5,4.903325,0.9321957037622155,1.0828161690794813,5.389360252513996,11.459999999999999,0.01,3110,31.09,/Users/rahul/seismoFNO/data/simulations/scaled_motions/RSN0107_PGA_0p500g.npy
RSN0107_PGA_0p600g,RSN0107,Christchurch,2011,Station_Chri_107,6.386768815576416,17.06884685910288,219.78233852191659,Reverse-Oblique,8.599251903376592,0.6,0.6,5.88399,1.1186348445146586,1.299379402895391,7.760678763620115,11.459999999999999,0.01,3110,31.09,/Users/rahul/seismoFNO/data/simulations/scaled_motions/RSN0107_PGA_0p600g.npy
RSN0107_PGA_0p800g,RSN0107,Christchurch,2011,Station_Chri_107,6.386768815576416,17.06884685910288,219.78233852191659,Reverse-Oblique,11.465669204502124,0.8,0.7999999999999999,7.845319999999999,1.491513126019546,1.7325058705271466,13.796762246435717,11.459999999999999,0.01,3110,31.09,/Users/rahul/seismoFNO/data/simulations/scaled_motions/RSN0107_PGA_0p800g.npy
RSN0107_PGA_1p000g,RSN0107,Christchurch,2011,Station_Chri_107,6.386768815576416,17.06884685910288,219.78233852191659,Reverse-Oblique,14.332086505627656,1.0,1.0,9.80665,1.864391407524431,2.1656323381589626,21.557441010055985,11.459999999999999,0.01,3110,31.09,/Users/rahul/seismoFNO/data/simulations/scaled_motions/RSN0107_PGA_1p000g.npy
RSN0107_PGA_1p200g,RSN0107,Christchurch,2011,Station_Chri_107,6.386768815576416,17.06884685910288,219.78233852191659,Reverse-Oblique,17.198503806753184,1.2,1.2,11.76798,2.237269689029317,2.598758805790782,31.04271505448046,11.459999999999999,0.01,3110,31.09,/Users/rahul/seismoFNO/data/simulations/scaled_motions/RSN0107_PGA_1p200g.npy
RSN0108_PGA_0p050g,RSN0108,Tottori (Japan),2000,Station_Tott_108,6.804628606095566,24.92426291317759,230.4105856707899,Strike-Slip,0.6908279785031948,0.05,0.05,0.4903325,0.08615868343075456,0.16697453515970417,0.06447481419293619,16.85,0.01,3444,34.43,/Users/rahul/seismoFNO/data/simulations/scaled_motions/RSN0108_PGA_0p050g.npy
RSN0108_PGA_0p100g,RSN0108,Tottori (Japan),2000,Station_Tott_108,6.804628606095566,24.92426291317759,230.4105856707899,Strike-Slip,1.3816559570063895,0.1,0.1,0.980665,0.1723173668615091,0.33394907031940835,0.25789925677174474,16.85,0.01,3444,34.43,/Users/rahul/seismoFNO/data/simulations/scaled_motions/RSN0108_PGA_0p100g.npy
RSN0108_PGA_0p200g,RSN0108,Tottori (Japan),2000,Station_Tott_108,6.804628606095566,24.92426291317759,230.4105856707899,Strike-Slip,2.763311914012779,0.2,0.2,1.96133,0.3446347337230182,0.6678981406388167,1.031597027086979,16.85,0.01,3444,34.43,/Users/rahul/seismoFNO/data/simulations/scaled_motions/RSN0108_PGA_0p200g.npy
RSN0108_PGA_0p300g,RSN0108,Tottori (Japan),2000,Station_Tott_108,6.804628606095566,24.92426291317759,230.4105856707899,Strike-Slip,4.144967871019168,0.3,0.3,2.941995,0.5169521005845275,1.0018472109582228,2.3210933109456935,16.85,0.01,3444,34.43,/Users/rahul/seismoFNO/data/simulations/scaled_motions/RSN0108_PGA_0p300g.npy
RSN0108_PGA_0p400g,RSN0108,Tottori (Japan),2000,Station_Tott_108,6.804628606095566,24.92426291317759,230.4105856707899,Strike-Slip,5.526623828025558,0.4,0.4,3.92266,0.6892694674460365,1.3357962812776334,4.126388108347916,16.85,0.01,3444,34.43,/Users/rahul/seismoFNO/data/simulations/scaled_motions/RSN0108_PGA_0p400g.npy
RSN0108_PGA_0p500g,RSN0108,Tottori (Japan),2000,Station_Tott_108,6.804628606095566,24.92426291317759,230.4105856707899,Strike-Slip,6.908279785031947,0.5,0.5,4.903325,0.8615868343075457,1.6697453515970335,6.447481419293613,16.85,0.01,3444,34.43,/Users/rahul/seismoFNO/data/simulations/scaled_motions/RSN0108_PGA_0p500g.npy
RSN0108_PGA_0p600g,RSN0108,Tottori (Japan),2000,Station_Tott_108,6.804628606095566,24.92426291317759,230.4105856707899,Strike-Slip,8.289935742038336,0.6,0.6,5.88399,1.033904201169055,2.0036944219164456,9.284373243782774,16.85,0.01,3444,34.43,/Users/rahul/seismoFNO/data/simulations/scaled_motions/RSN0108_PGA_0p600g.npy
RSN0108_PGA_0p800g,RSN0108,Tottori (Japan),2000,Station_Tott_108,6.804628606095566,24.92426291317759,230.4105856707899,Strike-Slip,11.053247656051116,0.8,0.8,7.84532,1.378538934892073,2.671592562555267,16.505552433391664,16.85,0.01,3444,34.43,/Users/rahul/seismoFNO/data/simulations/scaled_motions/RSN0108_PGA_0p800g.npy
RSN0108_PGA_1p000g,RSN0108,Tottori (Japan),2000,Station_Tott_108,6.804628606095566,24.92426291317759,230.4105856707899,Strike-Slip,13.816559570063895,1.0,1.0,9.80665,1.7231736686150914,3.339490703194067,25.789925677174452,16.85,0.01,3444,34.43,/Users/rahul/seismoFNO/data/simulations/scaled_motions/RSN0108_PGA_1p000g.npy
RSN0108_PGA_1p200g,RSN0108,Tottori (Japan),2000,Station_Tott_108,6.804628606095566,24.92426291317759,230.4105856707899,Strike-Slip,16.579871484076673,1.2,1.2,11.76798,2.06780840233811,4.007388843832891,37.137492975131096,16.85,0.01,3444,34.43,/Users/rahul/seismoFNO/data/simulations/scaled_motions/RSN0108_PGA_1p200g.npy
RSN0109_PGA_0p050g,RSN0109,Morgan Hill,1984,Station_Morg_109,6.164474199380833,5.75909927712546,169.26252840199035,Strike-Slip,0.5289514768732989,0.05,0.05,0.4903325,0.05717309520324051,0.19268668330032418,0.02114883707866228,4.66,0.01,2932,29.310000000000002,/Users/rahul/seismoFNO/data/simulations/scaled_motions/RSN0109_PGA_0p050g.npy
RSN0109_PGA_0p100g,RSN0109,Morgan Hill,1984,Station_Morg_109,6.164474199380833,5.75909927712546,169.26252840199035,Strike-Slip,1.0579029537465978,0.1,0.1,0.980665,0.11434619040648102,0.38537336660064836,0.08459534831464911,4.66,0.01,2932,29.310000000000002,/Users/rahul/seismoFNO/data/simulations/scaled_motions/RSN0109_PGA_0p100g.npy
RSN0109_PGA_0p200g,RSN0109,Morgan Hill,1984,Station_Morg_109,6.164474199380833,5.75909927712546,169.26252840199035,Strike-Slip,2.1158059074931956,0.2,0.2,1.96133,0.22869238081296203,0.7707467332012967,0.33838139325859645,4.66,0.01,2932,29.310000000000002,/Users/rahul/seismoFNO/data/simulations/scaled_motions/RSN0109_PGA_0p200g.npy
RSN0109_PGA_0p300g,RSN0109,Morgan Hill,1984,Station_Morg_109,6.164474199380833,5.75909927712546,169.26252840199035,Strike-Slip,3.1737088612397932,0.3,0.3,2.941995,0.34303857121944303,1.1561200998019365,0.7613581348318432,4.66,0.01,2932,29.310000000000002,/Users/rahul/seismoFNO/data/simulations/scaled_motions/RSN0109_PGA_0p300g.npy
RSN0109_PGA_0p400g,RSN0109,Morgan Hill,1984,Station_Morg_109,6.164474199380833,5.75909927712546,169.26252840199035,Strike-Slip,4.231611814986391,0.4,0.4,3.92266,0.45738476162592406,1.5414934664025934,1.3535255730343858,4.66,0.01,2932,29.310000000000002,/Users/rahul/seismoFNO/data/simulations/scaled_motions/RSN0109_PGA_0p400g.npy
RSN0109_PGA_0p500g,RSN0109,Morgan Hill,1984,Station_Morg_109,6.164474199380833,5.75909927712546,169.26252840199035,Strike-Slip,5.289514768732989,0.5,0.5,4.903325,0.5717309520324051,1.926866833003227,2.114883707866238,4.66,0.01,2932,29.310000000000002,/Users/rahul/seismoFNO/data/simulations/scaled_motions/RSN0109_PGA_0p500g.npy
RSN0109_PGA_0p600g,RSN0109,Morgan Hill,1984,Station_Morg_109,6.164474199380833,5.75909927712546,169.26252840199035,Strike-Slip,6.3474177224795865,0.6,0.6,5.88399,0.6860771424388861,2.312240199603873,3.045432539327373,4.66,0.01,2932,29.310000000000002,/Users/rahul/seismoFNO/data/simulations/scaled_motions/RSN0109_PGA_0p600g.npy
RSN0109_PGA_0p800g,RSN0109,Morgan Hill,1984,Station_Morg_109,6.164474199380833,5.75909927712546,169.26252840199035,Strike-Slip,8.463223629972783,0.8,0.8,7.84532,0.9147695232518481,3.082986932805187,5.414102292137543,4.66,0.01,2932,29.310000000000002,/Users/rahul/seismoFNO/data/simulations/scaled_motions/RSN0109_PGA_0p800g.npy
RSN0109_PGA_1p000g,RSN0109,Morgan Hill,1984,Station_Morg_109,6.164474199380833,5.75909927712546,169.26252840199035,Strike-Slip,10.579029537465978,1.0,1.0,9.80665,1.1434619040648102,3.853733666006454,8.459534831464952,4.66,0.01,2932,29.310000000000002,/Users/rahul/seismoFNO/data/simulations/scaled_motions/RSN0109_PGA_1p000g.npy
RSN0109_PGA_1p200g,RSN0109,Morgan Hill,1984,Station_Morg_109,6.164474199380833,5.75909927712546,169.26252840199035,Strike-Slip,12.694835444959173,1.2,1.2,11.76798,1.3721542848777721,4.624480399207746,12.181730157309492,4.66,0.01,2932,29.310000000000002,/Users/rahul/seismoFNO/data/simulations/scaled_motions/RSN0109_PGA_1p200g.npy
RSN0110_PGA_0p050g,RSN0110,Whittier Narrows-01,1987,Station_Whit_110,6.192097560833498,20.66810063090611,425.4518382568583,Reverse,0.8858998079406901,0.05,0.05,0.4903325,0.06046991662430956,0.08733941517032116,0.03626361530583071,13.02,0.01,2954,29.53,/Users/rahul/seismoFNO/data/simulations/scaled_motions/RSN0110_PGA_0p050g.npy
RSN0110_PGA_0p100g,RSN0110,Whittier Narrows-01,1987,Station_Whit_110,6.192097560833498,20.66810063090611,425.4518382568583,Reverse,1.7717996158813802,0.1,0.1,0.980665,0.12093983324861912,0.17467883034064233,0.14505446122332283,13.02,0.01,2954,29.53,/Users/rahul/seismoFNO/data/simulations/scaled_motions/RSN0110_PGA_0p100g.npy
RSN0110_PGA_0p200g,RSN0110,Whittier Narrows-01,1987,Station_Whit_110,6.192097560833498,20.66810063090611,425.4518382568583,Reverse,3.5435992317627605,0.2,0.2,1.96133,0.24187966649723824,0.34935766068128465,0.5802178448932913,13.02,0.01,2954,29.53,/Users/rahul/seismoFNO/data/simulations/scaled_motions/RSN0110_PGA_0p200g.npy
RSN0110_PGA_0p300g,RSN0110,Whittier Narrows-01,1987,Station_Whit_110,6.192097560833498,20.66810063090611,425.4518382568583,Reverse,5.315398847644141,0.3,0.3,2.941995,0.3628194997458573,0.5240364910219234,1.305490151009903,13.02,0.01,2954,29.53,/Users/rahul/seismoFNO/data/simulations/scaled_motions/RSN0110_PGA_0p300g.npy
RSN0110_PGA_0p400g,RSN0110,Whittier Narrows-01,1987,Station_Whit_110,6.192097560833498,20.66810063090611,425.4518382568583,Reverse,7.087198463525521,0.4,0.4,3.92266,0.4837593329944765,0.6987153213625693,2.3208713795731652,13.02,0.01,2954,29.53,/Users/rahul/seismoFNO/data/simulations/scaled_motions/RSN0110_PGA_0p400g.npy
RSN0110_PGA_0p500g,RSN0110,Whittier Narrows-01,1987,Station_Whit_110,6.192097560833498,20.66810063090611,425.4518382568583,Reverse,8.858998079406902,0.5,0.5,4.903325,0.6046991662430957,0.8733941517032016,3.6263615305830537,13.02,0.01,2954,29.53,/Users/rahul/seismoFNO/data/simulations/scaled_motions/RSN0110_PGA_0p500g.npy
RSN0110_PGA_0p600g,RSN0110,Whittier Narrows-01,1987,Station_Whit_110,6.192097560833498,20.66810063090611,425.4518382568583,Reverse,10.630797695288281,0.6,0.6,5.88399,0.7256389994917146,1.0480729820438468,5.221960604039612,13.02,0.01,2954,29.53,/Users/rahul/seismoFNO/data/simulations/scaled_motions/RSN0110_PGA_0p600g.npy
RSN0110_PGA_0p800g,RSN0110,Whittier Narrows-01,1987,Station_Whit_110,6.192097560833498,20.66810063090611,425.4518382568583,Reverse,14.174396927051042,0.8,0.8,7.84532,0.967518665988953,1.3974306427251386,9.283485518292661,13.02,0.01,2954,29.53,/Users/rahul/seismoFNO/data/simulations/scaled_motions/RSN0110_PGA_0p800g.npy
RSN0110_PGA_1p000g,RSN0110,Whittier Narrows-01,1987,Station_Whit_110,6.192097560833498,20.66810063090611,425.4518382568583,Reverse,17.717996158813804,1.0,1.0,9.80665,1.2093983324861914,1.7467883034064031,14.505446122332215,13.02,0.01,2954,29.53,/Users/rahul/seismoFNO/data/simulations/scaled_motions/RSN0110_PGA_1p000g.npy
RSN0110_PGA_1p200g,RSN0110,Whittier Narrows-01,1987,Station_Whit_110,6.192097560833498,20.66810063090611,425.4518382568583,Reverse,21.261595390576563,1.2,1.2,11.76798,1.4512779989834292,2.0961459640876936,20.88784241615845,13.02,0.01,2954,29.53,/Users/rahul/seismoFNO/data/simulations/scaled_motions/RSN0110_PGA_1p200g.npy
RSN0111_PGA_0p050g,RSN0111,Parkfield-02,2004,Station_Park_111,6.211346665477324,30.0140511030443,396.0697447023036,Strike-Slip,1.091336267983655,0.05,0.05,0.4903325,0.0664495939824754,0.04976800348573793,0.04973892311698987,15.880000000000003,0.01,2969,29.68,/Users/rahul/seismoFNO/data/simulations/scaled_motions/RSN0111_PGA_0p050g.npy
RSN0111_PGA_0p100g,RSN0111,Parkfield-02,2004,Station_Park_111,6.211346665477324,30.0140511030443,396.0697447023036,Strike-Slip,2.18267253596731,0.1,0.1,0.980665,0.1328991879649508,0.09953600697147585,0.19895569246795947,15.880000000000003,0.01,2969,29.68,/Users/rahul/seismoFNO/data/simulations/scaled_motions/RSN0111_PGA_0p100g.npy
RSN0111_PGA_0p200g,RSN0111,Parkfield-02,2004,Station_Park_111,6.211346665477324,30.0140511030443,396.0697447023036,Strike-Slip,4.36534507193462,0.2,0.2,1.96133,0.2657983759299016,0.1990720139429517,0.7958227698718379,15.880000000000003,0.01,2969,29.68,/Users/rahul/seismoFNO/data/simulations/scaled_motions/RSN0111_PGA_0p200g.npy
RSN0111_PGA_0p300g,RSN0111,Parkfield-02,2004,Station_Park_111,6.211346665477324,30.0140511030443,396.0697447023036,Strike-Slip,6.548017607901929,0.3,0.3,2.941995,0.3986975638948522,0.2986080209144259,1.7906012322116298,15.880000000000003,0.01,2969,29.68,/Users/rahul/seismoFNO/data/simulations/scaled_motions/RSN0111_PGA_0p300g.npy
RSN0111_PGA_0p400g,RSN0111,Parkfield-02,2004,Station_Park_111,6.211346665477324,30.0140511030443,396.0697447023036,Strike-Slip,8.73069014386924,0.4,0.4,3.92266,0.5315967518598032,0.3981440278859034,3.1832910794873515,15.880000000000003,0.01,2969,29.68,/Users/rahul/seismoFNO/data/simulations/scaled_motions/RSN0111_PGA_0p400g.npy
RSN0111_PGA_0p500g,RSN0111,Parkfield-02,2004,Station_Park_111,6.211346665477324,30.0140511030443,396.0697447023036,Strike-Slip,10.913362679836549,0.5,0.5,4.903325,0.6644959398247535,0.4976800348573747,4.973892311698984,15.880000000000003,0.01,2969,29.68,/Users/rahul/seismoFNO/data/simulations/scaled_motions/RSN0111_PGA_0p500g.npy
RSN0111_PGA_0p600g,RSN0111,Parkfield-02,2004,Station_Park_111,6.211346665477324,30.0140511030443,396.0697447023036,Strike-Slip,13.096035215803859,0.6,0.6,5.88399,0.7973951277897044,0.5972160418288518,7.162404928846519,15.880000000000003,0.01,2969,29.68,/Users/rahul/seismoFNO/data/simulations/scaled_motions/RSN0111_PGA_0p600g.npy
RSN0111_PGA_0p800g,RSN0111,Parkfield-02,2004,Station_Park_111,6.211346665477324,30.0140511030443,396.0697447023036,Strike-Slip,17.46138028773848,0.8,0.8,7.84532,1.0631935037196063,0.7962880557718068,12.733164317949406,15.880000000000003,0.01,2969,29.68,/Users/rahul/seismoFNO/data/simulations/scaled_motions/RSN0111_PGA_0p800g.npy
RSN0111_PGA_1p000g,RSN0111,Parkfield-02,2004,Station_Park_111,6.211346665477324,30.0140511030443,396.0697447023036,Strike-Slip,21.826725359673098,1.0,1.0,9.80665,1.328991879649507,0.9953600697147494,19.895569246795937,15.880000000000003,0.01,2969,29.68,/Users/rahul/seismoFNO/data/simulations/scaled_motions/RSN0111_PGA_1p000g.npy
RSN0111_PGA_1p200g,RSN0111,Parkfield-02,2004,Station_Park_111,6.211346665477324,30.0140511030443,396.0697447023036,Strike-Slip,26.192070431607718,1.2,1.2,11.76798,1.594790255579409,1.1944320836577036,28.649619715386077,15.880000000000003,0.01,2969,29.68,/Users/rahul/seismoFNO/data/simulations/scaled_motions/RSN0111_PGA_1p200g.npy
RSN0112_PGA_0p050g,RSN0112,Darfield (New Zealand),2010,Station_Darf_112,7.184526146963205,19.18470041930123,812.7361558156313,Strike-Slip,0.48216681946358847,0.05,0.05,0.4903325,0.11157369569175098,0.12151768740412018,0.05117955581171641,16.43,0.01,3748,37.47,/Users/rahul/seismoFNO/data/simulations/scaled_motions/RSN0112_PGA_0p050g.npy
RSN0112_PGA_0p100g,RSN0112,Darfield (New Zealand),2010,Station_Darf_112,7.184526146963205,19.18470041930123,812.7361558156313,Strike-Slip,0.9643336389271769,0.1,0.1,0.980665,0.22314739138350195,0.24303537480824036,0.20471822324686564,16.43,0.01,3748,37.47,/Users/rahul/seismoFNO/data/simulations/scaled_motions/RSN0112_PGA_0p100g.npy
RSN0112_PGA_0p200g,RSN0112,Darfield (New Zealand),2010,Station_Darf_112,7.184526146963205,19.18470041930123,812.7361558156313,Strike-Slip,1.9286672778543539,0.2,0.2,1.96133,0.4462947827670039,0.4860707496164807,0.8188728929874626,16.43,0.01,3748,37.47,/Users/rahul/seismoFNO/data/simulations/scaled_motions/RSN0112_PGA_0p200g.npy
RSN0112_PGA_0p300g,RSN0112,Darfield (New Zealand),2010,Station_Darf_112,7.184526146963205,19.18470041930123,812.7361558156313,Strike-Slip,2.8930009167815305,0.3,0.3,2.941995,0.6694421741505056,0.7291061244247211,1.8424640092217843,16.43,0.01,3748,37.47,/Users/rahul/seismoFNO/data/simulations/scaled_motions/RSN0112_PGA_0p300g.npy
RSN0112_PGA_0p400g,RSN0112,Darfield (New Zealand),2010,Station_Darf_112,7.184526146963205,19.18470041930123,812.7361558156313,Strike-Slip,3.8573345557087078,0.4,0.4,3.92266,0.8925895655340078,0.9721414992329614,3.2754915719498503,16.43,0.01,3748,37.47,/Users/rahul/seismoFNO/data/simulations/scaled_motions/RSN0112_PGA_0p400g.npy
RSN0112_PGA_0p500g,RSN0112,Darfield (New Zealand),2010,Station_Darf_112,7.184526146963205,19.18470041930123,812.7361558156313,Strike-Slip,4.821668194635884,0.5,0.5,4.903325,1.1157369569175093,1.2151768740411986,5.1179555811716115,16.43,0.01,3748,37.47,/Users/rahul/seismoFNO/data/simulations/scaled_motions/RSN0112_PGA_0p500g.npy
RSN0112_PGA_0p600g,RSN0112,Darfield (New Zealand),2010,Station_Darf_112,7.184526146963205,19.18470041930123,812.7361558156313,Strike-Slip,5.786001833563061,0.6,0.6,5.88399,1.338884348301011,1.4582122488494422,7.369856036887137,16.43,0.01,3748,37.47,/Users/rahul/seismoFNO/data/simulations/scaled_motions/RSN0112_PGA_0p600g.npy
RSN0112_PGA_0p800g,RSN0112,Darfield (New Zealand),2010,Station_Darf_112,7.184526146963205,19.18470041930123,812.7361558156313,Strike-Slip,7.7146691114174155,0.8,0.8,7.84532,1.7851791310680156,1.944282998465923,13.101966287799401,16.43,0.01,3748,37.47,/Users/rahul/seismoFNO/data/simulations/scaled_motions/RSN0112_PGA_0p800g.npy
RSN0112_PGA_1p000g,RSN0112,Darfield (New Zealand),2010,Station_Darf_112,7.184526146963205,19.18470041930123,812.7361558156313,Strike-Slip,9.643336389271768,1.0,1.0,9.80665,2.2314739138350186,2.430353748082397,20.471822324686446,16.43,0.01,3748,37.47,/Users/rahul/seismoFNO/data/simulations/scaled_motions/RSN0112_PGA_1p000g.npy
RSN0112_PGA_1p200g,RSN0112,Darfield (New Zealand),2010,Station_Darf_112,7.184526146963205,19.18470041930123,812.7361558156313,Strike-Slip,11.572003667126122,1.2,1.2,11.76798,2.677768696602022,2.9164244976988845,29.47942414754855,16.43,0.01,3748,37.47,/Users/rahul/seismoFNO/data/simulations/scaled_motions/RSN0112_PGA_1p200g.npy
RSN0113_PGA_0p050g,RSN0113,Imperial Valley-06,1979,Station_Impe_113,6.657013144597444,3.0090735315726143,867.1744170562002,Strike-Slip,0.33992036955414134,0.05,0.05,0.4903325,0.0567169080799776,0.06487872221869519,0.021966554772107683,4.93,0.01,3326,33.25,/Users/rahul/seismoFNO/data/simulations/scaled_motions/RSN0113_PGA_0p050g.npy
RSN0113_PGA_0p100g,RSN0113,Imperial Valley-06,1979,Station_Impe_113,6.657013144597444,3.0090735315726143,867.1744170562002,Strike-Slip,0.6798407391082827,0.1,0.1,0.980665,0.1134338161599552,0.12975744443739037,0.08786621908843073,4.93,0.01,3326,33.25,/Users/rahul/seismoFNO/data/simulations/scaled_motions/RSN0113_PGA_0p100g.npy
RSN0113_PGA_0p200g,RSN0113,Imperial Valley-06,1979,Station_Impe_113,6.657013144597444,3.0090735315726143,867.1744170562002,Strike-Slip,1.3596814782165654,0.2,0.2,1.96133,0.2268676323199104,0.25951488887478075,0.3514648763537229,4.93,0.01,3326,33.25,/Users/rahul/seismoFNO/data/simulations/scaled_motions/RSN0113_PGA_0p200g.npy
RSN0113_PGA_0p300g,RSN0113,Imperial Valley-06,1979,Station_Impe_113,6.657013144597444,3.0090735315726143,867.1744170562002,Strike-Slip,2.039522217324848,0.3,0.30000000000000004,2.9419950000000004,0.34030144847986543,0.38927233331215916,0.7907959717958748,4.93,0.01,3326,33.25,/Users/rahul/seismoFNO/data/simulations/scaled_motions/RSN0113_PGA_0p300g.npy
RSN0113_PGA_0p400g,RSN0113,Imperial Valley-06,1979,Station_Impe_113,6.657013144597444,3.0090735315726143,867.1744170562002,Strike-Slip,2.7193629564331308,0.4,0.4,3.92266,0.4537352646398208,0.5190297777495615,1.4058595054148917,4.93,0.01,3326,33.25,/Users/rahul/seismoFNO/data/simulations/scaled_motions/RSN0113_PGA_0p400g.npy
RSN0113_PGA_0p500g,RSN0113,Imperial Valley-06,1979,Station_Impe_113,6.657013144597444,3.0090735315726143,867.1744170562002,Strike-Slip,3.3992036955414133,0.5,0.5,4.903325,0.5671690807997757,0.6487872221869415,2.1966554772107685,4.93,0.01,3326,33.25,/Users/rahul/seismoFNO/data/simulations/scaled_motions/RSN0113_PGA_0p500g.npy
RSN0113_PGA_0p600g,RSN0113,Imperial Valley-06,1979,Station_Impe_113,6.657013144597444,3.0090735315726143,867.1744170562002,Strike-Slip,4.079044434649696,0.6,0.6000000000000001,5.883990000000001,0.6806028969597309,0.7785446666243183,3.163183887183499,4.93,0.01,3326,33.25,/Users/rahul/seismoFNO/data/simulations/scaled_motions/RSN0113_PGA_0p600g.npy
RSN0113_PGA_0p800g,RSN0113,Imperial Valley-06,1979,Station_Impe_113,6.657013144597444,3.0090735315726143,867.1744170562002,Strike-Slip,5.4387259128662615,0.8,0.8,7.84532,0.9074705292796416,1.038059555499123,5.623438021659567,4.93,0.01,3326,33.25,/Users/rahul/seismoFNO/data/simulations/scaled_motions/RSN0113_PGA_0p800g.npy
RSN0113_PGA_1p000g,RSN0113,Imperial Valley-06,1979,Station_Impe_113,6.657013144597444,3.0090735315726143,867.1744170562002,Strike-Slip,6.798407391082827,1.0,1.0,9.80665,1.1343381615995514,1.297574444373883,8.786621908843074,4.93,0.01,3326,33.25,/Users/rahul/seismoFNO/data/simulations/scaled_motions/RSN0113_PGA_1p000g.npy
RSN0113_PGA_1p200g,RSN0113,Imperial Valley-06,1979,Station_Impe_113,6.657013144597444,3.0090735315726143,867.1744170562002,Strike-Slip,8.158088869299393,1.2,1.2000000000000002,11.767980000000001,1.3612057939194617,1.5570893332486366,12.652735548733997,4.93,0.01,3326,33.25,/Users/rahul/seismoFNO/data/simulations/scaled_motions/RSN0113_PGA_1p200g.npy
RSN0114_PGA_0p050g,RSN0114,Loma Prieta,1989,Station_Loma_114,7.002651532558318,50.55953739533055,410.87376334013095,Reverse-Oblique,0.9592732088532853,0.05,0.05,0.4903325,0.10208181157721194,0.6389655904162759,0.08005946657552646,23.490000000000002,0.01,3603,36.02,/Users/rahul/seismoFNO/data/simulations/scaled_motions/RSN0114_PGA_0p050g.npy
RSN0114_PGA_0p100g,RSN0114,Loma Prieta,1989,Station_Loma_114,7.002651532558318,50.55953739533055,410.87376334013095,Reverse-Oblique,1.9185464177065705,0.1,0.1,0.980665,0.20416362315442388,1.2779311808325517,0.3202378663021058,23.490000000000002,0.01,3603,36.02,/Users/rahul/seismoFNO/data/simulations/scaled_motions/RSN0114_PGA_0p100g.npy
RSN0114_PGA_0p200g,RSN0114,Loma Prieta,1989,Station_Loma_114,7.002651532558318,50.55953739533055,410.87376334013095,Reverse-Oblique,3.837092835413141,0.2,0.2,1.96133,0.40832724630884776,2.5558623616651035,1.2809514652084233,23.490000000000002,0.01,3603,36.02,/Users/rahul/seismoFNO/data/simulations/scaled_motions/RSN0114_PGA_0p200g.npy
RSN0114_PGA_0p300g,RSN0114,Loma Prieta,1989,Station_Loma_114,7.002651532558318,50.55953739533055,410.87376334013095,Reverse-Oblique,5.7556392531197105,0.3,0.3,2.941995,0.6124908694632715,3.8337935424976486,2.8821407967189545,23.490000000000002,0.01,3603,36.02,/Users/rahul/seismoFNO/data/simulations/scaled_motions/RSN0114_PGA_0p300g.npy
RSN0114_PGA_0p400g,RSN0114,Loma Prieta,1989,Station_Loma_114,7.002651532558318,50.55953739533055,410.87376334013095,Reverse-Oblique,7.674185670826282,0.4,0.4,3.92266,0.8166544926176955,5.111724723330207,5.123805860833693,23.490000000000002,0.01,3603,36.02,/Users/rahul/seismoFNO/data/simulations/scaled_motions/RSN0114_PGA_0p400g.npy
RSN0114_PGA_0p500g,RSN0114,Loma Prieta,1989,Station_Loma_114,7.002651532558318,50.55953739533055,410.87376334013095,Reverse-Oblique,9.592732088532852,0.5,0.5,4.903325,1.0208181157721203,6.389655904162771,8.005946657552629,23.490000000000002,0.01,3603,36.02,/Users/rahul/seismoFNO/data/simulations/scaled_motions/RSN0114_PGA_0p500g.npy
RSN0114_PGA_0p600g,RSN0114,Loma Prieta,1989,Station_Loma_114,7.002651532558318,50.55953739533055,410.87376334013095,Reverse-Oblique,11.511278506239421,0.6,0.6,5.88399,1.224981738926543,7.667587084995297,11.528563186875818,23.490000000000002,0.01,3603,36.02,/Users/rahul/seismoFNO/data/simulations/scaled_motions/RSN0114_PGA_0p600g.npy
RSN0114_PGA_0p800g,RSN0114,Loma Prieta,1989,Station_Loma_114,7.002651532558318,50.55953739533055,410.87376334013095,Reverse-Oblique,15.348371341652564,0.8,0.8,7.84532,1.633308985235391,10.223449446660414,20.495223443334773,23.490000000000002,0.01,3603,36.02,/Users/rahul/seismoFNO/data/simulations/scaled_motions/RSN0114_PGA_0p800g.npy
RSN0114_PGA_1p000g,RSN0114,Loma Prieta,1989,Station_Loma_114,7.002651532558318,50.55953739533055,410.87376334013095,Reverse-Oblique,19.185464177065704,1.0,1.0,9.80665,2.0416362315442407,12.779311808325541,32.023786630210516,23.490000000000002,0.01,3603,36.02,/Users/rahul/seismoFNO/data/simulations/scaled_motions/RSN0114_PGA_1p000g.npy
RSN0114_PGA_1p200g,RSN0114,Loma Prieta,1989,Station_Loma_114,7.002651532558318,50.55953739533055,410.87376334013095,Reverse-Oblique,23.022557012478842,1.2,1.2,11.76798,2.449963477853086,15.335174169990594,46.11425274750327,23.490000000000002,0.01,3603,36.02,/Users/rahul/seismoFNO/data/simulations/scaled_motions/RSN0114_PGA_1p200g.npy
RSN0115_PGA_0p050g,RSN0115,Northridge-01,1994,Station_Nort_115,6.47878178548219,29.38672251326469,304.30293242210547,Reverse,0.9184906311236499,0.05,0.05,0.4903325,0.06933160938526185,0.19239991643230056,0.050547675883464566,17.35,0.01,3183,31.82,/Users/rahul/seismoFNO/data/simulations/scaled_motions/RSN0115_PGA_0p050g.npy
RSN0115_PGA_0p100g,RSN0115,Northridge-01,1994,Station_Nort_115,6.47878178548219,29.38672251326469,304.30293242210547,Reverse,1.8369812622472999,0.1,0.1,0.980665,0.1386632187705237,0.3847998328646011,0.20219070353385826,17.35,0.01,3183,31.82,/Users/rahul/seismoFNO/data/simulations/scaled_motions/RSN0115_PGA_0p100g.npy
RSN0115_PGA_0p200g,RSN0115,Northridge-01,1994,Station_Nort_115,6.47878178548219,29.38672251326469,304.30293242210547,Reverse,3.6739625244945997,0.2,0.2,1.96133,0.2773264375410474,0.7695996657292022,0.808762814135433,17.35,0.01,3183,31.82,/Users/rahul/seismoFNO/data/simulations/scaled_motions/RSN0115_PGA_0p200g.npy
RSN0115_PGA_0p300g,RSN0115,Northridge-01,1994,Station_Nort_115,6.47878178548219,29.38672251326469,304.30293242210547,Reverse,5.510943786741899,0.3,0.3,2.941995,0.41598965631157125,1.1543994985938093,1.8197163318047191,17.35,0.01,3183,31.82,/Users/rahul/seismoFNO/data/simulations/scaled_motions/RSN0115_PGA_0p300g.npy
RSN0115_PGA_0p400g,RSN0115,Northridge-01,1994,Station_Nort_115,6.47878178548219,29.38672251326469,304.30293242210547,Reverse,7.347925048989199,0.4,0.4,3.92266,0.5546528750820948,1.5391993314584045,3.235051256541732,17.35,0.01,3183,31.82,/Users/rahul/seismoFNO/data/simulations/scaled_motions/RSN0115_PGA_0p400g.npy
RSN0115_PGA_0p500g,RSN0115,Northridge-01,1994,Station_Nort_115,6.47878178548219,29.38672251326469,304.30293242210547,Reverse,9.1849063112365,0.5,0.5,4.903325,0.6933160938526186,1.9239991643230163,5.0547675883464755,17.35,0.01,3183,31.82,/Users/rahul/seismoFNO/data/simulations/scaled_motions/RSN0115_PGA_0p500g.npy
RSN0115_PGA_0p600g,RSN0115,Northridge-01,1994,Station_Nort_115,6.47878178548219,29.38672251326469,304.30293242210547,Reverse,11.021887573483799,0.6,0.6,5.88399,0.8319793126231425,2.3087989971876186,7.278865327218877,17.35,0.01,3183,31.82,/Users/rahul/seismoFNO/data/simulations/scaled_motions/RSN0115_PGA_0p600g.npy
RSN0115_PGA_0p800g,RSN0115,Northridge-01,1994,Station_Nort_115,6.47878178548219,29.38672251326469,304.30293242210547,Reverse,14.695850097978399,0.8,0.8,7.84532,1.1093057501641896,3.078398662916809,12.940205026166929,17.35,0.01,3183,31.82,/Users/rahul/seismoFNO/data/simulations/scaled_motions/RSN0115_PGA_0p800g.npy
RSN0115_PGA_1p000g,RSN0115,Northridge-01,1994,Station_Nort_115,6.47878178548219,29.38672251326469,304.30293242210547,Reverse,18.369812622473,1.0,1.0,9.80665,1.3866321877052372,3.8479983286460326,20.219070353385902,17.35,0.01,3183,31.82,/Users/rahul/seismoFNO/data/simulations/scaled_motions/RSN0115_PGA_1p000g.npy
RSN0115_PGA_1p200g,RSN0115,Northridge-01,1994,Station_Nort_115,6.47878178548219,29.38672251326469,304.30293242210547,Reverse,22.043775146967597,1.2,1.2,11.76798,1.663958625246285,4.617597994375237,29.115461308875506,17.35,0.01,3183,31.82,/Users/rahul/seismoFNO/data/simulations/scaled_motions/RSN0115_PGA_1p200g.npy
RSN0116_PGA_0p050g,RSN0116,Kobe (Hyogo-ken Nanbu),1995,Station_Kobe_116,6.933987556213961,23.381692885480625,438.14950135288296,Strike-Slip,0.6203571497653104,0.05,0.05000000000000001,0.49033250000000006,0.09925957457490196,0.14573499030553344,0.06020524260132791,16.71,0.01,3548,35.47,/Users/rahul/seismoFNO/data/simulations/scaled_motions/RSN0116_PGA_0p050g.npy
RSN0116_PGA_0p100g,RSN0116,Kobe (Hyogo-ken Nanbu),1995,Station_Kobe_116,6.933987556213961,23.381692885480625,438.14950135288296,Strike-Slip,1.2407142995306208,0.1,0.10000000000000002,0.9806650000000001,0.19851914914980393,0.2914699806110669,0.24082097040531164,16.71,0.01,3548,35.47,/Users/rahul/seismoFNO/data/simulations/scaled_motions/RSN0116_PGA_0p100g.npy
RSN0116_PGA_0p200g,RSN0116,Kobe (Hyogo-ken Nanbu),1995,Station_Kobe_116,6.933987556213961,23.381692885480625,438.14950135288296,Strike-Slip,2.4814285990612417,0.2,0.20000000000000004,1.9613300000000002,0.39703829829960785,0.5829399612221338,0.9632838816212466,16.71,0.01,3548,35.47,/Users/rahul/seismoFNO/data/simulations/scaled_motions/RSN0116_PGA_0p200g.npy
RSN0116_PGA_0p300g,RSN0116,Kobe (Hyogo-ken Nanbu),1995,Station_Kobe_116,6.933987556213961,23.381692885480625,438.14950135288296,Strike-Slip,3.722142898591862,0.3,0.3,2.941995,0.5955574474494117,0.8744099418332152,2.1673887336477984,16.71,0.01,3548,35.47,/Users/rahul/seismoFNO/data/simulations/scaled_motions/RSN0116_PGA_0p300g.npy
RSN0116_PGA_0p400g,RSN0116,Kobe (Hyogo-ken Nanbu),1995,Station_Kobe_116,6.933987556213961,23.381692885480625,438.14950135288296,Strike-Slip,4.962857198122483,0.4,0.4000000000000001,3.9226600000000005,0.7940765965992157,1.1658799224442675,3.8531355264849863,16.71,0.01,3548,35.47,/Users/rahul/seismoFNO/data/simulations/scaled_motions/RSN0116_PGA_0p400g.npy
RSN0116_PGA_0p500g,RSN0116,Kobe (Hyogo-ken Nanbu),1995,Station_Kobe_116,6.933987556213961,23.381692885480625,438.14950135288296,Strike-Slip,6.203571497653104,0.5,0.5,4.903325,0.9925957457490204,1.457349903055384,6.020524260132762,16.71,0.01,3548,35.47,/Users/rahul/seismoFNO/data/simulations/scaled_motions/RSN0116_PGA_0p500g.npy
RSN0116_PGA_0p600g,RSN0116,Kobe (Hyogo-ken Nanbu),1995,Station_Kobe_116,6.933987556213961,23.381692885480625,438.14950135288296,Strike-Slip,7.444285797183724,0.6,0.6,5.88399,1.1911148948988235,1.7488198836664304,8.669554934591194,16.71,0.01,3548,35.47,/Users/rahul/seismoFNO/data/simulations/scaled_motions/RSN0116_PGA_0p600g.npy
RSN0116_PGA_0p800g,RSN0116,Kobe (Hyogo-ken Nanbu),1995,Station_Kobe_116,6.933987556213961,23.381692885480625,438.14950135288296,Strike-Slip,9.925714396244967,0.8,0.8000000000000002,7.845320000000001,1.5881531931984314,2.331759844888535,15.412542105939945,16.71,0.01,3548,35.47,/Users/rahul/seismoFNO/data/simulations/scaled_motions/RSN0116_PGA_0p800g.npy
RSN0116_PGA_1p000g,RSN0116,Kobe (Hyogo-ken Nanbu),1995,Station_Kobe_116,6.933987556213961,23.381692885480625,438.14950135288296,Strike-Slip,12.407142995306208,1.0,1.0,9.80665,1.9851914914980409,2.914699806110768,24.08209704053105,16.71,0.01,3548,35.47,/Users/rahul/seismoFNO/data/simulations/scaled_motions/RSN0116_PGA_1p000g.npy
RSN0116_PGA_1p200g,RSN0116,Kobe (Hyogo-ken Nanbu),1995,Station_Kobe_116,6.933987556213961,23.381692885480625,438.14950135288296,Strike-Slip,14.888571594367448,1.2,1.2,11.76798,2.382229789797647,3.4976397673328607,34.678219738364774,16.71,0.01,3548,35.47,/Users/rahul/seismoFNO/data/simulations/scaled_motions/RSN0116_PGA_1p200g.npy
RSN0117_PGA_0p050g,RSN0117,Chi-Chi (Taiwan-01),1999,Station_Chi-_117,7.649812238384065,40.01353626413179,239.99346955484606,Reverse,0.566754053828877,0.05,0.049999999999999996,0.49033249999999995,0.1545780499741144,1.0842460649249657,0.0680912092097354,25.87,0.01,4121,41.2,/Users/rahul/seismoFNO/data/simulations/scaled_motions/RSN0117_PGA_0p050g.npy
RSN0117_PGA_0p100g,RSN0117,Chi-Chi (Taiwan-01),1999,Station_Chi-_117,7.649812238384065,40.01353626413179,239.99346955484606,Reverse,1.133508107657754,0.1,0.09999999999999999,0.9806649999999999,0.3091560999482288,2.1684921298499313,0.2723648368389416,25.87,0.01,4121,41.2,/Users/rahul/seismoFNO/data/simulations/scaled_motions/RSN0117_PGA_0p100g.npy
RSN0117_PGA_0p200g,RSN0117,Chi-Chi (Taiwan-01),1999,Station_Chi-_117,7.649812238384065,40.01353626413179,239.99346955484606,Reverse,2.267016215315508,0.2,0.19999999999999998,1.9613299999999998,0.6183121998964576,4.336984259699863,1.0894593473557663,25.87,0.01,4121,41.2,/Users/rahul/seismoFNO/data/simulations/scaled_motions/RSN0117_PGA_0p200g.npy
RSN0117_PGA_0p300g,RSN0117,Chi-Chi (Taiwan-01),1999,Station_Chi-_117,7.649812238384065,40.01353626413179,239.99346955484606,Reverse,3.400524322973262,0.3,0.3,2.941995,0.927468299844687,6.505476389549833,2.4512835315504717,25.87,0.01,4121,41.2,/Users/rahul/seismoFNO/data/simulations/scaled_motions/RSN0117_PGA_0p300g.npy
RSN0117_PGA_0p400g,RSN0117,Chi-Chi (Taiwan-01),1999,Station_Chi-_117,7.649812238384065,40.01353626413179,239.99346955484606,Reverse,4.534032430631016,0.4,0.39999999999999997,3.9226599999999996,1.2366243997929152,8.673968519399725,4.357837389423065,25.87,0.01,4121,41.2,/Users/rahul/seismoFNO/data/simulations/scaled_motions/RSN0117_PGA_0p400g.npy
RSN0117_PGA_0p500g,RSN0117,Chi-Chi (Taiwan-01),1999,Station_Chi-_117,7.649812238384065,40.01353626413179,239.99346955484606,Reverse,5.66754053828877,0.5,0.49999999999999994,4.903324999999999,1.5457804997411444,10.84246064924975,6.809120920973523,25.87,0.01,4121,41.2,/Users/rahul/seismoFNO/data/simulations/scaled_motions/RSN0117_PGA_0p500g.npy
RSN0117_PGA_0p600g,RSN0117,Chi-Chi (Taiwan-01),1999,Station_Chi-_117,7.649812238384065,40.01353626413179,239.99346955484606,Reverse,6.801048645946524,0.6,0.6,5.88399,1.854936599689374,13.010952779099666,9.805134126201887,25.87,0.01,4121,41.2,/Users/rahul/seismoFNO/data/simulations/scaled_motions/RSN0117_PGA_0p600g.npy
RSN0117_PGA_0p800g,RSN0117,Chi-Chi (Taiwan-01),1999,Station_Chi-_117,7.649812238384065,40.01353626413179,239.99346955484606,Reverse,9.068064861262032,0.8,0.7999999999999999,7.845319999999999,2.4732487995858303,17.34793703879945,17.43134955769226,25.87,0.01,4121,41.2,/Users/rahul/seismoFNO/data/simulations/scaled_motions/RSN0117_PGA_0p800g.npy
RSN0117_PGA_1p000g,RSN0117,Chi-Chi (Taiwan-01),1999,Station_Chi-_117,7.649812238384065,40.01353626413179,239.99346955484606,Reverse,11.33508107657754,1.0,0.9999999999999999,9.806649999999998,3.091560999482289,21.6849212984995,27.236483683894093,25.87,0.01,4121,41.2,/Users/rahul/seismoFNO/data/simulations/scaled_motions/RSN0117_PGA_1p000g.npy
RSN0117_PGA_1p200g,RSN0117,Chi-Chi (Taiwan-01),1999,Station_Chi-_117,7.649812238384065,40.01353626413179,239.99346955484606,Reverse,13.602097291893047,1.2,1.2,11.76798,3.709873199378748,26.021905558199332,39.22053650480755,25.87,0.01,4121,41.2,/Users/rahul/seismoFNO/data/simulations/scaled_motions/RSN0117_PGA_1p200g.npy
RSN0118_PGA_0p050g,RSN0118,Kocaeli (Turkey),1999,Station_Koca_118,7.514536764387692,64.841666837047,162.82492107810685,Strike-Slip,0.8463150504996894,0.05,0.05,0.4903325,0.23716760718355345,0.9608168704720959,0.10785891104336218,25.5,0.01,4012,40.11,/Users/rahul/seismoFNO/data/simulations/scaled_motions/RSN0118_PGA_0p050g.npy
RSN0118_PGA_0p100g,RSN0118,Kocaeli (Turkey),1999,Station_Koca_118,7.514536764387692,64.841666837047,162.82492107810685,Strike-Slip,1.6926301009993787,0.1,0.1,0.980665,0.4743352143671069,1.9216337409441917,0.4314356441734487,25.5,0.01,4012,40.11,/Users/rahul/seismoFNO/data/simulations/scaled_motions/RSN0118_PGA_0p100g.npy
RSN0118_PGA_0p200g,RSN0118,Kocaeli (Turkey),1999,Station_Koca_118,7.514536764387692,64.841666837047,162.82492107810685,Strike-Slip,3.3852602019987574,0.2,0.2,1.96133,0.9486704287342138,3.8432674818883834,1.7257425766937948,25.5,0.01,4012,40.11,/Users/rahul/seismoFNO/data/simulations/scaled_motions/RSN0118_PGA_0p200g.npy
RSN0118_PGA_0p300g,RSN0118,Kocaeli (Turkey),1999,Station_Koca_118,7.514536764387692,64.841666837047,162.82492107810685,Strike-Slip,5.077890302998136,0.3,0.3,2.941995,1.4230056431013214,5.764901222832573,3.882920797561041,25.5,0.01,4012,40.11,/Users/rahul/seismoFNO/data/simulations/scaled_motions/RSN0118_PGA_0p300g.npy
RSN0118_PGA_0p400g,RSN0118,Kocaeli (Turkey),1999,Station_Koca_118,7.514536764387692,64.841666837047,162.82492107810685,Strike-Slip,6.770520403997515,0.4,0.4,3.92266,1.8973408574684276,7.686534963776767,6.902970306775179,25.5,0.01,4012,40.11,/Users/rahul/seismoFNO/data/simulations/scaled_motions/RSN0118_PGA_0p400g.npy
RSN0118_PGA_0p500g,RSN0118,Kocaeli (Turkey),1999,Station_Koca_118,7.514536764387692,64.841666837047,162.82492107810685,Strike-Slip,8.463150504996893,0.5,0.5,4.903325,2.3716760718355365,9.60816870472094,10.785891104336221,25.5,0.01,4012,40.11,/Users/rahul/seismoFNO/data/simulations/scaled_motions/RSN0118_PGA_0p500g.npy
RSN0118_PGA_0p600g,RSN0118,Kocaeli (Turkey),1999,Station_Koca_118,7.514536764387692,64.841666837047,162.82492107810685,Strike-Slip,10.155780605996272,0.6,0.6,5.88399,2.8460112862026428,11.529802445665146,15.531683190244165,25.5,0.01,4012,40.11,/Users/rahul/seismoFNO/data/simulations/scaled_motions/RSN0118_PGA_0p600g.npy
RSN0118_PGA_0p800g,RSN0118,Kocaeli (Turkey),1999,Station_Koca_118,7.514536764387692,64.841666837047,162.82492107810685,Strike-Slip,13.54104080799503,0.8,0.8,7.84532,3.7946817149368552,15.373069927553534,27.611881227100717,25.5,0.01,4012,40.11,/Users/rahul/seismoFNO/data/simulations/scaled_motions/RSN0118_PGA_0p800g.npy
RSN0118_PGA_1p000g,RSN0118,Kocaeli (Turkey),1999,Station_Koca_118,7.514536764387692,64.841666837047,162.82492107810685,Strike-Slip,16.926301009993786,1.0,1.0,9.80665,4.743352143671073,19.21633740944188,43.143564417344884,25.5,0.01,4012,40.11,/Users/rahul/seismoFNO/data/simulations/scaled_motions/RSN0118_PGA_1p000g.npy
RSN0118_PGA_1p200g,RSN0118,Kocaeli (Turkey),1999,Station_Koca_118,7.514536764387692,64.841666837047,162.82492107810685,Strike-Slip,20.311561211992544,1.2,1.2,11.76798,5.6920225724052855,23.05960489133029,62.12673276097666,25.5,0.01,4012,40.11,/Users/rahul/seismoFNO/data/simulations/scaled_motions/RSN0118_PGA_1p200g.npy
RSN0119_PGA_0p050g,RSN0119,Landers,1992,Station_Land_119,7.183879100556337,43.69657957516596,884.2640951894479,Strike-Slip,0.788569908324566,0.05,0.05,0.4903325,0.13820558712869613,0.31122902013829234,0.10092813921218856,24.07,0.01,3748,37.47,/Users/rahul/seismoFNO/data/simulations/scaled_motions/RSN0119_PGA_0p050g.npy
RSN0119_PGA_0p100g,RSN0119,Landers,1992,Station_Land_119,7.183879100556337,43.69657957516596,884.2640951894479,Strike-Slip,1.577139816649132,0.1,0.1,0.980665,0.27641117425739226,0.6224580402765847,0.40371255684875423,24.07,0.01,3748,37.47,/Users/rahul/seismoFNO/data/simulations/scaled_motions/RSN0119_PGA_0p100g.npy
RSN0119_PGA_0p200g,RSN0119,Landers,1992,Station_Land_119,7.183879100556337,43.69657957516596,884.2640951894479,Strike-Slip,3.154279633298264,0.2,0.2,1.96133,0.5528223485147845,1.2449160805531694,1.614850227395017,24.07,0.01,3748,37.47,/Users/rahul/seismoFNO/data/simulations/scaled_motions/RSN0119_PGA_0p200g.npy
RSN0119_PGA_0p300g,RSN0119,Landers,1992,Station_Land_119,7.183879100556337,43.69657957516596,884.2640951894479,Strike-Slip,4.731419449947396,0.3,0.3,2.941995,0.8292335227721767,1.8673741208297587,3.633413011638791,24.07,0.01,3748,37.47,/Users/rahul/seismoFNO/data/simulations/scaled_motions/RSN0119_PGA_0p300g.npy
RSN0119_PGA_0p400g,RSN0119,Landers,1992,Station_Land_119,7.183879100556337,43.69657957516596,884.2640951894479,Strike-Slip,6.308559266596528,0.4,0.4,3.92266,1.105644697029569,2.4898321611063388,6.459400909580068,24.07,0.01,3748,37.47,/Users/rahul/seismoFNO/data/simulations/scaled_motions/RSN0119_PGA_0p400g.npy
RSN0119_PGA_0p500g,RSN0119,Landers,1992,Station_Land_119,7.183879100556337,43.69657957516596,884.2640951894479,Strike-Slip,7.885699083245659,0.5,0.5,4.903325,1.3820558712869597,3.1122902013829328,10.092813921218857,24.07,0.01,3748,37.47,/Users/rahul/seismoFNO/data/simulations/scaled_motions/RSN0119_PGA_0p500g.npy
RSN0119_PGA_0p600g,RSN0119,Landers,1992,Station_Land_119,7.183879100556337,43.69657957516596,884.2640951894479,Strike-Slip,9.462838899894791,0.6,0.6,5.88399,1.6584670455443533,3.7347482416595175,14.533652046555163,24.07,0.01,3748,37.47,/Users/rahul/seismoFNO/data/simulations/scaled_motions/RSN0119_PGA_0p600g.npy
RSN0119_PGA_0p800g,RSN0119,Landers,1992,Station_Land_119,7.183879100556337,43.69657957516596,884.2640951894479,Strike-Slip,12.617118533193056,0.8,0.8,7.84532,2.211289394059138,4.9796643222126775,25.83760363832027,24.07,0.01,3748,37.47,/Users/rahul/seismoFNO/data/simulations/scaled_motions/RSN0119_PGA_0p800g.npy
RSN0119_PGA_1p000g,RSN0119,Landers,1992,Station_Land_119,7.183879100556337,43.69657957516596,884.2640951894479,Strike-Slip,15.771398166491318,1.0,1.0,9.80665,2.7641117425739195,6.2245804027658655,40.37125568487543,24.07,0.01,3748,37.47,/Users/rahul/seismoFNO/data/simulations/scaled_motions/RSN0119_PGA_1p000g.npy
RSN0119_PGA_1p200g,RSN0119,Landers,1992,Station_Land_119,7.183879100556337,43.69657957516596,884.2640951894479,Strike-Slip,18.925677799789582,1.2,1.2,11.76798,3.3169340910887066,7.469496483319035,58.13460818622065,24.07,0.01,3748,37.47,/Users/rahul/seismoFNO/data/simulations/scaled_motions/RSN0119_PGA_1p200g.npy
RSN0120_PGA_0p050g,RSN0120,San Fernando,1971,Station_San _120,6.529879283012563,24.06991124105552,465.5687589864287,Reverse,0.8006623779694413,0.05,0.05,0.4903325,0.06819764847165158,0.056792341492179266,0.03171136310890231,16.44,0.01,3225,32.24,/Users/rahul/seismoFNO/data/simulations/scaled_motions/RSN0120_PGA_0p050g.npy
RSN0120_PGA_0p100g,RSN0120,San Fernando,1971,Station_San _120,6.529879283012563,24.06991124105552,465.5687589864287,Reverse,1.6013247559388826,0.1,0.1,0.980665,0.13639529694330316,0.11358468298435853,0.12684545243560924,16.44,0.01,3225,32.24,/Users/rahul/seismoFNO/data/simulations/scaled_motions/RSN0120_PGA_0p100g.npy
RSN0120_PGA_0p200g,RSN0120,San Fernando,1971,Station_San _120,6.529879283012563,24.06991124105552,465.5687589864287,Reverse,3.202649511877765,0.2,0.2,1.96133,0.2727905938866063,0.22716936596871706,0.507381809742437,16.44,0.01,3225,32.24,/Users/rahul/seismoFNO/data/simulations/scaled_motions/RSN0120_PGA_0p200g.npy
RSN0120_PGA_0p300g,RSN0120,San Fernando,1971,Station_San _120,6.529879283012563,24.06991124105552,465.5687589864287,Reverse,4.803974267816647,0.3,0.3,2.941995,0.4091858908299093,0.34075404895307676,1.141609071920482,16.44,0.01,3225,32.24,/Users/rahul/seismoFNO/data/simulations/scaled_motions/RSN0120_PGA_0p300g.npy
RSN0120_PGA_0p400g,RSN0120,San Fernando,1971,Station_San _120,6.529879283012563,24.06991124105552,465.5687589864287,Reverse,6.40529902375553,0.4,0.4,3.92266,0.5455811877732126,0.4543387319374341,2.029527238969748,16.44,0.01,3225,32.24,/Users/rahul/seismoFNO/data/simulations/scaled_motions/RSN0120_PGA_0p400g.npy
RSN0120_PGA_0p500g,RSN0120,San Fernando,1971,Station_San _120,6.529879283012563,24.06991124105552,465.5687589864287,Reverse,8.006623779694413,0.5,0.5,4.903325,0.6819764847165161,0.567923414921794,3.171136310890228,16.44,0.01,3225,32.24,/Users/rahul/seismoFNO/data/simulations/scaled_motions/RSN0120_PGA_0p500g.npy
RSN0120_PGA_0p600g,RSN0120,San Fernando,1971,Station_San _120,6.529879283012563,24.06991124105552,465.5687589864287,Reverse,9.607948535633295,0.6,0.6,5.88399,0.8183717816598186,0.6815080979061535,4.566436287681928,16.44,0.01,3225,32.24,/Users/rahul/seismoFNO/data/simulations/scaled_motions/RSN0120_PGA_0p600g.npy
RSN0120_PGA_0p800g,RSN0120,San Fernando,1971,Station_San _120,6.529879283012563,24.06991124105552,465.5687589864287,Reverse,12.81059804751106,0.8,0.8,7.84532,1.0911623755464253,0.9086774638748683,8.118108955878991,16.44,0.01,3225,32.24,/Users/rahul/seismoFNO/data/simulations/scaled_motions/RSN0120_PGA_0p800g.npy
RSN0120_PGA_1p000g,RSN0120,San Fernando,1971,Station_San _120,6.529879283012563,24.06991124105552,465.5687589864287,Reverse,16.013247559388827,1.0,1.0,9.80665,1.3639529694330321,1.135846829843588,12.684545243560912,16.44,0.01,3225,32.24,/Users/rahul/seismoFNO/data/simulations/scaled_motions/RSN0120_PGA_1p000g.npy
RSN0120_PGA_1p200g,RSN0120,San Fernando,1971,Station_San _120,6.529879283012563,24.06991124105552,465.5687589864287,Reverse,19.21589707126659,1.2,1.2,11.76798,1.6367435633196372,1.363016195812307,18.265745150727714,16.44,0.01,3225,32.24,/Users/rahul/seismoFNO/data/simulations/scaled_motions/RSN0120_PGA_1p200g.npy
