sim_id,file_path,record_id,earthquake_id,pga_g,scale_factor,struct_id,n_stories,T1_s,T2_s,material_type,yield_drift_ratio,peak_roof_disp_m,peak_roof_accel_g,max_interstory_drift_ratio,total_hysteretic_energy_J,partition
0,data/simulations/mdof/sim_000000.npz,RSN0001_PGA_0p050g,RSN0001,0.05,0.3310179018338407,3S_T035,3,0.3499999999999998,0.1249135537622733,elastic,0.004,0.0003083139394551,0.0114918636743704,4.750142223137624e-05,0.0296238393135325,train
1,data/simulations/mdof/sim_000001.npz,RSN0001_PGA_0p050g,RSN0001,0.05,0.3310179018338407,3S_T035,3,0.3499999999999998,0.1249135537622733,bilinear,0.004,0.0003083139394551,0.0114918636743704,4.75014222313762e-05,0.0296238393135324,train
2,data/simulations/mdof/sim_000002.npz,RSN0001_PGA_0p050g,RSN0001,0.05,0.3310179018338407,3S_T035,3,0.3499999999999998,0.1249135537622733,bilinear,0.007,0.0003083139394551,0.0114918636743704,4.75014222313762e-05,0.0296238393135324,train
3,data/simulations/mdof/sim_000003.npz,RSN0001_PGA_0p050g,RSN0001,0.05,0.3310179018338407,3S_T060,3,0.6,0.2141375207353256,elastic,0.004,0.0012215959807996,0.0135887439304324,0.0001655586602206,0.1804902959401525,train
4,data/simulations/mdof/sim_000004.npz,RSN0001_PGA_0p050g,RSN0001,0.05,0.3310179018338407,3S_T060,3,0.6,0.2141375207353256,bilinear,0.004,0.0012215959807996,0.0135887439304324,0.0001655586602206,0.1804902959401522,train
5,data/simulations/mdof/sim_000005.npz,RSN0001_PGA_0p050g,RSN0001,0.05,0.3310179018338407,3S_T060,3,0.6,0.2141375207353256,bilinear,0.007,0.0012215959807996,0.0135887439304324,0.0001655586602206,0.1804902959401522,train
6,data/simulations/mdof/sim_000006.npz,RSN0001_PGA_0p050g,RSN0001,0.05,0.3310179018338407,3S_T090,3,0.9,0.3212062811029884,elastic,0.004,0.0022421615722093,0.0157689901597807,0.0002873516143713,0.3637990323725931,train
7,data/simulations/mdof/sim_000007.npz,RSN0001_PGA_0p050g,RSN0001,0.05,0.3310179018338407,3S_T090,3,0.9,0.3212062811029884,bilinear,0.004,0.0022421615722093,0.0157689901597808,0.0002873516143713,0.3637990323725922,id_test
8,data/simulations/mdof/sim_000008.npz,RSN0001_PGA_0p050g,RSN0001,0.05,0.3310179018338407,3S_T090,3,0.9,0.3212062811029884,bilinear,0.007,0.0022421615722093,0.0157689901597808,0.0002873516143713,0.3637990323725922,train
9,data/simulations/mdof/sim_000009.npz,RSN0001_PGA_0p050g,RSN0001,0.05,0.3310179018338407,5S_T055,5,0.5499999999999999,0.1884215991249005,elastic,0.004,0.0009696196888392,0.0132782498588775,9.560485784930056e-05,0.1778013462389744,train
10,data/simulations/mdof/sim_000010.npz,RSN0001_PGA_0p050g,RSN0001,0.05,0.3310179018338407,5S_T055,5,0.5499999999999999,0.1884215991249005,bilinear,0.004,0.0009696196888392,0.0132782498588776,9.560485784930068e-05,0.1778013462389749,train
11,data/simulations/mdof/sim_000011.npz,RSN0001_PGA_0p050g,RSN0001,0.05,0.3310179018338407,5S_T055,5,0.5499999999999999,0.1884215991249005,bilinear,0.007,0.0009696196888392,0.0132782498588776,9.560485784930068e-05,0.1778013462389749,train
12,data/simulations/mdof/sim_000012.npz,RSN0001_PGA_0p050g,RSN0001,0.05,0.3310179018338407,5S_T085,5,0.8499999999999999,0.2911970168293918,elastic,0.004,0.0023381489753151,0.017248081354997,0.0001924610351781,0.4970273485961354,train
13,data/simulations/mdof/sim_000013.npz,RSN0001_PGA_0p050g,RSN0001,0.05,0.3310179018338407,5S_T085,5,0.8499999999999999,0.2911970168293918,bilinear,0.004,0.0023381489753151,0.017248081354997,0.0001924610351781,0.4970273485961373,train
14,data/simulations/mdof/sim_000014.npz,RSN0001_PGA_0p050g,RSN0001,0.05,0.3310179018338407,5S_T085,5,0.8499999999999999,0.2911970168293918,bilinear,0.007,0.0023381489753151,0.017248081354997,0.0001924610351781,0.4970273485961373,train
15,data/simulations/mdof/sim_000015.npz,RSN0001_PGA_0p050g,RSN0001,0.05,0.3310179018338407,5S_T120,5,1.2000000000000008,0.4111016708179651,elastic,0.004,0.0029051694047856,0.0121043858621861,0.0002324178670168,0.485379955061327,ood_b
16,data/simulations/mdof/sim_000016.npz,RSN0001_PGA_0p050g,RSN0001,0.05,0.3310179018338407,5S_T120,5,1.2000000000000008,0.4111016708179651,bilinear,0.004,0.0029051694047856,0.0121043858621862,0.0002324178670168,0.4853799550613272,ood_b
17,data/simulations/mdof/sim_000017.npz,RSN0001_PGA_0p050g,RSN0001,0.05,0.3310179018338407,5S_T120,5,1.2000000000000008,0.4111016708179651,bilinear,0.007,0.0029051694047856,0.0121043858621862,0.0002324178670168,0.4853799550613272,ood_b
18,data/simulations/mdof/sim_000018.npz,RSN0001_PGA_0p100g,RSN0001,0.1,0.6620358036676814,3S_T035,3,0.3499999999999998,0.1249135537622733,elastic,0.004,0.0006166278789103,0.0229837273487408,9.500284446275247e-05,0.1184953572541303,train
19,data/simulations/mdof/sim_000019.npz,RSN0001_PGA_0p100g,RSN0001,0.1,0.6620358036676814,3S_T035,3,0.3499999999999998,0.1249135537622733,bilinear,0.004,0.0006166278789103,0.0229837273487408,9.50028444627524e-05,0.1184953572541299,train
20,data/simulations/mdof/sim_000020.npz,RSN0001_PGA_0p100g,RSN0001,0.1,0.6620358036676814,3S_T035,3,0.3499999999999998,0.1249135537622733,bilinear,0.007,0.0006166278789103,0.0229837273487408,9.50028444627524e-05,0.1184953572541299,train
21,data/simulations/mdof/sim_000021.npz,RSN0001_PGA_0p100g,RSN0001,0.1,0.6620358036676814,3S_T060,3,0.6,0.2141375207353256,elastic,0.004,0.0024431919615993,0.0271774878608648,0.0003311173204413,0.7219611837606101,train
22,data/simulations/mdof/sim_000022.npz,RSN0001_PGA_0p100g,RSN0001,0.1,0.6620358036676814,3S_T060,3,0.6,0.2141375207353256,bilinear,0.004,0.0024431919615993,0.0271774878608649,0.0003311173204413,0.721961183760609,train
23,data/simulations/mdof/sim_000023.npz,RSN0001_PGA_0p100g,RSN0001,0.1,0.6620358036676814,3S_T060,3,0.6,0.2141375207353256,bilinear,0.007,0.0024431919615993,0.0271774878608649,0.0003311173204413,0.721961183760609,train
24,data/simulations/mdof/sim_000024.npz,RSN0001_PGA_0p100g,RSN0001,0.1,0.6620358036676814,3S_T090,3,0.9,0.3212062811029884,elastic,0.004,0.0044843231444187,0.0315379803195615,0.0005747032287426,1.4551961294903724,train
25,data/simulations/mdof/sim_000025.npz,RSN0001_PGA_0p100g,RSN0001,0.1,0.6620358036676814,3S_T090,3,0.9,0.3212062811029884,bilinear,0.004,0.0044843231444187,0.0315379803195616,0.0005747032287426,1.4551961294903688,train
26,data/simulations/mdof/sim_000026.npz,RSN0001_PGA_0p100g,RSN0001,0.1,0.6620358036676814,3S_T090,3,0.9,0.3212062811029884,bilinear,0.007,0.0044843231444187,0.0315379803195616,0.0005747032287426,1.4551961294903688,id_test
27,data/simulations/mdof/sim_000027.npz,RSN0001_PGA_0p100g,RSN0001,0.1,0.6620358036676814,5S_T055,5,0.5499999999999999,0.1884215991249005,elastic,0.004,0.0019392393776785,0.0265564997177551,0.0001912097156986,0.7112053849558979,train
28,data/simulations/mdof/sim_000028.npz,RSN0001_PGA_0p100g,RSN0001,0.1,0.6620358036676814,5S_T055,5,0.5499999999999999,0.1884215991249005,bilinear,0.004,0.0019392393776785,0.0265564997177552,0.0001912097156986,0.7112053849558997,train
29,data/simulations/mdof/sim_000029.npz,RSN0001_PGA_0p100g,RSN0001,0.1,0.6620358036676814,5S_T055,5,0.5499999999999999,0.1884215991249005,bilinear,0.007,0.0019392393776785,0.0265564997177552,0.0001912097156986,0.7112053849558997,train
30,data/simulations/mdof/sim_000030.npz,RSN0001_PGA_0p100g,RSN0001,0.1,0.6620358036676814,5S_T085,5,0.8499999999999999,0.2911970168293918,elastic,0.004,0.0046762979506302,0.034496162709994,0.0003849220703563,1.9881093943845416,train
31,data/simulations/mdof/sim_000031.npz,RSN0001_PGA_0p100g,RSN0001,0.1,0.6620358036676814,5S_T085,5,0.8499999999999999,0.2911970168293918,bilinear,0.004,0.0046762979506302,0.034496162709994,0.0003849220703563,1.9881093943845496,train
32,data/simulations/mdof/sim_000032.npz,RSN0001_PGA_0p100g,RSN0001,0.1,0.6620358036676814,5S_T085,5,0.8499999999999999,0.2911970168293918,bilinear,0.007,0.0046762979506302,0.034496162709994,0.0003849220703563,1.9881093943845496,train
33,data/simulations/mdof/sim_000033.npz,RSN0001_PGA_0p100g,RSN0001,0.1,0.6620358036676814,5S_T120,5,1.2000000000000008,0.4111016708179651,elastic,0.004,0.0058103388095713,0.0242087717243723,0.0004648357340336,1.941519820245308,ood_b
34,data/simulations/mdof/sim_000034.npz,RSN0001_PGA_0p100g,RSN0001,0.1,0.6620358036676814,5S_T120,5,1.2000000000000008,0.4111016708179651,bilinear,0.004,0.0058103388095714,0.0242087717243722,0.0004648357340336,1.9415198202453077,ood_b
35,data/simulations/mdof/sim_000035.npz,RSN0001_PGA_0p100g,RSN0001,0.1,0.6620358036676814,5S_T120,5,1.2000000000000008,0.4111016708179651,bilinear,0.007,0.0058103388095714,0.0242087717243722,0.0004648357340336,1.9415198202453077,ood_b
36,data/simulations/mdof/sim_000036.npz,RSN0001_PGA_0p200g,RSN0001,0.2,1.3240716073353629,3S_T035,3,0.3499999999999998,0.1249135537622733,elastic,0.004,0.0012332557578207,0.0459674546974817,0.0001900056889255,0.4739814290165215,train
37,data/simulations/mdof/sim_000037.npz,RSN0001_PGA_0p200g,RSN0001,0.2,1.3240716073353629,3S_T035,3,0.3499999999999998,0.1249135537622733,bilinear,0.004,0.0012332557578207,0.0459674546974816,0.0001900056889255,0.4739814290165197,train
38,data/simulations/mdof/sim_000038.npz,RSN0001_PGA_0p200g,RSN0001,0.2,1.3240716073353629,3S_T035,3,0.3499999999999998,0.1249135537622733,bilinear,0.007,0.0012332557578207,0.0459674546974816,0.0001900056889255,0.4739814290165197,train
39,data/simulations/mdof/sim_000039.npz,RSN0001_PGA_0p200g,RSN0001,0.2,1.3240716073353629,3S_T060,3,0.6,0.2141375207353256,elastic,0.004,0.0048863839231986,0.0543549757217297,0.0006622346408826,2.8878447350424405,train
40,data/simulations/mdof/sim_000040.npz,RSN0001_PGA_0p200g,RSN0001,0.2,1.3240716073353629,3S_T060,3,0.6,0.2141375207353256,bilinear,0.004,0.0048863839231986,0.0543549757217298,0.0006622346408826,2.887844735042436,id_test
41,data/simulations/mdof/sim_000041.npz,RSN0001_PGA_0p200g,RSN0001,0.2,1.3240716073353629,3S_T060,3,0.6,0.2141375207353256,bilinear,0.007,0.0048863839231986,0.0543549757217298,0.0006622346408826,2.887844735042436,train
42,data/simulations/mdof/sim_000042.npz,RSN0001_PGA_0p200g,RSN0001,0.2,1.3240716073353629,3S_T090,3,0.9,0.3212062811029884,elastic,0.004,0.0089686462888375,0.063075960639123,0.0011494064574853,5.820784517961489,train
43,data/simulations/mdof/sim_000043.npz,RSN0001_PGA_0p200g,RSN0001,0.2,1.3240716073353629,3S_T090,3,0.9,0.3212062811029884,bilinear,0.004,0.0089686462888375,0.0630759606391233,0.0011494064574853,5.820784517961475,id_test
44,data/simulations/mdof/sim_000044.npz,RSN0001_PGA_0p200g,RSN0001,0.2,1.3240716073353629,3S_T090,3,0.9,0.3212062811029884,bilinear,0.007,0.0089686462888375,0.0630759606391233,0.0011494064574853,5.820784517961475,train
45,data/simulations/mdof/sim_000045.npz,RSN0001_PGA_0p200g,RSN0001,0.2,1.3240716073353629,5S_T055,5,0.5499999999999999,0.1884215991249005,elastic,0.004,0.0038784787553571,0.0531129994355102,0.0003824194313972,2.8448215398235916,train
46,data/simulations/mdof/sim_000046.npz,RSN0001_PGA_0p200g,RSN0001,0.2,1.3240716073353629,5S_T055,5,0.5499999999999999,0.1884215991249005,bilinear,0.004,0.0038784787553571,0.0531129994355105,0.0003824194313972,2.8448215398235988,train
47,data/simulations/mdof/sim_000047.npz,RSN0001_PGA_0p200g,RSN0001,0.2,1.3240716073353629,5S_T055,5,0.5499999999999999,0.1884215991249005,bilinear,0.007,0.0038784787553571,0.0531129994355105,0.0003824194313972,2.8448215398235988,train
48,data/simulations/mdof/sim_000048.npz,RSN0001_PGA_0p200g,RSN0001,0.2,1.3240716073353629,5S_T085,5,0.8499999999999999,0.2911970168293918,elastic,0.004,0.0093525959012604,0.068992325419988,0.0007698441407127,7.952437577538166,train
49,data/simulations/mdof/sim_000049.npz,RSN0001_PGA_0p200g,RSN0001,0.2,1.3240716073353629,5S_T085,5,0.8499999999999999,0.2911970168293918,bilinear,0.004,0.0093525959012603,0.068992325419988,0.0007698441407127,7.952437577538139,train
50,data/simulations/mdof/sim_000050.npz,RSN0001_PGA_0p200g,RSN0001,0.2,1.3240716073353629,5S_T085,5,0.8499999999999999,0.2911970168293918,bilinear,0.007,0.0093525959012603,0.068992325419988,0.0007698441407127,7.952437577538139,train
51,data/simulations/mdof/sim_000051.npz,RSN0001_PGA_0p200g,RSN0001,0.2,1.3240716073353629,5S_T120,5,1.2000000000000008,0.4111016708179651,elastic,0.004,0.0116206776191427,0.0484175434487446,0.0009296714680673,7.766079280981232,ood_b
52,data/simulations/mdof/sim_000052.npz,RSN0001_PGA_0p200g,RSN0001,0.2,1.3240716073353629,5S_T120,5,1.2000000000000008,0.4111016708179651,bilinear,0.004,0.0116206776191428,0.0484175434487445,0.0009296714680673,7.766079280981231,ood_b
53,data/simulations/mdof/sim_000053.npz,RSN0001_PGA_0p200g,RSN0001,0.2,1.3240716073353629,5S_T120,5,1.2000000000000008,0.4111016708179651,bilinear,0.007,0.0116206776191428,0.0484175434487445,0.0009296714680673,7.766079280981231,ood_b
54,data/simulations/mdof/sim_000054.npz,RSN0001_PGA_0p300g,RSN0001,0.3,1.986107411003044,3S_T035,3,0.3499999999999998,0.1249135537622733,elastic,0.004,0.0018498836367311,0.0689511820462224,0.0002850085333882,1.06645821528717,train
55,data/simulations/mdof/sim_000055.npz,RSN0001_PGA_0p300g,RSN0001,0.3,1.986107411003044,3S_T035,3,0.3499999999999998,0.1249135537622733,bilinear,0.004,0.0018498836367311,0.0689511820462225,0.0002850085333882,1.0664582152871702,train
56,data/simulations/mdof/sim_000056.npz,RSN0001_PGA_0p300g,RSN0001,0.3,1.986107411003044,3S_T035,3,0.3499999999999998,0.1249135537622733,bilinear,0.007,0.0018498836367311,0.0689511820462225,0.0002850085333882,1.0664582152871702,train
57,data/simulations/mdof/sim_000057.npz,RSN0001_PGA_0p300g,RSN0001,0.3,1.986107411003044,3S_T060,3,0.6,0.2141375207353256,elastic,0.004,0.007329575884798,0.0815324635825945,0.0009933519613239,6.497650653845496,train
58,data/simulations/mdof/sim_000058.npz,RSN0001_PGA_0p300g,RSN0001,0.3,1.986107411003044,3S_T060,3,0.6,0.2141375207353256,bilinear,0.004,0.007329575884798,0.0815324635825946,0.0009933519613239,6.497650653845506,train
59,data/simulations/mdof/sim_000059.npz,RSN0001_PGA_0p300g,RSN0001,0.3,1.986107411003044,3S_T060,3,0.6,0.2141375207353256,bilinear,0.007,0.007329575884798,0.0815324635825946,0.0009933519613239,6.497650653845506,train
60,data/simulations/mdof/sim_000060.npz,RSN0001_PGA_0p300g,RSN0001,0.3,1.986107411003044,3S_T090,3,0.9,0.3212062811029884,elastic,0.004,0.0134529694332562,0.0946139409586843,0.0017241096862279,13.09676516541327,train
61,data/simulations/mdof/sim_000061.npz,RSN0001_PGA_0p300g,RSN0001,0.3,1.986107411003044,3S_T090,3,0.9,0.3212062811029884,bilinear,0.004,0.0134529694332562,0.0946139409586844,0.0017241096862279,13.09676516541331,train
62,data/simulations/mdof/sim_000062.npz,RSN0001_PGA_0p300g,RSN0001,0.3,1.986107411003044,3S_T090,3,0.9,0.3212062811029884,bilinear,0.007,0.0134529694332562,0.0946139409586844,0.0017241096862279,13.09676516541331,train
63,data/simulations/mdof/sim_000063.npz,RSN0001_PGA_0p300g,RSN0001,0.3,1.986107411003044,5S_T055,5,0.5499999999999999,0.1884215991249005,elastic,0.004,0.0058177181330357,0.0796694991532658,0.0005736291470958,6.400848464603113,train
64,data/simulations/mdof/sim_000064.npz,RSN0001_PGA_0p300g,RSN0001,0.3,1.986107411003044,5S_T055,5,0.5499999999999999,0.1884215991249005,bilinear,0.004,0.0058177181330357,0.0796694991532661,0.0005736291470958,6.400848464603098,train
65,data/simulations/mdof/sim_000065.npz,RSN0001_PGA_0p300g,RSN0001,0.3,1.986107411003044,5S_T055,5,0.5499999999999999,0.1884215991249005,bilinear,0.007,0.0058177181330357,0.0796694991532661,0.0005736291470958,6.400848464603098,train
66,data/simulations/mdof/sim_000066.npz,RSN0001_PGA_0p300g,RSN0001,0.3,1.986107411003044,5S_T085,5,0.8499999999999999,0.2911970168293918,elastic,0.004,0.0140288938518906,0.1034884881299827,0.0011547662110691,17.892984549460905,train
67,data/simulations/mdof/sim_000067.npz,RSN0001_PGA_0p300g,RSN0001,0.3,1.986107411003044,5S_T085,5,0.8499999999999999,0.2911970168293918,bilinear,0.004,0.0140288938518906,0.1034884881299824,0.0011547662110691,17.89298454946095,train
68,data/simulations/mdof/sim_000068.npz,RSN0001_PGA_0p300g,RSN0001,0.3,1.986107411003044,5S_T085,5,0.8499999999999999,0.2911970168293918,bilinear,0.007,0.0140288938518906,0.1034884881299824,0.0011547662110691,17.89298454946095,train
69,data/simulations/mdof/sim_000069.npz,RSN0001_PGA_0p300g,RSN0001,0.3,1.986107411003044,5S_T120,5,1.2000000000000008,0.4111016708179651,elastic,0.004,0.0174310164287141,0.072626315173117,0.001394507202101,17.473678382207716,ood_b
70,data/simulations/mdof/sim_000070.npz,RSN0001_PGA_0p300g,RSN0001,0.3,1.986107411003044,5S_T120,5,1.2000000000000008,0.4111016708179651,bilinear,0.004,0.0174310164287141,0.0726263151731172,0.001394507202101,17.47367838220777,ood_b
71,data/simulations/mdof/sim_000071.npz,RSN0001_PGA_0p300g,RSN0001,0.3,1.986107411003044,5S_T120,5,1.2000000000000008,0.4111016708179651,bilinear,0.007,0.0174310164287141,0.0726263151731172,0.001394507202101,17.47367838220777,ood_b
72,data/simulations/mdof/sim_000072.npz,RSN0001_PGA_0p400g,RSN0001,0.4,2.6481432146707258,3S_T035,3,0.3499999999999998,0.1249135537622733,elastic,0.004,0.0024665115156415,0.0919349093949634,0.000380011377851,1.8959257160660865,train
73,data/simulations/mdof/sim_000073.npz,RSN0001_PGA_0p400g,RSN0001,0.4,2.6481432146707258,3S_T035,3,0.3499999999999998,0.1249135537622733,bilinear,0.004,0.0024665115156415,0.0919349093949633,0.000380011377851,1.895925716066079,train
74,data/simulations/mdof/sim_000074.npz,RSN0001_PGA_0p400g,RSN0001,0.4,2.6481432146707258,3S_T035,3,0.3499999999999998,0.1249135537622733,bilinear,0.007,0.0024665115156415,0.0919349093949633,0.000380011377851,1.895925716066079,train
75,data/simulations/mdof/sim_000075.npz,RSN0001_PGA_0p400g,RSN0001,0.4,2.6481432146707258,3S_T060,3,0.6,0.2141375207353256,elastic,0.004,0.0097727678463973,0.1087099514434595,0.0013244692817653,11.551378940169762,train
76,data/simulations/mdof/sim_000076.npz,RSN0001_PGA_0p400g,RSN0001,0.4,2.6481432146707258,3S_T060,3,0.6,0.2141375207353256,bilinear,0.004,0.0097727678463973,0.1087099514434596,0.0013244692817653,11.551378940169744,id_test
77,data/simulations/mdof/sim_000077.npz,RSN0001_PGA_0p400g,RSN0001,0.4,2.6481432146707258,3S_T060,3,0.6,0.2141375207353256,bilinear,0.007,0.0097727678463973,0.1087099514434596,0.0013244692817653,11.551378940169744,train
78,data/simulations/mdof/sim_000078.npz,RSN0001_PGA_0p400g,RSN0001,0.4,2.6481432146707258,3S_T090,3,0.9,0.3212062811029884,elastic,0.004,0.017937292577675,0.126151921278246,0.0022988129149706,23.28313807184596,train
79,data/simulations/mdof/sim_000079.npz,RSN0001_PGA_0p400g,RSN0001,0.4,2.6481432146707258,3S_T090,3,0.9,0.3212062811029884,bilinear,0.004,0.017937292577675,0.1261519212782467,0.0022988129149706,23.2831380718459,train
80,data/simulations/mdof/sim_000080.npz,RSN0001_PGA_0p400g,RSN0001,0.4,2.6481432146707258,3S_T090,3,0.9,0.3212062811029884,bilinear,0.007,0.017937292577675,0.1261519212782467,0.0022988129149706,23.2831380718459,train
81,data/simulations/mdof/sim_000081.npz,RSN0001_PGA_0p400g,RSN0001,0.4,2.6481432146707258,5S_T055,5,0.5499999999999999,0.1884215991249005,elastic,0.004,0.0077569575107143,0.1062259988710204,0.0007648388627944,11.379286159294368,id_test
82,data/simulations/mdof/sim_000082.npz,RSN0001_PGA_0p400g,RSN0001,0.4,2.6481432146707258,5S_T055,5,0.5499999999999999,0.1884215991249005,bilinear,0.004,0.0077569575107143,0.106225998871021,0.0007648388627944,11.379286159294397,train
83,data/simulations/mdof/sim_000083.npz,RSN0001_PGA_0p400g,RSN0001,0.4,2.6481432146707258,5S_T055,5,0.5499999999999999,0.1884215991249005,bilinear,0.007,0.0077569575107143,0.106225998871021,0.0007648388627944,11.379286159294397,train
84,data/simulations/mdof/sim_000084.npz,RSN0001_PGA_0p400g,RSN0001,0.4,2.6481432146707258,5S_T085,5,0.8499999999999999,0.2911970168293918,elastic,0.004,0.0187051918025208,0.1379846508399761,0.0015396882814254,31.809750310152666,train
85,data/simulations/mdof/sim_000085.npz,RSN0001_PGA_0p400g,RSN0001,0.4,2.6481432146707258,5S_T085,5,0.8499999999999999,0.2911970168293918,bilinear,0.004,0.0187051918025207,0.1379846508399761,0.0015396882814254,31.809750310152555,train
86,data/simulations/mdof/sim_000086.npz,RSN0001_PGA_0p400g,RSN0001,0.4,2.6481432146707258,5S_T085,5,0.8499999999999999,0.2911970168293918,bilinear,0.007,0.0187051918025207,0.1379846508399761,0.0015396882814254,31.809750310152555,train
87,data/simulations/mdof/sim_000087.npz,RSN0001_PGA_0p400g,RSN0001,0.4,2.6481432146707258,5S_T120,5,1.2000000000000008,0.4111016708179651,elastic,0.004,0.0232413552382855,0.0968350868974892,0.0018593429361347,31.064317123924926,ood_b
88,data/simulations/mdof/sim_000088.npz,RSN0001_PGA_0p400g,RSN0001,0.4,2.6481432146707258,5S_T120,5,1.2000000000000008,0.4111016708179651,bilinear,0.004,0.0232413552382856,0.096835086897489,0.0018593429361347,31.064317123924923,ood_b
89,data/simulations/mdof/sim_000089.npz,RSN0001_PGA_0p400g,RSN0001,0.4,2.6481432146707258,5S_T120,5,1.2000000000000008,0.4111016708179651,bilinear,0.007,0.0232413552382856,0.096835086897489,0.0018593429361347,31.064317123924923,ood_b
90,data/simulations/mdof/sim_000090.npz,RSN0001_PGA_0p500g,RSN0001,0.5,3.310179018338407,3S_T035,3,0.3499999999999998,0.1249135537622733,elastic,0.004,0.0030831393945519,0.1149186367437043,0.0004750142223137,2.962383931353258,id_test
91,data/simulations/mdof/sim_000091.npz,RSN0001_PGA_0p500g,RSN0001,0.5,3.310179018338407,3S_T035,3,0.3499999999999998,0.1249135537622733,bilinear,0.004,0.0030831393945519,0.114918636743704,0.0004750142223137,2.962383931353253,train
92,data/simulations/mdof/sim_000092.npz,RSN0001_PGA_0p500g,RSN0001,0.5,3.310179018338407,3S_T035,3,0.3499999999999998,0.1249135537622733,bilinear,0.007,0.0030831393945519,0.114918636743704,0.0004750142223137,2.962383931353253,train
93,data/simulations/mdof/sim_000093.npz,RSN0001_PGA_0p500g,RSN0001,0.5,3.310179018338407,3S_T060,3,0.6,0.2141375207353256,elastic,0.004,0.0122159598079966,0.1358874393043241,0.0016555866022066,18.04902959401523,train
94,data/simulations/mdof/sim_000094.npz,RSN0001_PGA_0p500g,RSN0001,0.5,3.310179018338407,3S_T060,3,0.6,0.2141375207353256,bilinear,0.004,0.0122159598079966,0.1358874393043242,0.0016555866022066,18.04902959401523,train
95,data/simulations/mdof/sim_000095.npz,RSN0001_PGA_0p500g,RSN0001,0.5,3.310179018338407,3S_T060,3,0.6,0.2141375207353256,bilinear,0.007,0.0122159598079966,0.1358874393043242,0.0016555866022066,18.04902959401523,id_test
96,data/simulations/mdof/sim_000096.npz,RSN0001_PGA_0p500g,RSN0001,0.5,3.310179018338407,3S_T090,3,0.9,0.3212062811029884,elastic,0.004,0.0224216157220937,0.1576899015978073,0.0028735161437133,36.37990323725914,train
97,data/simulations/mdof/sim_000097.npz,RSN0001_PGA_0p500g,RSN0001,0.5,3.310179018338407,3S_T090,3,0.9,0.3212062811029884,bilinear,0.004,0.0224216157220938,0.1576899015978074,0.0028735161437133,36.37990323725915,train
98,data/simulations/mdof/sim_000098.npz,RSN0001_PGA_0p500g,RSN0001,0.5,3.310179018338407,3S_T090,3,0.9,0.3212062811029884,bilinear,0.007,0.0224216157220938,0.1576899015978074,0.0028735161437133,36.37990323725915,train
99,data/simulations/mdof/sim_000099.npz,RSN0001_PGA_0p500g,RSN0001,0.5,3.310179018338407,5S_T055,5,0.5499999999999999,0.1884215991249005,elastic,0.004,0.0096961968883929,0.1327824985887762,0.000956048578493,17.780134623897506,train
100,data/simulations/mdof/sim_000100.npz,RSN0001_PGA_0p500g,RSN0001,0.5,3.310179018338407,5S_T055,5,0.5499999999999999,0.1884215991249005,bilinear,0.004,0.0096961968883929,0.1327824985887761,0.000956048578493,17.780134623897503,train
101,data/simulations/mdof/sim_000101.npz,RSN0001_PGA_0p500g,RSN0001,0.5,3.310179018338407,5S_T055,5,0.5499999999999999,0.1884215991249005,bilinear,0.007,0.0096961968883929,0.1327824985887761,0.000956048578493,17.780134623897503,train
102,data/simulations/mdof/sim_000102.npz,RSN0001_PGA_0p500g,RSN0001,0.5,3.310179018338407,5S_T085,5,0.8499999999999999,0.2911970168293918,elastic,0.004,0.0233814897531509,0.17248081354997,0.0019246103517818,49.702734859613415,train
103,data/simulations/mdof/sim_000103.npz,RSN0001_PGA_0p500g,RSN0001,0.5,3.310179018338407,5S_T085,5,0.8499999999999999,0.2911970168293918,bilinear,0.004,0.023381489753151,0.1724808135499704,0.0019246103517818,49.70273485961352,train
104,data/simulations/mdof/sim_000104.npz,RSN0001_PGA_0p500g,RSN0001,0.5,3.310179018338407,5S_T085,5,0.8499999999999999,0.2911970168293918,bilinear,0.007,0.023381489753151,0.1724808135499704,0.0019246103517818,49.70273485961352,train
105,data/simulations/mdof/sim_000105.npz,RSN0001_PGA_0p500g,RSN0001,0.5,3.310179018338407,5S_T120,5,1.2000000000000008,0.4111016708179651,elastic,0.004,0.0290516940478569,0.1210438586218617,0.0023241786701684,48.53799550613256,ood_b
106,data/simulations/mdof/sim_000106.npz,RSN0001_PGA_0p500g,RSN0001,0.5,3.310179018338407,5S_T120,5,1.2000000000000008,0.4111016708179651,bilinear,0.004,0.0290516940478569,0.121043858621862,0.0023241786701684,48.537995506132695,ood_b
107,data/simulations/mdof/sim_000107.npz,RSN0001_PGA_0p500g,RSN0001,0.5,3.310179018338407,5S_T120,5,1.2000000000000008,0.4111016708179651,bilinear,0.007,0.0290516940478569,0.121043858621862,0.0023241786701684,48.537995506132695,ood_b
108,data/simulations/mdof/sim_000108.npz,RSN0001_PGA_0p600g,RSN0001,0.6,3.972214822006088,3S_T035,3,0.3499999999999998,0.1249135537622733,elastic,0.004,0.0036997672734623,0.1379023640924449,0.0005700170667765,4.26583286114868,train
109,data/simulations/mdof/sim_000109.npz,RSN0001_PGA_0p600g,RSN0001,0.6,3.972214822006088,3S_T035,3,0.3499999999999998,0.1249135537622733,bilinear,0.004,0.0036997672734623,0.1379023640924451,0.0005700170667765,4.265832861148681,train
110,data/simulations/mdof/sim_000110.npz,RSN0001_PGA_0p600g,RSN0001,0.6,3.972214822006088,3S_T035,3,0.3499999999999998,0.1249135537622733,bilinear,0.007,0.0036997672734623,0.1379023640924451,0.0005700170667765,4.265832861148681,train
111,data/simulations/mdof/sim_000111.npz,RSN0001_PGA_0p600g,RSN0001,0.6,3.972214822006088,3S_T060,3,0.6,0.2141375207353256,elastic,0.004,0.014659151769596,0.163064927165189,0.0019867039226479,25.990602615381984,train
112,data/simulations/mdof/sim_000112.npz,RSN0001_PGA_0p600g,RSN0001,0.6,3.972214822006088,3S_T060,3,0.6,0.2141375207353256,bilinear,0.004,0.014659151769596,0.1630649271651892,0.0019867039226479,25.990602615382024,train
113,data/simulations/mdof/sim_000113.npz,RSN0001_PGA_0p600g,RSN0001,0.6,3.972214822006088,3S_T060,3,0.6,0.2141375207353256,bilinear,0.007,0.014659151769596,0.1630649271651892,0.0019867039226479,25.990602615382024,train
114,data/simulations/mdof/sim_000114.npz,RSN0001_PGA_0p600g,RSN0001,0.6,3.972214822006088,3S_T090,3,0.9,0.3212062811029884,elastic,0.004,0.0269059388665125,0.1892278819173687,0.0034482193724559,52.38706066165308,train
115,data/simulations/mdof/sim_000115.npz,RSN0001_PGA_0p600g,RSN0001,0.6,3.972214822006088,3S_T090,3,0.9,0.3212062811029884,bilinear,0.004,0.0269059388665125,0.1892278819173689,0.0034482193724559,52.38706066165324,train
116,data/simulations/mdof/sim_000116.npz,RSN0001_PGA_0p600g,RSN0001,0.6,3.972214822006088,3S_T090,3,0.9,0.3212062811029884,bilinear,0.007,0.0269059388665125,0.1892278819173689,0.0034482193724559,52.38706066165324,train
117,data/simulations/mdof/sim_000117.npz,RSN0001_PGA_0p600g,RSN0001,0.6,3.972214822006088,5S_T055,5,0.5499999999999999,0.1884215991249005,elastic,0.004,0.0116354362660715,0.1593389983065316,0.0011472582941916,25.603393858412453,train
118,data/simulations/mdof/sim_000118.npz,RSN0001_PGA_0p600g,RSN0001,0.6,3.972214822006088,5S_T055,5,0.5499999999999999,0.1884215991249005,bilinear,0.004,0.0116354362660715,0.1593389983065322,0.0011472582941916,25.603393858412392,train
119,data/simulations/mdof/sim_000119.npz,RSN0001_PGA_0p600g,RSN0001,0.6,3.972214822006088,5S_T055,5,0.5499999999999999,0.1884215991249005,bilinear,0.007,0.0116354362660715,0.1593389983065322,0.0011472582941916,25.603393858412392,train
120,data/simulations/mdof/sim_000120.npz,RSN0001_PGA_0p600g,RSN0001,0.6,3.972214822006088,5S_T085,5,0.8499999999999999,0.2911970168293918,elastic,0.004,0.0280577877037812,0.2069769762599655,0.0023095324221382,71.57193819784362,train
121,data/simulations/mdof/sim_000121.npz,RSN0001_PGA_0p600g,RSN0001,0.6,3.972214822006088,5S_T085,5,0.8499999999999999,0.2911970168293918,bilinear,0.004,0.0280577877037813,0.2069769762599649,0.0023095324221382,71.5719381978438,train
122,data/simulations/mdof/sim_000122.npz,RSN0001_PGA_0p600g,RSN0001,0.6,3.972214822006088,5S_T085,5,0.8499999999999999,0.2911970168293918,bilinear,0.007,0.0280577877037813,0.2069769762599649,0.0023095324221382,71.5719381978438,train
123,data/simulations/mdof/sim_000123.npz,RSN0001_PGA_0p600g,RSN0001,0.6,3.972214822006088,5S_T120,5,1.2000000000000008,0.4111016708179651,elastic,0.004,0.0348620328574282,0.1452526303462341,0.0027890144042021,69.89471352883086,ood_b
124,data/simulations/mdof/sim_000124.npz,RSN0001_PGA_0p600g,RSN0001,0.6,3.972214822006088,5S_T120,5,1.2000000000000008,0.4111016708179651,bilinear,0.004,0.0348620328574283,0.1452526303462344,0.0027890144042021,69.89471352883108,ood_b
125,data/simulations/mdof/sim_000125.npz,RSN0001_PGA_0p600g,RSN0001,0.6,3.972214822006088,5S_T120,5,1.2000000000000008,0.4111016708179651,bilinear,0.007,0.0348620328574283,0.1452526303462344,0.0027890144042021,69.89471352883108,ood_b
126,data/simulations/mdof/sim_000126.npz,RSN0001_PGA_0p800g,RSN0001,0.8,5.2962864293414516,3S_T035,3,0.3499999999999998,0.1249135537622733,elastic,0.004,0.0049330230312831,0.1838698187899268,0.000760022755702,7.583702864264345,train
127,data/simulations/mdof/sim_000127.npz,RSN0001_PGA_0p800g,RSN0001,0.8,5.2962864293414516,3S_T035,3,0.3499999999999998,0.1249135537622733,bilinear,0.004,0.0049330230312831,0.1838698187899266,0.000760022755702,7.583702864264316,train
128,data/simulations/mdof/sim_000128.npz,RSN0001_PGA_0p800g,RSN0001,0.8,5.2962864293414516,3S_T035,3,0.3499999999999998,0.1249135537622733,bilinear,0.007,0.0049330230312831,0.1838698187899266,0.000760022755702,7.583702864264316,id_test
129,data/simulations/mdof/sim_000129.npz,RSN0001_PGA_0p800g,RSN0001,0.8,5.2962864293414516,3S_T060,3,0.6,0.2141375207353256,elastic,0.004,0.0195455356927947,0.2174199028869191,0.0026489385635306,46.20551576067905,train
130,data/simulations/mdof/sim_000130.npz,RSN0001_PGA_0p800g,RSN0001,0.8,5.2962864293414516,3S_T060,3,0.6,0.2141375207353256,bilinear,0.004,0.0195455356927947,0.2174199028869192,0.0026489385635306,46.20551576067898,train
131,data/simulations/mdof/sim_000131.npz,RSN0001_PGA_0p800g,RSN0001,0.8,5.2962864293414516,3S_T060,3,0.6,0.2141375207353256,bilinear,0.007,0.0195455356927947,0.2174199028869192,0.0026489385635306,46.20551576067898,train
132,data/simulations/mdof/sim_000132.npz,RSN0001_PGA_0p800g,RSN0001,0.8,5.2962864293414516,3S_T090,3,0.9,0.3212062811029884,elastic,0.004,0.0358745851553501,0.252303842556492,0.0045976258299413,93.13255228738385,train
133,data/simulations/mdof/sim_000133.npz,RSN0001_PGA_0p800g,RSN0001,0.8,5.2962864293414516,3S_T090,3,0.9,0.3212062811029884,bilinear,0.004,0.0355452528849096,0.2415543157722593,0.0048893052965519,92.05724809919916,train
134,data/simulations/mdof/sim_000134.npz,RSN0001_PGA_0p800g,RSN0001,0.8,5.2962864293414516,3S_T090,3,0.9,0.3212062811029884,bilinear,0.007,0.0358745851553501,0.2523038425564934,0.0045976258299413,93.1325522873836,train
135,data/simulations/mdof/sim_000135.npz,RSN0001_PGA_0p800g,RSN0001,0.8,5.2962864293414516,5S_T055,5,0.5499999999999999,0.1884215991249005,elastic,0.004,0.0155139150214286,0.2124519977420409,0.0015296777255888,45.517144637177466,train
136,data/simulations/mdof/sim_000136.npz,RSN0001_PGA_0p800g,RSN0001,0.8,5.2962864293414516,5S_T055,5,0.5499999999999999,0.1884215991249005,bilinear,0.004,0.0155139150214287,0.212451997742042,0.0015296777255888,45.51714463717758,id_test
137,data/simulations/mdof/sim_000137.npz,RSN0001_PGA_0p800g,RSN0001,0.8,5.2962864293414516,5S_T055,5,0.5499999999999999,0.1884215991249005,bilinear,0.007,0.0155139150214287,0.212451997742042,0.0015296777255888,45.51714463717758,train
138,data/simulations/mdof/sim_000138.npz,RSN0001_PGA_0p800g,RSN0001,0.8,5.2962864293414516,5S_T085,5,0.8499999999999999,0.2911970168293918,elastic,0.004,0.0374103836050416,0.2759693016799523,0.0030793765628509,127.23900124061066,train
139,data/simulations/mdof/sim_000139.npz,RSN0001_PGA_0p800g,RSN0001,0.8,5.2962864293414516,5S_T085,5,0.8499999999999999,0.2911970168293918,bilinear,0.004,0.0374103836050415,0.2759693016799523,0.0030793765628509,127.23900124061022,train
140,data/simulations/mdof/sim_000140.npz,RSN0001_PGA_0p800g,RSN0001,0.8,5.2962864293414516,5S_T085,5,0.8499999999999999,0.2911970168293918,bilinear,0.007,0.0374103836050415,0.2759693016799523,0.0030793765628509,127.23900124061022,id_test
141,data/simulations/mdof/sim_000141.npz,RSN0001_PGA_0p800g,RSN0001,0.8,5.2962864293414516,5S_T120,5,1.2000000000000008,0.4111016708179651,elastic,0.004,0.0464827104765711,0.1936701737949784,0.0037186858722694,124.2572684956997,ood_b
142,data/simulations/mdof/sim_000142.npz,RSN0001_PGA_0p800g,RSN0001,0.8,5.2962864293414516,5S_T120,5,1.2000000000000008,0.4111016708179651,bilinear,0.004,0.0464827104765712,0.193670173794978,0.0037186858722694,124.25726849569968,ood_b
143,data/simulations/mdof/sim_000143.npz,RSN0001_PGA_0p800g,RSN0001,0.8,5.2962864293414516,5S_T120,5,1.2000000000000008,0.4111016708179651,bilinear,0.007,0.0464827104765712,0.193670173794978,0.0037186858722694,124.25726849569968,ood_b
144,data/simulations/mdof/sim_000144.npz,RSN0001_PGA_1p000g,RSN0001,1.0,6.620358036676814,3S_T035,3,0.3499999999999998,0.1249135537622733,elastic,0.004,0.0061662787891039,0.2298372734874086,0.0009500284446275,11.849535725413032,train
145,data/simulations/mdof/sim_000145.npz,RSN0001_PGA_1p000g,RSN0001,1.0,6.620358036676814,3S_T035,3,0.3499999999999998,0.1249135537622733,bilinear,0.004,0.0061662787891039,0.2298372734874081,0.0009500284446275,11.849535725413013,train
146,data/simulations/mdof/sim_000146.npz,RSN0001_PGA_1p000g,RSN0001,1.0,6.620358036676814,3S_T035,3,0.3499999999999998,0.1249135537622733,bilinear,0.007,0.0061662787891039,0.2298372734874081,0.0009500284446275,11.849535725413013,train
147,data/simulations/mdof/sim_000147.npz,RSN0001_PGA_1p000g,RSN0001,1.0,6.620358036676814,3S_T060,3,0.6,0.2141375207353256,elastic,0.004,0.0244319196159933,0.2717748786086483,0.0033111732044132,72.19611837606094,train
148,data/simulations/mdof/sim_000148.npz,RSN0001_PGA_1p000g,RSN0001,1.0,6.620358036676814,3S_T060,3,0.6,0.2141375207353256,bilinear,0.004,0.0244319196159933,0.2717748786086484,0.0033111732044132,72.19611837606094,train
149,data/simulations/mdof/sim_000149.npz,RSN0001_PGA_1p000g,RSN0001,1.0,6.620358036676814,3S_T060,3,0.6,0.2141375207353256,bilinear,0.007,0.0244319196159933,0.2717748786086484,0.0033111732044132,72.19611837606094,train
150,data/simulations/mdof/sim_000150.npz,RSN0001_PGA_1p000g,RSN0001,1.0,6.620358036676814,3S_T090,3,0.9,0.3212062811029884,elastic,0.004,0.0448432314441875,0.3153798031956147,0.0057470322874266,145.51961294903657,train
151,data/simulations/mdof/sim_000151.npz,RSN0001_PGA_1p000g,RSN0001,1.0,6.620358036676814,3S_T090,3,0.9,0.3212062811029884,bilinear,0.004,0.0469805970330512,0.2763180738591878,0.0078649766457802,155.9865487393379,train
152,data/simulations/mdof/sim_000152.npz,RSN0001_PGA_1p000g,RSN0001,1.0,6.620358036676814,3S_T090,3,0.9,0.3212062811029884,bilinear,0.007,0.0448432314441876,0.3153798031956149,0.0057470322874266,145.5196129490366,train
153,data/simulations/mdof/sim_000153.npz,RSN0001_PGA_1p000g,RSN0001,1.0,6.620358036676814,5S_T055,5,0.5499999999999999,0.1884215991249005,elastic,0.004,0.0193923937767858,0.2655649971775524,0.001912097156986,71.12053849559003,train
154,data/simulations/mdof/sim_000154.npz,RSN0001_PGA_1p000g,RSN0001,1.0,6.620358036676814,5S_T055,5,0.5499999999999999,0.1884215991249005,bilinear,0.004,0.0193923937767858,0.2655649971775522,0.001912097156986,71.12053849559001,train
155,data/simulations/mdof/sim_000155.npz,RSN0001_PGA_1p000g,RSN0001,1.0,6.620358036676814,5S_T055,5,0.5499999999999999,0.1884215991249005,bilinear,0.007,0.0193923937767858,0.2655649971775522,0.001912097156986,71.12053849559001,id_test
156,data/simulations/mdof/sim_000156.npz,RSN0001_PGA_1p000g,RSN0001,1.0,6.620358036676814,5S_T085,5,0.8499999999999999,0.2911970168293918,elastic,0.004,0.0467629795063019,0.34496162709994,0.0038492207035637,198.8109394384537,train
157,data/simulations/mdof/sim_000157.npz,RSN0001_PGA_1p000g,RSN0001,1.0,6.620358036676814,5S_T085,5,0.8499999999999999,0.2911970168293918,bilinear,0.004,0.046762979506302,0.3449616270999408,0.0038492207035637,198.81093943845408,train
158,data/simulations/mdof/sim_000158.npz,RSN0001_PGA_1p000g,RSN0001,1.0,6.620358036676814,5S_T085,5,0.8499999999999999,0.2911970168293918,bilinear,0.007,0.046762979506302,0.3449616270999408,0.0038492207035637,198.81093943845408,id_test
159,data/simulations/mdof/sim_000159.npz,RSN0001_PGA_1p000g,RSN0001,1.0,6.620358036676814,5S_T120,5,1.2000000000000008,0.4111016708179651,elastic,0.004,0.0581033880957138,0.2420877172437235,0.0046483573403368,194.15198202453024,ood_b
160,data/simulations/mdof/sim_000160.npz,RSN0001_PGA_1p000g,RSN0001,1.0,6.620358036676814,5S_T120,5,1.2000000000000008,0.4111016708179651,bilinear,0.004,0.0549843767359153,0.242087717243724,0.005115849727381,194.70138873842035,ood_b
161,data/simulations/mdof/sim_000161.npz,RSN0001_PGA_1p000g,RSN0001,1.0,6.620358036676814,5S_T120,5,1.2000000000000008,0.4111016708179651,bilinear,0.007,0.0581033880957139,0.242087717243724,0.0046483573403368,194.1519820245308,ood_b
162,data/simulations/mdof/sim_000162.npz,RSN0001_PGA_1p200g,RSN0001,1.2,7.944429644012176,3S_T035,3,0.3499999999999998,0.1249135537622733,elastic,0.004,0.0073995345469246,0.2758047281848899,0.001140034133553,17.06333144459472,id_test
163,data/simulations/mdof/sim_000163.npz,RSN0001_PGA_1p200g,RSN0001,1.2,7.944429644012176,3S_T035,3,0.3499999999999998,0.1249135537622733,bilinear,0.004,0.0073995345469246,0.2758047281848902,0.001140034133553,17.063331444594724,train
164,data/simulations/mdof/sim_000164.npz,RSN0001_PGA_1p200g,RSN0001,1.2,7.944429644012176,3S_T035,3,0.3499999999999998,0.1249135537622733,bilinear,0.007,0.0073995345469246,0.2758047281848902,0.001140034133553,17.063331444594724,train
165,data/simulations/mdof/sim_000165.npz,RSN0001_PGA_1p200g,RSN0001,1.2,7.944429644012176,3S_T060,3,0.6,0.2141375207353256,elastic,0.004,0.029318303539192,0.3261298543303781,0.0039734078452959,103.96241046152794,train
166,data/simulations/mdof/sim_000166.npz,RSN0001_PGA_1p200g,RSN0001,1.2,7.944429644012176,3S_T060,3,0.6,0.2141375207353256,bilinear,0.004,0.029318303539192,0.3261298543303784,0.0039734078452959,103.9624104615281,train
167,data/simulations/mdof/sim_000167.npz,RSN0001_PGA_1p200g,RSN0001,1.2,7.944429644012176,3S_T060,3,0.6,0.2141375207353256,bilinear,0.007,0.029318303539192,0.3261298543303784,0.0039734078452959,103.9624104615281,train
168,data/simulations/mdof/sim_000168.npz,RSN0001_PGA_1p200g,RSN0001,1.2,7.944429644012176,3S_T090,3,0.9,0.3212062811029884,elastic,0.004,0.0538118777330251,0.3784557638347374,0.0068964387449119,209.54824264661232,train
169,data/simulations/mdof/sim_000169.npz,RSN0001_PGA_1p200g,RSN0001,1.2,7.944429644012176,3S_T090,3,0.9,0.3212062811029884,bilinear,0.004,0.0570083258309323,0.3060221124833283,0.0105692777145598,245.2233446521328,train
170,data/simulations/mdof/sim_000170.npz,RSN0001_PGA_1p200g,RSN0001,1.2,7.944429644012176,3S_T090,3,0.9,0.3212062811029884,bilinear,0.007,0.0538118777330251,0.3784557638347379,0.0068964387449119,209.54824264661295,train
171,data/simulations/mdof/sim_000171.npz,RSN0001_PGA_1p200g,RSN0001,1.2,7.944429644012176,5S_T055,5,0.5499999999999999,0.1884215991249005,elastic,0.004,0.023270872532143,0.3186779966130632,0.0022945165883832,102.4135754336498,train
172,data/simulations/mdof/sim_000172.npz,RSN0001_PGA_1p200g,RSN0001,1.2,7.944429644012176,5S_T055,5,0.5499999999999999,0.1884215991249005,bilinear,0.004,0.023270872532143,0.3186779966130644,0.0022945165883832,102.41357543364956,train
173,data/simulations/mdof/sim_000173.npz,RSN0001_PGA_1p200g,RSN0001,1.2,7.944429644012176,5S_T055,5,0.5499999999999999,0.1884215991249005,bilinear,0.007,0.023270872532143,0.3186779966130644,0.0022945165883832,102.41357543364956,train
174,data/simulations/mdof/sim_000174.npz,RSN0001_PGA_1p200g,RSN0001,1.2,7.944429644012176,5S_T085,5,0.8499999999999999,0.2911970168293918,elastic,0.004,0.0561155754075625,0.413953952519931,0.0046190648442764,286.2877527913745,id_test
175,data/simulations/mdof/sim_000175.npz,RSN0001_PGA_1p200g,RSN0001,1.2,7.944429644012176,5S_T085,5,0.8499999999999999,0.2911970168293918,bilinear,0.004,0.0514921752306872,0.4266708160822358,0.0048307298553797,289.71840561349967,train
176,data/simulations/mdof/sim_000176.npz,RSN0001_PGA_1p200g,RSN0001,1.2,7.944429644012176,5S_T085,5,0.8499999999999999,0.2911970168293918,bilinear,0.007,0.0561155754075626,0.4139539525199298,0.0046190648442764,286.2877527913752,train
177,data/simulations/mdof/sim_000177.npz,RSN0001_PGA_1p200g,RSN0001,1.2,7.944429644012176,5S_T120,5,1.2000000000000008,0.4111016708179651,elastic,0.004,0.0697240657148565,0.2905052606924683,0.0055780288084042,279.57885411532345,ood_b
178,data/simulations/mdof/sim_000178.npz,RSN0001_PGA_1p200g,RSN0001,1.2,7.944429644012176,5S_T120,5,1.2000000000000008,0.4111016708179651,bilinear,0.004,0.0623030845308955,0.2964197707604754,0.0065254382881688,283.8595624316031,ood_b
179,data/simulations/mdof/sim_000179.npz,RSN0001_PGA_1p200g,RSN0001,1.2,7.944429644012176,5S_T120,5,1.2000000000000008,0.4111016708179651,bilinear,0.007,0.0697240657148566,0.2905052606924687,0.0055780288084042,279.57885411532357,ood_b
180,data/simulations/mdof/sim_000180.npz,RSN0002_PGA_0p050g,RSN0002,0.05,0.4090844771539869,3S_T035,3,0.3499999999999998,0.1249135537622733,elastic,0.004,0.0004468849489035,0.017296954029095,6.635837327102291e-05,0.0612149436790928,id_test
181,data/simulations/mdof/sim_000181.npz,RSN0002_PGA_0p050g,RSN0002,0.05,0.4090844771539869,3S_T035,3,0.3499999999999998,0.1249135537622733,bilinear,0.004,0.0004468849489035,0.017296954029095,6.635837327102295e-05,0.061214943679093,train
182,data/simulations/mdof/sim_000182.npz,RSN0002_PGA_0p050g,RSN0002,0.05,0.4090844771539869,3S_T035,3,0.3499999999999998,0.1249135537622733,bilinear,0.007,0.0004468849489035,0.017296954029095,6.635837327102295e-05,0.061214943679093,train
183,data/simulations/mdof/sim_000183.npz,RSN0002_PGA_0p050g,RSN0002,0.05,0.4090844771539869,3S_T060,3,0.6,0.2141375207353256,elastic,0.004,0.0006963790948103,0.0081422922430398,0.0001077970270937,0.0671050608606347,train
184,data/simulations/mdof/sim_000184.npz,RSN0002_PGA_0p050g,RSN0002,0.05,0.4090844771539869,3S_T060,3,0.6,0.2141375207353256,bilinear,0.004,0.0006963790948103,0.0081422922430398,0.0001077970270937,0.0671050608606347,train
185,data/simulations/mdof/sim_000185.npz,RSN0002_PGA_0p050g,RSN0002,0.05,0.4090844771539869,3S_T060,3,0.6,0.2141375207353256,bilinear,0.007,0.0006963790948103,0.0081422922430398,0.0001077970270937,0.0671050608606347,train
186,data/simulations/mdof/sim_000186.npz,RSN0002_PGA_0p050g,RSN0002,0.05,0.4090844771539869,3S_T090,3,0.9,0.3212062811029884,elastic,0.004,0.001349478374439,0.0085590597513452,0.0001584743421255,0.1206202046125535,train
187,data/simulations/mdof/sim_000187.npz,RSN0002_PGA_0p050g,RSN0002,0.05,0.4090844771539869,3S_T090,3,0.9,0.3212062811029884,bilinear,0.004,0.001349478374439,0.0085590597513452,0.0001584743421255,0.1206202046125541,train
188,data/simulations/mdof/sim_000188.npz,RSN0002_PGA_0p050g,RSN0002,0.05,0.4090844771539869,3S_T090,3,0.9,0.3212062811029884,bilinear,0.007,0.001349478374439,0.0085590597513452,0.0001584743421255,0.1206202046125541,train
189,data/simulations/mdof/sim_000189.npz,RSN0002_PGA_0p050g,RSN0002,0.05,0.4090844771539869,5S_T055,5,0.5499999999999999,0.1884215991249005,elastic,0.004,0.0004928848855673,0.0085697964031486,5.033804533944873e-05,0.0522535954725918,train
190,data/simulations/mdof/sim_000190.npz,RSN0002_PGA_0p050g,RSN0002,0.05,0.4090844771539869,5S_T055,5,0.5499999999999999,0.1884215991249005,bilinear,0.004,0.0004928848855673,0.0085697964031486,5.033804533944865e-05,0.0522535954725918,train
191,data/simulations/mdof/sim_000191.npz,RSN0002_PGA_0p050g,RSN0002,0.05,0.4090844771539869,5S_T055,5,0.5499999999999999,0.1884215991249005,bilinear,0.007,0.0004928848855673,0.0085697964031486,5.033804533944865e-05,0.0522535954725918,train
192,data/simulations/mdof/sim_000192.npz,RSN0002_PGA_0p050g,RSN0002,0.05,0.4090844771539869,5S_T085,5,0.8499999999999999,0.2911970168293918,elastic,0.004,0.0014616641346621,0.0115875228707678,0.000133645620359,0.2167500864887969,train
193,data/simulations/mdof/sim_000193.npz,RSN0002_PGA_0p050g,RSN0002,0.05,0.4090844771539869,5S_T085,5,0.8499999999999999,0.2911970168293918,bilinear,0.004,0.0014616641346621,0.0115875228707677,0.000133645620359,0.2167500864887967,train
194,data/simulations/mdof/sim_000194.npz,RSN0002_PGA_0p050g,RSN0002,0.05,0.4090844771539869,5S_T085,5,0.8499999999999999,0.2911970168293918,bilinear,0.007,0.0014616641346621,0.0115875228707677,0.000133645620359,0.2167500864887967,train
195,data/simulations/mdof/sim_000195.npz,RSN0002_PGA_0p050g,RSN0002,0.05,0.4090844771539869,5S_T120,5,1.2000000000000008,0.4111016708179651,elastic,0.004,0.0017041358276104,0.0068095438580426,0.0001286029045512,0.1551270126671456,ood_b
196,data/simulations/mdof/sim_000196.npz,RSN0002_PGA_0p050g,RSN0002,0.05,0.4090844771539869,5S_T120,5,1.2000000000000008,0.4111016708179651,bilinear,0.004,0.0017041358276104,0.0068095438580426,0.0001286029045512,0.1551270126671456,ood_b
197,data/simulations/mdof/sim_000197.npz,RSN0002_PGA_0p050g,RSN0002,0.05,0.4090844771539869,5S_T120,5,1.2000000000000008,0.4111016708179651,bilinear,0.007,0.0017041358276104,0.0068095438580426,0.0001286029045512,0.1551270126671456,ood_b
198,data/simulations/mdof/sim_000198.npz,RSN0002_PGA_0p100g,RSN0002,0.1,0.8181689543079739,3S_T035,3,0.3499999999999998,0.1249135537622733,elastic,0.004,0.000893769897807,0.0345939080581901,0.000132716746542,0.2448597747163714,train
199,data/simulations/mdof/sim_000199.npz,RSN0002_PGA_0p100g,RSN0002,0.1,0.8181689543079739,3S_T035,3,0.3499999999999998,0.1249135537622733,bilinear,0.004,0.000893769897807,0.0345939080581901,0.000132716746542,0.244859774716372,train
200,data/simulations/mdof/sim_000200.npz,RSN0002_PGA_0p100g,RSN0002,0.1,0.8181689543079739,3S_T035,3,0.3499999999999998,0.1249135537622733,bilinear,0.007,0.000893769897807,0.0345939080581901,0.000132716746542,0.244859774716372,id_test
201,data/simulations/mdof/sim_000201.npz,RSN0002_PGA_0p100g,RSN0002,0.1,0.8181689543079739,3S_T060,3,0.6,0.2141375207353256,elastic,0.004,0.0013927581896207,0.0162845844860796,0.0002155940541874,0.2684202434425388,train
202,data/simulations/mdof/sim_000202.npz,RSN0002_PGA_0p100g,RSN0002,0.1,0.8181689543079739,3S_T060,3,0.6,0.2141375207353256,bilinear,0.004,0.0013927581896207,0.0162845844860796,0.0002155940541874,0.2684202434425391,train
203,data/simulations/mdof/sim_000203.npz,RSN0002_PGA_0p100g,RSN0002,0.1,0.8181689543079739,3S_T060,3,0.6,0.2141375207353256,bilinear,0.007,0.0013927581896207,0.0162845844860796,0.0002155940541874,0.2684202434425391,train
204,data/simulations/mdof/sim_000204.npz,RSN0002_PGA_0p100g,RSN0002,0.1,0.8181689543079739,3S_T090,3,0.9,0.3212062811029884,elastic,0.004,0.002698956748878,0.0171181195026904,0.0003169486842511,0.4824808184502143,train
205,data/simulations/mdof/sim_000205.npz,RSN0002_PGA_0p100g,RSN0002,0.1,0.8181689543079739,3S_T090,3,0.9,0.3212062811029884,bilinear,0.004,0.002698956748878,0.0171181195026904,0.0003169486842511,0.4824808184502164,train
206,data/simulations/mdof/sim_000206.npz,RSN0002_PGA_0p100g,RSN0002,0.1,0.8181689543079739,3S_T090,3,0.9,0.3212062811029884,bilinear,0.007,0.002698956748878,0.0171181195026904,0.0003169486842511,0.4824808184502164,train
207,data/simulations/mdof/sim_000207.npz,RSN0002_PGA_0p100g,RSN0002,0.1,0.8181689543079739,5S_T055,5,0.5499999999999999,0.1884215991249005,elastic,0.004,0.0009857697711347,0.0171395928062972,0.0001006760906788,0.2090143818903674,train
208,data/simulations/mdof/sim_000208.npz,RSN0002_PGA_0p100g,RSN0002,0.1,0.8181689543079739,5S_T055,5,0.5499999999999999,0.1884215991249005,bilinear,0.004,0.0009857697711347,0.0171395928062972,0.0001006760906788,0.2090143818903674,train
209,data/simulations/mdof/sim_000209.npz,RSN0002_PGA_0p100g,RSN0002,0.1,0.8181689543079739,5S_T055,5,0.5499999999999999,0.1884215991249005,bilinear,0.007,0.0009857697711347,0.0171395928062972,0.0001006760906788,0.2090143818903674,train
210,data/simulations/mdof/sim_000210.npz,RSN0002_PGA_0p100g,RSN0002,0.1,0.8181689543079739,5S_T085,5,0.8499999999999999,0.2911970168293918,elastic,0.004,0.0029233282693242,0.0231750457415356,0.000267291240718,0.8670003459551876,train
211,data/simulations/mdof/sim_000211.npz,RSN0002_PGA_0p100g,RSN0002,0.1,0.8181689543079739,5S_T085,5,0.8499999999999999,0.2911970168293918,bilinear,0.004,0.0029233282693242,0.0231750457415355,0.000267291240718,0.8670003459551875,train
212,data/simulations/mdof/sim_000212.npz,RSN0002_PGA_0p100g,RSN0002,0.1,0.8181689543079739,5S_T085,5,0.8499999999999999,0.2911970168293918,bilinear,0.007,0.0029233282693242,0.0231750457415355,0.000267291240718,0.8670003459551875,train
213,data/simulations/mdof/sim_000213.npz,RSN0002_PGA_0p100g,RSN0002,0.1,0.8181689543079739,5S_T120,5,1.2000000000000008,0.4111016708179651,elastic,0.004,0.0034082716552209,0.0136190877160853,0.0002572058091025,0.6205080506685826,ood_b
214,data/simulations/mdof/sim_000214.npz,RSN0002_PGA_0p100g,RSN0002,0.1,0.8181689543079739,5S_T120,5,1.2000000000000008,0.4111016708179651,bilinear,0.004,0.0034082716552209,0.0136190877160853,0.0002572058091025,0.6205080506685828,ood_b
215,data/simulations/mdof/sim_000215.npz,RSN0002_PGA_0p100g,RSN0002,0.1,0.8181689543079739,5S_T120,5,1.2000000000000008,0.4111016708179651,bilinear,0.007,0.0034082716552209,0.0136190877160853,0.0002572058091025,0.6205080506685828,ood_b
216,data/simulations/mdof/sim_000216.npz,RSN0002_PGA_0p200g,RSN0002,0.2,1.6363379086159475,3S_T035,3,0.3499999999999998,0.1249135537622733,elastic,0.004,0.0017875397956141,0.0691878161163803,0.000265433493084,0.9794390988654856,train
217,data/simulations/mdof/sim_000217.npz,RSN0002_PGA_0p200g,RSN0002,0.2,1.6363379086159475,3S_T035,3,0.3499999999999998,0.1249135537622733,bilinear,0.004,0.0017875397956141,0.0691878161163803,0.000265433493084,0.9794390988654884,train
218,data/simulations/mdof/sim_000218.npz,RSN0002_PGA_0p200g,RSN0002,0.2,1.6363379086159475,3S_T035,3,0.3499999999999998,0.1249135537622733,bilinear,0.007,0.0017875397956141,0.0691878161163803,0.000265433493084,0.9794390988654884,train
219,data/simulations/mdof/sim_000219.npz,RSN0002_PGA_0p200g,RSN0002,0.2,1.6363379086159475,3S_T060,3,0.6,0.2141375207353256,elastic,0.004,0.0027855163792414,0.0325691689721592,0.0004311881083749,1.0736809737701551,train
220,data/simulations/mdof/sim_000220.npz,RSN0002_PGA_0p200g,RSN0002,0.2,1.6363379086159475,3S_T060,3,0.6,0.2141375207353256,bilinear,0.004,0.0027855163792414,0.0325691689721593,0.0004311881083749,1.0736809737701565,train
221,data/simulations/mdof/sim_000221.npz,RSN0002_PGA_0p200g,RSN0002,0.2,1.6363379086159475,3S_T060,3,0.6,0.2141375207353256,bilinear,0.007,0.0027855163792414,0.0325691689721593,0.0004311881083749,1.0736809737701565,train
222,data/simulations/mdof/sim_000222.npz,RSN0002_PGA_0p200g,RSN0002,0.2,1.6363379086159475,3S_T090,3,0.9,0.3212062811029884,elastic,0.004,0.005397913497756,0.0342362390053808,0.0006338973685023,1.9299232738008572,id_test
223,data/simulations/mdof/sim_000223.npz,RSN0002_PGA_0p200g,RSN0002,0.2,1.6363379086159475,3S_T090,3,0.9,0.3212062811029884,bilinear,0.004,0.005397913497756,0.0342362390053808,0.0006338973685023,1.9299232738008656,train
224,data/simulations/mdof/sim_000224.npz,RSN0002_PGA_0p200g,RSN0002,0.2,1.6363379086159475,3S_T090,3,0.9,0.3212062811029884,bilinear,0.007,0.005397913497756,0.0342362390053808,0.0006338973685023,1.9299232738008656,train
225,data/simulations/mdof/sim_000225.npz,RSN0002_PGA_0p200g,RSN0002,0.2,1.6363379086159475,5S_T055,5,0.5499999999999999,0.1884215991249005,elastic,0.004,0.0019715395422695,0.0342791856125945,0.0002013521813577,0.8360575275614696,train
226,data/simulations/mdof/sim_000226.npz,RSN0002_PGA_0p200g,RSN0002,0.2,1.6363379086159475,5S_T055,5,0.5499999999999999,0.1884215991249005,bilinear,0.004,0.0019715395422695,0.0342791856125945,0.0002013521813577,0.8360575275614699,train
227,data/simulations/mdof/sim_000227.npz,RSN0002_PGA_0p200g,RSN0002,0.2,1.6363379086159475,5S_T055,5,0.5499999999999999,0.1884215991249005,bilinear,0.007,0.0019715395422695,0.0342791856125945,0.0002013521813577,0.8360575275614699,train
228,data/simulations/mdof/sim_000228.npz,RSN0002_PGA_0p200g,RSN0002,0.2,1.6363379086159475,5S_T085,5,0.8499999999999999,0.2911970168293918,elastic,0.004,0.0058466565386484,0.0463500914830712,0.0005345824814361,3.4680013838207504,train
229,data/simulations/mdof/sim_000229.npz,RSN0002_PGA_0p200g,RSN0002,0.2,1.6363379086159475,5S_T085,5,0.8499999999999999,0.2911970168293918,bilinear,0.004,0.0058466565386484,0.0463500914830711,0.0005345824814361,3.46800138382075,train
230,data/simulations/mdof/sim_000230.npz,RSN0002_PGA_0p200g,RSN0002,0.2,1.6363379086159475,5S_T085,5,0.8499999999999999,0.2911970168293918,bilinear,0.007,0.0058466565386484,0.0463500914830711,0.0005345824814361,3.46800138382075,train
231,data/simulations/mdof/sim_000231.npz,RSN0002_PGA_0p200g,RSN0002,0.2,1.6363379086159475,5S_T120,5,1.2000000000000008,0.4111016708179651,elastic,0.004,0.0068165433104418,0.0272381754321707,0.0005144116182051,2.4820322026743304,ood_b
232,data/simulations/mdof/sim_000232.npz,RSN0002_PGA_0p200g,RSN0002,0.2,1.6363379086159475,5S_T120,5,1.2000000000000008,0.4111016708179651,bilinear,0.004,0.0068165433104418,0.0272381754321708,0.0005144116182051,2.482032202674337,ood_b
233,data/simulations/mdof/sim_000233.npz,RSN0002_PGA_0p200g,RSN0002,0.2,1.6363379086159475,5S_T120,5,1.2000000000000008,0.4111016708179651,bilinear,0.007,0.0068165433104418,0.0272381754321708,0.0005144116182051,2.482032202674337,ood_b
234,data/simulations/mdof/sim_000234.npz,RSN0002_PGA_0p300g,RSN0002,0.3,2.4545068629239215,3S_T035,3,0.3499999999999998,0.1249135537622733,elastic,0.004,0.0026813096934212,0.1037817241745703,0.0003981502396261,2.2037379724473456,train
235,data/simulations/mdof/sim_000235.npz,RSN0002_PGA_0p300g,RSN0002,0.3,2.4545068629239215,3S_T035,3,0.3499999999999998,0.1249135537622733,bilinear,0.004,0.0026813096934212,0.1037817241745704,0.0003981502396261,2.2037379724473443,train
236,data/simulations/mdof/sim_000236.npz,RSN0002_PGA_0p300g,RSN0002,0.3,2.4545068629239215,3S_T035,3,0.3499999999999998,0.1249135537622733,bilinear,0.007,0.0026813096934212,0.1037817241745704,0.0003981502396261,2.2037379724473443,train
237,data/simulations/mdof/sim_000237.npz,RSN0002_PGA_0p300g,RSN0002,0.3,2.4545068629239215,3S_T060,3,0.6,0.2141375207353256,elastic,0.004,0.0041782745688621,0.0488537534582392,0.0006467821625624,2.4157821909828416,train
238,data/simulations/mdof/sim_000238.npz,RSN0002_PGA_0p300g,RSN0002,0.3,2.4545068629239215,3S_T060,3,0.6,0.2141375207353256,bilinear,0.004,0.0041782745688621,0.0488537534582389,0.0006467821625624,2.4157821909828447,train
239,data/simulations/mdof/sim_000239.npz,RSN0002_PGA_0p300g,RSN0002,0.3,2.4545068629239215,3S_T060,3,0.6,0.2141375207353256,bilinear,0.007,0.0041782745688621,0.0488537534582389,0.0006467821625624,2.4157821909828447,train
240,data/simulations/mdof/sim_000240.npz,RSN0002_PGA_0p300g,RSN0002,0.3,2.4545068629239215,3S_T090,3,0.9,0.3212062811029884,elastic,0.004,0.0080968702466341,0.0513543585080712,0.0009508460527535,4.342327366051943,train
241,data/simulations/mdof/sim_000241.npz,RSN0002_PGA_0p300g,RSN0002,0.3,2.4545068629239215,3S_T090,3,0.9,0.3212062811029884,bilinear,0.004,0.0080968702466341,0.0513543585080713,0.0009508460527535,4.34232736605197,train
242,data/simulations/mdof/sim_000242.npz,RSN0002_PGA_0p300g,RSN0002,0.3,2.4545068629239215,3S_T090,3,0.9,0.3212062811029884,bilinear,0.007,0.0080968702466341,0.0513543585080713,0.0009508460527535,4.34232736605197,train
243,data/simulations/mdof/sim_000243.npz,RSN0002_PGA_0p300g,RSN0002,0.3,2.4545068629239215,5S_T055,5,0.5499999999999999,0.1884215991249005,elastic,0.004,0.0029573093134042,0.051418778418892,0.0003020282720366,1.8811294370133,train
244,data/simulations/mdof/sim_000244.npz,RSN0002_PGA_0p300g,RSN0002,0.3,2.4545068629239215,5S_T055,5,0.5499999999999999,0.1884215991249005,bilinear,0.004,0.0029573093134042,0.0514187784188919,0.0003020282720366,1.8811294370133047,id_test
245,data/simulations/mdof/sim_000245.npz,RSN0002_PGA_0p300g,RSN0002,0.3,2.4545068629239215,5S_T055,5,0.5499999999999999,0.1884215991249005,bilinear,0.007,0.0029573093134042,0.0514187784188919,0.0003020282720366,1.8811294370133047,train
246,data/simulations/mdof/sim_000246.npz,RSN0002_PGA_0p300g,RSN0002,0.3,2.4545068629239215,5S_T085,5,0.8499999999999999,0.2911970168293918,elastic,0.004,0.0087699848079727,0.0695251372246068,0.0008018737221542,7.803003113596707,train
247,data/simulations/mdof/sim_000247.npz,RSN0002_PGA_0p300g,RSN0002,0.3,2.4545068629239215,5S_T085,5,0.8499999999999999,0.2911970168293918,bilinear,0.004,0.0087699848079727,0.0695251372246067,0.0008018737221542,7.803003113596692,train
248,data/simulations/mdof/sim_000248.npz,RSN0002_PGA_0p300g,RSN0002,0.3,2.4545068629239215,5S_T085,5,0.8499999999999999,0.2911970168293918,bilinear,0.007,0.0087699848079727,0.0695251372246067,0.0008018737221542,7.803003113596692,train
249,data/simulations/mdof/sim_000249.npz,RSN0002_PGA_0p300g,RSN0002,0.3,2.4545068629239215,5S_T120,5,1.2000000000000008,0.4111016708179651,elastic,0.004,0.0102248149656628,0.0408572631482561,0.0007716174273076,5.584572456017278,ood_b
250,data/simulations/mdof/sim_000250.npz,RSN0002_PGA_0p300g,RSN0002,0.3,2.4545068629239215,5S_T120,5,1.2000000000000008,0.4111016708179651,bilinear,0.004,0.0102248149656628,0.0408572631482561,0.0007716174273077,5.584572456017299,ood_b
251,data/simulations/mdof/sim_000251.npz,RSN0002_PGA_0p300g,RSN0002,0.3,2.4545068629239215,5S_T120,5,1.2000000000000008,0.4111016708179651,bilinear,0.007,0.0102248149656628,0.0408572631482561,0.0007716174273077,5.584572456017299,ood_b
252,data/simulations/mdof/sim_000252.npz,RSN0002_PGA_0p400g,RSN0002,0.4,3.2726758172318955,3S_T035,3,0.3499999999999998,0.1249135537622733,elastic,0.004,0.0035750795912283,0.1383756322327607,0.0005308669861681,3.917756395461943,train
253,data/simulations/mdof/sim_000253.npz,RSN0002_PGA_0p400g,RSN0002,0.4,3.2726758172318955,3S_T035,3,0.3499999999999998,0.1249135537622733,bilinear,0.004,0.0035750795912283,0.1383756322327607,0.0005308669861681,3.917756395461953,train
254,data/simulations/mdof/sim_000254.npz,RSN0002_PGA_0p400g,RSN0002,0.4,3.2726758172318955,3S_T035,3,0.3499999999999998,0.1249135537622733,bilinear,0.007,0.0035750795912283,0.1383756322327607,0.0005308669861681,3.917756395461953,train
255,data/simulations/mdof/sim_000255.npz,RSN0002_PGA_0p400g,RSN0002,0.4,3.2726758172318955,3S_T060,3,0.6,0.2141375207353256,elastic,0.004,0.0055710327584829,0.0651383379443185,0.0008623762167499,4.294723895080621,train
256,data/simulations/mdof/sim_000256.npz,RSN0002_PGA_0p400g,RSN0002,0.4,3.2726758172318955,3S_T060,3,0.6,0.2141375207353256,bilinear,0.004,0.0055710327584829,0.0651383379443186,0.0008623762167499,4.294723895080626,id_test
257,data/simulations/mdof/sim_000257.npz,RSN0002_PGA_0p400g,RSN0002,0.4,3.2726758172318955,3S_T060,3,0.6,0.2141375207353256,bilinear,0.007,0.0055710327584829,0.0651383379443186,0.0008623762167499,4.294723895080626,id_test
258,data/simulations/mdof/sim_000258.npz,RSN0002_PGA_0p400g,RSN0002,0.4,3.2726758172318955,3S_T090,3,0.9,0.3212062811029884,elastic,0.004,0.0107958269955121,0.0684724780107616,0.0012677947370047,7.719693095203429,train
259,data/simulations/mdof/sim_000259.npz,RSN0002_PGA_0p400g,RSN0002,0.4,3.2726758172318955,3S_T090,3,0.9,0.3212062811029884,bilinear,0.004,0.0107958269955121,0.0684724780107617,0.0012677947370047,7.719693095203463,id_test
260,data/simulations/mdof/sim_000260.npz,RSN0002_PGA_0p400g,RSN0002,0.4,3.2726758172318955,3S_T090,3,0.9,0.3212062811029884,bilinear,0.007,0.0107958269955121,0.0684724780107617,0.0012677947370047,7.719693095203463,train
261,data/simulations/mdof/sim_000261.npz,RSN0002_PGA_0p400g,RSN0002,0.4,3.2726758172318955,5S_T055,5,0.5499999999999999,0.1884215991249005,elastic,0.004,0.003943079084539,0.0685583712251891,0.0004027043627155,3.3442301102458782,train
262,data/simulations/mdof/sim_000262.npz,RSN0002_PGA_0p400g,RSN0002,0.4,3.2726758172318955,5S_T055,5,0.5499999999999999,0.1884215991249005,bilinear,0.004,0.003943079084539,0.0685583712251891,0.0004027043627155,3.3442301102458796,train
263,data/simulations/mdof/sim_000263.npz,RSN0002_PGA_0p400g,RSN0002,0.4,3.2726758172318955,5S_T055,5,0.5499999999999999,0.1884215991249005,bilinear,0.007,0.003943079084539,0.0685583712251891,0.0004027043627155,3.3442301102458796,train
264,data/simulations/mdof/sim_000264.npz,RSN0002_PGA_0p400g,RSN0002,0.4,3.2726758172318955,5S_T085,5,0.8499999999999999,0.2911970168293918,elastic,0.004,0.0116933130772969,0.0927001829661424,0.0010691649628723,13.872005535283002,train
265,data/simulations/mdof/sim_000265.npz,RSN0002_PGA_0p400g,RSN0002,0.4,3.2726758172318955,5S_T085,5,0.8499999999999999,0.2911970168293918,bilinear,0.004,0.0116933130772969,0.0927001829661423,0.0010691649628723,13.872005535283,train
266,data/simulations/mdof/sim_000266.npz,RSN0002_PGA_0p400g,RSN0002,0.4,3.2726758172318955,5S_T085,5,0.8499999999999999,0.2911970168293918,bilinear,0.007,0.0116933130772969,0.0927001829661423,0.0010691649628723,13.872005535283,train
267,data/simulations/mdof/sim_000267.npz,RSN0002_PGA_0p400g,RSN0002,0.4,3.2726758172318955,5S_T120,5,1.2000000000000008,0.4111016708179651,elastic,0.004,0.0136330866208837,0.0544763508643415,0.0010288232364102,9.928128810697322,ood_b
268,data/simulations/mdof/sim_000268.npz,RSN0002_PGA_0p400g,RSN0002,0.4,3.2726758172318955,5S_T120,5,1.2000000000000008,0.4111016708179651,bilinear,0.004,0.0136330866208837,0.0544763508643416,0.0010288232364102,9.928128810697348,ood_b
269,data/simulations/mdof/sim_000269.npz,RSN0002_PGA_0p400g,RSN0002,0.4,3.2726758172318955,5S_T120,5,1.2000000000000008,0.4111016708179651,bilinear,0.007,0.0136330866208837,0.0544763508643416,0.0010288232364102,9.928128810697348,ood_b
270,data/simulations/mdof/sim_000270.npz,RSN0002_PGA_0p500g,RSN0002,0.5,4.090844771539869,3S_T035,3,0.3499999999999998,0.1249135537622733,elastic,0.004,0.0044688494890353,0.1729695402909506,0.0006635837327102,6.121494367909288,train
271,data/simulations/mdof/sim_000271.npz,RSN0002_PGA_0p500g,RSN0002,0.5,4.090844771539869,3S_T035,3,0.3499999999999998,0.1249135537622733,bilinear,0.004,0.0044688494890353,0.1729695402909508,0.0006635837327102,6.121494367909285,train
272,data/simulations/mdof/sim_000272.npz,RSN0002_PGA_0p500g,RSN0002,0.5,4.090844771539869,3S_T035,3,0.3499999999999998,0.1249135537622733,bilinear,0.007,0.0044688494890353,0.1729695402909508,0.0006635837327102,6.121494367909285,train
273,data/simulations/mdof/sim_000273.npz,RSN0002_PGA_0p500g,RSN0002,0.5,4.090844771539869,3S_T060,3,0.6,0.2141375207353256,elastic,0.004,0.0069637909481036,0.0814229224303984,0.0010779702709374,6.710506086063456,train
274,data/simulations/mdof/sim_000274.npz,RSN0002_PGA_0p500g,RSN0002,0.5,4.090844771539869,3S_T060,3,0.6,0.2141375207353256,bilinear,0.004,0.0069637909481036,0.0814229224303981,0.0010779702709374,6.710506086063448,id_test
275,data/simulations/mdof/sim_000275.npz,RSN0002_PGA_0p500g,RSN0002,0.5,4.090844771539869,3S_T060,3,0.6,0.2141375207353256,bilinear,0.007,0.0069637909481036,0.0814229224303981,0.0010779702709374,6.710506086063448,train
276,data/simulations/mdof/sim_000276.npz,RSN0002_PGA_0p500g,RSN0002,0.5,4.090844771539869,3S_T090,3,0.9,0.3212062811029884,elastic,0.004,0.0134947837443901,0.0855905975134522,0.0015847434212558,12.062020461255427,train
277,data/simulations/mdof/sim_000277.npz,RSN0002_PGA_0p500g,RSN0002,0.5,4.090844771539869,3S_T090,3,0.9,0.3212062811029884,bilinear,0.004,0.0134947837443901,0.0855905975134521,0.0015847434212558,12.062020461255454,train
278,data/simulations/mdof/sim_000278.npz,RSN0002_PGA_0p500g,RSN0002,0.5,4.090844771539869,3S_T090,3,0.9,0.3212062811029884,bilinear,0.007,0.0134947837443901,0.0855905975134521,0.0015847434212558,12.062020461255454,train
279,data/simulations/mdof/sim_000279.npz,RSN0002_PGA_0p500g,RSN0002,0.5,4.090844771539869,5S_T055,5,0.5499999999999999,0.1884215991249005,elastic,0.004,0.0049288488556737,0.0856979640314862,0.0005033804533944,5.225359547259173,train
280,data/simulations/mdof/sim_000280.npz,RSN0002_PGA_0p500g,RSN0002,0.5,4.090844771539869,5S_T055,5,0.5499999999999999,0.1884215991249005,bilinear,0.004,0.0049288488556737,0.0856979640314866,0.0005033804533944,5.225359547259171,train
281,data/simulations/mdof/sim_000281.npz,RSN0002_PGA_0p500g,RSN0002,0.5,4.090844771539869,5S_T055,5,0.5499999999999999,0.1884215991249005,bilinear,0.007,0.0049288488556737,0.0856979640314866,0.0005033804533944,5.225359547259171,train
282,data/simulations/mdof/sim_000282.npz,RSN0002_PGA_0p500g,RSN0002,0.5,4.090844771539869,5S_T085,5,0.8499999999999999,0.2911970168293918,elastic,0.004,0.0146166413466212,0.1158752287076781,0.0013364562035904,21.675008648879697,train
283,data/simulations/mdof/sim_000283.npz,RSN0002_PGA_0p500g,RSN0002,0.5,4.090844771539869,5S_T085,5,0.8499999999999999,0.2911970168293918,bilinear,0.004,0.0146166413466212,0.1158752287076784,0.0013364562035904,21.675008648879775,train
284,data/simulations/mdof/sim_000284.npz,RSN0002_PGA_0p500g,RSN0002,0.5,4.090844771539869,5S_T085,5,0.8499999999999999,0.2911970168293918,bilinear,0.007,0.0146166413466212,0.1158752287076784,0.0013364562035904,21.675008648879775,train
285,data/simulations/mdof/sim_000285.npz,RSN0002_PGA_0p500g,RSN0002,0.5,4.090844771539869,5S_T120,5,1.2000000000000008,0.4111016708179651,elastic,0.004,0.0170413582761046,0.0680954385804268,0.0012860290455128,15.512701266714636,ood_b
286,data/simulations/mdof/sim_000286.npz,RSN0002_PGA_0p500g,RSN0002,0.5,4.090844771539869,5S_T120,5,1.2000000000000008,0.4111016708179651,bilinear,0.004,0.0170413582761046,0.0680954385804273,0.0012860290455128,15.51270126671465,ood_b
287,data/simulations/mdof/sim_000287.npz,RSN0002_PGA_0p500g,RSN0002,0.5,4.090844771539869,5S_T120,5,1.2000000000000008,0.4111016708179651,bilinear,0.007,0.0170413582761046,0.0680954385804273,0.0012860290455128,15.51270126671465,ood_b
288,data/simulations/mdof/sim_000288.npz,RSN0002_PGA_0p600g,RSN0002,0.6,4.909013725847843,3S_T035,3,0.3499999999999998,0.1249135537622733,elastic,0.004,0.0053626193868424,0.2075634483491406,0.0007963004792522,8.814951889789382,train
289,data/simulations/mdof/sim_000289.npz,RSN0002_PGA_0p600g,RSN0002,0.6,4.909013725847843,3S_T035,3,0.3499999999999998,0.1249135537622733,bilinear,0.004,0.0053626193868424,0.2075634483491409,0.0007963004792522,8.814951889789377,train
290,data/simulations/mdof/sim_000290.npz,RSN0002_PGA_0p600g,RSN0002,0.6,4.909013725847843,3S_T035,3,0.3499999999999998,0.1249135537622733,bilinear,0.007,0.0053626193868424,0.2075634483491409,0.0007963004792522,8.814951889789377,id_test
291,data/simulations/mdof/sim_000291.npz,RSN0002_PGA_0p600g,RSN0002,0.6,4.909013725847843,3S_T060,3,0.6,0.2141375207353256,elastic,0.004,0.0083565491377243,0.0977075069164784,0.0012935643251249,9.663128763931368,train
292,data/simulations/mdof/sim_000292.npz,RSN0002_PGA_0p600g,RSN0002,0.6,4.909013725847843,3S_T060,3,0.6,0.2141375207353256,bilinear,0.004,0.0083565491377243,0.0977075069164779,0.0012935643251249,9.66312876393138,train
293,data/simulations/mdof/sim_000293.npz,RSN0002_PGA_0p600g,RSN0002,0.6,4.909013725847843,3S_T060,3,0.6,0.2141375207353256,bilinear,0.007,0.0083565491377243,0.0977075069164779,0.0012935643251249,9.66312876393138,train
294,data/simulations/mdof/sim_000294.npz,RSN0002_PGA_0p600g,RSN0002,0.6,4.909013725847843,3S_T090,3,0.9,0.3212062811029884,elastic,0.004,0.0161937404932682,0.1027087170161425,0.001901692105507,17.36930946420777,train
295,data/simulations/mdof/sim_000295.npz,RSN0002_PGA_0p600g,RSN0002,0.6,4.909013725847843,3S_T090,3,0.9,0.3212062811029884,bilinear,0.004,0.0161937404932682,0.1027087170161426,0.001901692105507,17.36930946420788,train
296,data/simulations/mdof/sim_000296.npz,RSN0002_PGA_0p600g,RSN0002,0.6,4.909013725847843,3S_T090,3,0.9,0.3212062811029884,bilinear,0.007,0.0161937404932682,0.1027087170161426,0.001901692105507,17.36930946420788,id_test
297,data/simulations/mdof/sim_000297.npz,RSN0002_PGA_0p600g,RSN0002,0.6,4.909013725847843,5S_T055,5,0.5499999999999999,0.1884215991249005,elastic,0.004,0.0059146186268085,0.102837556837784,0.0006040565440733,7.524517748053199,train
298,data/simulations/mdof/sim_000298.npz,RSN0002_PGA_0p600g,RSN0002,0.6,4.909013725847843,5S_T055,5,0.5499999999999999,0.1884215991249005,bilinear,0.004,0.0059146186268085,0.1028375568377839,0.0006040565440733,7.524517748053219,train
299,data/simulations/mdof/sim_000299.npz,RSN0002_PGA_0p600g,RSN0002,0.6,4.909013725847843,5S_T055,5,0.5499999999999999,0.1884215991249005,bilinear,0.007,0.0059146186268085,0.1028375568377839,0.0006040565440733,7.524517748053219,train
300,data/simulations/mdof/sim_000300.npz,RSN0002_PGA_0p600g,RSN0002,0.6,4.909013725847843,5S_T085,5,0.8499999999999999,0.2911970168293918,elastic,0.004,0.0175399696159455,0.1390502744492136,0.0016037474443085,31.212012454386823,train
301,data/simulations/mdof/sim_000301.npz,RSN0002_PGA_0p600g,RSN0002,0.6,4.909013725847843,5S_T085,5,0.8499999999999999,0.2911970168293918,bilinear,0.004,0.0175399696159454,0.1390502744492135,0.0016037474443085,31.21201245438677,train
302,data/simulations/mdof/sim_000302.npz,RSN0002_PGA_0p600g,RSN0002,0.6,4.909013725847843,5S_T085,5,0.8499999999999999,0.2911970168293918,bilinear,0.007,0.0175399696159454,0.1390502744492135,0.0016037474443085,31.21201245438677,train
303,data/simulations/mdof/sim_000303.npz,RSN0002_PGA_0p600g,RSN0002,0.6,4.909013725847843,5S_T120,5,1.2000000000000008,0.4111016708179651,elastic,0.004,0.0204496299313256,0.0817145262965123,0.0015432348546153,22.33828982406911,ood_b
304,data/simulations/mdof/sim_000304.npz,RSN0002_PGA_0p600g,RSN0002,0.6,4.909013725847843,5S_T120,5,1.2000000000000008,0.4111016708179651,bilinear,0.004,0.0204496299313256,0.0817145262965121,0.0015432348546153,22.33828982406912,ood_b
305,data/simulations/mdof/sim_000305.npz,RSN0002_PGA_0p600g,RSN0002,0.6,4.909013725847843,5S_T120,5,1.2000000000000008,0.4111016708179651,bilinear,0.007,0.0204496299313256,0.0817145262965121,0.0015432348546153,22.33828982406912,ood_b
306,data/simulations/mdof/sim_000306.npz,RSN0002_PGA_0p800g,RSN0002,0.8,6.545351634463791,3S_T035,3,0.3499999999999998,0.1249135537622733,elastic,0.004,0.0071501591824566,0.2767512644655214,0.0010617339723363,15.671025581847772,train
307,data/simulations/mdof/sim_000307.npz,RSN0002_PGA_0p800g,RSN0002,0.8,6.545351634463791,3S_T035,3,0.3499999999999998,0.1249135537622733,bilinear,0.004,0.0071501591824566,0.2767512644655214,0.0010617339723363,15.671025581847813,train
308,data/simulations/mdof/sim_000308.npz,RSN0002_PGA_0p800g,RSN0002,0.8,6.545351634463791,3S_T035,3,0.3499999999999998,0.1249135537622733,bilinear,0.007,0.0071501591824566,0.2767512644655214,0.0010617339723363,15.671025581847813,train
309,data/simulations/mdof/sim_000309.npz,RSN0002_PGA_0p800g,RSN0002,0.8,6.545351634463791,3S_T060,3,0.6,0.2141375207353256,elastic,0.004,0.0111420655169658,0.130276675888637,0.0017247524334999,17.178895580322482,train
310,data/simulations/mdof/sim_000310.npz,RSN0002_PGA_0p800g,RSN0002,0.8,6.545351634463791,3S_T060,3,0.6,0.2141375207353256,bilinear,0.004,0.0111420655169658,0.1302766758886373,0.0017247524334999,17.178895580322504,train
311,data/simulations/mdof/sim_000311.npz,RSN0002_PGA_0p800g,RSN0002,0.8,6.545351634463791,3S_T060,3,0.6,0.2141375207353256,bilinear,0.007,0.0111420655169658,0.1302766758886373,0.0017247524334999,17.178895580322504,train
312,data/simulations/mdof/sim_000312.npz,RSN0002_PGA_0p800g,RSN0002,0.8,6.545351634463791,3S_T090,3,0.9,0.3212062811029884,elastic,0.004,0.0215916539910242,0.1369449560215233,0.0025355894740094,30.87877238081371,train
313,data/simulations/mdof/sim_000313.npz,RSN0002_PGA_0p800g,RSN0002,0.8,6.545351634463791,3S_T090,3,0.9,0.3212062811029884,bilinear,0.004,0.0215916539910242,0.1369449560215234,0.0025355894740094,30.878772380813853,train
314,data/simulations/mdof/sim_000314.npz,RSN0002_PGA_0p800g,RSN0002,0.8,6.545351634463791,3S_T090,3,0.9,0.3212062811029884,bilinear,0.007,0.0215916539910242,0.1369449560215234,0.0025355894740094,30.878772380813853,train
315,data/simulations/mdof/sim_000315.npz,RSN0002_PGA_0p800g,RSN0002,0.8,6.545351634463791,5S_T055,5,0.5499999999999999,0.1884215991249005,elastic,0.004,0.007886158169078,0.1371167424503782,0.0008054087254311,13.376920440983511,train
316,data/simulations/mdof/sim_000316.npz,RSN0002_PGA_0p800g,RSN0002,0.8,6.545351634463791,5S_T055,5,0.5499999999999999,0.1884215991249005,bilinear,0.004,0.007886158169078,0.1371167424503783,0.0008054087254311,13.376920440983518,train
317,data/simulations/mdof/sim_000317.npz,RSN0002_PGA_0p800g,RSN0002,0.8,6.545351634463791,5S_T055,5,0.5499999999999999,0.1884215991249005,bilinear,0.007,0.007886158169078,0.1371167424503783,0.0008054087254311,13.376920440983518,train
318,data/simulations/mdof/sim_000318.npz,RSN0002_PGA_0p800g,RSN0002,0.8,6.545351634463791,5S_T085,5,0.8499999999999999,0.2911970168293918,elastic,0.004,0.0233866261545939,0.1854003659322848,0.0021383299257446,55.48802214113201,train
319,data/simulations/mdof/sim_000319.npz,RSN0002_PGA_0p800g,RSN0002,0.8,6.545351634463791,5S_T085,5,0.8499999999999999,0.2911970168293918,bilinear,0.004,0.0233866261545939,0.1854003659322846,0.0021383299257446,55.488022141132,id_test
320,data/simulations/mdof/sim_000320.npz,RSN0002_PGA_0p800g,RSN0002,0.8,6.545351634463791,5S_T085,5,0.8499999999999999,0.2911970168293918,bilinear,0.007,0.0233866261545939,0.1854003659322846,0.0021383299257446,55.488022141132,train
321,data/simulations/mdof/sim_000321.npz,RSN0002_PGA_0p800g,RSN0002,0.8,6.545351634463791,5S_T120,5,1.2000000000000008,0.4111016708179651,elastic,0.004,0.0272661732417674,0.1089527017286831,0.0020576464728205,39.71251524278929,ood_b
322,data/simulations/mdof/sim_000322.npz,RSN0002_PGA_0p800g,RSN0002,0.8,6.545351634463791,5S_T120,5,1.2000000000000008,0.4111016708179651,bilinear,0.004,0.0272661732417675,0.1089527017286831,0.0020576464728205,39.71251524278944,ood_b
323,data/simulations/mdof/sim_000323.npz,RSN0002_PGA_0p800g,RSN0002,0.8,6.545351634463791,5S_T120,5,1.2000000000000008,0.4111016708179651,bilinear,0.007,0.0272661732417675,0.1089527017286831,0.0020576464728205,39.71251524278944,ood_b
324,data/simulations/mdof/sim_000324.npz,RSN0002_PGA_1p000g,RSN0002,1.0,8.181689543079738,3S_T035,3,0.3499999999999998,0.1249135537622733,elastic,0.004,0.0089376989780707,0.3459390805819013,0.0013271674654204,24.485977471637153,train
325,data/simulations/mdof/sim_000325.npz,RSN0002_PGA_1p000g,RSN0002,1.0,8.181689543079738,3S_T035,3,0.3499999999999998,0.1249135537622733,bilinear,0.004,0.0089376989780707,0.3459390805819017,0.0013271674654204,24.48597747163714,train
326,data/simulations/mdof/sim_000326.npz,RSN0002_PGA_1p000g,RSN0002,1.0,8.181689543079738,3S_T035,3,0.3499999999999998,0.1249135537622733,bilinear,0.007,0.0089376989780707,0.3459390805819017,0.0013271674654204,24.48597747163714,train
327,data/simulations/mdof/sim_000327.npz,RSN0002_PGA_1p000g,RSN0002,1.0,8.181689543079738,3S_T060,3,0.6,0.2141375207353256,elastic,0.004,0.0139275818962073,0.1628458448607969,0.0021559405418749,26.842024344253826,train
328,data/simulations/mdof/sim_000328.npz,RSN0002_PGA_1p000g,RSN0002,1.0,8.181689543079738,3S_T060,3,0.6,0.2141375207353256,bilinear,0.004,0.0139275818962073,0.1628458448607963,0.0021559405418749,26.84202434425379,train
329,data/simulations/mdof/sim_000329.npz,RSN0002_PGA_1p000g,RSN0002,1.0,8.181689543079738,3S_T060,3,0.6,0.2141375207353256,bilinear,0.007,0.0139275818962073,0.1628458448607963,0.0021559405418749,26.84202434425379,train
330,data/simulations/mdof/sim_000330.npz,RSN0002_PGA_1p000g,RSN0002,1.0,8.181689543079738,3S_T090,3,0.9,0.3212062811029884,elastic,0.004,0.0269895674887803,0.1711811950269045,0.0031694868425117,48.24808184502171,train
331,data/simulations/mdof/sim_000331.npz,RSN0002_PGA_1p000g,RSN0002,1.0,8.181689543079738,3S_T090,3,0.9,0.3212062811029884,bilinear,0.004,0.0269895674887803,0.1711811950269042,0.0031694868425117,48.248081845021815,train
332,data/simulations/mdof/sim_000332.npz,RSN0002_PGA_1p000g,RSN0002,1.0,8.181689543079738,3S_T090,3,0.9,0.3212062811029884,bilinear,0.007,0.0269895674887803,0.1711811950269042,0.0031694868425117,48.248081845021815,train
333,data/simulations/mdof/sim_000333.npz,RSN0002_PGA_1p000g,RSN0002,1.0,8.181689543079738,5S_T055,5,0.5499999999999999,0.1884215991249005,elastic,0.004,0.0098576977113475,0.1713959280629725,0.0010067609067889,20.901438189036693,train
334,data/simulations/mdof/sim_000334.npz,RSN0002_PGA_1p000g,RSN0002,1.0,8.181689543079738,5S_T055,5,0.5499999999999999,0.1884215991249005,bilinear,0.004,0.0098576977113475,0.1713959280629732,0.0010067609067889,20.90143818903669,train
335,data/simulations/mdof/sim_000335.npz,RSN0002_PGA_1p000g,RSN0002,1.0,8.181689543079738,5S_T055,5,0.5499999999999999,0.1884215991249005,bilinear,0.007,0.0098576977113475,0.1713959280629732,0.0010067609067889,20.90143818903669,train
336,data/simulations/mdof/sim_000336.npz,RSN0002_PGA_1p000g,RSN0002,1.0,8.181689543079738,5S_T085,5,0.8499999999999999,0.2911970168293918,elastic,0.004,0.0292332826932424,0.2317504574153562,0.0026729124071808,86.70003459551879,train
337,data/simulations/mdof/sim_000337.npz,RSN0002_PGA_1p000g,RSN0002,1.0,8.181689543079738,5S_T085,5,0.8499999999999999,0.2911970168293918,bilinear,0.004,0.0292332826932424,0.2317504574153566,0.0026729124071808,86.70003459551874,train
338,data/simulations/mdof/sim_000338.npz,RSN0002_PGA_1p000g,RSN0002,1.0,8.181689543079738,5S_T085,5,0.8499999999999999,0.2911970168293918,bilinear,0.007,0.0292332826932424,0.2317504574153566,0.0026729124071808,86.70003459551874,train
339,data/simulations/mdof/sim_000339.npz,RSN0002_PGA_1p000g,RSN0002,1.0,8.181689543079738,5S_T120,5,1.2000000000000008,0.4111016708179651,elastic,0.004,0.0340827165522093,0.1361908771608536,0.0025720580910256,62.050805066858544,ood_b
340,data/simulations/mdof/sim_000340.npz,RSN0002_PGA_1p000g,RSN0002,1.0,8.181689543079738,5S_T120,5,1.2000000000000008,0.4111016708179651,bilinear,0.004,0.0340827165522093,0.1361908771608546,0.0025720580910256,62.0508050668586,ood_b
341,data/simulations/mdof/sim_000341.npz,RSN0002_PGA_1p000g,RSN0002,1.0,8.181689543079738,5S_T120,5,1.2000000000000008,0.4111016708179651,bilinear,0.007,0.0340827165522093,0.1361908771608546,0.0025720580910256,62.0508050668586,ood_b
342,data/simulations/mdof/sim_000342.npz,RSN0002_PGA_1p200g,RSN0002,1.2,9.818027451695686,3S_T035,3,0.3499999999999998,0.1249135537622733,elastic,0.004,0.0107252387736849,0.4151268966982812,0.0015926009585045,35.25980755915753,train
343,data/simulations/mdof/sim_000343.npz,RSN0002_PGA_1p200g,RSN0002,1.2,9.818027451695686,3S_T035,3,0.3499999999999998,0.1249135537622733,bilinear,0.004,0.0107252387736849,0.4151268966982819,0.0015926009585045,35.25980755915751,train
344,data/simulations/mdof/sim_000344.npz,RSN0002_PGA_1p200g,RSN0002,1.2,9.818027451695686,3S_T035,3,0.3499999999999998,0.1249135537622733,bilinear,0.007,0.0107252387736849,0.4151268966982819,0.0015926009585045,35.25980755915751,train
345,data/simulations/mdof/sim_000345.npz,RSN0002_PGA_1p200g,RSN0002,1.2,9.818027451695686,3S_T060,3,0.6,0.2141375207353256,elastic,0.004,0.0167130982754487,0.1954150138329568,0.0025871286502499,38.652515055725466,train
346,data/simulations/mdof/sim_000346.npz,RSN0002_PGA_1p200g,RSN0002,1.2,9.818027451695686,3S_T060,3,0.6,0.2141375207353256,bilinear,0.004,0.0167130982754487,0.1954150138329559,0.0025871286502499,38.65251505572552,train
347,data/simulations/mdof/sim_000347.npz,RSN0002_PGA_1p200g,RSN0002,1.2,9.818027451695686,3S_T060,3,0.6,0.2141375207353256,bilinear,0.007,0.0167130982754487,0.1954150138329559,0.0025871286502499,38.65251505572552,train
348,data/simulations/mdof/sim_000348.npz,RSN0002_PGA_1p200g,RSN0002,1.2,9.818027451695686,3S_T090,3,0.9,0.3212062811029884,elastic,0.004,0.0323874809865364,0.2054174340322851,0.0038033842110141,69.47723785683108,train
349,data/simulations/mdof/sim_000349.npz,RSN0002_PGA_1p200g,RSN0002,1.2,9.818027451695686,3S_T090,3,0.9,0.3212062811029884,bilinear,0.004,0.0323874809865365,0.2054174340322852,0.0038033842110141,69.47723785683152,train
350,data/simulations/mdof/sim_000350.npz,RSN0002_PGA_1p200g,RSN0002,1.2,9.818027451695686,3S_T090,3,0.9,0.3212062811029884,bilinear,0.007,0.0323874809865365,0.2054174340322852,0.0038033842110141,69.47723785683152,train
351,data/simulations/mdof/sim_000351.npz,RSN0002_PGA_1p200g,RSN0002,1.2,9.818027451695686,5S_T055,5,0.5499999999999999,0.1884215991249005,elastic,0.004,0.011829237253617,0.2056751136755681,0.0012081130881467,30.098070992212797,train
352,data/simulations/mdof/sim_000352.npz,RSN0002_PGA_1p200g,RSN0002,1.2,9.818027451695686,5S_T055,5,0.5499999999999999,0.1884215991249005,bilinear,0.004,0.0118292372536171,0.2056751136755678,0.0012081130881467,30.098070992212875,id_test
353,data/simulations/mdof/sim_000353.npz,RSN0002_PGA_1p200g,RSN0002,1.2,9.818027451695686,5S_T055,5,0.5499999999999999,0.1884215991249005,bilinear,0.007,0.0118292372536171,0.2056751136755678,0.0012081130881467,30.098070992212875,id_test
354,data/simulations/mdof/sim_000354.npz,RSN0002_PGA_1p200g,RSN0002,1.2,9.818027451695686,5S_T085,5,0.8499999999999999,0.2911970168293918,elastic,0.004,0.035079939231891,0.2781005488984273,0.003207494888617,124.8480498175473,train
355,data/simulations/mdof/sim_000355.npz,RSN0002_PGA_1p200g,RSN0002,1.2,9.818027451695686,5S_T085,5,0.8499999999999999,0.2911970168293918,bilinear,0.004,0.035079939231891,0.2781005488984275,0.003207494888617,124.84804981754762,id_test
356,data/simulations/mdof/sim_000356.npz,RSN0002_PGA_1p200g,RSN0002,1.2,9.818027451695686,5S_T085,5,0.8499999999999999,0.2911970168293918,bilinear,0.007,0.035079939231891,0.2781005488984275,0.003207494888617,124.84804981754762,id_test
357,data/simulations/mdof/sim_000357.npz,RSN0002_PGA_1p200g,RSN0002,1.2,9.818027451695686,5S_T120,5,1.2000000000000008,0.4111016708179651,elastic,0.004,0.0408992598626512,0.1634290525930247,0.0030864697092307,89.35315929627644,ood_b
358,data/simulations/mdof/sim_000358.npz,RSN0002_PGA_1p200g,RSN0002,1.2,9.818027451695686,5S_T120,5,1.2000000000000008,0.4111016708179651,bilinear,0.004,0.0408992598626512,0.1634290525930243,0.0030864697092307,89.35315929627647,ood_b
359,data/simulations/mdof/sim_000359.npz,RSN0002_PGA_1p200g,RSN0002,1.2,9.818027451695686,5S_T120,5,1.2000000000000008,0.4111016708179651,bilinear,0.007,0.0408992598626512,0.1634290525930243,0.0030864697092307,89.35315929627647,ood_b
360,data/simulations/mdof/sim_000360.npz,RSN0003_PGA_0p050g,RSN0003,0.05,0.4470579672676484,3S_T035,3,0.3499999999999998,0.1249135537622733,elastic,0.004,0.0003873018314554,0.0131628239944167,6.298783698799291e-05,0.048144631282646,train
361,data/simulations/mdof/sim_000361.npz,RSN0003_PGA_0p050g,RSN0003,0.05,0.4470579672676484,3S_T035,3,0.3499999999999998,0.1249135537622733,bilinear,0.004,0.0003873018314554,0.0131628239944167,6.298783698799287e-05,0.048144631282646,train
362,data/simulations/mdof/sim_000362.npz,RSN0003_PGA_0p050g,RSN0003,0.05,0.4470579672676484,3S_T035,3,0.3499999999999998,0.1249135537622733,bilinear,0.007,0.0003873018314554,0.0131628239944167,6.298783698799287e-05,0.048144631282646,train
363,data/simulations/mdof/sim_000363.npz,RSN0003_PGA_0p050g,RSN0003,0.05,0.4470579672676484,3S_T060,3,0.6,0.2141375207353256,elastic,0.004,0.0009592942347332,0.0134047393300537,0.0001271847326361,0.1106205441612619,train
364,data/simulations/mdof/sim_000364.npz,RSN0003_PGA_0p050g,RSN0003,0.05,0.4470579672676484,3S_T060,3,0.6,0.2141375207353256,bilinear,0.004,0.0009592942347332,0.0134047393300537,0.0001271847326361,0.1106205441612619,train
365,data/simulations/mdof/sim_000365.npz,RSN0003_PGA_0p050g,RSN0003,0.05,0.4470579672676484,3S_T060,3,0.6,0.2141375207353256,bilinear,0.007,0.0009592942347332,0.0134047393300537,0.0001271847326361,0.1106205441612619,train
366,data/simulations/mdof/sim_000366.npz,RSN0003_PGA_0p050g,RSN0003,0.05,0.4470579672676484,3S_T090,3,0.9,0.3212062811029884,elastic,0.004,0.0021415390950342,0.0126743568705312,0.0002655195282347,0.3073893465458303,train
367,data/simulations/mdof/sim_000367.npz,RSN0003_PGA_0p050g,RSN0003,0.05,0.4470579672676484,3S_T090,3,0.9,0.3212062811029884,bilinear,0.004,0.0021415390950342,0.0126743568705313,0.0002655195282347,0.3073893465458325,train
368,data/simulations/mdof/sim_000368.npz,RSN0003_PGA_0p050g,RSN0003,0.05,0.4470579672676484,3S_T090,3,0.9,0.3212062811029884,bilinear,0.007,0.0021415390950342,0.0126743568705313,0.0002655195282347,0.3073893465458325,train
369,data/simulations/mdof/sim_000369.npz,RSN0003_PGA_0p050g,RSN0003,0.05,0.4470579672676484,5S_T055,5,0.5499999999999999,0.1884215991249005,elastic,0.004,0.0009121492065216,0.0125717827224096,8.576682985080731e-05,0.1551358418880254,train
370,data/simulations/mdof/sim_000370.npz,RSN0003_PGA_0p050g,RSN0003,0.05,0.4470579672676484,5S_T055,5,0.5499999999999999,0.1884215991249005,bilinear,0.004,0.0009121492065216,0.0125717827224096,8.576682985080723e-05,0.1551358418880253,train
371,data/simulations/mdof/sim_000371.npz,RSN0003_PGA_0p050g,RSN0003,0.05,0.4470579672676484,5S_T055,5,0.5499999999999999,0.1884215991249005,bilinear,0.007,0.0009121492065216,0.0125717827224096,8.576682985080723e-05,0.1551358418880253,train
372,data/simulations/mdof/sim_000372.npz,RSN0003_PGA_0p050g,RSN0003,0.05,0.4470579672676484,5S_T085,5,0.8499999999999999,0.2911970168293918,elastic,0.004,0.0019279336347001,0.0114019708974549,0.0001703198462674,0.3445714716989247,train
373,data/simulations/mdof/sim_000373.npz,RSN0003_PGA_0p050g,RSN0003,0.05,0.4470579672676484,5S_T085,5,0.8499999999999999,0.2911970168293918,bilinear,0.004,0.0019279336347001,0.0114019708974549,0.0001703198462674,0.3445714716989257,train
374,data/simulations/mdof/sim_000374.npz,RSN0003_PGA_0p050g,RSN0003,0.05,0.4470579672676484,5S_T085,5,0.8499999999999999,0.2911970168293918,bilinear,0.007,0.0019279336347001,0.0114019708974549,0.0001703198462674,0.3445714716989257,train
375,data/simulations/mdof/sim_000375.npz,RSN0003_PGA_0p050g,RSN0003,0.05,0.4470579672676484,5S_T120,5,1.2000000000000008,0.4111016708179651,elastic,0.004,0.0023043137254056,0.0108813042842797,0.0001886602617095,0.3113059694753752,ood_b
376,data/simulations/mdof/sim_000376.npz,RSN0003_PGA_0p050g,RSN0003,0.05,0.4470579672676484,5S_T120,5,1.2000000000000008,0.4111016708179651,bilinear,0.004,0.0023043137254056,0.0108813042842796,0.0001886602617095,0.311305969475376,ood_b
377,data/simulations/mdof/sim_000377.npz,RSN0003_PGA_0p050g,RSN0003,0.05,0.4470579672676484,5S_T120,5,1.2000000000000008,0.4111016708179651,bilinear,0.007,0.0023043137254056,0.0108813042842796,0.0001886602617095,0.311305969475376,ood_b
378,data/simulations/mdof/sim_000378.npz,RSN0003_PGA_0p100g,RSN0003,0.1,0.8941159345352968,3S_T035,3,0.3499999999999998,0.1249135537622733,elastic,0.004,0.0007746036629108,0.0263256479888334,0.0001259756739759,0.1925785251305841,train
379,data/simulations/mdof/sim_000379.npz,RSN0003_PGA_0p100g,RSN0003,0.1,0.8941159345352968,3S_T035,3,0.3499999999999998,0.1249135537622733,bilinear,0.004,0.0007746036629108,0.0263256479888335,0.0001259756739759,0.192578525130584,id_test
380,data/simulations/mdof/sim_000380.npz,RSN0003_PGA_0p100g,RSN0003,0.1,0.8941159345352968,3S_T035,3,0.3499999999999998,0.1249135537622733,bilinear,0.007,0.0007746036629108,0.0263256479888335,0.0001259756739759,0.192578525130584,train
381,data/simulations/mdof/sim_000381.npz,RSN0003_PGA_0p100g,RSN0003,0.1,0.8941159345352968,3S_T060,3,0.6,0.2141375207353256,elastic,0.004,0.0019185884694664,0.0268094786601075,0.0002543694652722,0.4424821766450479,train
382,data/simulations/mdof/sim_000382.npz,RSN0003_PGA_0p100g,RSN0003,0.1,0.8941159345352968,3S_T060,3,0.6,0.2141375207353256,bilinear,0.004,0.0019185884694664,0.0268094786601075,0.0002543694652722,0.4424821766450478,train
383,data/simulations/mdof/sim_000383.npz,RSN0003_PGA_0p100g,RSN0003,0.1,0.8941159345352968,3S_T060,3,0.6,0.2141375207353256,bilinear,0.007,0.0019185884694664,0.0268094786601075,0.0002543694652722,0.4424821766450478,train
384,data/simulations/mdof/sim_000384.npz,RSN0003_PGA_0p100g,RSN0003,0.1,0.8941159345352968,3S_T090,3,0.9,0.3212062811029884,elastic,0.004,0.0042830781900685,0.0253487137410625,0.0005310390564695,1.229557386183321,train
385,data/simulations/mdof/sim_000385.npz,RSN0003_PGA_0p100g,RSN0003,0.1,0.8941159345352968,3S_T090,3,0.9,0.3212062811029884,bilinear,0.004,0.0042830781900685,0.0253487137410627,0.0005310390564695,1.2295573861833302,train
386,data/simulations/mdof/sim_000386.npz,RSN0003_PGA_0p100g,RSN0003,0.1,0.8941159345352968,3S_T090,3,0.9,0.3212062811029884,bilinear,0.007,0.0042830781900685,0.0253487137410627,0.0005310390564695,1.2295573861833302,id_test
387,data/simulations/mdof/sim_000387.npz,RSN0003_PGA_0p100g,RSN0003,0.1,0.8941159345352968,5S_T055,5,0.5499999999999999,0.1884215991249005,elastic,0.004,0.0018242984130432,0.0251435654448193,0.0001715336597016,0.6205433675521016,id_test
388,data/simulations/mdof/sim_000388.npz,RSN0003_PGA_0p100g,RSN0003,0.1,0.8941159345352968,5S_T055,5,0.5499999999999999,0.1884215991249005,bilinear,0.004,0.0018242984130432,0.0251435654448193,0.0001715336597016,0.6205433675521015,train
389,data/simulations/mdof/sim_000389.npz,RSN0003_PGA_0p100g,RSN0003,0.1,0.8941159345352968,5S_T055,5,0.5499999999999999,0.1884215991249005,bilinear,0.007,0.0018242984130432,0.0251435654448193,0.0001715336597016,0.6205433675521015,train
390,data/simulations/mdof/sim_000390.npz,RSN0003_PGA_0p100g,RSN0003,0.1,0.8941159345352968,5S_T085,5,0.8499999999999999,0.2911970168293918,elastic,0.004,0.0038558672694002,0.0228039417949099,0.0003406396925349,1.3782858867956989,train
391,data/simulations/mdof/sim_000391.npz,RSN0003_PGA_0p100g,RSN0003,0.1,0.8941159345352968,5S_T085,5,0.8499999999999999,0.2911970168293918,bilinear,0.004,0.0038558672694002,0.0228039417949099,0.0003406396925349,1.378285886795703,train
392,data/simulations/mdof/sim_000392.npz,RSN0003_PGA_0p100g,RSN0003,0.1,0.8941159345352968,5S_T085,5,0.8499999999999999,0.2911970168293918,bilinear,0.007,0.0038558672694002,0.0228039417949099,0.0003406396925349,1.378285886795703,train
393,data/simulations/mdof/sim_000393.npz,RSN0003_PGA_0p100g,RSN0003,0.1,0.8941159345352968,5S_T120,5,1.2000000000000008,0.4111016708179651,elastic,0.004,0.0046086274508113,0.0217626085685595,0.0003773205234191,1.2452238779015008,ood_b
394,data/simulations/mdof/sim_000394.npz,RSN0003_PGA_0p100g,RSN0003,0.1,0.8941159345352968,5S_T120,5,1.2000000000000008,0.4111016708179651,bilinear,0.004,0.0046086274508113,0.0217626085685593,0.0003773205234191,1.245223877901504,ood_b
395,data/simulations/mdof/sim_000395.npz,RSN0003_PGA_0p100g,RSN0003,0.1,0.8941159345352968,5S_T120,5,1.2000000000000008,0.4111016708179651,bilinear,0.007,0.0046086274508113,0.0217626085685593,0.0003773205234191,1.245223877901504,ood_b
396,data/simulations/mdof/sim_000396.npz,RSN0003_PGA_0p200g,RSN0003,0.2,1.7882318690705936,3S_T035,3,0.3499999999999998,0.1249135537622733,elastic,0.004,0.0015492073258217,0.0526512959776669,0.0002519513479519,0.7703141005223366,train
397,data/simulations/mdof/sim_000397.npz,RSN0003_PGA_0p200g,RSN0003,0.2,1.7882318690705936,3S_T035,3,0.3499999999999998,0.1249135537622733,bilinear,0.004,0.0015492073258217,0.052651295977667,0.0002519513479519,0.770314100522336,train
398,data/simulations/mdof/sim_000398.npz,RSN0003_PGA_0p200g,RSN0003,0.2,1.7882318690705936,3S_T035,3,0.3499999999999998,0.1249135537622733,bilinear,0.007,0.0015492073258217,0.052651295977667,0.0002519513479519,0.770314100522336,train
399,data/simulations/mdof/sim_000399.npz,RSN0003_PGA_0p200g,RSN0003,0.2,1.7882318690705936,3S_T060,3,0.6,0.2141375207353256,elastic,0.004,0.0038371769389329,0.0536189573202151,0.0005087389305445,1.769928706580192,id_test
400,data/simulations/mdof/sim_000400.npz,RSN0003_PGA_0p200g,RSN0003,0.2,1.7882318690705936,3S_T060,3,0.6,0.2141375207353256,bilinear,0.004,0.0038371769389329,0.0536189573202151,0.0005087389305445,1.7699287065801912,train
401,data/simulations/mdof/sim_000401.npz,RSN0003_PGA_0p200g,RSN0003,0.2,1.7882318690705936,3S_T060,3,0.6,0.2141375207353256,bilinear,0.007,0.0038371769389329,0.0536189573202151,0.0005087389305445,1.7699287065801912,train
402,data/simulations/mdof/sim_000402.npz,RSN0003_PGA_0p200g,RSN0003,0.2,1.7882318690705936,3S_T090,3,0.9,0.3212062811029884,elastic,0.004,0.008566156380137,0.0506974274821251,0.0010620781129391,4.918229544733284,train
403,data/simulations/mdof/sim_000403.npz,RSN0003_PGA_0p200g,RSN0003,0.2,1.7882318690705936,3S_T090,3,0.9,0.3212062811029884,bilinear,0.004,0.008566156380137,0.0506974274821254,0.0010620781129391,4.918229544733321,train
404,data/simulations/mdof/sim_000404.npz,RSN0003_PGA_0p200g,RSN0003,0.2,1.7882318690705936,3S_T090,3,0.9,0.3212062811029884,bilinear,0.007,0.008566156380137,0.0506974274821254,0.0010620781129391,4.918229544733321,train
405,data/simulations/mdof/sim_000405.npz,RSN0003_PGA_0p200g,RSN0003,0.2,1.7882318690705936,5S_T055,5,0.5499999999999999,0.1884215991249005,elastic,0.004,0.0036485968260865,0.0502871308896386,0.0003430673194032,2.4821734702084064,train
406,data/simulations/mdof/sim_000406.npz,RSN0003_PGA_0p200g,RSN0003,0.2,1.7882318690705936,5S_T055,5,0.5499999999999999,0.1884215991249005,bilinear,0.004,0.0036485968260865,0.0502871308896387,0.0003430673194032,2.482173470208406,id_test
407,data/simulations/mdof/sim_000407.npz,RSN0003_PGA_0p200g,RSN0003,0.2,1.7882318690705936,5S_T055,5,0.5499999999999999,0.1884215991249005,bilinear,0.007,0.0036485968260865,0.0502871308896387,0.0003430673194032,2.482173470208406,train
408,data/simulations/mdof/sim_000408.npz,RSN0003_PGA_0p200g,RSN0003,0.2,1.7882318690705936,5S_T085,5,0.8499999999999999,0.2911970168293918,elastic,0.004,0.0077117345388005,0.0456078835898198,0.0006812793850699,5.513143547182795,id_test
409,data/simulations/mdof/sim_000409.npz,RSN0003_PGA_0p200g,RSN0003,0.2,1.7882318690705936,5S_T085,5,0.8499999999999999,0.2911970168293918,bilinear,0.004,0.0077117345388005,0.0456078835898199,0.0006812793850699,5.513143547182812,train
410,data/simulations/mdof/sim_000410.npz,RSN0003_PGA_0p200g,RSN0003,0.2,1.7882318690705936,5S_T085,5,0.8499999999999999,0.2911970168293918,bilinear,0.007,0.0077117345388005,0.0456078835898199,0.0006812793850699,5.513143547182812,train
411,data/simulations/mdof/sim_000411.npz,RSN0003_PGA_0p200g,RSN0003,0.2,1.7882318690705936,5S_T120,5,1.2000000000000008,0.4111016708179651,elastic,0.004,0.0092172549016227,0.043525217137119,0.0007546410468382,4.980895511606003,ood_b
412,data/simulations/mdof/sim_000412.npz,RSN0003_PGA_0p200g,RSN0003,0.2,1.7882318690705936,5S_T120,5,1.2000000000000008,0.4111016708179651,bilinear,0.004,0.0092172549016227,0.0435252171371186,0.0007546410468382,4.980895511606002,ood_b
413,data/simulations/mdof/sim_000413.npz,RSN0003_PGA_0p200g,RSN0003,0.2,1.7882318690705936,5S_T120,5,1.2000000000000008,0.4111016708179651,bilinear,0.007,0.0092172549016227,0.0435252171371186,0.0007546410468382,4.980895511606002,ood_b
414,data/simulations/mdof/sim_000414.npz,RSN0003_PGA_0p300g,RSN0003,0.3,2.68234780360589,3S_T035,3,0.3499999999999998,0.1249135537622733,elastic,0.004,0.0023238109887326,0.0789769439665005,0.0003779270219279,1.7332067261752542,train
415,data/simulations/mdof/sim_000415.npz,RSN0003_PGA_0p300g,RSN0003,0.3,2.68234780360589,3S_T035,3,0.3499999999999998,0.1249135537622733,bilinear,0.004,0.0023238109887326,0.0789769439665003,0.0003779270219279,1.7332067261752515,id_test
416,data/simulations/mdof/sim_000416.npz,RSN0003_PGA_0p300g,RSN0003,0.3,2.68234780360589,3S_T035,3,0.3499999999999998,0.1249135537622733,bilinear,0.007,0.0023238109887326,0.0789769439665003,0.0003779270219279,1.7332067261752515,train
417,data/simulations/mdof/sim_000417.npz,RSN0003_PGA_0p300g,RSN0003,0.3,2.68234780360589,3S_T060,3,0.6,0.2141375207353256,elastic,0.004,0.0057557654083993,0.0804284359803225,0.0007631083958168,3.982339589805425,train
418,data/simulations/mdof/sim_000418.npz,RSN0003_PGA_0p300g,RSN0003,0.3,2.68234780360589,3S_T060,3,0.6,0.2141375207353256,bilinear,0.004,0.0057557654083993,0.0804284359803226,0.0007631083958168,3.98233958980544,train
419,data/simulations/mdof/sim_000419.npz,RSN0003_PGA_0p300g,RSN0003,0.3,2.68234780360589,3S_T060,3,0.6,0.2141375207353256,bilinear,0.007,0.0057557654083993,0.0804284359803226,0.0007631083958168,3.98233958980544,train
420,data/simulations/mdof/sim_000420.npz,RSN0003_PGA_0p300g,RSN0003,0.3,2.68234780360589,3S_T090,3,0.9,0.3212062811029884,elastic,0.004,0.0128492345702056,0.0760461412231883,0.0015931171694086,11.06601647565004,train
421,data/simulations/mdof/sim_000421.npz,RSN0003_PGA_0p300g,RSN0003,0.3,2.68234780360589,3S_T090,3,0.9,0.3212062811029884,bilinear,0.004,0.0128492345702056,0.0760461412231881,0.0015931171694086,11.066016475649985,train
422,data/simulations/mdof/sim_000422.npz,RSN0003_PGA_0p300g,RSN0003,0.3,2.68234780360589,3S_T090,3,0.9,0.3212062811029884,bilinear,0.007,0.0128492345702056,0.0760461412231881,0.0015931171694086,11.066016475649985,train
423,data/simulations/mdof/sim_000423.npz,RSN0003_PGA_0p300g,RSN0003,0.3,2.68234780360589,5S_T055,5,0.5499999999999999,0.1884215991249005,elastic,0.004,0.0054728952391298,0.0754306963344581,0.0005146009791048,5.58489030796892,train
424,data/simulations/mdof/sim_000424.npz,RSN0003_PGA_0p300g,RSN0003,0.3,2.68234780360589,5S_T055,5,0.5499999999999999,0.1884215991249005,bilinear,0.004,0.0054728952391298,0.075430696334458,0.0005146009791048,5.584890307968907,train
425,data/simulations/mdof/sim_000425.npz,RSN0003_PGA_0p300g,RSN0003,0.3,2.68234780360589,5S_T055,5,0.5499999999999999,0.1884215991249005,bilinear,0.007,0.0054728952391298,0.075430696334458,0.0005146009791048,5.584890307968907,train
426,data/simulations/mdof/sim_000426.npz,RSN0003_PGA_0p300g,RSN0003,0.3,2.68234780360589,5S_T085,5,0.8499999999999999,0.2911970168293918,elastic,0.004,0.0115676018082008,0.0684118253847299,0.0010219190776048,12.404572981161287,train
427,data/simulations/mdof/sim_000427.npz,RSN0003_PGA_0p300g,RSN0003,0.3,2.68234780360589,5S_T085,5,0.8499999999999999,0.2911970168293918,bilinear,0.004,0.0115676018082008,0.0684118253847297,0.0010219190776048,12.404572981161309,train
428,data/simulations/mdof/sim_000428.npz,RSN0003_PGA_0p300g,RSN0003,0.3,2.68234780360589,5S_T085,5,0.8499999999999999,0.2911970168293918,bilinear,0.007,0.0115676018082008,0.0684118253847297,0.0010219190776048,12.404572981161309,train
429,data/simulations/mdof/sim_000429.npz,RSN0003_PGA_0p300g,RSN0003,0.3,2.68234780360589,5S_T120,5,1.2000000000000008,0.4111016708179651,elastic,0.004,0.0138258823524341,0.0652878257056783,0.0011319615702573,11.20701490111348,ood_b
430,data/simulations/mdof/sim_000430.npz,RSN0003_PGA_0p300g,RSN0003,0.3,2.68234780360589,5S_T120,5,1.2000000000000008,0.4111016708179651,bilinear,0.004,0.0138258823524341,0.0652878257056784,0.0011319615702573,11.207014901113508,ood_b
431,data/simulations/mdof/sim_000431.npz,RSN0003_PGA_0p300g,RSN0003,0.3,2.68234780360589,5S_T120,5,1.2000000000000008,0.4111016708179651,bilinear,0.007,0.0138258823524341,0.0652878257056784,0.0011319615702573,11.207014901113508,ood_b
432,data/simulations/mdof/sim_000432.npz,RSN0003_PGA_0p400g,RSN0003,0.4,3.5764637381411872,3S_T035,3,0.3499999999999998,0.1249135537622733,elastic,0.004,0.0030984146516435,0.1053025919553339,0.0005039026959039,3.0812564020893465,train
433,data/simulations/mdof/sim_000433.npz,RSN0003_PGA_0p400g,RSN0003,0.4,3.5764637381411872,3S_T035,3,0.3499999999999998,0.1249135537622733,bilinear,0.004,0.0030984146516435,0.1053025919553341,0.0005039026959039,3.081256402089344,train
434,data/simulations/mdof/sim_000434.npz,RSN0003_PGA_0p400g,RSN0003,0.4,3.5764637381411872,3S_T035,3,0.3499999999999998,0.1249135537622733,bilinear,0.007,0.0030984146516435,0.1053025919553341,0.0005039026959039,3.081256402089344,train
435,data/simulations/mdof/sim_000435.npz,RSN0003_PGA_0p400g,RSN0003,0.4,3.5764637381411872,3S_T060,3,0.6,0.2141375207353256,elastic,0.004,0.0076743538778658,0.1072379146404302,0.0010174778610891,7.079714826320767,train
436,data/simulations/mdof/sim_000436.npz,RSN0003_PGA_0p400g,RSN0003,0.4,3.5764637381411872,3S_T060,3,0.6,0.2141375207353256,bilinear,0.004,0.0076743538778658,0.1072379146404302,0.0010174778610891,7.079714826320765,train
437,data/simulations/mdof/sim_000437.npz,RSN0003_PGA_0p400g,RSN0003,0.4,3.5764637381411872,3S_T060,3,0.6,0.2141375207353256,bilinear,0.007,0.0076743538778658,0.1072379146404302,0.0010174778610891,7.079714826320765,train
438,data/simulations/mdof/sim_000438.npz,RSN0003_PGA_0p400g,RSN0003,0.4,3.5764637381411872,3S_T090,3,0.9,0.3212062811029884,elastic,0.004,0.0171323127602741,0.1013948549642503,0.0021241562258782,19.672918178933138,train
439,data/simulations/mdof/sim_000439.npz,RSN0003_PGA_0p400g,RSN0003,0.4,3.5764637381411872,3S_T090,3,0.9,0.3212062811029884,bilinear,0.004,0.0171323127602741,0.1013948549642508,0.0021241562258782,19.672918178933283,train
440,data/simulations/mdof/sim_000440.npz,RSN0003_PGA_0p400g,RSN0003,0.4,3.5764637381411872,3S_T090,3,0.9,0.3212062811029884,bilinear,0.007,0.0171323127602741,0.1013948549642508,0.0021241562258782,19.672918178933283,train
441,data/simulations/mdof/sim_000441.npz,RSN0003_PGA_0p400g,RSN0003,0.4,3.5764637381411872,5S_T055,5,0.5499999999999999,0.1884215991249005,elastic,0.004,0.007297193652173,0.1005742617792772,0.0006861346388064,9.928693880833626,train
442,data/simulations/mdof/sim_000442.npz,RSN0003_PGA_0p400g,RSN0003,0.4,3.5764637381411872,5S_T055,5,0.5499999999999999,0.1884215991249005,bilinear,0.004,0.007297193652173,0.1005742617792775,0.0006861346388064,9.928693880833624,train
443,data/simulations/mdof/sim_000443.npz,RSN0003_PGA_0p400g,RSN0003,0.4,3.5764637381411872,5S_T055,5,0.5499999999999999,0.1884215991249005,bilinear,0.007,0.007297193652173,0.1005742617792775,0.0006861346388064,9.928693880833624,train
444,data/simulations/mdof/sim_000444.npz,RSN0003_PGA_0p400g,RSN0003,0.4,3.5764637381411872,5S_T085,5,0.8499999999999999,0.2911970168293918,elastic,0.004,0.015423469077601,0.0912157671796397,0.0013625587701398,22.05257418873118,train
445,data/simulations/mdof/sim_000445.npz,RSN0003_PGA_0p400g,RSN0003,0.4,3.5764637381411872,5S_T085,5,0.8499999999999999,0.2911970168293918,bilinear,0.004,0.0154234690776011,0.0912157671796398,0.0013625587701398,22.05257418873121,train
446,data/simulations/mdof/sim_000446.npz,RSN0003_PGA_0p400g,RSN0003,0.4,3.5764637381411872,5S_T085,5,0.8499999999999999,0.2911970168293918,bilinear,0.007,0.0154234690776011,0.0912157671796398,0.0013625587701398,22.05257418873121,train
447,data/simulations/mdof/sim_000447.npz,RSN0003_PGA_0p400g,RSN0003,0.4,3.5764637381411872,5S_T120,5,1.2000000000000008,0.4111016708179651,elastic,0.004,0.0184345098032455,0.087050434274238,0.0015092820936764,19.923582046424013,ood_b
448,data/simulations/mdof/sim_000448.npz,RSN0003_PGA_0p400g,RSN0003,0.4,3.5764637381411872,5S_T120,5,1.2000000000000008,0.4111016708179651,bilinear,0.004,0.0184345098032454,0.0870504342742373,0.0015092820936764,19.92358204642401,ood_b
449,data/simulations/mdof/sim_000449.npz,RSN0003_PGA_0p400g,RSN0003,0.4,3.5764637381411872,5S_T120,5,1.2000000000000008,0.4111016708179651,bilinear,0.007,0.0184345098032454,0.0870504342742373,0.0015092820936764,19.92358204642401,ood_b
450,data/simulations/mdof/sim_000450.npz,RSN0003_PGA_0p500g,RSN0003,0.5,4.470579672676483,3S_T035,3,0.3499999999999998,0.1249135537622733,elastic,0.004,0.0038730183145544,0.131628239944167,0.0006298783698799,4.814463128264585,train
451,data/simulations/mdof/sim_000451.npz,RSN0003_PGA_0p500g,RSN0003,0.5,4.470579672676483,3S_T035,3,0.3499999999999998,0.1249135537622733,bilinear,0.004,0.0038730183145544,0.1316282399441673,0.0006298783698799,4.8144631282645935,train
452,data/simulations/mdof/sim_000452.npz,RSN0003_PGA_0p500g,RSN0003,0.5,4.470579672676483,3S_T035,3,0.3499999999999998,0.1249135537622733,bilinear,0.007,0.0038730183145544,0.1316282399441673,0.0006298783698799,4.8144631282645935,train
453,data/simulations/mdof/sim_000453.npz,RSN0003_PGA_0p500g,RSN0003,0.5,4.470579672676483,3S_T060,3,0.6,0.2141375207353256,elastic,0.004,0.0095929423473322,0.1340473933005377,0.0012718473263614,11.06205441612614,train
454,data/simulations/mdof/sim_000454.npz,RSN0003_PGA_0p500g,RSN0003,0.5,4.470579672676483,3S_T060,3,0.6,0.2141375207353256,bilinear,0.004,0.0095929423473322,0.1340473933005377,0.0012718473263614,11.06205441612615,train
455,data/simulations/mdof/sim_000455.npz,RSN0003_PGA_0p500g,RSN0003,0.5,4.470579672676483,3S_T060,3,0.6,0.2141375207353256,bilinear,0.007,0.0095929423473322,0.1340473933005377,0.0012718473263614,11.06205441612615,train
456,data/simulations/mdof/sim_000456.npz,RSN0003_PGA_0p500g,RSN0003,0.5,4.470579672676483,3S_T090,3,0.9,0.3212062811029884,elastic,0.004,0.0214153909503426,0.1267435687053124,0.0026551952823477,30.738934654583183,train
457,data/simulations/mdof/sim_000457.npz,RSN0003_PGA_0p500g,RSN0003,0.5,4.470579672676483,3S_T090,3,0.9,0.3212062811029884,bilinear,0.004,0.0214153909503427,0.1267435687053126,0.0026551952823477,30.73893465458333,train
458,data/simulations/mdof/sim_000458.npz,RSN0003_PGA_0p500g,RSN0003,0.5,4.470579672676483,3S_T090,3,0.9,0.3212062811029884,bilinear,0.007,0.0214153909503427,0.1267435687053126,0.0026551952823477,30.73893465458333,train
459,data/simulations/mdof/sim_000459.npz,RSN0003_PGA_0p500g,RSN0003,0.5,4.470579672676483,5S_T055,5,0.5499999999999999,0.1884215991249005,elastic,0.004,0.0091214920652163,0.125717827224097,0.000857668298508,15.513584188802508,train
460,data/simulations/mdof/sim_000460.npz,RSN0003_PGA_0p500g,RSN0003,0.5,4.470579672676483,5S_T055,5,0.5499999999999999,0.1884215991249005,bilinear,0.004,0.0091214920652163,0.125717827224097,0.000857668298508,15.513584188802536,train
461,data/simulations/mdof/sim_000461.npz,RSN0003_PGA_0p500g,RSN0003,0.5,4.470579672676483,5S_T055,5,0.5499999999999999,0.1884215991249005,bilinear,0.007,0.0091214920652163,0.125717827224097,0.000857668298508,15.513584188802536,train
462,data/simulations/mdof/sim_000462.npz,RSN0003_PGA_0p500g,RSN0003,0.5,4.470579672676483,5S_T085,5,0.8499999999999999,0.2911970168293918,elastic,0.004,0.0192793363470014,0.1140197089745494,0.0017031984626748,34.45714716989264,train
463,data/simulations/mdof/sim_000463.npz,RSN0003_PGA_0p500g,RSN0003,0.5,4.470579672676483,5S_T085,5,0.8499999999999999,0.2911970168293918,bilinear,0.004,0.0192793363470014,0.1140197089745496,0.0017031984626748,34.457147169892764,train
464,data/simulations/mdof/sim_000464.npz,RSN0003_PGA_0p500g,RSN0003,0.5,4.470579672676483,5S_T085,5,0.8499999999999999,0.2911970168293918,bilinear,0.007,0.0192793363470014,0.1140197089745496,0.0017031984626748,34.457147169892764,train
465,data/simulations/mdof/sim_000465.npz,RSN0003_PGA_0p500g,RSN0003,0.5,4.470579672676483,5S_T120,5,1.2000000000000008,0.4111016708179651,elastic,0.004,0.0230431372540568,0.1088130428427971,0.0018866026170955,31.13059694753742,ood_b
466,data/simulations/mdof/sim_000466.npz,RSN0003_PGA_0p500g,RSN0003,0.5,4.470579672676483,5S_T120,5,1.2000000000000008,0.4111016708179651,bilinear,0.004,0.0230431372540568,0.1088130428427974,0.0018866026170955,31.130596947537416,ood_b
467,data/simulations/mdof/sim_000467.npz,RSN0003_PGA_0p500g,RSN0003,0.5,4.470579672676483,5S_T120,5,1.2000000000000008,0.4111016708179651,bilinear,0.007,0.0230431372540568,0.1088130428427974,0.0018866026170955,31.130596947537416,ood_b
468,data/simulations/mdof/sim_000468.npz,RSN0003_PGA_0p600g,RSN0003,0.6,5.36469560721178,3S_T035,3,0.3499999999999998,0.1249135537622733,elastic,0.004,0.0046476219774653,0.157953887933001,0.0007558540438559,6.932826904701017,train
469,data/simulations/mdof/sim_000469.npz,RSN0003_PGA_0p600g,RSN0003,0.6,5.36469560721178,3S_T035,3,0.3499999999999998,0.1249135537622733,bilinear,0.004,0.0046476219774653,0.1579538879330006,0.0007558540438559,6.932826904701007,train
470,data/simulations/mdof/sim_000470.npz,RSN0003_PGA_0p600g,RSN0003,0.6,5.36469560721178,3S_T035,3,0.3499999999999998,0.1249135537622733,bilinear,0.007,0.0046476219774653,0.1579538879330006,0.0007558540438559,6.932826904701007,train
471,data/simulations/mdof/sim_000471.npz,RSN0003_PGA_0p600g,RSN0003,0.6,5.36469560721178,3S_T060,3,0.6,0.2141375207353256,elastic,0.004,0.0115115308167987,0.1608568719606451,0.0015262167916336,15.929358359221698,train
472,data/simulations/mdof/sim_000472.npz,RSN0003_PGA_0p600g,RSN0003,0.6,5.36469560721178,3S_T060,3,0.6,0.2141375207353256,bilinear,0.004,0.0115115308167987,0.1608568719606452,0.0015262167916336,15.92935835922176,train
473,data/simulations/mdof/sim_000473.npz,RSN0003_PGA_0p600g,RSN0003,0.6,5.36469560721178,3S_T060,3,0.6,0.2141375207353256,bilinear,0.007,0.0115115308167987,0.1608568719606452,0.0015262167916336,15.92935835922176,id_test
474,data/simulations/mdof/sim_000474.npz,RSN0003_PGA_0p600g,RSN0003,0.6,5.36469560721178,3S_T090,3,0.9,0.3212062811029884,elastic,0.004,0.0256984691404113,0.1520922824463766,0.0031862343388173,44.264065902600166,train
475,data/simulations/mdof/sim_000475.npz,RSN0003_PGA_0p600g,RSN0003,0.6,5.36469560721178,3S_T090,3,0.9,0.3212062811029884,bilinear,0.004,0.0256984691404112,0.1520922824463762,0.0031862343388173,44.26406590259994,id_test
476,data/simulations/mdof/sim_000476.npz,RSN0003_PGA_0p600g,RSN0003,0.6,5.36469560721178,3S_T090,3,0.9,0.3212062811029884,bilinear,0.007,0.0256984691404112,0.1520922824463762,0.0031862343388173,44.26406590259994,train
477,data/simulations/mdof/sim_000477.npz,RSN0003_PGA_0p600g,RSN0003,0.6,5.36469560721178,5S_T055,5,0.5499999999999999,0.1884215991249005,elastic,0.004,0.0109457904782596,0.1508613926689163,0.0010292019582096,22.33956123187568,train
478,data/simulations/mdof/sim_000478.npz,RSN0003_PGA_0p600g,RSN0003,0.6,5.36469560721178,5S_T055,5,0.5499999999999999,0.1884215991249005,bilinear,0.004,0.0109457904782596,0.1508613926689161,0.0010292019582096,22.339561231875628,id_test
479,data/simulations/mdof/sim_000479.npz,RSN0003_PGA_0p600g,RSN0003,0.6,5.36469560721178,5S_T055,5,0.5499999999999999,0.1884215991249005,bilinear,0.007,0.0109457904782596,0.1508613926689161,0.0010292019582096,22.339561231875628,train
480,data/simulations/mdof/sim_000480.npz,RSN0003_PGA_0p600g,RSN0003,0.6,5.36469560721178,5S_T085,5,0.8499999999999999,0.2911970168293918,elastic,0.004,0.0231352036164016,0.1368236507694598,0.0020438381552097,49.61829192464515,train
481,data/simulations/mdof/sim_000481.npz,RSN0003_PGA_0p600g,RSN0003,0.6,5.36469560721178,5S_T085,5,0.8499999999999999,0.2911970168293918,bilinear,0.004,0.0231352036164016,0.1368236507694594,0.0020438381552097,49.61829192464523,train
482,data/simulations/mdof/sim_000482.npz,RSN0003_PGA_0p600g,RSN0003,0.6,5.36469560721178,5S_T085,5,0.8499999999999999,0.2911970168293918,bilinear,0.007,0.0231352036164016,0.1368236507694594,0.0020438381552097,49.61829192464523,train
483,data/simulations/mdof/sim_000483.npz,RSN0003_PGA_0p600g,RSN0003,0.6,5.36469560721178,5S_T120,5,1.2000000000000008,0.4111016708179651,elastic,0.004,0.0276517647048682,0.1305756514113566,0.0022639231405146,44.82805960445392,ood_b
484,data/simulations/mdof/sim_000484.npz,RSN0003_PGA_0p600g,RSN0003,0.6,5.36469560721178,5S_T120,5,1.2000000000000008,0.4111016708179651,bilinear,0.004,0.0276517647048682,0.1305756514113569,0.0022639231405146,44.82805960445403,ood_b
485,data/simulations/mdof/sim_000485.npz,RSN0003_PGA_0p600g,RSN0003,0.6,5.36469560721178,5S_T120,5,1.2000000000000008,0.4111016708179651,bilinear,0.007,0.0276517647048682,0.1305756514113569,0.0022639231405146,44.82805960445403,ood_b
486,data/simulations/mdof/sim_000486.npz,RSN0003_PGA_0p800g,RSN0003,0.8,7.1529274762823745,3S_T035,3,0.3499999999999998,0.1249135537622733,elastic,0.004,0.0061968293032871,0.2106051839106679,0.0010078053918078,12.325025608357386,train
487,data/simulations/mdof/sim_000487.npz,RSN0003_PGA_0p800g,RSN0003,0.8,7.1529274762823745,3S_T035,3,0.3499999999999998,0.1249135537622733,bilinear,0.004,0.0061968293032871,0.2106051839106683,0.0010078053918078,12.325025608357375,train
488,data/simulations/mdof/sim_000488.npz,RSN0003_PGA_0p800g,RSN0003,0.8,7.1529274762823745,3S_T035,3,0.3499999999999998,0.1249135537622733,bilinear,0.007,0.0061968293032871,0.2106051839106683,0.0010078053918078,12.325025608357375,train
489,data/simulations/mdof/sim_000489.npz,RSN0003_PGA_0p800g,RSN0003,0.8,7.1529274762823745,3S_T060,3,0.6,0.2141375207353256,elastic,0.004,0.0153487077557316,0.2144758292808604,0.0020349557221782,28.31885930528307,train
490,data/simulations/mdof/sim_000490.npz,RSN0003_PGA_0p800g,RSN0003,0.8,7.1529274762823745,3S_T060,3,0.6,0.2141375207353256,bilinear,0.004,0.0153487077557316,0.2144758292808605,0.0020349557221782,28.31885930528306,train
491,data/simulations/mdof/sim_000491.npz,RSN0003_PGA_0p800g,RSN0003,0.8,7.1529274762823745,3S_T060,3,0.6,0.2141375207353256,bilinear,0.007,0.0153487077557316,0.2144758292808605,0.0020349557221782,28.31885930528306,train
492,data/simulations/mdof/sim_000492.npz,RSN0003_PGA_0p800g,RSN0003,0.8,7.1529274762823745,3S_T090,3,0.9,0.3212062811029884,elastic,0.004,0.0342646255205482,0.2027897099285006,0.0042483124517564,78.69167271573255,train
493,data/simulations/mdof/sim_000493.npz,RSN0003_PGA_0p800g,RSN0003,0.8,7.1529274762823745,3S_T090,3,0.9,0.3212062811029884,bilinear,0.004,0.0342650941810592,0.2027216925246779,0.0042933665781748,78.74755723028032,train
494,data/simulations/mdof/sim_000494.npz,RSN0003_PGA_0p800g,RSN0003,0.8,7.1529274762823745,3S_T090,3,0.9,0.3212062811029884,bilinear,0.007,0.0342646255205483,0.2027897099285016,0.0042483124517564,78.69167271573313,train
495,data/simulations/mdof/sim_000495.npz,RSN0003_PGA_0p800g,RSN0003,0.8,7.1529274762823745,5S_T055,5,0.5499999999999999,0.1884215991249005,elastic,0.004,0.0145943873043461,0.2011485235585545,0.0013722692776129,39.7147755233345,train
496,data/simulations/mdof/sim_000496.npz,RSN0003_PGA_0p800g,RSN0003,0.8,7.1529274762823745,5S_T055,5,0.5499999999999999,0.1884215991249005,bilinear,0.004,0.0145943873043461,0.201148523558555,0.0013722692776129,39.714775523334495,train
497,data/simulations/mdof/sim_000497.npz,RSN0003_PGA_0p800g,RSN0003,0.8,7.1529274762823745,5S_T055,5,0.5499999999999999,0.1884215991249005,bilinear,0.007,0.0145943873043461,0.201148523558555,0.0013722692776129,39.714775523334495,train
498,data/simulations/mdof/sim_000498.npz,RSN0003_PGA_0p800g,RSN0003,0.8,7.1529274762823745,5S_T085,5,0.8499999999999999,0.2911970168293918,elastic,0.004,0.0308469381552021,0.1824315343592794,0.0027251175402796,88.21029675492473,train
499,data/simulations/mdof/sim_000499.npz,RSN0003_PGA_0p800g,RSN0003,0.8,7.1529274762823745,5S_T085,5,0.8499999999999999,0.2911970168293918,bilinear,0.004,0.0308469381552022,0.1824315343592796,0.0027251175402796,88.21029675492484,id_test
500,data/simulations/mdof/sim_000500.npz,RSN0003_PGA_0p800g,RSN0003,0.8,7.1529274762823745,5S_T085,5,0.8499999999999999,0.2911970168293918,bilinear,0.007,0.0308469381552022,0.1824315343592796,0.0027251175402796,88.21029675492484,train
501,data/simulations/mdof/sim_000501.npz,RSN0003_PGA_0p800g,RSN0003,0.8,7.1529274762823745,5S_T120,5,1.2000000000000008,0.4111016708179651,elastic,0.004,0.036869019606491,0.1741008685484761,0.0030185641873529,79.69432818569605,ood_b
502,data/simulations/mdof/sim_000502.npz,RSN0003_PGA_0p800g,RSN0003,0.8,7.1529274762823745,5S_T120,5,1.2000000000000008,0.4111016708179651,bilinear,0.004,0.0368690196064909,0.1741008685484747,0.0030185641873529,79.69432818569604,ood_b
503,data/simulations/mdof/sim_000503.npz,RSN0003_PGA_0p800g,RSN0003,0.8,7.1529274762823745,5S_T120,5,1.2000000000000008,0.4111016708179651,bilinear,0.007,0.0368690196064909,0.1741008685484747,0.0030185641873529,79.69432818569604,ood_b
504,data/simulations/mdof/sim_000504.npz,RSN0003_PGA_1p000g,RSN0003,1.0,8.941159345352967,3S_T035,3,0.3499999999999998,0.1249135537622733,elastic,0.004,0.0077460366291089,0.2632564798883341,0.0012597567397598,19.25785251305834,train
505,data/simulations/mdof/sim_000505.npz,RSN0003_PGA_1p000g,RSN0003,1.0,8.941159345352967,3S_T035,3,0.3499999999999998,0.1249135537622733,bilinear,0.004,0.0077460366291089,0.2632564798883346,0.0012597567397598,19.257852513058378,id_test
506,data/simulations/mdof/sim_000506.npz,RSN0003_PGA_1p000g,RSN0003,1.0,8.941159345352967,3S_T035,3,0.3499999999999998,0.1249135537622733,bilinear,0.007,0.0077460366291089,0.2632564798883346,0.0012597567397598,19.257852513058378,train
507,data/simulations/mdof/sim_000507.npz,RSN0003_PGA_1p000g,RSN0003,1.0,8.941159345352967,3S_T060,3,0.6,0.2141375207353256,elastic,0.004,0.0191858846946645,0.2680947866010754,0.0025436946527228,44.24821766450456,train
508,data/simulations/mdof/sim_000508.npz,RSN0003_PGA_1p000g,RSN0003,1.0,8.941159345352967,3S_T060,3,0.6,0.2141375207353256,bilinear,0.004,0.0191858846946645,0.2680947866010754,0.0025436946527228,44.2482176645046,train
509,data/simulations/mdof/sim_000509.npz,RSN0003_PGA_1p000g,RSN0003,1.0,8.941159345352967,3S_T060,3,0.6,0.2141375207353256,bilinear,0.007,0.0191858846946645,0.2680947866010754,0.0025436946527228,44.2482176645046,train
510,data/simulations/mdof/sim_000510.npz,RSN0003_PGA_1p000g,RSN0003,1.0,8.941159345352967,3S_T090,3,0.9,0.3212062811029884,elastic,0.004,0.0428307819006853,0.2534871374106248,0.0053103905646955,122.95573861833276,train
511,data/simulations/mdof/sim_000511.npz,RSN0003_PGA_1p000g,RSN0003,1.0,8.941159345352967,3S_T090,3,0.9,0.3212062811029884,bilinear,0.004,0.0365843783980587,0.2569892208948198,0.0054814996735288,131.37625532054125,train
512,data/simulations/mdof/sim_000512.npz,RSN0003_PGA_1p000g,RSN0003,1.0,8.941159345352967,3S_T090,3,0.9,0.3212062811029884,bilinear,0.007,0.0428307819006855,0.2534871374106253,0.0053103905646955,122.95573861833331,id_test
513,data/simulations/mdof/sim_000513.npz,RSN0003_PGA_1p000g,RSN0003,1.0,8.941159345352967,5S_T055,5,0.5499999999999999,0.1884215991249005,elastic,0.004,0.0182429841304327,0.2514356544481941,0.0017153365970161,62.05433675521003,train
514,data/simulations/mdof/sim_000514.npz,RSN0003_PGA_1p000g,RSN0003,1.0,8.941159345352967,5S_T055,5,0.5499999999999999,0.1884215991249005,bilinear,0.004,0.0182429841304327,0.2514356544481941,0.0017153365970161,62.054336755210144,train
515,data/simulations/mdof/sim_000515.npz,RSN0003_PGA_1p000g,RSN0003,1.0,8.941159345352967,5S_T055,5,0.5499999999999999,0.1884215991249005,bilinear,0.007,0.0182429841304327,0.2514356544481941,0.0017153365970161,62.054336755210144,train
516,data/simulations/mdof/sim_000516.npz,RSN0003_PGA_1p000g,RSN0003,1.0,8.941159345352967,5S_T085,5,0.8499999999999999,0.2911970168293918,elastic,0.004,0.0385586726940028,0.2280394179490988,0.0034063969253496,137.82858867957057,train
517,data/simulations/mdof/sim_000517.npz,RSN0003_PGA_1p000g,RSN0003,1.0,8.941159345352967,5S_T085,5,0.8499999999999999,0.2911970168293918,bilinear,0.004,0.0385586726940028,0.2280394179490992,0.0034063969253496,137.82858867957106,train
518,data/simulations/mdof/sim_000518.npz,RSN0003_PGA_1p000g,RSN0003,1.0,8.941159345352967,5S_T085,5,0.8499999999999999,0.2911970168293918,bilinear,0.007,0.0385586726940028,0.2280394179490992,0.0034063969253496,137.82858867957106,train
519,data/simulations/mdof/sim_000519.npz,RSN0003_PGA_1p000g,RSN0003,1.0,8.941159345352967,5S_T120,5,1.2000000000000008,0.4111016708179651,elastic,0.004,0.0460862745081136,0.2176260856855943,0.0037732052341911,124.52238779014968,ood_b
520,data/simulations/mdof/sim_000520.npz,RSN0003_PGA_1p000g,RSN0003,1.0,8.941159345352967,5S_T120,5,1.2000000000000008,0.4111016708179651,bilinear,0.004,0.0460862745081137,0.2176260856855948,0.0037732052341911,124.52238779014966,ood_b
521,data/simulations/mdof/sim_000521.npz,RSN0003_PGA_1p000g,RSN0003,1.0,8.941159345352967,5S_T120,5,1.2000000000000008,0.4111016708179651,bilinear,0.007,0.0460862745081137,0.2176260856855948,0.0037732052341911,124.52238779014966,ood_b
522,data/simulations/mdof/sim_000522.npz,RSN0003_PGA_1p200g,RSN0003,1.2,10.72939121442356,3S_T035,3,0.3499999999999998,0.1249135537622733,elastic,0.004,0.0092952439549307,0.3159077758660021,0.0015117080877118,27.731307618804067,train
523,data/simulations/mdof/sim_000523.npz,RSN0003_PGA_1p200g,RSN0003,1.2,10.72939121442356,3S_T035,3,0.3499999999999998,0.1249135537622733,bilinear,0.004,0.0092952439549307,0.3159077758660013,0.0015117080877118,27.731307618804028,train
524,data/simulations/mdof/sim_000524.npz,RSN0003_PGA_1p200g,RSN0003,1.2,10.72939121442356,3S_T035,3,0.3499999999999998,0.1249135537622733,bilinear,0.007,0.0092952439549307,0.3159077758660013,0.0015117080877118,27.731307618804028,train
525,data/simulations/mdof/sim_000525.npz,RSN0003_PGA_1p200g,RSN0003,1.2,10.72939121442356,3S_T060,3,0.6,0.2141375207353256,elastic,0.004,0.0230230616335974,0.3217137439212903,0.0030524335832673,63.71743343688679,train
526,data/simulations/mdof/sim_000526.npz,RSN0003_PGA_1p200g,RSN0003,1.2,10.72939121442356,3S_T060,3,0.6,0.2141375207353256,bilinear,0.004,0.0230230616335974,0.3217137439212905,0.0030524335832673,63.717433436887035,train
527,data/simulations/mdof/sim_000527.npz,RSN0003_PGA_1p200g,RSN0003,1.2,10.72939121442356,3S_T060,3,0.6,0.2141375207353256,bilinear,0.007,0.0230230616335974,0.3217137439212905,0.0030524335832673,63.717433436887035,id_test
528,data/simulations/mdof/sim_000528.npz,RSN0003_PGA_1p200g,RSN0003,1.2,10.72939121442356,3S_T090,3,0.9,0.3212062811029884,elastic,0.004,0.0513969382808227,0.3041845648927533,0.0063724686776347,177.05626361040066,train
529,data/simulations/mdof/sim_000529.npz,RSN0003_PGA_1p200g,RSN0003,1.2,10.72939121442356,3S_T090,3,0.9,0.3212062811029884,bilinear,0.004,0.0434093585173132,0.278169469429572,0.0060893392429496,201.0332161636819,train
530,data/simulations/mdof/sim_000530.npz,RSN0003_PGA_1p200g,RSN0003,1.2,10.72939121442356,3S_T090,3,0.9,0.3212062811029884,bilinear,0.007,0.0513969382808225,0.3041845648927525,0.0063724686776346,177.05626361039975,train
531,data/simulations/mdof/sim_000531.npz,RSN0003_PGA_1p200g,RSN0003,1.2,10.72939121442356,5S_T055,5,0.5499999999999999,0.1884215991249005,elastic,0.004,0.0218915809565193,0.3017227853378327,0.0020584039164193,89.35824492750272,train
532,data/simulations/mdof/sim_000532.npz,RSN0003_PGA_1p200g,RSN0003,1.2,10.72939121442356,5S_T055,5,0.5499999999999999,0.1884215991249005,bilinear,0.004,0.0218915809565192,0.3017227853378323,0.0020584039164193,89.35824492750251,train
533,data/simulations/mdof/sim_000533.npz,RSN0003_PGA_1p200g,RSN0003,1.2,10.72939121442356,5S_T055,5,0.5499999999999999,0.1884215991249005,bilinear,0.007,0.0218915809565192,0.3017227853378323,0.0020584039164193,89.35824492750251,train
534,data/simulations/mdof/sim_000534.npz,RSN0003_PGA_1p200g,RSN0003,1.2,10.72939121442356,5S_T085,5,0.8499999999999999,0.2911970168293918,elastic,0.004,0.0462704072328032,0.2736473015389197,0.0040876763104195,198.4731676985806,train
535,data/simulations/mdof/sim_000535.npz,RSN0003_PGA_1p200g,RSN0003,1.2,10.72939121442356,5S_T085,5,0.8499999999999999,0.2911970168293918,bilinear,0.004,0.0462704116922058,0.2736473015389188,0.0041086799907217,197.87974397358624,id_test
536,data/simulations/mdof/sim_000536.npz,RSN0003_PGA_1p200g,RSN0003,1.2,10.72939121442356,5S_T085,5,0.8499999999999999,0.2911970168293918,bilinear,0.007,0.0462704072328033,0.2736473015389188,0.0040876763104195,198.4731676985809,train
537,data/simulations/mdof/sim_000537.npz,RSN0003_PGA_1p200g,RSN0003,1.2,10.72939121442356,5S_T120,5,1.2000000000000008,0.4111016708179651,elastic,0.004,0.0553035294097364,0.2611513028227132,0.0045278462810293,179.31223841781568,ood_b
538,data/simulations/mdof/sim_000538.npz,RSN0003_PGA_1p200g,RSN0003,1.2,10.72939121442356,5S_T120,5,1.2000000000000008,0.4111016708179651,bilinear,0.004,0.0553035294097365,0.2611513028227138,0.0049576537612923,188.60340462204385,ood_b
539,data/simulations/mdof/sim_000539.npz,RSN0003_PGA_1p200g,RSN0003,1.2,10.72939121442356,5S_T120,5,1.2000000000000008,0.4111016708179651,bilinear,0.007,0.0553035294097365,0.2611513028227138,0.0045278462810293,179.31223841781613,ood_b
540,data/simulations/mdof/sim_000540.npz,RSN0004_PGA_0p050g,RSN0004,0.05,0.3160701693797497,3S_T035,3,0.3499999999999998,0.1249135537622733,elastic,0.004,0.0004278805684899,0.0143769335101742,6.36244067847706e-05,0.0576705752464126,train
541,data/simulations/mdof/sim_000541.npz,RSN0004_PGA_0p050g,RSN0004,0.05,0.3160701693797497,3S_T035,3,0.3499999999999998,0.1249135537622733,bilinear,0.004,0.0004278805684899,0.0143769335101742,6.362440678477053e-05,0.0576705752464125,id_test
542,data/simulations/mdof/sim_000542.npz,RSN0004_PGA_0p050g,RSN0004,0.05,0.3160701693797497,3S_T035,3,0.3499999999999998,0.1249135537622733,bilinear,0.007,0.0004278805684899,0.0143769335101742,6.362440678477053e-05,0.0576705752464125,train
543,data/simulations/mdof/sim_000543.npz,RSN0004_PGA_0p050g,RSN0004,0.05,0.3160701693797497,3S_T060,3,0.6,0.2141375207353256,elastic,0.004,0.000878489634556,0.0139837943237869,0.0001192674055767,0.0986525201293493,train
544,data/simulations/mdof/sim_000544.npz,RSN0004_PGA_0p050g,RSN0004,0.05,0.3160701693797497,3S_T060,3,0.6,0.2141375207353256,bilinear,0.004,0.000878489634556,0.0139837943237869,0.0001192674055767,0.0986525201293495,train
545,data/simulations/mdof/sim_000545.npz,RSN0004_PGA_0p050g,RSN0004,0.05,0.3160701693797497,3S_T060,3,0.6,0.2141375207353256,bilinear,0.007,0.000878489634556,0.0139837943237869,0.0001192674055767,0.0986525201293495,train
546,data/simulations/mdof/sim_000546.npz,RSN0004_PGA_0p050g,RSN0004,0.05,0.3160701693797497,3S_T090,3,0.9,0.3212062811029884,elastic,0.004,0.0021280980774616,0.016127208639625,0.0002854058589714,0.3436747911969079,train
547,data/simulations/mdof/sim_000547.npz,RSN0004_PGA_0p050g,RSN0004,0.05,0.3160701693797497,3S_T090,3,0.9,0.3212062811029884,bilinear,0.004,0.0021280980774616,0.0161272086396249,0.0002854058589714,0.3436747911969093,train
548,data/simulations/mdof/sim_000548.npz,RSN0004_PGA_0p050g,RSN0004,0.05,0.3160701693797497,3S_T090,3,0.9,0.3212062811029884,bilinear,0.007,0.0021280980774616,0.0161272086396249,0.0002854058589714,0.3436747911969093,train
549,data/simulations/mdof/sim_000549.npz,RSN0004_PGA_0p050g,RSN0004,0.05,0.3160701693797497,5S_T055,5,0.5499999999999999,0.1884215991249005,elastic,0.004,0.0009143188023286,0.0151094340344357,8.421249661975452e-05,0.1547283376440888,train
550,data/simulations/mdof/sim_000550.npz,RSN0004_PGA_0p050g,RSN0004,0.05,0.3160701693797497,5S_T055,5,0.5499999999999999,0.1884215991249005,bilinear,0.004,0.0009143188023286,0.0151094340344357,8.421249661975468e-05,0.1547283376440887,train
551,data/simulations/mdof/sim_000551.npz,RSN0004_PGA_0p050g,RSN0004,0.05,0.3160701693797497,5S_T055,5,0.5499999999999999,0.1884215991249005,bilinear,0.007,0.0009143188023286,0.0151094340344357,8.421249661975468e-05,0.1547283376440887,train
552,data/simulations/mdof/sim_000552.npz,RSN0004_PGA_0p050g,RSN0004,0.05,0.3160701693797497,5S_T085,5,0.8499999999999999,0.2911970168293918,elastic,0.004,0.0021391819890928,0.0163842053735527,0.0001824087878293,0.4181863090386796,train
553,data/simulations/mdof/sim_000553.npz,RSN0004_PGA_0p050g,RSN0004,0.05,0.3160701693797497,5S_T085,5,0.8499999999999999,0.2911970168293918,bilinear,0.004,0.0021391819890928,0.0163842053735527,0.0001824087878293,0.4181863090386784,train
554,data/simulations/mdof/sim_000554.npz,RSN0004_PGA_0p050g,RSN0004,0.05,0.3160701693797497,5S_T085,5,0.8499999999999999,0.2911970168293918,bilinear,0.007,0.0021391819890928,0.0163842053735527,0.0001824087878293,0.4181863090386784,train
555,data/simulations/mdof/sim_000555.npz,RSN0004_PGA_0p050g,RSN0004,0.05,0.3160701693797497,5S_T120,5,1.2000000000000008,0.4111016708179651,elastic,0.004,0.0017546587497521,0.0087117616061974,0.0001603423801869,0.2015438961754079,ood_b
556,data/simulations/mdof/sim_000556.npz,RSN0004_PGA_0p050g,RSN0004,0.05,0.3160701693797497,5S_T120,5,1.2000000000000008,0.4111016708179651,bilinear,0.004,0.0017546587497521,0.0087117616061974,0.0001603423801869,0.2015438961754075,ood_b
557,data/simulations/mdof/sim_000557.npz,RSN0004_PGA_0p050g,RSN0004,0.05,0.3160701693797497,5S_T120,5,1.2000000000000008,0.4111016708179651,bilinear,0.007,0.0017546587497521,0.0087117616061974,0.0001603423801869,0.2015438961754075,ood_b
558,data/simulations/mdof/sim_000558.npz,RSN0004_PGA_0p100g,RSN0004,0.1,0.6321403387594994,3S_T035,3,0.3499999999999998,0.1249135537622733,elastic,0.004,0.0008557611369798,0.0287538670203484,0.0001272488135695,0.2306823009856506,id_test
559,data/simulations/mdof/sim_000559.npz,RSN0004_PGA_0p100g,RSN0004,0.1,0.6321403387594994,3S_T035,3,0.3499999999999998,0.1249135537622733,bilinear,0.004,0.0008557611369798,0.0287538670203484,0.0001272488135695,0.2306823009856502,id_test
560,data/simulations/mdof/sim_000560.npz,RSN0004_PGA_0p100g,RSN0004,0.1,0.6321403387594994,3S_T035,3,0.3499999999999998,0.1249135537622733,bilinear,0.007,0.0008557611369798,0.0287538670203484,0.0001272488135695,0.2306823009856502,train
561,data/simulations/mdof/sim_000561.npz,RSN0004_PGA_0p100g,RSN0004,0.1,0.6321403387594994,3S_T060,3,0.6,0.2141375207353256,elastic,0.004,0.001756979269112,0.0279675886475739,0.0002385348111534,0.3946100805173975,train
562,data/simulations/mdof/sim_000562.npz,RSN0004_PGA_0p100g,RSN0004,0.1,0.6321403387594994,3S_T060,3,0.6,0.2141375207353256,bilinear,0.004,0.001756979269112,0.0279675886475738,0.0002385348111534,0.3946100805173981,train
563,data/simulations/mdof/sim_000563.npz,RSN0004_PGA_0p100g,RSN0004,0.1,0.6321403387594994,3S_T060,3,0.6,0.2141375207353256,bilinear,0.007,0.001756979269112,0.0279675886475738,0.0002385348111534,0.3946100805173981,train
564,data/simulations/mdof/sim_000564.npz,RSN0004_PGA_0p100g,RSN0004,0.1,0.6321403387594994,3S_T090,3,0.9,0.3212062811029884,elastic,0.004,0.0042561961549232,0.03225441727925,0.0005708117179428,1.3746991647876317,train
565,data/simulations/mdof/sim_000565.npz,RSN0004_PGA_0p100g,RSN0004,0.1,0.6321403387594994,3S_T090,3,0.9,0.3212062811029884,bilinear,0.004,0.0042561961549233,0.0322544172792499,0.0005708117179428,1.3746991647876372,train
566,data/simulations/mdof/sim_000566.npz,RSN0004_PGA_0p100g,RSN0004,0.1,0.6321403387594994,3S_T090,3,0.9,0.3212062811029884,bilinear,0.007,0.0042561961549233,0.0322544172792499,0.0005708117179428,1.3746991647876372,train
567,data/simulations/mdof/sim_000567.npz,RSN0004_PGA_0p100g,RSN0004,0.1,0.6321403387594994,5S_T055,5,0.5499999999999999,0.1884215991249005,elastic,0.004,0.0018286376046572,0.0302188680688714,0.0001684249932395,0.6189133505763552,train
568,data/simulations/mdof/sim_000568.npz,RSN0004_PGA_0p100g,RSN0004,0.1,0.6321403387594994,5S_T055,5,0.5499999999999999,0.1884215991249005,bilinear,0.004,0.0018286376046572,0.0302188680688714,0.0001684249932395,0.6189133505763548,id_test
569,data/simulations/mdof/sim_000569.npz,RSN0004_PGA_0p100g,RSN0004,0.1,0.6321403387594994,5S_T055,5,0.5499999999999999,0.1884215991249005,bilinear,0.007,0.0018286376046572,0.0302188680688714,0.0001684249932395,0.6189133505763548,train
570,data/simulations/mdof/sim_000570.npz,RSN0004_PGA_0p100g,RSN0004,0.1,0.6321403387594994,5S_T085,5,0.8499999999999999,0.2911970168293918,elastic,0.004,0.0042783639781857,0.0327684107471055,0.0003648175756586,1.6727452361547184,train
571,data/simulations/mdof/sim_000571.npz,RSN0004_PGA_0p100g,RSN0004,0.1,0.6321403387594994,5S_T085,5,0.8499999999999999,0.2911970168293918,bilinear,0.004,0.0042783639781857,0.0327684107471055,0.0003648175756586,1.6727452361547137,train
572,data/simulations/mdof/sim_000572.npz,RSN0004_PGA_0p100g,RSN0004,0.1,0.6321403387594994,5S_T085,5,0.8499999999999999,0.2911970168293918,bilinear,0.007,0.0042783639781857,0.0327684107471055,0.0003648175756586,1.6727452361547137,train
573,data/simulations/mdof/sim_000573.npz,RSN0004_PGA_0p100g,RSN0004,0.1,0.6321403387594994,5S_T120,5,1.2000000000000008,0.4111016708179651,elastic,0.004,0.0035093174995043,0.0174235232123949,0.0003206847603739,0.8061755847016319,ood_b
574,data/simulations/mdof/sim_000574.npz,RSN0004_PGA_0p100g,RSN0004,0.1,0.6321403387594994,5S_T120,5,1.2000000000000008,0.4111016708179651,bilinear,0.004,0.0035093174995043,0.017423523212395,0.0003206847603739,0.80617558470163,ood_b
575,data/simulations/mdof/sim_000575.npz,RSN0004_PGA_0p100g,RSN0004,0.1,0.6321403387594994,5S_T120,5,1.2000000000000008,0.4111016708179651,bilinear,0.007,0.0035093174995043,0.017423523212395,0.0003206847603739,0.80617558470163,ood_b
576,data/simulations/mdof/sim_000576.npz,RSN0004_PGA_0p200g,RSN0004,0.2,1.2642806775189988,3S_T035,3,0.3499999999999998,0.1249135537622733,elastic,0.004,0.0017115222739597,0.0575077340406969,0.000254497627139,0.9227292039426026,train
577,data/simulations/mdof/sim_000577.npz,RSN0004_PGA_0p200g,RSN0004,0.2,1.2642806775189988,3S_T035,3,0.3499999999999998,0.1249135537622733,bilinear,0.004,0.0017115222739597,0.0575077340406968,0.000254497627139,0.922729203942601,train
578,data/simulations/mdof/sim_000578.npz,RSN0004_PGA_0p200g,RSN0004,0.2,1.2642806775189988,3S_T035,3,0.3499999999999998,0.1249135537622733,bilinear,0.007,0.0017115222739597,0.0575077340406968,0.000254497627139,0.922729203942601,train
579,data/simulations/mdof/sim_000579.npz,RSN0004_PGA_0p200g,RSN0004,0.2,1.2642806775189988,3S_T060,3,0.6,0.2141375207353256,elastic,0.004,0.003513958538224,0.0559351772951478,0.0004770696223069,1.5784403220695902,train
580,data/simulations/mdof/sim_000580.npz,RSN0004_PGA_0p200g,RSN0004,0.2,1.2642806775189988,3S_T060,3,0.6,0.2141375207353256,bilinear,0.004,0.003513958538224,0.0559351772951477,0.0004770696223069,1.5784403220695926,train
581,data/simulations/mdof/sim_000581.npz,RSN0004_PGA_0p200g,RSN0004,0.2,1.2642806775189988,3S_T060,3,0.6,0.2141375207353256,bilinear,0.007,0.003513958538224,0.0559351772951477,0.0004770696223069,1.5784403220695926,id_test
582,data/simulations/mdof/sim_000582.npz,RSN0004_PGA_0p200g,RSN0004,0.2,1.2642806775189988,3S_T090,3,0.9,0.3212062811029884,elastic,0.004,0.0085123923098465,0.0645088345585,0.0011416234358857,5.498796659150527,train
583,data/simulations/mdof/sim_000583.npz,RSN0004_PGA_0p200g,RSN0004,0.2,1.2642806775189988,3S_T090,3,0.9,0.3212062811029884,bilinear,0.004,0.0085123923098466,0.0645088345584999,0.0011416234358857,5.498796659150549,train
584,data/simulations/mdof/sim_000584.npz,RSN0004_PGA_0p200g,RSN0004,0.2,1.2642806775189988,3S_T090,3,0.9,0.3212062811029884,bilinear,0.007,0.0085123923098466,0.0645088345584999,0.0011416234358857,5.498796659150549,train
585,data/simulations/mdof/sim_000585.npz,RSN0004_PGA_0p200g,RSN0004,0.2,1.2642806775189988,5S_T055,5,0.5499999999999999,0.1884215991249005,elastic,0.004,0.0036572752093144,0.0604377361377429,0.000336849986479,2.475653402305421,train
586,data/simulations/mdof/sim_000586.npz,RSN0004_PGA_0p200g,RSN0004,0.2,1.2642806775189988,5S_T055,5,0.5499999999999999,0.1884215991249005,bilinear,0.004,0.0036572752093144,0.0604377361377428,0.000336849986479,2.475653402305419,train
587,data/simulations/mdof/sim_000587.npz,RSN0004_PGA_0p200g,RSN0004,0.2,1.2642806775189988,5S_T055,5,0.5499999999999999,0.1884215991249005,bilinear,0.007,0.0036572752093144,0.0604377361377428,0.000336849986479,2.475653402305419,train
588,data/simulations/mdof/sim_000588.npz,RSN0004_PGA_0p200g,RSN0004,0.2,1.2642806775189988,5S_T085,5,0.8499999999999999,0.2911970168293918,elastic,0.004,0.0085567279563714,0.0655368214942111,0.0007296351513172,6.6909809446188735,train
589,data/simulations/mdof/sim_000589.npz,RSN0004_PGA_0p200g,RSN0004,0.2,1.2642806775189988,5S_T085,5,0.8499999999999999,0.2911970168293918,bilinear,0.004,0.0085567279563714,0.0655368214942114,0.0007296351513172,6.690980944618866,train
590,data/simulations/mdof/sim_000590.npz,RSN0004_PGA_0p200g,RSN0004,0.2,1.2642806775189988,5S_T085,5,0.8499999999999999,0.2911970168293918,bilinear,0.007,0.0085567279563714,0.0655368214942114,0.0007296351513172,6.690980944618866,id_test
591,data/simulations/mdof/sim_000591.npz,RSN0004_PGA_0p200g,RSN0004,0.2,1.2642806775189988,5S_T120,5,1.2000000000000008,0.4111016708179651,elastic,0.004,0.0070186349990086,0.0348470464247899,0.0006413695207479,3.2247023388065275,ood_b
592,data/simulations/mdof/sim_000592.npz,RSN0004_PGA_0p200g,RSN0004,0.2,1.2642806775189988,5S_T120,5,1.2000000000000008,0.4111016708179651,bilinear,0.004,0.0070186349990086,0.03484704642479,0.0006413695207479,3.22470233880652,ood_b
593,data/simulations/mdof/sim_000593.npz,RSN0004_PGA_0p200g,RSN0004,0.2,1.2642806775189988,5S_T120,5,1.2000000000000008,0.4111016708179651,bilinear,0.007,0.0070186349990086,0.03484704642479,0.0006413695207479,3.22470233880652,ood_b
594,data/simulations/mdof/sim_000594.npz,RSN0004_PGA_0p300g,RSN0004,0.3,1.8964210162784976,3S_T035,3,0.3499999999999998,0.1249135537622733,elastic,0.004,0.0025672834109395,0.0862616010610456,0.0003817464407086,2.0761407088708497,train
595,data/simulations/mdof/sim_000595.npz,RSN0004_PGA_0p300g,RSN0004,0.3,1.8964210162784976,3S_T035,3,0.3499999999999998,0.1249135537622733,bilinear,0.004,0.0025672834109395,0.0862616010610454,0.0003817464407086,2.076140708870852,train
596,data/simulations/mdof/sim_000596.npz,RSN0004_PGA_0p300g,RSN0004,0.3,1.8964210162784976,3S_T035,3,0.3499999999999998,0.1249135537622733,bilinear,0.007,0.0025672834109395,0.0862616010610454,0.0003817464407086,2.076140708870852,train
597,data/simulations/mdof/sim_000597.npz,RSN0004_PGA_0p300g,RSN0004,0.3,1.8964210162784976,3S_T060,3,0.6,0.2141375207353256,elastic,0.004,0.005270937807336,0.0839027659427217,0.0007156044334604,3.5514907246565715,id_test
598,data/simulations/mdof/sim_000598.npz,RSN0004_PGA_0p300g,RSN0004,0.3,1.8964210162784976,3S_T060,3,0.6,0.2141375207353256,bilinear,0.004,0.005270937807336,0.0839027659427218,0.0007156044334604,3.551490724656576,train
599,data/simulations/mdof/sim_000599.npz,RSN0004_PGA_0p300g,RSN0004,0.3,1.8964210162784976,3S_T060,3,0.6,0.2141375207353256,bilinear,0.007,0.005270937807336,0.0839027659427218,0.0007156044334604,3.551490724656576,train
600,data/simulations/mdof/sim_000600.npz,RSN0004_PGA_0p300g,RSN0004,0.3,1.8964210162784976,3S_T090,3,0.9,0.3212062811029884,elastic,0.004,0.0127685884647698,0.0967632518377493,0.0017124351538285,12.37229248308866,train
601,data/simulations/mdof/sim_000601.npz,RSN0004_PGA_0p300g,RSN0004,0.3,1.8964210162784976,3S_T090,3,0.9,0.3212062811029884,bilinear,0.004,0.0127685884647698,0.0967632518377493,0.0017124351538285,12.372292483088664,train
602,data/simulations/mdof/sim_000602.npz,RSN0004_PGA_0p300g,RSN0004,0.3,1.8964210162784976,3S_T090,3,0.9,0.3212062811029884,bilinear,0.007,0.0127685884647698,0.0967632518377493,0.0017124351538285,12.372292483088664,train
603,data/simulations/mdof/sim_000603.npz,RSN0004_PGA_0p300g,RSN0004,0.3,1.8964210162784976,5S_T055,5,0.5499999999999999,0.1884215991249005,elastic,0.004,0.0054859128139717,0.0906566042066148,0.0005052749797185,5.570220155187181,train
604,data/simulations/mdof/sim_000604.npz,RSN0004_PGA_0p300g,RSN0004,0.3,1.8964210162784976,5S_T055,5,0.5499999999999999,0.1884215991249005,bilinear,0.004,0.0054859128139717,0.0906566042066145,0.0005052749797185,5.5702201551871875,train
605,data/simulations/mdof/sim_000605.npz,RSN0004_PGA_0p300g,RSN0004,0.3,1.8964210162784976,5S_T055,5,0.5499999999999999,0.1884215991249005,bilinear,0.007,0.0054859128139717,0.0906566042066145,0.0005052749797185,5.5702201551871875,train
606,data/simulations/mdof/sim_000606.npz,RSN0004_PGA_0p300g,RSN0004,0.3,1.8964210162784976,5S_T085,5,0.8499999999999999,0.2911970168293918,elastic,0.004,0.0128350919345571,0.098305232241316,0.0010944527269758,15.054707125392426,train
607,data/simulations/mdof/sim_000607.npz,RSN0004_PGA_0p300g,RSN0004,0.3,1.8964210162784976,5S_T085,5,0.8499999999999999,0.2911970168293918,bilinear,0.004,0.0128350919345571,0.0983052322413168,0.0010944527269758,15.054707125392463,train
608,data/simulations/mdof/sim_000608.npz,RSN0004_PGA_0p300g,RSN0004,0.3,1.8964210162784976,5S_T085,5,0.8499999999999999,0.2911970168293918,bilinear,0.007,0.0128350919345571,0.0983052322413168,0.0010944527269758,15.054707125392463,train
609,data/simulations/mdof/sim_000609.npz,RSN0004_PGA_0p300g,RSN0004,0.3,1.8964210162784976,5S_T120,5,1.2000000000000008,0.4111016708179651,elastic,0.004,0.0105279524985129,0.052270569637185,0.0009620542811219,7.25558026231466,ood_b
610,data/simulations/mdof/sim_000610.npz,RSN0004_PGA_0p300g,RSN0004,0.3,1.8964210162784976,5S_T120,5,1.2000000000000008,0.4111016708179651,bilinear,0.004,0.0105279524985129,0.0522705696371848,0.0009620542811219,7.255580262314677,ood_b
611,data/simulations/mdof/sim_000611.npz,RSN0004_PGA_0p300g,RSN0004,0.3,1.8964210162784976,5S_T120,5,1.2000000000000008,0.4111016708179651,bilinear,0.007,0.0105279524985129,0.0522705696371848,0.0009620542811219,7.255580262314677,ood_b
612,data/simulations/mdof/sim_000612.npz,RSN0004_PGA_0p400g,RSN0004,0.4,2.5285613550379975,3S_T035,3,0.3499999999999998,0.1249135537622733,elastic,0.004,0.0034230445479194,0.1150154680813938,0.0005089952542781,3.6909168157704104,train
613,data/simulations/mdof/sim_000613.npz,RSN0004_PGA_0p400g,RSN0004,0.4,2.5285613550379975,3S_T035,3,0.3499999999999998,0.1249135537622733,bilinear,0.004,0.0034230445479194,0.1150154680813936,0.0005089952542781,3.690916815770404,train
614,data/simulations/mdof/sim_000614.npz,RSN0004_PGA_0p400g,RSN0004,0.4,2.5285613550379975,3S_T035,3,0.3499999999999998,0.1249135537622733,bilinear,0.007,0.0034230445479194,0.1150154680813936,0.0005089952542781,3.690916815770404,train
615,data/simulations/mdof/sim_000615.npz,RSN0004_PGA_0p400g,RSN0004,0.4,2.5285613550379975,3S_T060,3,0.6,0.2141375207353256,elastic,0.004,0.007027917076448,0.1118703545902957,0.0009541392446139,6.313761288278361,train
616,data/simulations/mdof/sim_000616.npz,RSN0004_PGA_0p400g,RSN0004,0.4,2.5285613550379975,3S_T060,3,0.6,0.2141375207353256,bilinear,0.004,0.007027917076448,0.1118703545902955,0.0009541392446139,6.3137612882783705,train
617,data/simulations/mdof/sim_000617.npz,RSN0004_PGA_0p400g,RSN0004,0.4,2.5285613550379975,3S_T060,3,0.6,0.2141375207353256,bilinear,0.007,0.007027917076448,0.1118703545902955,0.0009541392446139,6.3137612882783705,train
618,data/simulations/mdof/sim_000618.npz,RSN0004_PGA_0p400g,RSN0004,0.4,2.5285613550379975,3S_T090,3,0.9,0.3212062811029884,elastic,0.004,0.0170247846196931,0.129017669117,0.0022832468717714,21.995186636602103,id_test
619,data/simulations/mdof/sim_000619.npz,RSN0004_PGA_0p400g,RSN0004,0.4,2.5285613550379975,3S_T090,3,0.9,0.3212062811029884,bilinear,0.004,0.0170247846196932,0.1290176691169998,0.0022832468717714,21.995186636602195,train
620,data/simulations/mdof/sim_000620.npz,RSN0004_PGA_0p400g,RSN0004,0.4,2.5285613550379975,3S_T090,3,0.9,0.3212062811029884,bilinear,0.007,0.0170247846196932,0.1290176691169998,0.0022832468717714,21.995186636602195,train
621,data/simulations/mdof/sim_000621.npz,RSN0004_PGA_0p400g,RSN0004,0.4,2.5285613550379975,5S_T055,5,0.5499999999999999,0.1884215991249005,elastic,0.004,0.0073145504186289,0.1208754722754859,0.000673699972958,9.902613609221683,train
622,data/simulations/mdof/sim_000622.npz,RSN0004_PGA_0p400g,RSN0004,0.4,2.5285613550379975,5S_T055,5,0.5499999999999999,0.1884215991249005,bilinear,0.004,0.0073145504186289,0.1208754722754856,0.000673699972958,9.902613609221676,train
623,data/simulations/mdof/sim_000623.npz,RSN0004_PGA_0p400g,RSN0004,0.4,2.5285613550379975,5S_T055,5,0.5499999999999999,0.1884215991249005,bilinear,0.007,0.0073145504186289,0.1208754722754856,0.000673699972958,9.902613609221676,train
624,data/simulations/mdof/sim_000624.npz,RSN0004_PGA_0p400g,RSN0004,0.4,2.5285613550379975,5S_T085,5,0.8499999999999999,0.2911970168293918,elastic,0.004,0.0171134559127428,0.1310736429884222,0.0014592703026344,26.763923778475498,train
625,data/simulations/mdof/sim_000625.npz,RSN0004_PGA_0p400g,RSN0004,0.4,2.5285613550379975,5S_T085,5,0.8499999999999999,0.2911970168293918,bilinear,0.004,0.0171134559127428,0.1310736429884227,0.0014592703026344,26.76392377847546,train
626,data/simulations/mdof/sim_000626.npz,RSN0004_PGA_0p400g,RSN0004,0.4,2.5285613550379975,5S_T085,5,0.8499999999999999,0.2911970168293918,bilinear,0.007,0.0171134559127428,0.1310736429884227,0.0014592703026344,26.76392377847546,train
627,data/simulations/mdof/sim_000627.npz,RSN0004_PGA_0p400g,RSN0004,0.4,2.5285613550379975,5S_T120,5,1.2000000000000008,0.4111016708179651,elastic,0.004,0.0140372699980172,0.0696940928495798,0.0012827390414958,12.89880935522611,ood_b
628,data/simulations/mdof/sim_000628.npz,RSN0004_PGA_0p400g,RSN0004,0.4,2.5285613550379975,5S_T120,5,1.2000000000000008,0.4111016708179651,bilinear,0.004,0.0140372699980172,0.06969409284958,0.0012827390414958,12.898809355226096,ood_b
629,data/simulations/mdof/sim_000629.npz,RSN0004_PGA_0p400g,RSN0004,0.4,2.5285613550379975,5S_T120,5,1.2000000000000008,0.4111016708179651,bilinear,0.007,0.0140372699980172,0.06969409284958,0.0012827390414958,12.898809355226096,ood_b
630,data/simulations/mdof/sim_000630.npz,RSN0004_PGA_0p500g,RSN0004,0.5,3.1607016937974968,3S_T035,3,0.3499999999999998,0.1249135537622733,elastic,0.004,0.0042788056848992,0.1437693351017423,0.0006362440678477,5.767057524641235,train
631,data/simulations/mdof/sim_000631.npz,RSN0004_PGA_0p500g,RSN0004,0.5,3.1607016937974968,3S_T035,3,0.3499999999999998,0.1249135537622733,bilinear,0.004,0.0042788056848992,0.1437693351017423,0.0006362440678477,5.76705752464123,train
632,data/simulations/mdof/sim_000632.npz,RSN0004_PGA_0p500g,RSN0004,0.5,3.1607016937974968,3S_T035,3,0.3499999999999998,0.1249135537622733,bilinear,0.007,0.0042788056848992,0.1437693351017423,0.0006362440678477,5.76705752464123,train
633,data/simulations/mdof/sim_000633.npz,RSN0004_PGA_0p500g,RSN0004,0.5,3.1607016937974968,3S_T060,3,0.6,0.2141375207353256,elastic,0.004,0.00878489634556,0.1398379432378695,0.0011926740557674,9.865252012934947,train
634,data/simulations/mdof/sim_000634.npz,RSN0004_PGA_0p500g,RSN0004,0.5,3.1607016937974968,3S_T060,3,0.6,0.2141375207353256,bilinear,0.004,0.00878489634556,0.1398379432378696,0.0011926740557674,9.865252012934944,train
635,data/simulations/mdof/sim_000635.npz,RSN0004_PGA_0p500g,RSN0004,0.5,3.1607016937974968,3S_T060,3,0.6,0.2141375207353256,bilinear,0.007,0.00878489634556,0.1398379432378696,0.0011926740557674,9.865252012934944,train
636,data/simulations/mdof/sim_000636.npz,RSN0004_PGA_0p500g,RSN0004,0.5,3.1607016937974968,3S_T090,3,0.9,0.3212062811029884,elastic,0.004,0.0212809807746164,0.1612720863962495,0.0028540585897143,34.36747911969081,train
637,data/simulations/mdof/sim_000637.npz,RSN0004_PGA_0p500g,RSN0004,0.5,3.1607016937974968,3S_T090,3,0.9,0.3212062811029884,bilinear,0.004,0.0212809807746164,0.1612720863962492,0.0028540585897143,34.367479119690756,train
638,data/simulations/mdof/sim_000638.npz,RSN0004_PGA_0p500g,RSN0004,0.5,3.1607016937974968,3S_T090,3,0.9,0.3212062811029884,bilinear,0.007,0.0212809807746164,0.1612720863962492,0.0028540585897143,34.367479119690756,id_test
639,data/simulations/mdof/sim_000639.npz,RSN0004_PGA_0p500g,RSN0004,0.5,3.1607016937974968,5S_T055,5,0.5499999999999999,0.1884215991249005,elastic,0.004,0.0091431880232862,0.1510943403443584,0.0008421249661975,15.472833764408946,train
640,data/simulations/mdof/sim_000640.npz,RSN0004_PGA_0p500g,RSN0004,0.5,3.1607016937974968,5S_T055,5,0.5499999999999999,0.1884215991249005,bilinear,0.004,0.0091431880232862,0.1510943403443579,0.0008421249661975,15.472833764408971,train
641,data/simulations/mdof/sim_000641.npz,RSN0004_PGA_0p500g,RSN0004,0.5,3.1607016937974968,5S_T055,5,0.5499999999999999,0.1884215991249005,bilinear,0.007,0.0091431880232862,0.1510943403443579,0.0008421249661975,15.472833764408971,train
642,data/simulations/mdof/sim_000642.npz,RSN0004_PGA_0p500g,RSN0004,0.5,3.1607016937974968,5S_T085,5,0.8499999999999999,0.2911970168293918,elastic,0.004,0.0213918198909285,0.1638420537355276,0.001824087878293,41.81863090386786,train
643,data/simulations/mdof/sim_000643.npz,RSN0004_PGA_0p500g,RSN0004,0.5,3.1607016937974968,5S_T085,5,0.8499999999999999,0.2911970168293918,bilinear,0.004,0.0213918198909285,0.1638420537355271,0.001824087878293,41.81863090386788,train
644,data/simulations/mdof/sim_000644.npz,RSN0004_PGA_0p500g,RSN0004,0.5,3.1607016937974968,5S_T085,5,0.8499999999999999,0.2911970168293918,bilinear,0.007,0.0213918198909285,0.1638420537355271,0.001824087878293,41.81863090386788,train
645,data/simulations/mdof/sim_000645.npz,RSN0004_PGA_0p500g,RSN0004,0.5,3.1607016937974968,5S_T120,5,1.2000000000000008,0.4111016708179651,elastic,0.004,0.0175465874975215,0.0871176160619746,0.0016034238018698,20.154389617540723,ood_b
646,data/simulations/mdof/sim_000646.npz,RSN0004_PGA_0p500g,RSN0004,0.5,3.1607016937974968,5S_T120,5,1.2000000000000008,0.4111016708179651,bilinear,0.004,0.0175465874975215,0.0871176160619747,0.0016034238018698,20.15438961754079,ood_b
647,data/simulations/mdof/sim_000647.npz,RSN0004_PGA_0p500g,RSN0004,0.5,3.1607016937974968,5S_T120,5,1.2000000000000008,0.4111016708179651,bilinear,0.007,0.0175465874975215,0.0871176160619747,0.0016034238018698,20.15438961754079,ood_b
648,data/simulations/mdof/sim_000648.npz,RSN0004_PGA_0p600g,RSN0004,0.6,3.792842032556995,3S_T035,3,0.3499999999999998,0.1249135537622733,elastic,0.004,0.0051345668218791,0.1725232021220912,0.0007634928814172,8.304562835483399,train
649,data/simulations/mdof/sim_000649.npz,RSN0004_PGA_0p600g,RSN0004,0.6,3.792842032556995,3S_T035,3,0.3499999999999998,0.1249135537622733,bilinear,0.004,0.0051345668218791,0.1725232021220909,0.0007634928814172,8.304562835483408,train
650,data/simulations/mdof/sim_000650.npz,RSN0004_PGA_0p600g,RSN0004,0.6,3.792842032556995,3S_T035,3,0.3499999999999998,0.1249135537622733,bilinear,0.007,0.0051345668218791,0.1725232021220909,0.0007634928814172,8.304562835483408,train
651,data/simulations/mdof/sim_000651.npz,RSN0004_PGA_0p600g,RSN0004,0.6,3.792842032556995,3S_T060,3,0.6,0.2141375207353256,elastic,0.004,0.010541875614672,0.1678055318854435,0.0014312088669209,14.205962898626286,train
652,data/simulations/mdof/sim_000652.npz,RSN0004_PGA_0p600g,RSN0004,0.6,3.792842032556995,3S_T060,3,0.6,0.2141375207353256,bilinear,0.004,0.010541875614672,0.1678055318854436,0.0014312088669209,14.205962898626304,train
653,data/simulations/mdof/sim_000653.npz,RSN0004_PGA_0p600g,RSN0004,0.6,3.792842032556995,3S_T060,3,0.6,0.2141375207353256,bilinear,0.007,0.010541875614672,0.1678055318854436,0.0014312088669209,14.205962898626304,train
654,data/simulations/mdof/sim_000654.npz,RSN0004_PGA_0p600g,RSN0004,0.6,3.792842032556995,3S_T090,3,0.9,0.3212062811029884,elastic,0.004,0.0255371769295397,0.1935265036754987,0.0034248703076571,49.48916993235464,train
655,data/simulations/mdof/sim_000655.npz,RSN0004_PGA_0p600g,RSN0004,0.6,3.792842032556995,3S_T090,3,0.9,0.3212062811029884,bilinear,0.004,0.0255371769295397,0.1935265036754986,0.0034248703076571,49.489169932354656,id_test
656,data/simulations/mdof/sim_000656.npz,RSN0004_PGA_0p600g,RSN0004,0.6,3.792842032556995,3S_T090,3,0.9,0.3212062811029884,bilinear,0.007,0.0255371769295397,0.1935265036754986,0.0034248703076571,49.489169932354656,train
657,data/simulations/mdof/sim_000657.npz,RSN0004_PGA_0p600g,RSN0004,0.6,3.792842032556995,5S_T055,5,0.5499999999999999,0.1884215991249005,elastic,0.004,0.0109718256279434,0.1813132084132296,0.001010549959437,22.280880620748725,train
658,data/simulations/mdof/sim_000658.npz,RSN0004_PGA_0p600g,RSN0004,0.6,3.792842032556995,5S_T055,5,0.5499999999999999,0.1884215991249005,bilinear,0.004,0.0109718256279434,0.1813132084132288,0.001010549959437,22.280880620748796,id_test
659,data/simulations/mdof/sim_000659.npz,RSN0004_PGA_0p600g,RSN0004,0.6,3.792842032556995,5S_T055,5,0.5499999999999999,0.1884215991249005,bilinear,0.007,0.0109718256279434,0.1813132084132288,0.001010549959437,22.280880620748796,train
660,data/simulations/mdof/sim_000660.npz,RSN0004_PGA_0p600g,RSN0004,0.6,3.792842032556995,5S_T085,5,0.8499999999999999,0.2911970168293918,elastic,0.004,0.0256701838691142,0.1966104644826321,0.0021889054539517,60.2188285015697,train
661,data/simulations/mdof/sim_000661.npz,RSN0004_PGA_0p600g,RSN0004,0.6,3.792842032556995,5S_T085,5,0.8499999999999999,0.2911970168293918,bilinear,0.004,0.0256701838691143,0.1966104644826334,0.0021889054539517,60.21882850157002,id_test
662,data/simulations/mdof/sim_000662.npz,RSN0004_PGA_0p600g,RSN0004,0.6,3.792842032556995,5S_T085,5,0.8499999999999999,0.2911970168293918,bilinear,0.007,0.0256701838691143,0.1966104644826334,0.0021889054539517,60.21882850157002,train
663,data/simulations/mdof/sim_000663.npz,RSN0004_PGA_0p600g,RSN0004,0.6,3.792842032556995,5S_T120,5,1.2000000000000008,0.4111016708179651,elastic,0.004,0.0210559049970258,0.1045411392743701,0.0019241085622438,29.02232104925864,ood_b
664,data/simulations/mdof/sim_000664.npz,RSN0004_PGA_0p600g,RSN0004,0.6,3.792842032556995,5S_T120,5,1.2000000000000008,0.4111016708179651,bilinear,0.004,0.0210559049970258,0.1045411392743695,0.0019241085622438,29.02232104925868,ood_b
665,data/simulations/mdof/sim_000665.npz,RSN0004_PGA_0p600g,RSN0004,0.6,3.792842032556995,5S_T120,5,1.2000000000000008,0.4111016708179651,bilinear,0.007,0.0210559049970258,0.1045411392743695,0.0019241085622438,29.02232104925868,ood_b
666,data/simulations/mdof/sim_000666.npz,RSN0004_PGA_0p800g,RSN0004,0.8,5.057122710075995,3S_T035,3,0.3499999999999998,0.1249135537622733,elastic,0.004,0.0068460890958388,0.2300309361627876,0.0010179905085563,14.763667263081642,train
667,data/simulations/mdof/sim_000667.npz,RSN0004_PGA_0p800g,RSN0004,0.8,5.057122710075995,3S_T035,3,0.3499999999999998,0.1249135537622733,bilinear,0.004,0.0068460890958388,0.2300309361627873,0.0010179905085563,14.763667263081617,train
668,data/simulations/mdof/sim_000668.npz,RSN0004_PGA_0p800g,RSN0004,0.8,5.057122710075995,3S_T035,3,0.3499999999999998,0.1249135537622733,bilinear,0.007,0.0068460890958388,0.2300309361627873,0.0010179905085563,14.763667263081617,train
669,data/simulations/mdof/sim_000669.npz,RSN0004_PGA_0p800g,RSN0004,0.8,5.057122710075995,3S_T060,3,0.6,0.2141375207353256,elastic,0.004,0.014055834152896,0.2237407091805915,0.0019082784892279,25.255045153113443,train
670,data/simulations/mdof/sim_000670.npz,RSN0004_PGA_0p800g,RSN0004,0.8,5.057122710075995,3S_T060,3,0.6,0.2141375207353256,bilinear,0.004,0.014055834152896,0.223740709180591,0.0019082784892279,25.25504515311348,id_test
671,data/simulations/mdof/sim_000671.npz,RSN0004_PGA_0p800g,RSN0004,0.8,5.057122710075995,3S_T060,3,0.6,0.2141375207353256,bilinear,0.007,0.014055834152896,0.223740709180591,0.0019082784892279,25.25504515311348,train
672,data/simulations/mdof/sim_000672.npz,RSN0004_PGA_0p800g,RSN0004,0.8,5.057122710075995,3S_T090,3,0.9,0.3212062811029884,elastic,0.004,0.0340495692393863,0.2580353382340001,0.0045664937435428,87.98074654640843,train
673,data/simulations/mdof/sim_000673.npz,RSN0004_PGA_0p800g,RSN0004,0.8,5.057122710075995,3S_T090,3,0.9,0.3212062811029884,bilinear,0.004,0.0340515531535235,0.2396316255728099,0.0047504279346843,85.95606254887035,train
674,data/simulations/mdof/sim_000674.npz,RSN0004_PGA_0p800g,RSN0004,0.8,5.057122710075995,3S_T090,3,0.9,0.3212062811029884,bilinear,0.007,0.0340495692393864,0.2580353382339997,0.0045664937435429,87.98074654640878,train
675,data/simulations/mdof/sim_000675.npz,RSN0004_PGA_0p800g,RSN0004,0.8,5.057122710075995,5S_T055,5,0.5499999999999999,0.1884215991249005,elastic,0.004,0.0146291008372579,0.2417509445509719,0.001347399945916,39.610454436886734,train
676,data/simulations/mdof/sim_000676.npz,RSN0004_PGA_0p800g,RSN0004,0.8,5.057122710075995,5S_T055,5,0.5499999999999999,0.1884215991249005,bilinear,0.004,0.0146291008372579,0.2417509445509716,0.001347399945916,39.61045443688669,id_test
677,data/simulations/mdof/sim_000677.npz,RSN0004_PGA_0p800g,RSN0004,0.8,5.057122710075995,5S_T055,5,0.5499999999999999,0.1884215991249005,bilinear,0.007,0.0146291008372579,0.2417509445509716,0.001347399945916,39.61045443688669,train
678,data/simulations/mdof/sim_000678.npz,RSN0004_PGA_0p800g,RSN0004,0.8,5.057122710075995,5S_T085,5,0.8499999999999999,0.2911970168293918,elastic,0.004,0.0342269118254857,0.2621472859768444,0.0029185406052689,107.05569511390198,train
679,data/simulations/mdof/sim_000679.npz,RSN0004_PGA_0p800g,RSN0004,0.8,5.057122710075995,5S_T085,5,0.8499999999999999,0.2911970168293918,bilinear,0.004,0.0342269118254857,0.2621472859768454,0.0029185406052689,107.05569511390183,train
680,data/simulations/mdof/sim_000680.npz,RSN0004_PGA_0p800g,RSN0004,0.8,5.057122710075995,5S_T085,5,0.8499999999999999,0.2911970168293918,bilinear,0.007,0.0342269118254857,0.2621472859768454,0.0029185406052689,107.05569511390183,train
681,data/simulations/mdof/sim_000681.npz,RSN0004_PGA_0p800g,RSN0004,0.8,5.057122710075995,5S_T120,5,1.2000000000000008,0.4111016708179651,elastic,0.004,0.0280745399960344,0.1393881856991597,0.0025654780829917,51.59523742090444,ood_b
682,data/simulations/mdof/sim_000682.npz,RSN0004_PGA_0p800g,RSN0004,0.8,5.057122710075995,5S_T120,5,1.2000000000000008,0.4111016708179651,bilinear,0.004,0.0280745399960344,0.1393881856991598,0.0025654780829917,51.595237420904446,ood_b
683,data/simulations/mdof/sim_000683.npz,RSN0004_PGA_0p800g,RSN0004,0.8,5.057122710075995,5S_T120,5,1.2000000000000008,0.4111016708179651,bilinear,0.007,0.0280745399960344,0.1393881856991598,0.0025654780829917,51.595237420904446,ood_b
684,data/simulations/mdof/sim_000684.npz,RSN0004_PGA_1p000g,RSN0004,1.0,6.3214033875949935,3S_T035,3,0.3499999999999998,0.1249135537622733,elastic,0.004,0.0085576113697985,0.2875386702034846,0.0012724881356954,23.06823009856494,train
685,data/simulations/mdof/sim_000685.npz,RSN0004_PGA_1p000g,RSN0004,1.0,6.3214033875949935,3S_T035,3,0.3499999999999998,0.1249135537622733,bilinear,0.004,0.0085576113697985,0.2875386702034846,0.0012724881356954,23.06823009856492,train
686,data/simulations/mdof/sim_000686.npz,RSN0004_PGA_1p000g,RSN0004,1.0,6.3214033875949935,3S_T035,3,0.3499999999999998,0.1249135537622733,bilinear,0.007,0.0085576113697985,0.2875386702034846,0.0012724881356954,23.06823009856492,train
687,data/simulations/mdof/sim_000687.npz,RSN0004_PGA_1p000g,RSN0004,1.0,6.3214033875949935,3S_T060,3,0.6,0.2141375207353256,elastic,0.004,0.01756979269112,0.2796758864757391,0.0023853481115349,39.46100805173979,train
688,data/simulations/mdof/sim_000688.npz,RSN0004_PGA_1p000g,RSN0004,1.0,6.3214033875949935,3S_T060,3,0.6,0.2141375207353256,bilinear,0.004,0.01756979269112,0.2796758864757392,0.0023853481115349,39.461008051739775,train
689,data/simulations/mdof/sim_000689.npz,RSN0004_PGA_1p000g,RSN0004,1.0,6.3214033875949935,3S_T060,3,0.6,0.2141375207353256,bilinear,0.007,0.01756979269112,0.2796758864757392,0.0023853481115349,39.461008051739775,train
690,data/simulations/mdof/sim_000690.npz,RSN0004_PGA_1p000g,RSN0004,1.0,6.3214033875949935,3S_T090,3,0.9,0.3212062811029884,elastic,0.004,0.0425619615492329,0.322544172792499,0.0057081171794286,137.46991647876325,train
691,data/simulations/mdof/sim_000691.npz,RSN0004_PGA_1p000g,RSN0004,1.0,6.3214033875949935,3S_T090,3,0.9,0.3212062811029884,bilinear,0.004,0.039771406153674,0.2617146270478254,0.0061588929970123,136.20217442039302,train
692,data/simulations/mdof/sim_000692.npz,RSN0004_PGA_1p000g,RSN0004,1.0,6.3214033875949935,3S_T090,3,0.9,0.3212062811029884,bilinear,0.007,0.0425619615492329,0.3225441727924985,0.0057081171794286,137.46991647876305,train
693,data/simulations/mdof/sim_000693.npz,RSN0004_PGA_1p000g,RSN0004,1.0,6.3214033875949935,5S_T055,5,0.5499999999999999,0.1884215991249005,elastic,0.004,0.0182863760465724,0.3021886806887168,0.001684249932395,61.891335057635786,train
694,data/simulations/mdof/sim_000694.npz,RSN0004_PGA_1p000g,RSN0004,1.0,6.3214033875949935,5S_T055,5,0.5499999999999999,0.1884215991249005,bilinear,0.004,0.0182863760465724,0.3021886806887159,0.001684249932395,61.891335057635885,train
695,data/simulations/mdof/sim_000695.npz,RSN0004_PGA_1p000g,RSN0004,1.0,6.3214033875949935,5S_T055,5,0.5499999999999999,0.1884215991249005,bilinear,0.007,0.0182863760465724,0.3021886806887159,0.001684249932395,61.891335057635885,train
696,data/simulations/mdof/sim_000696.npz,RSN0004_PGA_1p000g,RSN0004,1.0,6.3214033875949935,5S_T085,5,0.8499999999999999,0.2911970168293918,elastic,0.004,0.0427836397818571,0.3276841074710553,0.0036481757565861,167.27452361547145,train
697,data/simulations/mdof/sim_000697.npz,RSN0004_PGA_1p000g,RSN0004,1.0,6.3214033875949935,5S_T085,5,0.8499999999999999,0.2911970168293918,bilinear,0.004,0.0427836397818571,0.3276841074710542,0.0036481757565861,167.2745236154715,train
698,data/simulations/mdof/sim_000698.npz,RSN0004_PGA_1p000g,RSN0004,1.0,6.3214033875949935,5S_T085,5,0.8499999999999999,0.2911970168293918,bilinear,0.007,0.0427836397818571,0.3276841074710542,0.0036481757565861,167.2745236154715,id_test
699,data/simulations/mdof/sim_000699.npz,RSN0004_PGA_1p000g,RSN0004,1.0,6.3214033875949935,5S_T120,5,1.2000000000000008,0.4111016708179651,elastic,0.004,0.035093174995043,0.1742352321239492,0.0032068476037396,80.61755847016289,ood_b
700,data/simulations/mdof/sim_000700.npz,RSN0004_PGA_1p000g,RSN0004,1.0,6.3214033875949935,5S_T120,5,1.2000000000000008,0.4111016708179651,bilinear,0.004,0.035093174995043,0.1742352321239496,0.0032068476037396,80.61755847016302,ood_b
701,data/simulations/mdof/sim_000701.npz,RSN0004_PGA_1p000g,RSN0004,1.0,6.3214033875949935,5S_T120,5,1.2000000000000008,0.4111016708179651,bilinear,0.007,0.035093174995043,0.1742352321239496,0.0032068476037396,80.61755847016302,ood_b
702,data/simulations/mdof/sim_000702.npz,RSN0004_PGA_1p200g,RSN0004,1.2,7.585684065113991,3S_T035,3,0.3499999999999998,0.1249135537622733,elastic,0.004,0.0102691336437582,0.3450464042441825,0.0015269857628344,33.218251341933595,train
703,data/simulations/mdof/sim_000703.npz,RSN0004_PGA_1p200g,RSN0004,1.2,7.585684065113991,3S_T035,3,0.3499999999999998,0.1249135537622733,bilinear,0.004,0.0102691336437582,0.3450464042441818,0.0015269857628344,33.21825134193363,train
704,data/simulations/mdof/sim_000704.npz,RSN0004_PGA_1p200g,RSN0004,1.2,7.585684065113991,3S_T035,3,0.3499999999999998,0.1249135537622733,bilinear,0.007,0.0102691336437582,0.3450464042441818,0.0015269857628344,33.21825134193363,train
705,data/simulations/mdof/sim_000705.npz,RSN0004_PGA_1p200g,RSN0004,1.2,7.585684065113991,3S_T060,3,0.6,0.2141375207353256,elastic,0.004,0.021083751229344,0.335611063770887,0.0028624177338419,56.82385159450514,train
706,data/simulations/mdof/sim_000706.npz,RSN0004_PGA_1p200g,RSN0004,1.2,7.585684065113991,3S_T060,3,0.6,0.2141375207353256,bilinear,0.004,0.021083751229344,0.3356110637708872,0.0028624177338419,56.823851594505214,train
707,data/simulations/mdof/sim_000707.npz,RSN0004_PGA_1p200g,RSN0004,1.2,7.585684065113991,3S_T060,3,0.6,0.2141375207353256,bilinear,0.007,0.021083751229344,0.3356110637708872,0.0028624177338419,56.823851594505214,train
708,data/simulations/mdof/sim_000708.npz,RSN0004_PGA_1p200g,RSN0004,1.2,7.585684065113991,3S_T090,3,0.9,0.3212062811029884,elastic,0.004,0.0510743538590794,0.3870530073509975,0.0068497406153143,197.95667972941857,train
709,data/simulations/mdof/sim_000709.npz,RSN0004_PGA_1p200g,RSN0004,1.2,7.585684065113991,3S_T090,3,0.9,0.3212062811029884,bilinear,0.004,0.0410888398282003,0.285623034169759,0.0061517529458696,206.53420986134643,train
710,data/simulations/mdof/sim_000710.npz,RSN0004_PGA_1p200g,RSN0004,1.2,7.585684065113991,3S_T090,3,0.9,0.3212062811029884,bilinear,0.007,0.0510743538590794,0.3870530073509973,0.0068497406153143,197.95667972941865,train
711,data/simulations/mdof/sim_000711.npz,RSN0004_PGA_1p200g,RSN0004,1.2,7.585684065113991,5S_T055,5,0.5499999999999999,0.1884215991249005,elastic,0.004,0.0219436512558868,0.3626264168264593,0.0020210999188741,89.1235224829949,train
712,data/simulations/mdof/sim_000712.npz,RSN0004_PGA_1p200g,RSN0004,1.2,7.585684065113991,5S_T055,5,0.5499999999999999,0.1884215991249005,bilinear,0.004,0.0219436512558868,0.3626264168264577,0.0020210999188741,89.12352248299518,train
713,data/simulations/mdof/sim_000713.npz,RSN0004_PGA_1p200g,RSN0004,1.2,7.585684065113991,5S_T055,5,0.5499999999999999,0.1884215991249005,bilinear,0.007,0.0219436512558868,0.3626264168264577,0.0020210999188741,89.12352248299518,train
714,data/simulations/mdof/sim_000714.npz,RSN0004_PGA_1p200g,RSN0004,1.2,7.585684065113991,5S_T085,5,0.8499999999999999,0.2911970168293918,elastic,0.004,0.0513403677382285,0.3932209289652643,0.0043778109079034,240.8753140062788,train
715,data/simulations/mdof/sim_000715.npz,RSN0004_PGA_1p200g,RSN0004,1.2,7.585684065113991,5S_T085,5,0.8499999999999999,0.2911970168293918,bilinear,0.004,0.0515903067523941,0.396702709896007,0.0046787378655876,242.3242933997355,train
716,data/simulations/mdof/sim_000716.npz,RSN0004_PGA_1p200g,RSN0004,1.2,7.585684065113991,5S_T085,5,0.8499999999999999,0.2911970168293918,bilinear,0.007,0.0513403677382287,0.3932209289652669,0.0043778109079034,240.8753140062801,train
717,data/simulations/mdof/sim_000717.npz,RSN0004_PGA_1p200g,RSN0004,1.2,7.585684065113991,5S_T120,5,1.2000000000000008,0.4111016708179651,elastic,0.004,0.0421118099940516,0.2090822785487402,0.0038482171244876,116.08928419703456,ood_b
718,data/simulations/mdof/sim_000718.npz,RSN0004_PGA_1p200g,RSN0004,1.2,7.585684065113991,5S_T120,5,1.2000000000000008,0.4111016708179651,bilinear,0.004,0.0421118099940515,0.2090822785487397,0.0038482171244876,116.08928419703444,ood_b
719,data/simulations/mdof/sim_000719.npz,RSN0004_PGA_1p200g,RSN0004,1.2,7.585684065113991,5S_T120,5,1.2000000000000008,0.4111016708179651,bilinear,0.007,0.0421118099940515,0.2090822785487397,0.0038482171244876,116.08928419703444,ood_b
720,data/simulations/mdof/sim_000720.npz,RSN0005_PGA_0p050g,RSN0005,0.05,1.0124186690996488,3S_T035,3,0.3499999999999998,0.1249135537622733,elastic,0.004,0.0002336310112278,0.0071547654519884,3.645565533812857e-05,0.0179978465807358,train
721,data/simulations/mdof/sim_000721.npz,RSN0005_PGA_0p050g,RSN0005,0.05,1.0124186690996488,3S_T035,3,0.3499999999999998,0.1249135537622733,bilinear,0.004,0.0002336310112278,0.0071547654519884,3.645565533812864e-05,0.0179978465807358,train
722,data/simulations/mdof/sim_000722.npz,RSN0005_PGA_0p050g,RSN0005,0.05,1.0124186690996488,3S_T035,3,0.3499999999999998,0.1249135537622733,bilinear,0.007,0.0002336310112278,0.0071547654519884,3.645565533812864e-05,0.0179978465807358,train
723,data/simulations/mdof/sim_000723.npz,RSN0005_PGA_0p050g,RSN0005,0.05,1.0124186690996488,3S_T060,3,0.6,0.2141375207353256,elastic,0.004,0.0008555172532056,0.0090240883938894,0.0001198523158585,0.0921964602560294,train
724,data/simulations/mdof/sim_000724.npz,RSN0005_PGA_0p050g,RSN0005,0.05,1.0124186690996488,3S_T060,3,0.6,0.2141375207353256,bilinear,0.004,0.0008555172532056,0.0090240883938894,0.0001198523158585,0.0921964602560295,id_test
725,data/simulations/mdof/sim_000725.npz,RSN0005_PGA_0p050g,RSN0005,0.05,1.0124186690996488,3S_T060,3,0.6,0.2141375207353256,bilinear,0.007,0.0008555172532056,0.0090240883938894,0.0001198523158585,0.0921964602560295,train
726,data/simulations/mdof/sim_000726.npz,RSN0005_PGA_0p050g,RSN0005,0.05,1.0124186690996488,3S_T090,3,0.9,0.3212062811029884,elastic,0.004,0.0012423765593227,0.0090422418047292,0.0001633910273291,0.1104435155304771,train
727,data/simulations/mdof/sim_000727.npz,RSN0005_PGA_0p050g,RSN0005,0.05,1.0124186690996488,3S_T090,3,0.9,0.3212062811029884,bilinear,0.004,0.0012423765593227,0.0090422418047293,0.0001633910273291,0.1104435155304776,id_test
728,data/simulations/mdof/sim_000728.npz,RSN0005_PGA_0p050g,RSN0005,0.05,1.0124186690996488,3S_T090,3,0.9,0.3212062811029884,bilinear,0.007,0.0012423765593227,0.0090422418047293,0.0001633910273291,0.1104435155304776,train
729,data/simulations/mdof/sim_000729.npz,RSN0005_PGA_0p050g,RSN0005,0.05,1.0124186690996488,5S_T055,5,0.5499999999999999,0.1884215991249005,elastic,0.004,0.0008212398370066,0.0117267992378117,7.739713450577431e-05,0.1251417811595766,train
730,data/simulations/mdof/sim_000730.npz,RSN0005_PGA_0p050g,RSN0005,0.05,1.0124186690996488,5S_T055,5,0.5499999999999999,0.1884215991249005,bilinear,0.004,0.0008212398370066,0.0117267992378116,7.739713450577401e-05,0.125141781159576,train
731,data/simulations/mdof/sim_000731.npz,RSN0005_PGA_0p050g,RSN0005,0.05,1.0124186690996488,5S_T055,5,0.5499999999999999,0.1884215991249005,bilinear,0.007,0.0008212398370066,0.0117267992378116,7.739713450577401e-05,0.125141781159576,train
732,data/simulations/mdof/sim_000732.npz,RSN0005_PGA_0p050g,RSN0005,0.05,1.0124186690996488,5S_T085,5,0.8499999999999999,0.2911970168293918,elastic,0.004,0.0009849798250593,0.0074560784328789,8.884057386046096e-05,0.0949699737229701,train
733,data/simulations/mdof/sim_000733.npz,RSN0005_PGA_0p050g,RSN0005,0.05,1.0124186690996488,5S_T085,5,0.8499999999999999,0.2911970168293918,bilinear,0.004,0.0009849798250593,0.0074560784328789,8.884057386046068e-05,0.0949699737229698,train
734,data/simulations/mdof/sim_000734.npz,RSN0005_PGA_0p050g,RSN0005,0.05,1.0124186690996488,5S_T085,5,0.8499999999999999,0.2911970168293918,bilinear,0.007,0.0009849798250593,0.0074560784328789,8.884057386046068e-05,0.0949699737229698,train
735,data/simulations/mdof/sim_000735.npz,RSN0005_PGA_0p050g,RSN0005,0.05,1.0124186690996488,5S_T120,5,1.2000000000000008,0.4111016708179651,elastic,0.004,0.0015077502678748,0.0065865759105696,0.0001251020441944,0.1294114389439418,ood_b
736,data/simulations/mdof/sim_000736.npz,RSN0005_PGA_0p050g,RSN0005,0.05,1.0124186690996488,5S_T120,5,1.2000000000000008,0.4111016708179651,bilinear,0.004,0.0015077502678748,0.0065865759105696,0.0001251020441944,0.1294114389439417,ood_b
737,data/simulations/mdof/sim_000737.npz,RSN0005_PGA_0p050g,RSN0005,0.05,1.0124186690996488,5S_T120,5,1.2000000000000008,0.4111016708179651,bilinear,0.007,0.0015077502678748,0.0065865759105696,0.0001251020441944,0.1294114389439417,ood_b
738,data/simulations/mdof/sim_000738.npz,RSN0005_PGA_0p100g,RSN0005,0.1,2.0248373381992977,3S_T035,3,0.3499999999999998,0.1249135537622733,elastic,0.004,0.0004672620224557,0.0143095309039769,7.291131067625713e-05,0.0719913863229432,id_test
739,data/simulations/mdof/sim_000739.npz,RSN0005_PGA_0p100g,RSN0005,0.1,2.0248373381992977,3S_T035,3,0.3499999999999998,0.1249135537622733,bilinear,0.004,0.0004672620224557,0.0143095309039769,7.291131067625728e-05,0.0719913863229433,train
740,data/simulations/mdof/sim_000740.npz,RSN0005_PGA_0p100g,RSN0005,0.1,2.0248373381992977,3S_T035,3,0.3499999999999998,0.1249135537622733,bilinear,0.007,0.0004672620224557,0.0143095309039769,7.291131067625728e-05,0.0719913863229433,train
741,data/simulations/mdof/sim_000741.npz,RSN0005_PGA_0p100g,RSN0005,0.1,2.0248373381992977,3S_T060,3,0.6,0.2141375207353256,elastic,0.004,0.0017110345064112,0.0180481767877789,0.000239704631717,0.3687858410241177,train
742,data/simulations/mdof/sim_000742.npz,RSN0005_PGA_0p100g,RSN0005,0.1,2.0248373381992977,3S_T060,3,0.6,0.2141375207353256,bilinear,0.004,0.0017110345064112,0.0180481767877789,0.000239704631717,0.368785841024118,train
743,data/simulations/mdof/sim_000743.npz,RSN0005_PGA_0p100g,RSN0005,0.1,2.0248373381992977,3S_T060,3,0.6,0.2141375207353256,bilinear,0.007,0.0017110345064112,0.0180481767877789,0.000239704631717,0.368785841024118,train
744,data/simulations/mdof/sim_000744.npz,RSN0005_PGA_0p100g,RSN0005,0.1,2.0248373381992977,3S_T090,3,0.9,0.3212062811029884,elastic,0.004,0.0024847531186454,0.0180844836094585,0.0003267820546582,0.4417740621219084,train
745,data/simulations/mdof/sim_000745.npz,RSN0005_PGA_0p100g,RSN0005,0.1,2.0248373381992977,3S_T090,3,0.9,0.3212062811029884,bilinear,0.004,0.0024847531186454,0.0180844836094586,0.0003267820546582,0.4417740621219106,train
746,data/simulations/mdof/sim_000746.npz,RSN0005_PGA_0p100g,RSN0005,0.1,2.0248373381992977,3S_T090,3,0.9,0.3212062811029884,bilinear,0.007,0.0024847531186454,0.0180844836094586,0.0003267820546582,0.4417740621219106,id_test
747,data/simulations/mdof/sim_000747.npz,RSN0005_PGA_0p100g,RSN0005,0.1,2.0248373381992977,5S_T055,5,0.5499999999999999,0.1884215991249005,elastic,0.004,0.0016424796740132,0.0234535984756234,0.0001547942690115,0.5005671246383064,train
748,data/simulations/mdof/sim_000748.npz,RSN0005_PGA_0p100g,RSN0005,0.1,2.0248373381992977,5S_T055,5,0.5499999999999999,0.1884215991249005,bilinear,0.004,0.0016424796740132,0.0234535984756233,0.0001547942690115,0.5005671246383042,train
749,data/simulations/mdof/sim_000749.npz,RSN0005_PGA_0p100g,RSN0005,0.1,2.0248373381992977,5S_T055,5,0.5499999999999999,0.1884215991249005,bilinear,0.007,0.0016424796740132,0.0234535984756233,0.0001547942690115,0.5005671246383042,train
750,data/simulations/mdof/sim_000750.npz,RSN0005_PGA_0p100g,RSN0005,0.1,2.0248373381992977,5S_T085,5,0.8499999999999999,0.2911970168293918,elastic,0.004,0.0019699596501187,0.0149121568657579,0.0001776811477209,0.3798798948918804,train
751,data/simulations/mdof/sim_000751.npz,RSN0005_PGA_0p100g,RSN0005,0.1,2.0248373381992977,5S_T085,5,0.8499999999999999,0.2911970168293918,bilinear,0.004,0.0019699596501187,0.0149121568657579,0.0001776811477209,0.3798798948918792,train
752,data/simulations/mdof/sim_000752.npz,RSN0005_PGA_0p100g,RSN0005,0.1,2.0248373381992977,5S_T085,5,0.8499999999999999,0.2911970168293918,bilinear,0.007,0.0019699596501187,0.0149121568657579,0.0001776811477209,0.3798798948918792,train
753,data/simulations/mdof/sim_000753.npz,RSN0005_PGA_0p100g,RSN0005,0.1,2.0248373381992977,5S_T120,5,1.2000000000000008,0.4111016708179651,elastic,0.004,0.0030155005357497,0.0131731518211393,0.0002502040883889,0.5176457557757673,ood_b
754,data/simulations/mdof/sim_000754.npz,RSN0005_PGA_0p100g,RSN0005,0.1,2.0248373381992977,5S_T120,5,1.2000000000000008,0.4111016708179651,bilinear,0.004,0.0030155005357497,0.0131731518211393,0.0002502040883889,0.5176457557757669,ood_b
755,data/simulations/mdof/sim_000755.npz,RSN0005_PGA_0p100g,RSN0005,0.1,2.0248373381992977,5S_T120,5,1.2000000000000008,0.4111016708179651,bilinear,0.007,0.0030155005357497,0.0131731518211393,0.0002502040883889,0.5176457557757669,ood_b
756,data/simulations/mdof/sim_000756.npz,RSN0005_PGA_0p200g,RSN0005,0.2,4.049674676398595,3S_T035,3,0.3499999999999998,0.1249135537622733,elastic,0.004,0.0009345240449114,0.0286190618079539,0.0001458226213525,0.2879655452917729,train
757,data/simulations/mdof/sim_000757.npz,RSN0005_PGA_0p200g,RSN0005,0.2,4.049674676398595,3S_T035,3,0.3499999999999998,0.1249135537622733,bilinear,0.004,0.0009345240449114,0.0286190618079538,0.0001458226213525,0.2879655452917732,train
758,data/simulations/mdof/sim_000758.npz,RSN0005_PGA_0p200g,RSN0005,0.2,4.049674676398595,3S_T035,3,0.3499999999999998,0.1249135537622733,bilinear,0.007,0.0009345240449114,0.0286190618079538,0.0001458226213525,0.2879655452917732,train
759,data/simulations/mdof/sim_000759.npz,RSN0005_PGA_0p200g,RSN0005,0.2,4.049674676398595,3S_T060,3,0.6,0.2141375207353256,elastic,0.004,0.0034220690128224,0.0360963535755579,0.000479409263434,1.475143364096471,train
760,data/simulations/mdof/sim_000760.npz,RSN0005_PGA_0p200g,RSN0005,0.2,4.049674676398595,3S_T060,3,0.6,0.2141375207353256,bilinear,0.004,0.0034220690128224,0.0360963535755579,0.000479409263434,1.475143364096472,train
761,data/simulations/mdof/sim_000761.npz,RSN0005_PGA_0p200g,RSN0005,0.2,4.049674676398595,3S_T060,3,0.6,0.2141375207353256,bilinear,0.007,0.0034220690128224,0.0360963535755579,0.000479409263434,1.475143364096472,train
762,data/simulations/mdof/sim_000762.npz,RSN0005_PGA_0p200g,RSN0005,0.2,4.049674676398595,3S_T090,3,0.9,0.3212062811029884,elastic,0.004,0.0049695062372908,0.0361689672189171,0.0006535641093165,1.7670962484876338,train
763,data/simulations/mdof/sim_000763.npz,RSN0005_PGA_0p200g,RSN0005,0.2,4.049674676398595,3S_T090,3,0.9,0.3212062811029884,bilinear,0.004,0.0049695062372908,0.0361689672189172,0.0006535641093165,1.767096248487643,train
764,data/simulations/mdof/sim_000764.npz,RSN0005_PGA_0p200g,RSN0005,0.2,4.049674676398595,3S_T090,3,0.9,0.3212062811029884,bilinear,0.007,0.0049695062372908,0.0361689672189172,0.0006535641093165,1.767096248487643,train
765,data/simulations/mdof/sim_000765.npz,RSN0005_PGA_0p200g,RSN0005,0.2,4.049674676398595,5S_T055,5,0.5499999999999999,0.1884215991249005,elastic,0.004,0.0032849593480265,0.0469071969512468,0.000309588538023,2.0022684985532258,train
766,data/simulations/mdof/sim_000766.npz,RSN0005_PGA_0p200g,RSN0005,0.2,4.049674676398595,5S_T055,5,0.5499999999999999,0.1884215991249005,bilinear,0.004,0.0032849593480265,0.0469071969512466,0.000309588538023,2.002268498553217,train
767,data/simulations/mdof/sim_000767.npz,RSN0005_PGA_0p200g,RSN0005,0.2,4.049674676398595,5S_T055,5,0.5499999999999999,0.1884215991249005,bilinear,0.007,0.0032849593480265,0.0469071969512466,0.000309588538023,2.002268498553217,id_test
768,data/simulations/mdof/sim_000768.npz,RSN0005_PGA_0p200g,RSN0005,0.2,4.049674676398595,5S_T085,5,0.8499999999999999,0.2911970168293918,elastic,0.004,0.0039399193002375,0.0298243137315159,0.0003553622954418,1.5195195795675216,id_test
769,data/simulations/mdof/sim_000769.npz,RSN0005_PGA_0p200g,RSN0005,0.2,4.049674676398595,5S_T085,5,0.8499999999999999,0.2911970168293918,bilinear,0.004,0.0039399193002375,0.0298243137315158,0.0003553622954418,1.5195195795675167,train
770,data/simulations/mdof/sim_000770.npz,RSN0005_PGA_0p200g,RSN0005,0.2,4.049674676398595,5S_T085,5,0.8499999999999999,0.2911970168293918,bilinear,0.007,0.0039399193002375,0.0298243137315158,0.0003553622954418,1.5195195795675167,train
771,data/simulations/mdof/sim_000771.npz,RSN0005_PGA_0p200g,RSN0005,0.2,4.049674676398595,5S_T120,5,1.2000000000000008,0.4111016708179651,elastic,0.004,0.0060310010714994,0.0263463036422786,0.0005004081767778,2.0705830231030693,ood_b
772,data/simulations/mdof/sim_000772.npz,RSN0005_PGA_0p200g,RSN0005,0.2,4.049674676398595,5S_T120,5,1.2000000000000008,0.4111016708179651,bilinear,0.004,0.0060310010714994,0.0263463036422786,0.0005004081767778,2.0705830231030675,ood_b
773,data/simulations/mdof/sim_000773.npz,RSN0005_PGA_0p200g,RSN0005,0.2,4.049674676398595,5S_T120,5,1.2000000000000008,0.4111016708179651,bilinear,0.007,0.0060310010714994,0.0263463036422786,0.0005004081767778,2.0705830231030675,ood_b
774,data/simulations/mdof/sim_000774.npz,RSN0005_PGA_0p300g,RSN0005,0.3,6.074512014597893,3S_T035,3,0.3499999999999998,0.1249135537622733,elastic,0.004,0.0014017860673672,0.0429285927119309,0.0002187339320287,0.647922476906489,train
775,data/simulations/mdof/sim_000775.npz,RSN0005_PGA_0p300g,RSN0005,0.3,6.074512014597893,3S_T035,3,0.3499999999999998,0.1249135537622733,bilinear,0.004,0.0014017860673672,0.0429285927119309,0.0002187339320287,0.6479224769064893,train
776,data/simulations/mdof/sim_000776.npz,RSN0005_PGA_0p300g,RSN0005,0.3,6.074512014597893,3S_T035,3,0.3499999999999998,0.1249135537622733,bilinear,0.007,0.0014017860673672,0.0429285927119309,0.0002187339320287,0.6479224769064893,train
777,data/simulations/mdof/sim_000777.npz,RSN0005_PGA_0p300g,RSN0005,0.3,6.074512014597893,3S_T060,3,0.6,0.2141375207353256,elastic,0.004,0.0051331035192336,0.054144530363337,0.000719113895151,3.3190725692170577,train
778,data/simulations/mdof/sim_000778.npz,RSN0005_PGA_0p300g,RSN0005,0.3,6.074512014597893,3S_T060,3,0.6,0.2141375207353256,bilinear,0.004,0.0051331035192336,0.054144530363337,0.000719113895151,3.3190725692170653,train
779,data/simulations/mdof/sim_000779.npz,RSN0005_PGA_0p300g,RSN0005,0.3,6.074512014597893,3S_T060,3,0.6,0.2141375207353256,bilinear,0.007,0.0051331035192336,0.054144530363337,0.000719113895151,3.3190725692170653,train
780,data/simulations/mdof/sim_000780.npz,RSN0005_PGA_0p300g,RSN0005,0.3,6.074512014597893,3S_T090,3,0.9,0.3212062811029884,elastic,0.004,0.0074542593559362,0.0542534508283756,0.0009803461639748,3.9759665590971687,train
781,data/simulations/mdof/sim_000781.npz,RSN0005_PGA_0p300g,RSN0005,0.3,6.074512014597893,3S_T090,3,0.9,0.3212062811029884,bilinear,0.004,0.0074542593559362,0.0542534508283757,0.0009803461639748,3.975966559097171,train
782,data/simulations/mdof/sim_000782.npz,RSN0005_PGA_0p300g,RSN0005,0.3,6.074512014597893,3S_T090,3,0.9,0.3212062811029884,bilinear,0.007,0.0074542593559362,0.0542534508283757,0.0009803461639748,3.975966559097171,train
783,data/simulations/mdof/sim_000783.npz,RSN0005_PGA_0p300g,RSN0005,0.3,6.074512014597893,5S_T055,5,0.5499999999999999,0.1884215991249005,elastic,0.004,0.0049274390220397,0.0703607954268703,0.0004643828070346,4.505104121744742,train
784,data/simulations/mdof/sim_000784.npz,RSN0005_PGA_0p300g,RSN0005,0.3,6.074512014597893,5S_T055,5,0.5499999999999999,0.1884215991249005,bilinear,0.004,0.0049274390220397,0.0703607954268702,0.0004643828070346,4.505104121744754,train
785,data/simulations/mdof/sim_000785.npz,RSN0005_PGA_0p300g,RSN0005,0.3,6.074512014597893,5S_T055,5,0.5499999999999999,0.1884215991249005,bilinear,0.007,0.0049274390220397,0.0703607954268702,0.0004643828070346,4.505104121744754,train
786,data/simulations/mdof/sim_000786.npz,RSN0005_PGA_0p300g,RSN0005,0.3,6.074512014597893,5S_T085,5,0.8499999999999999,0.2911970168293918,elastic,0.004,0.0059098789503562,0.0447364705972736,0.0005330434431627,3.4189190540269228,id_test
787,data/simulations/mdof/sim_000787.npz,RSN0005_PGA_0p300g,RSN0005,0.3,6.074512014597893,5S_T085,5,0.8499999999999999,0.2911970168293918,bilinear,0.004,0.0059098789503562,0.0447364705972737,0.0005330434431627,3.4189190540269236,train
788,data/simulations/mdof/sim_000788.npz,RSN0005_PGA_0p300g,RSN0005,0.3,6.074512014597893,5S_T085,5,0.8499999999999999,0.2911970168293918,bilinear,0.007,0.0059098789503562,0.0447364705972737,0.0005330434431627,3.4189190540269236,train
789,data/simulations/mdof/sim_000789.npz,RSN0005_PGA_0p300g,RSN0005,0.3,6.074512014597893,5S_T120,5,1.2000000000000008,0.4111016708179651,elastic,0.004,0.0090465016072491,0.0395194554634178,0.0007506122651667,4.658811801981924,ood_b
790,data/simulations/mdof/sim_000790.npz,RSN0005_PGA_0p300g,RSN0005,0.3,6.074512014597893,5S_T120,5,1.2000000000000008,0.4111016708179651,bilinear,0.004,0.0090465016072491,0.0395194554634179,0.0007506122651667,4.658811801981929,ood_b
791,data/simulations/mdof/sim_000791.npz,RSN0005_PGA_0p300g,RSN0005,0.3,6.074512014597893,5S_T120,5,1.2000000000000008,0.4111016708179651,bilinear,0.007,0.0090465016072491,0.0395194554634179,0.0007506122651667,4.658811801981929,ood_b
792,data/simulations/mdof/sim_000792.npz,RSN0005_PGA_0p400g,RSN0005,0.4,8.09934935279719,3S_T035,3,0.3499999999999998,0.1249135537622733,elastic,0.004,0.0018690480898229,0.0572381236159079,0.000291645242705,1.1518621811670915,train
793,data/simulations/mdof/sim_000793.npz,RSN0005_PGA_0p400g,RSN0005,0.4,8.09934935279719,3S_T035,3,0.3499999999999998,0.1249135537622733,bilinear,0.004,0.0018690480898229,0.0572381236159077,0.000291645242705,1.1518621811670928,train
794,data/simulations/mdof/sim_000794.npz,RSN0005_PGA_0p400g,RSN0005,0.4,8.09934935279719,3S_T035,3,0.3499999999999998,0.1249135537622733,bilinear,0.007,0.0018690480898229,0.0572381236159077,0.000291645242705,1.1518621811670928,train
795,data/simulations/mdof/sim_000795.npz,RSN0005_PGA_0p400g,RSN0005,0.4,8.09934935279719,3S_T060,3,0.6,0.2141375207353256,elastic,0.004,0.0068441380256448,0.0721927071511158,0.000958818526868,5.900573456385884,train
796,data/simulations/mdof/sim_000796.npz,RSN0005_PGA_0p400g,RSN0005,0.4,8.09934935279719,3S_T060,3,0.6,0.2141375207353256,bilinear,0.004,0.0068441380256448,0.0721927071511159,0.000958818526868,5.900573456385888,train
797,data/simulations/mdof/sim_000797.npz,RSN0005_PGA_0p400g,RSN0005,0.4,8.09934935279719,3S_T060,3,0.6,0.2141375207353256,bilinear,0.007,0.0068441380256448,0.0721927071511159,0.000958818526868,5.900573456385888,train
798,data/simulations/mdof/sim_000798.npz,RSN0005_PGA_0p400g,RSN0005,0.4,8.09934935279719,3S_T090,3,0.9,0.3212062811029884,elastic,0.004,0.0099390124745816,0.0723379344378343,0.0013071282186331,7.068384993950535,train
799,data/simulations/mdof/sim_000799.npz,RSN0005_PGA_0p400g,RSN0005,0.4,8.09934935279719,3S_T090,3,0.9,0.3212062811029884,bilinear,0.004,0.0099390124745816,0.0723379344378344,0.0013071282186331,7.068384993950571,train
800,data/simulations/mdof/sim_000800.npz,RSN0005_PGA_0p400g,RSN0005,0.4,8.09934935279719,3S_T090,3,0.9,0.3212062811029884,bilinear,0.007,0.0099390124745816,0.0723379344378344,0.0013071282186331,7.068384993950571,train
801,data/simulations/mdof/sim_000801.npz,RSN0005_PGA_0p400g,RSN0005,0.4,8.09934935279719,5S_T055,5,0.5499999999999999,0.1884215991249005,elastic,0.004,0.006569918696053,0.0938143939024936,0.0006191770760461,8.009073994212903,id_test
802,data/simulations/mdof/sim_000802.npz,RSN0005_PGA_0p400g,RSN0005,0.4,8.09934935279719,5S_T055,5,0.5499999999999999,0.1884215991249005,bilinear,0.004,0.006569918696053,0.0938143939024933,0.0006191770760461,8.009073994212867,train
803,data/simulations/mdof/sim_000803.npz,RSN0005_PGA_0p400g,RSN0005,0.4,8.09934935279719,5S_T055,5,0.5499999999999999,0.1884215991249005,bilinear,0.007,0.006569918696053,0.0938143939024933,0.0006191770760461,8.009073994212867,train
804,data/simulations/mdof/sim_000804.npz,RSN0005_PGA_0p400g,RSN0005,0.4,8.09934935279719,5S_T085,5,0.8499999999999999,0.2911970168293918,elastic,0.004,0.007879838600475,0.0596486274630319,0.0007107245908836,6.078078318270086,train
805,data/simulations/mdof/sim_000805.npz,RSN0005_PGA_0p400g,RSN0005,0.4,8.09934935279719,5S_T085,5,0.8499999999999999,0.2911970168293918,bilinear,0.004,0.007879838600475,0.0596486274630316,0.0007107245908836,6.078078318270067,train
806,data/simulations/mdof/sim_000806.npz,RSN0005_PGA_0p400g,RSN0005,0.4,8.09934935279719,5S_T085,5,0.8499999999999999,0.2911970168293918,bilinear,0.007,0.007879838600475,0.0596486274630316,0.0007107245908836,6.078078318270067,train
807,data/simulations/mdof/sim_000807.npz,RSN0005_PGA_0p400g,RSN0005,0.4,8.09934935279719,5S_T120,5,1.2000000000000008,0.4111016708179651,elastic,0.004,0.0120620021429989,0.0526926072845573,0.0010008163535556,8.282332092412277,ood_b
808,data/simulations/mdof/sim_000808.npz,RSN0005_PGA_0p400g,RSN0005,0.4,8.09934935279719,5S_T120,5,1.2000000000000008,0.4111016708179651,bilinear,0.004,0.0120620021429988,0.0526926072845573,0.0010008163535556,8.282332092412238,ood_b
809,data/simulations/mdof/sim_000809.npz,RSN0005_PGA_0p400g,RSN0005,0.4,8.09934935279719,5S_T120,5,1.2000000000000008,0.4111016708179651,bilinear,0.007,0.0120620021429988,0.0526926072845573,0.0010008163535556,8.282332092412238,ood_b
810,data/simulations/mdof/sim_000810.npz,RSN0005_PGA_0p500g,RSN0005,0.5,10.124186690996488,3S_T035,3,0.3499999999999998,0.1249135537622733,elastic,0.004,0.0023363101122787,0.0715476545198845,0.0003645565533812,1.7997846580735788,train
811,data/simulations/mdof/sim_000811.npz,RSN0005_PGA_0p500g,RSN0005,0.5,10.124186690996488,3S_T035,3,0.3499999999999998,0.1249135537622733,bilinear,0.004,0.0023363101122787,0.0715476545198846,0.0003645565533812,1.79978465807358,id_test
812,data/simulations/mdof/sim_000812.npz,RSN0005_PGA_0p500g,RSN0005,0.5,10.124186690996488,3S_T035,3,0.3499999999999998,0.1249135537622733,bilinear,0.007,0.0023363101122787,0.0715476545198846,0.0003645565533812,1.79978465807358,train
813,data/simulations/mdof/sim_000813.npz,RSN0005_PGA_0p500g,RSN0005,0.5,10.124186690996488,3S_T060,3,0.6,0.2141375207353256,elastic,0.004,0.008555172532056,0.0902408839388952,0.0011985231585851,9.219646025602971,train
814,data/simulations/mdof/sim_000814.npz,RSN0005_PGA_0p500g,RSN0005,0.5,10.124186690996488,3S_T060,3,0.6,0.2141375207353256,bilinear,0.004,0.008555172532056,0.0902408839388955,0.0011985231585851,9.219646025603003,train
815,data/simulations/mdof/sim_000815.npz,RSN0005_PGA_0p500g,RSN0005,0.5,10.124186690996488,3S_T060,3,0.6,0.2141375207353256,bilinear,0.007,0.008555172532056,0.0902408839388955,0.0011985231585851,9.219646025603003,id_test
816,data/simulations/mdof/sim_000816.npz,RSN0005_PGA_0p500g,RSN0005,0.5,10.124186690996488,3S_T090,3,0.9,0.3212062811029884,elastic,0.004,0.012423765593227,0.090422418047293,0.0016339102732914,11.044351553047644,train
817,data/simulations/mdof/sim_000817.npz,RSN0005_PGA_0p500g,RSN0005,0.5,10.124186690996488,3S_T090,3,0.9,0.3212062811029884,bilinear,0.004,0.012423765593227,0.0904224180472933,0.0016339102732914,11.044351553047694,train
818,data/simulations/mdof/sim_000818.npz,RSN0005_PGA_0p500g,RSN0005,0.5,10.124186690996488,3S_T090,3,0.9,0.3212062811029884,bilinear,0.007,0.012423765593227,0.0904224180472933,0.0016339102732914,11.044351553047694,train
819,data/simulations/mdof/sim_000819.npz,RSN0005_PGA_0p500g,RSN0005,0.5,10.124186690996488,5S_T055,5,0.5499999999999999,0.1884215991249005,elastic,0.004,0.0082123983700662,0.1172679923781174,0.0007739713450577,12.514178115957604,train
820,data/simulations/mdof/sim_000820.npz,RSN0005_PGA_0p500g,RSN0005,0.5,10.124186690996488,5S_T055,5,0.5499999999999999,0.1884215991249005,bilinear,0.004,0.0082123983700662,0.1172679923781174,0.0007739713450577,12.514178115957645,train
821,data/simulations/mdof/sim_000821.npz,RSN0005_PGA_0p500g,RSN0005,0.5,10.124186690996488,5S_T055,5,0.5499999999999999,0.1884215991249005,bilinear,0.007,0.0082123983700662,0.1172679923781174,0.0007739713450577,12.514178115957645,train
822,data/simulations/mdof/sim_000822.npz,RSN0005_PGA_0p500g,RSN0005,0.5,10.124186690996488,5S_T085,5,0.8499999999999999,0.2911970168293918,elastic,0.004,0.0098497982505937,0.0745607843287898,0.0008884057386046,9.496997372296969,train
823,data/simulations/mdof/sim_000823.npz,RSN0005_PGA_0p500g,RSN0005,0.5,10.124186690996488,5S_T085,5,0.8499999999999999,0.2911970168293918,bilinear,0.004,0.0098497982505937,0.0745607843287895,0.0008884057386046,9.496997372296978,train
824,data/simulations/mdof/sim_000824.npz,RSN0005_PGA_0p500g,RSN0005,0.5,10.124186690996488,5S_T085,5,0.8499999999999999,0.2911970168293918,bilinear,0.007,0.0098497982505937,0.0745607843287895,0.0008884057386046,9.496997372296978,train
825,data/simulations/mdof/sim_000825.npz,RSN0005_PGA_0p500g,RSN0005,0.5,10.124186690996488,5S_T120,5,1.2000000000000008,0.4111016708179651,elastic,0.004,0.0150775026787486,0.0658657591056965,0.0012510204419445,12.941143894394134,ood_b
826,data/simulations/mdof/sim_000826.npz,RSN0005_PGA_0p500g,RSN0005,0.5,10.124186690996488,5S_T120,5,1.2000000000000008,0.4111016708179651,bilinear,0.004,0.0150775026787486,0.0658657591056965,0.0012510204419445,12.941143894394113,ood_b
827,data/simulations/mdof/sim_000827.npz,RSN0005_PGA_0p500g,RSN0005,0.5,10.124186690996488,5S_T120,5,1.2000000000000008,0.4111016708179651,bilinear,0.007,0.0150775026787486,0.0658657591056965,0.0012510204419445,12.941143894394113,ood_b
828,data/simulations/mdof/sim_000828.npz,RSN0005_PGA_0p600g,RSN0005,0.6,12.149024029195786,3S_T035,3,0.3499999999999998,0.1249135537622733,elastic,0.004,0.0028035721347344,0.0858571854238618,0.0004374678640575,2.591689907625956,train
829,data/simulations/mdof/sim_000829.npz,RSN0005_PGA_0p600g,RSN0005,0.6,12.149024029195786,3S_T035,3,0.3499999999999998,0.1249135537622733,bilinear,0.004,0.0028035721347344,0.0858571854238618,0.0004374678640575,2.591689907625957,train
830,data/simulations/mdof/sim_000830.npz,RSN0005_PGA_0p600g,RSN0005,0.6,12.149024029195786,3S_T035,3,0.3499999999999998,0.1249135537622733,bilinear,0.007,0.0028035721347344,0.0858571854238618,0.0004374678640575,2.591689907625957,train
831,data/simulations/mdof/sim_000831.npz,RSN0005_PGA_0p600g,RSN0005,0.6,12.149024029195786,3S_T060,3,0.6,0.2141375207353256,elastic,0.004,0.0102662070384672,0.1082890607266741,0.0014382277903021,13.276290276868233,train
832,data/simulations/mdof/sim_000832.npz,RSN0005_PGA_0p600g,RSN0005,0.6,12.149024029195786,3S_T060,3,0.6,0.2141375207353256,bilinear,0.004,0.0102662070384672,0.108289060726674,0.0014382277903021,13.27629027686826,id_test
833,data/simulations/mdof/sim_000833.npz,RSN0005_PGA_0p600g,RSN0005,0.6,12.149024029195786,3S_T060,3,0.6,0.2141375207353256,bilinear,0.007,0.0102662070384672,0.108289060726674,0.0014382277903021,13.27629027686826,train
834,data/simulations/mdof/sim_000834.npz,RSN0005_PGA_0p600g,RSN0005,0.6,12.149024029195786,3S_T090,3,0.9,0.3212062811029884,elastic,0.004,0.0149085187118724,0.1085069016567513,0.0019606923279497,15.903866236388676,train
835,data/simulations/mdof/sim_000835.npz,RSN0005_PGA_0p600g,RSN0005,0.6,12.149024029195786,3S_T090,3,0.9,0.3212062811029884,bilinear,0.004,0.0149085187118724,0.1085069016567514,0.0019606923279497,15.903866236388684,train
836,data/simulations/mdof/sim_000836.npz,RSN0005_PGA_0p600g,RSN0005,0.6,12.149024029195786,3S_T090,3,0.9,0.3212062811029884,bilinear,0.007,0.0149085187118724,0.1085069016567514,0.0019606923279497,15.903866236388684,train
837,data/simulations/mdof/sim_000837.npz,RSN0005_PGA_0p600g,RSN0005,0.6,12.149024029195786,5S_T055,5,0.5499999999999999,0.1884215991249005,elastic,0.004,0.0098548780440795,0.1407215908537407,0.0009287656140692,18.020416486978966,train
838,data/simulations/mdof/sim_000838.npz,RSN0005_PGA_0p600g,RSN0005,0.6,12.149024029195786,5S_T055,5,0.5499999999999999,0.1884215991249005,bilinear,0.004,0.0098548780440795,0.1407215908537404,0.0009287656140692,18.020416486979016,train
839,data/simulations/mdof/sim_000839.npz,RSN0005_PGA_0p600g,RSN0005,0.6,12.149024029195786,5S_T055,5,0.5499999999999999,0.1884215991249005,bilinear,0.007,0.0098548780440795,0.1407215908537404,0.0009287656140692,18.020416486979016,id_test
840,data/simulations/mdof/sim_000840.npz,RSN0005_PGA_0p600g,RSN0005,0.6,12.149024029195786,5S_T085,5,0.8499999999999999,0.2911970168293918,elastic,0.004,0.0118197579007125,0.0894729411945473,0.0010660868863255,13.675676216107693,train
841,data/simulations/mdof/sim_000841.npz,RSN0005_PGA_0p600g,RSN0005,0.6,12.149024029195786,5S_T085,5,0.8499999999999999,0.2911970168293918,bilinear,0.004,0.0118197579007125,0.0894729411945475,0.0010660868863255,13.675676216107696,train
842,data/simulations/mdof/sim_000842.npz,RSN0005_PGA_0p600g,RSN0005,0.6,12.149024029195786,5S_T085,5,0.8499999999999999,0.2911970168293918,bilinear,0.007,0.0118197579007125,0.0894729411945475,0.0010660868863255,13.675676216107696,train
843,data/simulations/mdof/sim_000843.npz,RSN0005_PGA_0p600g,RSN0005,0.6,12.149024029195786,5S_T120,5,1.2000000000000008,0.4111016708179651,elastic,0.004,0.0180930032144983,0.0790389109268357,0.0015012245303335,18.635247207927694,ood_b
844,data/simulations/mdof/sim_000844.npz,RSN0005_PGA_0p600g,RSN0005,0.6,12.149024029195786,5S_T120,5,1.2000000000000008,0.4111016708179651,bilinear,0.004,0.0180930032144983,0.0790389109268359,0.0015012245303335,18.635247207927716,ood_b
845,data/simulations/mdof/sim_000845.npz,RSN0005_PGA_0p600g,RSN0005,0.6,12.149024029195786,5S_T120,5,1.2000000000000008,0.4111016708179651,bilinear,0.007,0.0180930032144983,0.0790389109268359,0.0015012245303335,18.635247207927716,ood_b
846,data/simulations/mdof/sim_000846.npz,RSN0005_PGA_0p800g,RSN0005,0.8,16.19869870559438,3S_T035,3,0.3499999999999998,0.1249135537622733,elastic,0.004,0.0037380961796459,0.1144762472318158,0.00058329048541,4.607448724668366,train
847,data/simulations/mdof/sim_000847.npz,RSN0005_PGA_0p800g,RSN0005,0.8,16.19869870559438,3S_T035,3,0.3499999999999998,0.1249135537622733,bilinear,0.004,0.0037380961796459,0.1144762472318154,0.00058329048541,4.607448724668371,train
848,data/simulations/mdof/sim_000848.npz,RSN0005_PGA_0p800g,RSN0005,0.8,16.19869870559438,3S_T035,3,0.3499999999999998,0.1249135537622733,bilinear,0.007,0.0037380961796459,0.1144762472318154,0.00058329048541,4.607448724668371,train
849,data/simulations/mdof/sim_000849.npz,RSN0005_PGA_0p800g,RSN0005,0.8,16.19869870559438,3S_T060,3,0.6,0.2141375207353256,elastic,0.004,0.0136882760512896,0.1443854143022317,0.0019176370537361,23.602293825543537,train
850,data/simulations/mdof/sim_000850.npz,RSN0005_PGA_0p800g,RSN0005,0.8,16.19869870559438,3S_T060,3,0.6,0.2141375207353256,bilinear,0.004,0.0136882760512896,0.1443854143022319,0.0019176370537361,23.60229382554355,train
851,data/simulations/mdof/sim_000851.npz,RSN0005_PGA_0p800g,RSN0005,0.8,16.19869870559438,3S_T060,3,0.6,0.2141375207353256,bilinear,0.007,0.0136882760512896,0.1443854143022319,0.0019176370537361,23.60229382554355,train
852,data/simulations/mdof/sim_000852.npz,RSN0005_PGA_0p800g,RSN0005,0.8,16.19869870559438,3S_T090,3,0.9,0.3212062811029884,elastic,0.004,0.0198780249491633,0.1446758688756686,0.0026142564372663,28.27353997580214,train
853,data/simulations/mdof/sim_000853.npz,RSN0005_PGA_0p800g,RSN0005,0.8,16.19869870559438,3S_T090,3,0.9,0.3212062811029884,bilinear,0.004,0.0198780249491633,0.1446758688756689,0.0026142564372663,28.273539975802283,id_test
854,data/simulations/mdof/sim_000854.npz,RSN0005_PGA_0p800g,RSN0005,0.8,16.19869870559438,3S_T090,3,0.9,0.3212062811029884,bilinear,0.007,0.0198780249491633,0.1446758688756689,0.0026142564372663,28.273539975802283,train
855,data/simulations/mdof/sim_000855.npz,RSN0005_PGA_0p800g,RSN0005,0.8,16.19869870559438,5S_T055,5,0.5499999999999999,0.1884215991249005,elastic,0.004,0.013139837392106,0.1876287878049873,0.0012383541520923,32.03629597685161,train
856,data/simulations/mdof/sim_000856.npz,RSN0005_PGA_0p800g,RSN0005,0.8,16.19869870559438,5S_T055,5,0.5499999999999999,0.1884215991249005,bilinear,0.004,0.013139837392106,0.1876287878049867,0.0012383541520923,32.03629597685147,train
857,data/simulations/mdof/sim_000857.npz,RSN0005_PGA_0p800g,RSN0005,0.8,16.19869870559438,5S_T055,5,0.5499999999999999,0.1884215991249005,bilinear,0.007,0.013139837392106,0.1876287878049867,0.0012383541520923,32.03629597685147,train
858,data/simulations/mdof/sim_000858.npz,RSN0005_PGA_0p800g,RSN0005,0.8,16.19869870559438,5S_T085,5,0.8499999999999999,0.2911970168293918,elastic,0.004,0.01575967720095,0.1192972549260638,0.0014214491817673,24.312313273080346,id_test
859,data/simulations/mdof/sim_000859.npz,RSN0005_PGA_0p800g,RSN0005,0.8,16.19869870559438,5S_T085,5,0.8499999999999999,0.2911970168293918,bilinear,0.004,0.01575967720095,0.1192972549260632,0.0014214491817673,24.312313273080267,train
860,data/simulations/mdof/sim_000860.npz,RSN0005_PGA_0p800g,RSN0005,0.8,16.19869870559438,5S_T085,5,0.8499999999999999,0.2911970168293918,bilinear,0.007,0.01575967720095,0.1192972549260632,0.0014214491817673,24.312313273080267,train
861,data/simulations/mdof/sim_000861.npz,RSN0005_PGA_0p800g,RSN0005,0.8,16.19869870559438,5S_T120,5,1.2000000000000008,0.4111016708179651,elastic,0.004,0.0241240042859978,0.1053852145691146,0.0020016327071113,33.12932836964911,ood_b
862,data/simulations/mdof/sim_000862.npz,RSN0005_PGA_0p800g,RSN0005,0.8,16.19869870559438,5S_T120,5,1.2000000000000008,0.4111016708179651,bilinear,0.004,0.0241240042859977,0.1053852145691146,0.0020016327071113,33.12932836964895,ood_b
863,data/simulations/mdof/sim_000863.npz,RSN0005_PGA_0p800g,RSN0005,0.8,16.19869870559438,5S_T120,5,1.2000000000000008,0.4111016708179651,bilinear,0.007,0.0241240042859977,0.1053852145691146,0.0020016327071113,33.12932836964895,ood_b
864,data/simulations/mdof/sim_000864.npz,RSN0005_PGA_1p000g,RSN0005,1.0,20.248373381992977,3S_T035,3,0.3499999999999998,0.1249135537622733,elastic,0.004,0.0046726202245574,0.1430953090397691,0.0007291131067625,7.199138632294315,train
865,data/simulations/mdof/sim_000865.npz,RSN0005_PGA_1p000g,RSN0005,1.0,20.248373381992977,3S_T035,3,0.3499999999999998,0.1249135537622733,bilinear,0.004,0.0046726202245574,0.1430953090397693,0.0007291131067625,7.19913863229432,train
866,data/simulations/mdof/sim_000866.npz,RSN0005_PGA_1p000g,RSN0005,1.0,20.248373381992977,3S_T035,3,0.3499999999999998,0.1249135537622733,bilinear,0.007,0.0046726202245574,0.1430953090397693,0.0007291131067625,7.19913863229432,id_test
867,data/simulations/mdof/sim_000867.npz,RSN0005_PGA_1p000g,RSN0005,1.0,20.248373381992977,3S_T060,3,0.6,0.2141375207353256,elastic,0.004,0.017110345064112,0.1804817678777905,0.0023970463171702,36.87858410241189,train
868,data/simulations/mdof/sim_000868.npz,RSN0005_PGA_1p000g,RSN0005,1.0,20.248373381992977,3S_T060,3,0.6,0.2141375207353256,bilinear,0.004,0.0171103450641121,0.180481767877791,0.0023970463171702,36.87858410241202,train
869,data/simulations/mdof/sim_000869.npz,RSN0005_PGA_1p000g,RSN0005,1.0,20.248373381992977,3S_T060,3,0.6,0.2141375207353256,bilinear,0.007,0.0171103450641121,0.180481767877791,0.0023970463171702,36.87858410241202,train
870,data/simulations/mdof/sim_000870.npz,RSN0005_PGA_1p000g,RSN0005,1.0,20.248373381992977,3S_T090,3,0.9,0.3212062811029884,elastic,0.004,0.024847531186454,0.1808448360945861,0.0032678205465828,44.177406212190576,train
871,data/simulations/mdof/sim_000871.npz,RSN0005_PGA_1p000g,RSN0005,1.0,20.248373381992977,3S_T090,3,0.9,0.3212062811029884,bilinear,0.004,0.0248475311864541,0.1808448360945867,0.0032678205465828,44.177406212190775,train
872,data/simulations/mdof/sim_000872.npz,RSN0005_PGA_1p000g,RSN0005,1.0,20.248373381992977,3S_T090,3,0.9,0.3212062811029884,bilinear,0.007,0.0248475311864541,0.1808448360945867,0.0032678205465828,44.177406212190775,train
873,data/simulations/mdof/sim_000873.npz,RSN0005_PGA_1p000g,RSN0005,1.0,20.248373381992977,5S_T055,5,0.5499999999999999,0.1884215991249005,elastic,0.004,0.0164247967401325,0.2345359847562348,0.0015479426901154,50.056712463830415,train
874,data/simulations/mdof/sim_000874.npz,RSN0005_PGA_1p000g,RSN0005,1.0,20.248373381992977,5S_T055,5,0.5499999999999999,0.1884215991249005,bilinear,0.004,0.0164247967401325,0.2345359847562349,0.0015479426901154,50.05671246383058,train
875,data/simulations/mdof/sim_000875.npz,RSN0005_PGA_1p000g,RSN0005,1.0,20.248373381992977,5S_T055,5,0.5499999999999999,0.1884215991249005,bilinear,0.007,0.0164247967401325,0.2345359847562349,0.0015479426901154,50.05671246383058,train
876,data/simulations/mdof/sim_000876.npz,RSN0005_PGA_1p000g,RSN0005,1.0,20.248373381992977,5S_T085,5,0.8499999999999999,0.2911970168293918,elastic,0.004,0.0196995965011875,0.1491215686575796,0.0017768114772092,37.98798948918787,train
877,data/simulations/mdof/sim_000877.npz,RSN0005_PGA_1p000g,RSN0005,1.0,20.248373381992977,5S_T085,5,0.8499999999999999,0.2911970168293918,bilinear,0.004,0.0196995965011875,0.1491215686575791,0.0017768114772092,37.98798948918791,train
878,data/simulations/mdof/sim_000878.npz,RSN0005_PGA_1p000g,RSN0005,1.0,20.248373381992977,5S_T085,5,0.8499999999999999,0.2911970168293918,bilinear,0.007,0.0196995965011875,0.1491215686575791,0.0017768114772092,37.98798948918791,train
879,data/simulations/mdof/sim_000879.npz,RSN0005_PGA_1p000g,RSN0005,1.0,20.248373381992977,5S_T120,5,1.2000000000000008,0.4111016708179651,elastic,0.004,0.0301550053574972,0.1317315182113931,0.0025020408838891,51.76457557757654,ood_b
880,data/simulations/mdof/sim_000880.npz,RSN0005_PGA_1p000g,RSN0005,1.0,20.248373381992977,5S_T120,5,1.2000000000000008,0.4111016708179651,bilinear,0.004,0.0301550053574972,0.1317315182113931,0.0025020408838891,51.76457557757645,ood_b
881,data/simulations/mdof/sim_000881.npz,RSN0005_PGA_1p000g,RSN0005,1.0,20.248373381992977,5S_T120,5,1.2000000000000008,0.4111016708179651,bilinear,0.007,0.0301550053574972,0.1317315182113931,0.0025020408838891,51.76457557757645,ood_b
882,data/simulations/mdof/sim_000882.npz,RSN0005_PGA_1p200g,RSN0005,1.2,24.298048058391572,3S_T035,3,0.3499999999999998,0.1249135537622733,elastic,0.004,0.0056071442694689,0.1717143708477237,0.000874935728115,10.366759630503823,train
883,data/simulations/mdof/sim_000883.npz,RSN0005_PGA_1p200g,RSN0005,1.2,24.298048058391572,3S_T035,3,0.3499999999999998,0.1249135537622733,bilinear,0.004,0.0056071442694689,0.1717143708477236,0.000874935728115,10.366759630503829,train
884,data/simulations/mdof/sim_000884.npz,RSN0005_PGA_1p200g,RSN0005,1.2,24.298048058391572,3S_T035,3,0.3499999999999998,0.1249135537622733,bilinear,0.007,0.0056071442694689,0.1717143708477236,0.000874935728115,10.366759630503829,train
885,data/simulations/mdof/sim_000885.npz,RSN0005_PGA_1p200g,RSN0005,1.2,24.298048058391572,3S_T060,3,0.6,0.2141375207353256,elastic,0.004,0.0205324140769344,0.2165781214533482,0.0028764555806042,53.10516110747293,train
886,data/simulations/mdof/sim_000886.npz,RSN0005_PGA_1p200g,RSN0005,1.2,24.298048058391572,3S_T060,3,0.6,0.2141375207353256,bilinear,0.004,0.0205324140769344,0.2165781214533481,0.0028764555806042,53.105161107473045,train
887,data/simulations/mdof/sim_000887.npz,RSN0005_PGA_1p200g,RSN0005,1.2,24.298048058391572,3S_T060,3,0.6,0.2141375207353256,bilinear,0.007,0.0205324140769344,0.2165781214533481,0.0028764555806042,53.105161107473045,train
888,data/simulations/mdof/sim_000888.npz,RSN0005_PGA_1p200g,RSN0005,1.2,24.298048058391572,3S_T090,3,0.9,0.3212062811029884,elastic,0.004,0.0298170374237449,0.2170138033135026,0.0039213846558994,63.6154649455547,train
889,data/simulations/mdof/sim_000889.npz,RSN0005_PGA_1p200g,RSN0005,1.2,24.298048058391572,3S_T090,3,0.9,0.3212062811029884,bilinear,0.004,0.0298170374237449,0.2170138033135028,0.0039213846558994,63.615464945554734,train
890,data/simulations/mdof/sim_000890.npz,RSN0005_PGA_1p200g,RSN0005,1.2,24.298048058391572,3S_T090,3,0.9,0.3212062811029884,bilinear,0.007,0.0298170374237449,0.2170138033135028,0.0039213846558994,63.615464945554734,train
891,data/simulations/mdof/sim_000891.npz,RSN0005_PGA_1p200g,RSN0005,1.2,24.298048058391572,5S_T055,5,0.5499999999999999,0.1884215991249005,elastic,0.004,0.019709756088159,0.2814431817074815,0.0018575312281385,72.08166594791587,train
892,data/simulations/mdof/sim_000892.npz,RSN0005_PGA_1p200g,RSN0005,1.2,24.298048058391572,5S_T055,5,0.5499999999999999,0.1884215991249005,bilinear,0.004,0.019709756088159,0.2814431817074809,0.0018575312281385,72.08166594791606,train
893,data/simulations/mdof/sim_000893.npz,RSN0005_PGA_1p200g,RSN0005,1.2,24.298048058391572,5S_T055,5,0.5499999999999999,0.1884215991249005,bilinear,0.007,0.019709756088159,0.2814431817074809,0.0018575312281385,72.08166594791606,train
894,data/simulations/mdof/sim_000894.npz,RSN0005_PGA_1p200g,RSN0005,1.2,24.298048058391572,5S_T085,5,0.8499999999999999,0.2911970168293918,elastic,0.004,0.023639515801425,0.1789458823890946,0.002132173772651,54.70270486443077,train
895,data/simulations/mdof/sim_000895.npz,RSN0005_PGA_1p200g,RSN0005,1.2,24.298048058391572,5S_T085,5,0.8499999999999999,0.2911970168293918,bilinear,0.004,0.023639515801425,0.1789458823890951,0.002132173772651,54.70270486443078,train
896,data/simulations/mdof/sim_000896.npz,RSN0005_PGA_1p200g,RSN0005,1.2,24.298048058391572,5S_T085,5,0.8499999999999999,0.2911970168293918,bilinear,0.007,0.023639515801425,0.1789458823890951,0.002132173772651,54.70270486443078,train
897,data/simulations/mdof/sim_000897.npz,RSN0005_PGA_1p200g,RSN0005,1.2,24.298048058391572,5S_T120,5,1.2000000000000008,0.4111016708179651,elastic,0.004,0.0361860064289967,0.1580778218536714,0.003002449060667,74.54098883171078,ood_b
898,data/simulations/mdof/sim_000898.npz,RSN0005_PGA_1p200g,RSN0005,1.2,24.298048058391572,5S_T120,5,1.2000000000000008,0.4111016708179651,bilinear,0.004,0.0361860064289967,0.1580778218536719,0.003002449060667,74.54098883171086,ood_b
899,data/simulations/mdof/sim_000899.npz,RSN0005_PGA_1p200g,RSN0005,1.2,24.298048058391572,5S_T120,5,1.2000000000000008,0.4111016708179651,bilinear,0.007,0.0361860064289967,0.1580778218536719,0.003002449060667,74.54098883171086,ood_b
900,data/simulations/mdof/sim_000900.npz,RSN0006_PGA_0p050g,RSN0006,0.05,0.4147081978967875,3S_T035,3,0.3499999999999998,0.1249135537622733,elastic,0.004,0.0005063590131418,0.0138100800498644,7.726800298517518e-05,0.0811141109757214,train
901,data/simulations/mdof/sim_000901.npz,RSN0006_PGA_0p050g,RSN0006,0.05,0.4147081978967875,3S_T035,3,0.3499999999999998,0.1249135537622733,bilinear,0.004,0.0005063590131418,0.0138100800498644,7.726800298517503e-05,0.0811141109757212,train
902,data/simulations/mdof/sim_000902.npz,RSN0006_PGA_0p050g,RSN0006,0.05,0.4147081978967875,3S_T035,3,0.3499999999999998,0.1249135537622733,bilinear,0.007,0.0005063590131418,0.0138100800498644,7.726800298517503e-05,0.0811141109757212,train
903,data/simulations/mdof/sim_000903.npz,RSN0006_PGA_0p050g,RSN0006,0.05,0.4147081978967875,3S_T060,3,0.6,0.2141375207353256,elastic,0.004,0.0010092755158537,0.0137338026803848,0.0001375001707356,0.1292827173139273,train
904,data/simulations/mdof/sim_000904.npz,RSN0006_PGA_0p050g,RSN0006,0.05,0.4147081978967875,3S_T060,3,0.6,0.2141375207353256,bilinear,0.004,0.0010092755158537,0.0137338026803848,0.0001375001707356,0.1292827173139265,train
905,data/simulations/mdof/sim_000905.npz,RSN0006_PGA_0p050g,RSN0006,0.05,0.4147081978967875,3S_T060,3,0.6,0.2141375207353256,bilinear,0.007,0.0010092755158537,0.0137338026803848,0.0001375001707356,0.1292827173139265,train
906,data/simulations/mdof/sim_000906.npz,RSN0006_PGA_0p050g,RSN0006,0.05,0.4147081978967875,3S_T090,3,0.9,0.3212062811029884,elastic,0.004,0.0021977929219184,0.012861729164956,0.0002725150371891,0.3287783675389213,train
907,data/simulations/mdof/sim_000907.npz,RSN0006_PGA_0p050g,RSN0006,0.05,0.4147081978967875,3S_T090,3,0.9,0.3212062811029884,bilinear,0.004,0.0021977929219184,0.012861729164956,0.0002725150371891,0.3287783675389212,train
908,data/simulations/mdof/sim_000908.npz,RSN0006_PGA_0p050g,RSN0006,0.05,0.4147081978967875,3S_T090,3,0.9,0.3212062811029884,bilinear,0.007,0.0021977929219184,0.012861729164956,0.0002725150371891,0.3287783675389212,train
909,data/simulations/mdof/sim_000909.npz,RSN0006_PGA_0p050g,RSN0006,0.05,0.4147081978967875,5S_T055,5,0.5499999999999999,0.1884215991249005,elastic,0.004,0.0009494277930375,0.0151865058202229,9.317100859577636e-05,0.1765159294909613,id_test
910,data/simulations/mdof/sim_000910.npz,RSN0006_PGA_0p050g,RSN0006,0.05,0.4147081978967875,5S_T055,5,0.5499999999999999,0.1884215991249005,bilinear,0.004,0.0009494277930375,0.015186505820223,9.31710085957766e-05,0.1765159294909626,train
911,data/simulations/mdof/sim_000911.npz,RSN0006_PGA_0p050g,RSN0006,0.05,0.4147081978967875,5S_T055,5,0.5499999999999999,0.1884215991249005,bilinear,0.007,0.0009494277930375,0.015186505820223,9.31710085957766e-05,0.1765159294909626,train
912,data/simulations/mdof/sim_000912.npz,RSN0006_PGA_0p050g,RSN0006,0.05,0.4147081978967875,5S_T085,5,0.8499999999999999,0.2911970168293918,elastic,0.004,0.001671612808452,0.0109811597825153,0.0001438831748976,0.2649088724897672,train
913,data/simulations/mdof/sim_000913.npz,RSN0006_PGA_0p050g,RSN0006,0.05,0.4147081978967875,5S_T085,5,0.8499999999999999,0.2911970168293918,bilinear,0.004,0.001671612808452,0.0109811597825154,0.0001438831748976,0.2649088724897678,train
914,data/simulations/mdof/sim_000914.npz,RSN0006_PGA_0p050g,RSN0006,0.05,0.4147081978967875,5S_T085,5,0.8499999999999999,0.2911970168293918,bilinear,0.007,0.001671612808452,0.0109811597825154,0.0001438831748976,0.2649088724897678,train
915,data/simulations/mdof/sim_000915.npz,RSN0006_PGA_0p050g,RSN0006,0.05,0.4147081978967875,5S_T120,5,1.2000000000000008,0.4111016708179651,elastic,0.004,0.0033610609151789,0.0119122937834747,0.000282735095536,0.6342077789482589,ood_b
916,data/simulations/mdof/sim_000916.npz,RSN0006_PGA_0p050g,RSN0006,0.05,0.4147081978967875,5S_T120,5,1.2000000000000008,0.4111016708179651,bilinear,0.004,0.0033610609151789,0.0119122937834747,0.000282735095536,0.6342077789482594,ood_b
917,data/simulations/mdof/sim_000917.npz,RSN0006_PGA_0p050g,RSN0006,0.05,0.4147081978967875,5S_T120,5,1.2000000000000008,0.4111016708179651,bilinear,0.007,0.0033610609151789,0.0119122937834747,0.000282735095536,0.6342077789482594,ood_b
918,data/simulations/mdof/sim_000918.npz,RSN0006_PGA_0p100g,RSN0006,0.1,0.829416395793575,3S_T035,3,0.3499999999999998,0.1249135537622733,elastic,0.004,0.0010127180262837,0.0276201600997288,0.0001545360059703,0.3244564439028859,train
919,data/simulations/mdof/sim_000919.npz,RSN0006_PGA_0p100g,RSN0006,0.1,0.829416395793575,3S_T035,3,0.3499999999999998,0.1249135537622733,bilinear,0.004,0.0010127180262837,0.0276201600997288,0.0001545360059703,0.324456443902885,train
920,data/simulations/mdof/sim_000920.npz,RSN0006_PGA_0p100g,RSN0006,0.1,0.829416395793575,3S_T035,3,0.3499999999999998,0.1249135537622733,bilinear,0.007,0.0010127180262837,0.0276201600997288,0.0001545360059703,0.324456443902885,train
921,data/simulations/mdof/sim_000921.npz,RSN0006_PGA_0p100g,RSN0006,0.1,0.829416395793575,3S_T060,3,0.6,0.2141375207353256,elastic,0.004,0.0020185510317075,0.0274676053607697,0.0002750003414712,0.5171308692557092,train
922,data/simulations/mdof/sim_000922.npz,RSN0006_PGA_0p100g,RSN0006,0.1,0.829416395793575,3S_T060,3,0.6,0.2141375207353256,bilinear,0.004,0.0020185510317075,0.0274676053607696,0.0002750003414712,0.517130869255706,train
923,data/simulations/mdof/sim_000923.npz,RSN0006_PGA_0p100g,RSN0006,0.1,0.829416395793575,3S_T060,3,0.6,0.2141375207353256,bilinear,0.007,0.0020185510317075,0.0274676053607696,0.0002750003414712,0.517130869255706,train
924,data/simulations/mdof/sim_000924.npz,RSN0006_PGA_0p100g,RSN0006,0.1,0.829416395793575,3S_T090,3,0.9,0.3212062811029884,elastic,0.004,0.0043955858438369,0.025723458329912,0.0005450300743782,1.3151134701556857,id_test
925,data/simulations/mdof/sim_000925.npz,RSN0006_PGA_0p100g,RSN0006,0.1,0.829416395793575,3S_T090,3,0.9,0.3212062811029884,bilinear,0.004,0.0043955858438369,0.025723458329912,0.0005450300743782,1.315113470155685,train
926,data/simulations/mdof/sim_000926.npz,RSN0006_PGA_0p100g,RSN0006,0.1,0.829416395793575,3S_T090,3,0.9,0.3212062811029884,bilinear,0.007,0.0043955858438369,0.025723458329912,0.0005450300743782,1.315113470155685,train
927,data/simulations/mdof/sim_000927.npz,RSN0006_PGA_0p100g,RSN0006,0.1,0.829416395793575,5S_T055,5,0.5499999999999999,0.1884215991249005,elastic,0.004,0.001898855586075,0.0303730116404458,0.0001863420171915,0.7060637179638453,train
928,data/simulations/mdof/sim_000928.npz,RSN0006_PGA_0p100g,RSN0006,0.1,0.829416395793575,5S_T055,5,0.5499999999999999,0.1884215991249005,bilinear,0.004,0.001898855586075,0.030373011640446,0.0001863420171915,0.7060637179638506,train
929,data/simulations/mdof/sim_000929.npz,RSN0006_PGA_0p100g,RSN0006,0.1,0.829416395793575,5S_T055,5,0.5499999999999999,0.1884215991249005,bilinear,0.007,0.001898855586075,0.030373011640446,0.0001863420171915,0.7060637179638506,train
930,data/simulations/mdof/sim_000930.npz,RSN0006_PGA_0p100g,RSN0006,0.1,0.829416395793575,5S_T085,5,0.8499999999999999,0.2911970168293918,elastic,0.004,0.0033432256169041,0.0219623195650307,0.0002877663497953,1.0596354899590688,train
931,data/simulations/mdof/sim_000931.npz,RSN0006_PGA_0p100g,RSN0006,0.1,0.829416395793575,5S_T085,5,0.8499999999999999,0.2911970168293918,bilinear,0.004,0.0033432256169041,0.0219623195650307,0.0002877663497953,1.059635489959073,train
932,data/simulations/mdof/sim_000932.npz,RSN0006_PGA_0p100g,RSN0006,0.1,0.829416395793575,5S_T085,5,0.8499999999999999,0.2911970168293918,bilinear,0.007,0.0033432256169041,0.0219623195650307,0.0002877663497953,1.059635489959073,train
933,data/simulations/mdof/sim_000933.npz,RSN0006_PGA_0p100g,RSN0006,0.1,0.829416395793575,5S_T120,5,1.2000000000000008,0.4111016708179651,elastic,0.004,0.0067221218303578,0.0238245875669495,0.0005654701910721,2.536831115793035,ood_b
934,data/simulations/mdof/sim_000934.npz,RSN0006_PGA_0p100g,RSN0006,0.1,0.829416395793575,5S_T120,5,1.2000000000000008,0.4111016708179651,bilinear,0.004,0.0067221218303578,0.0238245875669495,0.0005654701910721,2.5368311157930377,ood_b
935,data/simulations/mdof/sim_000935.npz,RSN0006_PGA_0p100g,RSN0006,0.1,0.829416395793575,5S_T120,5,1.2000000000000008,0.4111016708179651,bilinear,0.007,0.0067221218303578,0.0238245875669495,0.0005654701910721,2.5368311157930377,ood_b
936,data/simulations/mdof/sim_000936.npz,RSN0006_PGA_0p200g,RSN0006,0.2,1.65883279158715,3S_T035,3,0.3499999999999998,0.1249135537622733,elastic,0.004,0.0020254360525675,0.0552403201994577,0.0003090720119407,1.2978257756115437,train
937,data/simulations/mdof/sim_000937.npz,RSN0006_PGA_0p200g,RSN0006,0.2,1.65883279158715,3S_T035,3,0.3499999999999998,0.1249135537622733,bilinear,0.004,0.0020254360525675,0.0552403201994577,0.0003090720119407,1.29782577561154,id_test
938,data/simulations/mdof/sim_000938.npz,RSN0006_PGA_0p200g,RSN0006,0.2,1.65883279158715,3S_T035,3,0.3499999999999998,0.1249135537622733,bilinear,0.007,0.0020254360525675,0.0552403201994577,0.0003090720119407,1.29782577561154,train
939,data/simulations/mdof/sim_000939.npz,RSN0006_PGA_0p200g,RSN0006,0.2,1.65883279158715,3S_T060,3,0.6,0.2141375207353256,elastic,0.004,0.004037102063415,0.0549352107215394,0.0005500006829424,2.0685234770228367,train
940,data/simulations/mdof/sim_000940.npz,RSN0006_PGA_0p200g,RSN0006,0.2,1.65883279158715,3S_T060,3,0.6,0.2141375207353256,bilinear,0.004,0.004037102063415,0.0549352107215393,0.0005500006829424,2.068523477022824,train
941,data/simulations/mdof/sim_000941.npz,RSN0006_PGA_0p200g,RSN0006,0.2,1.65883279158715,3S_T060,3,0.6,0.2141375207353256,bilinear,0.007,0.004037102063415,0.0549352107215393,0.0005500006829424,2.068523477022824,train
942,data/simulations/mdof/sim_000942.npz,RSN0006_PGA_0p200g,RSN0006,0.2,1.65883279158715,3S_T090,3,0.9,0.3212062811029884,elastic,0.004,0.0087911716876739,0.0514469166598241,0.0010900601487565,5.260453880622742,train
943,data/simulations/mdof/sim_000943.npz,RSN0006_PGA_0p200g,RSN0006,0.2,1.65883279158715,3S_T090,3,0.9,0.3212062811029884,bilinear,0.004,0.0087911716876739,0.051446916659824,0.0010900601487565,5.26045388062274,id_test
944,data/simulations/mdof/sim_000944.npz,RSN0006_PGA_0p200g,RSN0006,0.2,1.65883279158715,3S_T090,3,0.9,0.3212062811029884,bilinear,0.007,0.0087911716876739,0.051446916659824,0.0010900601487565,5.26045388062274,train
945,data/simulations/mdof/sim_000945.npz,RSN0006_PGA_0p200g,RSN0006,0.2,1.65883279158715,5S_T055,5,0.5499999999999999,0.1884215991249005,elastic,0.004,0.00379771117215,0.0607460232808917,0.0003726840343831,2.824254871855381,train
946,data/simulations/mdof/sim_000946.npz,RSN0006_PGA_0p200g,RSN0006,0.2,1.65883279158715,5S_T055,5,0.5499999999999999,0.1884215991249005,bilinear,0.004,0.00379771117215,0.060746023280892,0.0003726840343831,2.8242548718554024,train
947,data/simulations/mdof/sim_000947.npz,RSN0006_PGA_0p200g,RSN0006,0.2,1.65883279158715,5S_T055,5,0.5499999999999999,0.1884215991249005,bilinear,0.007,0.00379771117215,0.060746023280892,0.0003726840343831,2.8242548718554024,train
948,data/simulations/mdof/sim_000948.npz,RSN0006_PGA_0p200g,RSN0006,0.2,1.65883279158715,5S_T085,5,0.8499999999999999,0.2911970168293918,elastic,0.004,0.0066864512338083,0.0439246391300615,0.0005755326995907,4.238541959836275,train
949,data/simulations/mdof/sim_000949.npz,RSN0006_PGA_0p200g,RSN0006,0.2,1.65883279158715,5S_T085,5,0.8499999999999999,0.2911970168293918,bilinear,0.004,0.0066864512338083,0.0439246391300615,0.0005755326995907,4.238541959836292,train
950,data/simulations/mdof/sim_000950.npz,RSN0006_PGA_0p200g,RSN0006,0.2,1.65883279158715,5S_T085,5,0.8499999999999999,0.2911970168293918,bilinear,0.007,0.0066864512338083,0.0439246391300615,0.0005755326995907,4.238541959836292,train
951,data/simulations/mdof/sim_000951.npz,RSN0006_PGA_0p200g,RSN0006,0.2,1.65883279158715,5S_T120,5,1.2000000000000008,0.4111016708179651,elastic,0.004,0.0134442436607156,0.0476491751338991,0.0011309403821442,10.147324463172142,ood_b
952,data/simulations/mdof/sim_000952.npz,RSN0006_PGA_0p200g,RSN0006,0.2,1.65883279158715,5S_T120,5,1.2000000000000008,0.4111016708179651,bilinear,0.004,0.0134442436607155,0.0476491751338991,0.0011309403821442,10.147324463172124,ood_b
953,data/simulations/mdof/sim_000953.npz,RSN0006_PGA_0p200g,RSN0006,0.2,1.65883279158715,5S_T120,5,1.2000000000000008,0.4111016708179651,bilinear,0.007,0.0134442436607155,0.0476491751338991,0.0011309403821442,10.147324463172124,ood_b
954,data/simulations/mdof/sim_000954.npz,RSN0006_PGA_0p300g,RSN0006,0.3,2.4882491873807244,3S_T035,3,0.3499999999999998,0.1249135537622733,elastic,0.004,0.0030381540788513,0.0828604802991866,0.000463608017911,2.920107995125976,train
955,data/simulations/mdof/sim_000955.npz,RSN0006_PGA_0p300g,RSN0006,0.3,2.4882491873807244,3S_T035,3,0.3499999999999998,0.1249135537622733,bilinear,0.004,0.0030381540788513,0.0828604802991865,0.000463608017911,2.9201079951259716,train
956,data/simulations/mdof/sim_000956.npz,RSN0006_PGA_0p300g,RSN0006,0.3,2.4882491873807244,3S_T035,3,0.3499999999999998,0.1249135537622733,bilinear,0.007,0.0030381540788513,0.0828604802991865,0.000463608017911,2.9201079951259716,id_test
957,data/simulations/mdof/sim_000957.npz,RSN0006_PGA_0p300g,RSN0006,0.3,2.4882491873807244,3S_T060,3,0.6,0.2141375207353256,elastic,0.004,0.0060556530951225,0.0824028160823092,0.0008250010244136,4.654177823301394,train
958,data/simulations/mdof/sim_000958.npz,RSN0006_PGA_0p300g,RSN0006,0.3,2.4882491873807244,3S_T060,3,0.6,0.2141375207353256,bilinear,0.004,0.0060556530951225,0.0824028160823089,0.0008250010244136,4.654177823301374,train
959,data/simulations/mdof/sim_000959.npz,RSN0006_PGA_0p300g,RSN0006,0.3,2.4882491873807244,3S_T060,3,0.6,0.2141375207353256,bilinear,0.007,0.0060556530951225,0.0824028160823089,0.0008250010244136,4.654177823301374,train
960,data/simulations/mdof/sim_000960.npz,RSN0006_PGA_0p300g,RSN0006,0.3,2.4882491873807244,3S_T090,3,0.9,0.3212062811029884,elastic,0.004,0.0131867575315108,0.0771703749897357,0.0016350902231348,11.836021231401126,train
961,data/simulations/mdof/sim_000961.npz,RSN0006_PGA_0p300g,RSN0006,0.3,2.4882491873807244,3S_T090,3,0.9,0.3212062811029884,bilinear,0.004,0.0131867575315108,0.0771703749897358,0.0016350902231348,11.83602123140112,train
962,data/simulations/mdof/sim_000962.npz,RSN0006_PGA_0p300g,RSN0006,0.3,2.4882491873807244,3S_T090,3,0.9,0.3212062811029884,bilinear,0.007,0.0131867575315108,0.0771703749897358,0.0016350902231348,11.83602123140112,train
963,data/simulations/mdof/sim_000963.npz,RSN0006_PGA_0p300g,RSN0006,0.3,2.4882491873807244,5S_T055,5,0.5499999999999999,0.1884215991249005,elastic,0.004,0.005696566758225,0.0911190349213379,0.0005590260515746,6.354573461674635,train
964,data/simulations/mdof/sim_000964.npz,RSN0006_PGA_0p300g,RSN0006,0.3,2.4882491873807244,5S_T055,5,0.5499999999999999,0.1884215991249005,bilinear,0.004,0.005696566758225,0.091119034921338,0.0005590260515746,6.35457346167466,train
965,data/simulations/mdof/sim_000965.npz,RSN0006_PGA_0p300g,RSN0006,0.3,2.4882491873807244,5S_T055,5,0.5499999999999999,0.1884215991249005,bilinear,0.007,0.005696566758225,0.091119034921338,0.0005590260515746,6.35457346167466,train
966,data/simulations/mdof/sim_000966.npz,RSN0006_PGA_0p300g,RSN0006,0.3,2.4882491873807244,5S_T085,5,0.8499999999999999,0.2911970168293918,elastic,0.004,0.0100296768507125,0.0658869586950925,0.0008632990493861,9.536719409631669,train
967,data/simulations/mdof/sim_000967.npz,RSN0006_PGA_0p300g,RSN0006,0.3,2.4882491873807244,5S_T085,5,0.8499999999999999,0.2911970168293918,bilinear,0.004,0.0100296768507125,0.0658869586950926,0.0008632990493861,9.536719409631647,id_test
968,data/simulations/mdof/sim_000968.npz,RSN0006_PGA_0p300g,RSN0006,0.3,2.4882491873807244,5S_T085,5,0.8499999999999999,0.2911970168293918,bilinear,0.007,0.0100296768507125,0.0658869586950926,0.0008632990493861,9.536719409631647,train
969,data/simulations/mdof/sim_000969.npz,RSN0006_PGA_0p300g,RSN0006,0.3,2.4882491873807244,5S_T120,5,1.2000000000000008,0.4111016708179651,elastic,0.004,0.0201663654910733,0.0714737627008487,0.0016964105732163,22.831480042137272,ood_b
970,data/simulations/mdof/sim_000970.npz,RSN0006_PGA_0p300g,RSN0006,0.3,2.4882491873807244,5S_T120,5,1.2000000000000008,0.4111016708179651,bilinear,0.004,0.0201663654910734,0.0714737627008487,0.0016964105732163,22.83148004213735,ood_b
971,data/simulations/mdof/sim_000971.npz,RSN0006_PGA_0p300g,RSN0006,0.3,2.4882491873807244,5S_T120,5,1.2000000000000008,0.4111016708179651,bilinear,0.007,0.0201663654910734,0.0714737627008487,0.0016964105732163,22.83148004213735,ood_b
972,data/simulations/mdof/sim_000972.npz,RSN0006_PGA_0p400g,RSN0006,0.4,3.3176655831743,3S_T035,3,0.3499999999999998,0.1249135537622733,elastic,0.004,0.0040508721051351,0.1104806403989154,0.0006181440238814,5.191303102446175,train
973,data/simulations/mdof/sim_000973.npz,RSN0006_PGA_0p400g,RSN0006,0.4,3.3176655831743,3S_T035,3,0.3499999999999998,0.1249135537622733,bilinear,0.004,0.0040508721051351,0.1104806403989154,0.0006181440238814,5.19130310244616,train
974,data/simulations/mdof/sim_000974.npz,RSN0006_PGA_0p400g,RSN0006,0.4,3.3176655831743,3S_T035,3,0.3499999999999998,0.1249135537622733,bilinear,0.007,0.0040508721051351,0.1104806403989154,0.0006181440238814,5.19130310244616,train
975,data/simulations/mdof/sim_000975.npz,RSN0006_PGA_0p400g,RSN0006,0.4,3.3176655831743,3S_T060,3,0.6,0.2141375207353256,elastic,0.004,0.00807420412683,0.1098704214430788,0.0011000013658849,8.274093908091347,id_test
976,data/simulations/mdof/sim_000976.npz,RSN0006_PGA_0p400g,RSN0006,0.4,3.3176655831743,3S_T060,3,0.6,0.2141375207353256,bilinear,0.004,0.00807420412683,0.1098704214430787,0.0011000013658849,8.274093908091295,train
977,data/simulations/mdof/sim_000977.npz,RSN0006_PGA_0p400g,RSN0006,0.4,3.3176655831743,3S_T060,3,0.6,0.2141375207353256,bilinear,0.007,0.00807420412683,0.1098704214430787,0.0011000013658849,8.274093908091295,train
978,data/simulations/mdof/sim_000978.npz,RSN0006_PGA_0p400g,RSN0006,0.4,3.3176655831743,3S_T090,3,0.9,0.3212062811029884,elastic,0.004,0.0175823433753478,0.1028938333196483,0.0021801202975131,21.041815522490968,train
979,data/simulations/mdof/sim_000979.npz,RSN0006_PGA_0p400g,RSN0006,0.4,3.3176655831743,3S_T090,3,0.9,0.3212062811029884,bilinear,0.004,0.0175823433753478,0.102893833319648,0.0021801202975131,21.04181552249096,train
980,data/simulations/mdof/sim_000980.npz,RSN0006_PGA_0p400g,RSN0006,0.4,3.3176655831743,3S_T090,3,0.9,0.3212062811029884,bilinear,0.007,0.0175823433753478,0.102893833319648,0.0021801202975131,21.04181552249096,train
981,data/simulations/mdof/sim_000981.npz,RSN0006_PGA_0p400g,RSN0006,0.4,3.3176655831743,5S_T055,5,0.5499999999999999,0.1884215991249005,elastic,0.004,0.0075954223443,0.1214920465617835,0.0007453680687662,11.297019487421524,train
982,data/simulations/mdof/sim_000982.npz,RSN0006_PGA_0p400g,RSN0006,0.4,3.3176655831743,5S_T055,5,0.5499999999999999,0.1884215991249005,bilinear,0.004,0.0075954223443001,0.1214920465617836,0.0007453680687662,11.297019487421576,id_test
983,data/simulations/mdof/sim_000983.npz,RSN0006_PGA_0p400g,RSN0006,0.4,3.3176655831743,5S_T055,5,0.5499999999999999,0.1884215991249005,bilinear,0.007,0.0075954223443001,0.1214920465617836,0.0007453680687662,11.297019487421576,train
984,data/simulations/mdof/sim_000984.npz,RSN0006_PGA_0p400g,RSN0006,0.4,3.3176655831743,5S_T085,5,0.8499999999999999,0.2911970168293918,elastic,0.004,0.0133729024676167,0.087849278260123,0.0011510653991814,16.9541678393451,train
985,data/simulations/mdof/sim_000985.npz,RSN0006_PGA_0p400g,RSN0006,0.4,3.3176655831743,5S_T085,5,0.8499999999999999,0.2911970168293918,bilinear,0.004,0.0133729024676167,0.0878492782601231,0.0011510653991814,16.954167839345168,train
986,data/simulations/mdof/sim_000986.npz,RSN0006_PGA_0p400g,RSN0006,0.4,3.3176655831743,5S_T085,5,0.8499999999999999,0.2911970168293918,bilinear,0.007,0.0133729024676167,0.0878492782601231,0.0011510653991814,16.954167839345168,id_test
987,data/simulations/mdof/sim_000987.npz,RSN0006_PGA_0p400g,RSN0006,0.4,3.3176655831743,5S_T120,5,1.2000000000000008,0.4111016708179651,elastic,0.004,0.0268884873214312,0.0952983502677983,0.0022618807642884,40.58929785268857,ood_b
988,data/simulations/mdof/sim_000988.npz,RSN0006_PGA_0p400g,RSN0006,0.4,3.3176655831743,5S_T120,5,1.2000000000000008,0.4111016708179651,bilinear,0.004,0.0268884873214311,0.0952983502677983,0.0022618807642884,40.589297852688496,ood_b
989,data/simulations/mdof/sim_000989.npz,RSN0006_PGA_0p400g,RSN0006,0.4,3.3176655831743,5S_T120,5,1.2000000000000008,0.4111016708179651,bilinear,0.007,0.0268884873214311,0.0952983502677983,0.0022618807642884,40.589297852688496,ood_b
990,data/simulations/mdof/sim_000990.npz,RSN0006_PGA_0p500g,RSN0006,0.5,4.147081978967875,3S_T035,3,0.3499999999999998,0.1249135537622733,elastic,0.004,0.0050635901314189,0.1381008004986444,0.0007726800298517,8.111411097572104,train
991,data/simulations/mdof/sim_000991.npz,RSN0006_PGA_0p500g,RSN0006,0.5,4.147081978967875,3S_T035,3,0.3499999999999998,0.1249135537622733,bilinear,0.004,0.0050635901314189,0.1381008004986446,0.0007726800298517,8.111411097572098,train
992,data/simulations/mdof/sim_000992.npz,RSN0006_PGA_0p500g,RSN0006,0.5,4.147081978967875,3S_T035,3,0.3499999999999998,0.1249135537622733,bilinear,0.007,0.0050635901314189,0.1381008004986446,0.0007726800298517,8.111411097572098,id_test
993,data/simulations/mdof/sim_000993.npz,RSN0006_PGA_0p500g,RSN0006,0.5,4.147081978967875,3S_T060,3,0.6,0.2141375207353256,elastic,0.004,0.0100927551585376,0.1373380268038483,0.0013750017073561,12.928271731392687,train
994,data/simulations/mdof/sim_000994.npz,RSN0006_PGA_0p500g,RSN0006,0.5,4.147081978967875,3S_T060,3,0.6,0.2141375207353256,bilinear,0.004,0.0100927551585375,0.1373380268038483,0.0013750017073561,12.928271731392687,train
995,data/simulations/mdof/sim_000995.npz,RSN0006_PGA_0p500g,RSN0006,0.5,4.147081978967875,3S_T060,3,0.6,0.2141375207353256,bilinear,0.007,0.0100927551585375,0.1373380268038483,0.0013750017073561,12.928271731392687,train
996,data/simulations/mdof/sim_000996.npz,RSN0006_PGA_0p500g,RSN0006,0.5,4.147081978967875,3S_T090,3,0.9,0.3212062811029884,elastic,0.004,0.0219779292191848,0.12861729164956,0.0027251503718914,32.87783675389201,train
997,data/simulations/mdof/sim_000997.npz,RSN0006_PGA_0p500g,RSN0006,0.5,4.147081978967875,3S_T090,3,0.9,0.3212062811029884,bilinear,0.004,0.0219779292191848,0.1286172916495598,0.0027251503718914,32.87783675389206,train
998,data/simulations/mdof/sim_000998.npz,RSN0006_PGA_0p500g,RSN0006,0.5,4.147081978967875,3S_T090,3,0.9,0.3212062811029884,bilinear,0.007,0.0219779292191848,0.1286172916495598,0.0027251503718914,32.87783675389206,train
999,data/simulations/mdof/sim_000999.npz,RSN0006_PGA_0p500g,RSN0006,0.5,4.147081978967875,5S_T055,5,0.5499999999999999,0.1884215991249005,elastic,0.004,0.0094942779303751,0.1518650582022292,0.0009317100859577,17.6515929490962,id_test
1000,data/simulations/mdof/sim_001000.npz,RSN0006_PGA_0p500g,RSN0006,0.5,4.147081978967875,5S_T055,5,0.5499999999999999,0.1884215991249005,bilinear,0.004,0.0094942779303751,0.1518650582022293,0.0009317100859577,17.651592949096216,train
1001,data/simulations/mdof/sim_001001.npz,RSN0006_PGA_0p500g,RSN0006,0.5,4.147081978967875,5S_T055,5,0.5499999999999999,0.1884215991249005,bilinear,0.007,0.0094942779303751,0.1518650582022293,0.0009317100859577,17.651592949096216,train
1002,data/simulations/mdof/sim_001002.npz,RSN0006_PGA_0p500g,RSN0006,0.5,4.147081978967875,5S_T085,5,0.8499999999999999,0.2911970168293918,elastic,0.004,0.0167161280845209,0.1098115978251545,0.0014388317489768,26.49088724897681,train
1003,data/simulations/mdof/sim_001003.npz,RSN0006_PGA_0p500g,RSN0006,0.5,4.147081978967875,5S_T085,5,0.8499999999999999,0.2911970168293918,bilinear,0.004,0.0167161280845209,0.1098115978251543,0.0014388317489768,26.490887248976776,id_test
1004,data/simulations/mdof/sim_001004.npz,RSN0006_PGA_0p500g,RSN0006,0.5,4.147081978967875,5S_T085,5,0.8499999999999999,0.2911970168293918,bilinear,0.007,0.0167161280845209,0.1098115978251543,0.0014388317489768,26.490887248976776,train
1005,data/simulations/mdof/sim_001005.npz,RSN0006_PGA_0p500g,RSN0006,0.5,4.147081978967875,5S_T120,5,1.2000000000000008,0.4111016708179651,elastic,0.004,0.0336106091517889,0.1191229378347477,0.0028273509553605,63.42077789482562,ood_b
1006,data/simulations/mdof/sim_001006.npz,RSN0006_PGA_0p500g,RSN0006,0.5,4.147081978967875,5S_T120,5,1.2000000000000008,0.4111016708179651,bilinear,0.004,0.0336106091517889,0.1191229378347483,0.0028273509553605,63.420777894825875,ood_b
1007,data/simulations/mdof/sim_001007.npz,RSN0006_PGA_0p500g,RSN0006,0.5,4.147081978967875,5S_T120,5,1.2000000000000008,0.4111016708179651,bilinear,0.007,0.0336106091517889,0.1191229378347483,0.0028273509553605,63.420777894825875,ood_b
1008,data/simulations/mdof/sim_001008.npz,RSN0006_PGA_0p600g,RSN0006,0.6,4.976498374761449,3S_T035,3,0.3499999999999998,0.1249135537622733,elastic,0.004,0.0060763081577027,0.1657209605983732,0.0009272160358221,11.680431980503904,train
1009,data/simulations/mdof/sim_001009.npz,RSN0006_PGA_0p600g,RSN0006,0.6,4.976498374761449,3S_T035,3,0.3499999999999998,0.1249135537622733,bilinear,0.004,0.0060763081577027,0.1657209605983731,0.0009272160358221,11.680431980503888,train
1010,data/simulations/mdof/sim_001010.npz,RSN0006_PGA_0p600g,RSN0006,0.6,4.976498374761449,3S_T035,3,0.3499999999999998,0.1249135537622733,bilinear,0.007,0.0060763081577027,0.1657209605983731,0.0009272160358221,11.680431980503888,train
1011,data/simulations/mdof/sim_001011.npz,RSN0006_PGA_0p600g,RSN0006,0.6,4.976498374761449,3S_T060,3,0.6,0.2141375207353256,elastic,0.004,0.0121113061902451,0.1648056321646185,0.0016500020488273,18.616711293205576,train
1012,data/simulations/mdof/sim_001012.npz,RSN0006_PGA_0p600g,RSN0006,0.6,4.976498374761449,3S_T060,3,0.6,0.2141375207353256,bilinear,0.004,0.0121113061902451,0.1648056321646179,0.0016500020488273,18.616711293205498,train
1013,data/simulations/mdof/sim_001013.npz,RSN0006_PGA_0p600g,RSN0006,0.6,4.976498374761449,3S_T060,3,0.6,0.2141375207353256,bilinear,0.007,0.0121113061902451,0.1648056321646179,0.0016500020488273,18.616711293205498,train
1014,data/simulations/mdof/sim_001014.npz,RSN0006_PGA_0p600g,RSN0006,0.6,4.976498374761449,3S_T090,3,0.9,0.3212062811029884,elastic,0.004,0.0263735150630217,0.1543407499794714,0.0032701804462697,47.344084925604506,id_test
1015,data/simulations/mdof/sim_001015.npz,RSN0006_PGA_0p600g,RSN0006,0.6,4.976498374761449,3S_T090,3,0.9,0.3212062811029884,bilinear,0.004,0.0263735150630217,0.1543407499794717,0.0032701804462697,47.34408492560448,train
1016,data/simulations/mdof/sim_001016.npz,RSN0006_PGA_0p600g,RSN0006,0.6,4.976498374761449,3S_T090,3,0.9,0.3212062811029884,bilinear,0.007,0.0263735150630217,0.1543407499794717,0.0032701804462697,47.34408492560448,train
1017,data/simulations/mdof/sim_001017.npz,RSN0006_PGA_0p600g,RSN0006,0.6,4.976498374761449,5S_T055,5,0.5499999999999999,0.1884215991249005,elastic,0.004,0.0113931335164501,0.1822380698426758,0.0011180521031493,25.41829384669854,train
1018,data/simulations/mdof/sim_001018.npz,RSN0006_PGA_0p600g,RSN0006,0.6,4.976498374761449,5S_T055,5,0.5499999999999999,0.1884215991249005,bilinear,0.004,0.0113931335164501,0.182238069842676,0.0011180521031493,25.41829384669864,train
1019,data/simulations/mdof/sim_001019.npz,RSN0006_PGA_0p600g,RSN0006,0.6,4.976498374761449,5S_T055,5,0.5499999999999999,0.1884215991249005,bilinear,0.007,0.0113931335164501,0.182238069842676,0.0011180521031493,25.41829384669864,train
1020,data/simulations/mdof/sim_001020.npz,RSN0006_PGA_0p600g,RSN0006,0.6,4.976498374761449,5S_T085,5,0.8499999999999999,0.2911970168293918,elastic,0.004,0.0200593537014251,0.1317739173901851,0.0017265980987722,38.146877638526675,train
1021,data/simulations/mdof/sim_001021.npz,RSN0006_PGA_0p600g,RSN0006,0.6,4.976498374761449,5S_T085,5,0.8499999999999999,0.2911970168293918,bilinear,0.004,0.0200593537014251,0.1317739173901853,0.0017265980987722,38.14687763852659,train
1022,data/simulations/mdof/sim_001022.npz,RSN0006_PGA_0p600g,RSN0006,0.6,4.976498374761449,5S_T085,5,0.8499999999999999,0.2911970168293918,bilinear,0.007,0.0200593537014251,0.1317739173901853,0.0017265980987722,38.14687763852659,train
1023,data/simulations/mdof/sim_001023.npz,RSN0006_PGA_0p600g,RSN0006,0.6,4.976498374761449,5S_T120,5,1.2000000000000008,0.4111016708179651,elastic,0.004,0.0403327309821467,0.1429475254016975,0.0033928211464326,91.32592016854908,ood_b
1024,data/simulations/mdof/sim_001024.npz,RSN0006_PGA_0p600g,RSN0006,0.6,4.976498374761449,5S_T120,5,1.2000000000000008,0.4111016708179651,bilinear,0.004,0.0403327309821468,0.142947525401697,0.0033928211464326,91.32592016854947,ood_b
1025,data/simulations/mdof/sim_001025.npz,RSN0006_PGA_0p600g,RSN0006,0.6,4.976498374761449,5S_T120,5,1.2000000000000008,0.4111016708179651,bilinear,0.007,0.0403327309821468,0.142947525401697,0.0033928211464326,91.32592016854947,ood_b
1026,data/simulations/mdof/sim_001026.npz,RSN0006_PGA_0p800g,RSN0006,0.8,6.6353311663486,3S_T035,3,0.3499999999999998,0.1249135537622733,elastic,0.004,0.0081017442102702,0.2209612807978309,0.0012362880477628,20.7652124097847,train
1027,data/simulations/mdof/sim_001027.npz,RSN0006_PGA_0p800g,RSN0006,0.8,6.6353311663486,3S_T035,3,0.3499999999999998,0.1249135537622733,bilinear,0.004,0.0081017442102702,0.2209612807978309,0.0012362880477628,20.76521240978464,train
1028,data/simulations/mdof/sim_001028.npz,RSN0006_PGA_0p800g,RSN0006,0.8,6.6353311663486,3S_T035,3,0.3499999999999998,0.1249135537622733,bilinear,0.007,0.0081017442102702,0.2209612807978309,0.0012362880477628,20.76521240978464,train
1029,data/simulations/mdof/sim_001029.npz,RSN0006_PGA_0p800g,RSN0006,0.8,6.6353311663486,3S_T060,3,0.6,0.2141375207353256,elastic,0.004,0.0161484082536601,0.2197408428861577,0.0022000027317698,33.09637563236539,train
1030,data/simulations/mdof/sim_001030.npz,RSN0006_PGA_0p800g,RSN0006,0.8,6.6353311663486,3S_T060,3,0.6,0.2141375207353256,bilinear,0.004,0.0161484082536601,0.2197408428861575,0.0022000027317698,33.09637563236518,train
1031,data/simulations/mdof/sim_001031.npz,RSN0006_PGA_0p800g,RSN0006,0.8,6.6353311663486,3S_T060,3,0.6,0.2141375207353256,bilinear,0.007,0.0161484082536601,0.2197408428861575,0.0022000027317698,33.09637563236518,train
1032,data/simulations/mdof/sim_001032.npz,RSN0006_PGA_0p800g,RSN0006,0.8,6.6353311663486,3S_T090,3,0.9,0.3212062811029884,elastic,0.004,0.0351646867506957,0.2057876666392967,0.0043602405950262,84.16726208996387,train
1033,data/simulations/mdof/sim_001033.npz,RSN0006_PGA_0p800g,RSN0006,0.8,6.6353311663486,3S_T090,3,0.9,0.3212062811029884,bilinear,0.004,0.0327631953812262,0.2099551777912247,0.0044496578181907,84.36266222010246,train
1034,data/simulations/mdof/sim_001034.npz,RSN0006_PGA_0p800g,RSN0006,0.8,6.6353311663486,3S_T090,3,0.9,0.3212062811029884,bilinear,0.007,0.0351646867506957,0.2057876666392961,0.0043602405950262,84.16726208996384,train
1035,data/simulations/mdof/sim_001035.npz,RSN0006_PGA_0p800g,RSN0006,0.8,6.6353311663486,5S_T055,5,0.5499999999999999,0.1884215991249005,elastic,0.004,0.0151908446886001,0.2429840931235671,0.0014907361375324,45.1880779496861,train
1036,data/simulations/mdof/sim_001036.npz,RSN0006_PGA_0p800g,RSN0006,0.8,6.6353311663486,5S_T055,5,0.5499999999999999,0.1884215991249005,bilinear,0.004,0.0151908446886002,0.2429840931235672,0.0014907361375324,45.18807794968631,train
1037,data/simulations/mdof/sim_001037.npz,RSN0006_PGA_0p800g,RSN0006,0.8,6.6353311663486,5S_T055,5,0.5499999999999999,0.1884215991249005,bilinear,0.007,0.0151908446886002,0.2429840931235672,0.0014907361375324,45.18807794968631,train
1038,data/simulations/mdof/sim_001038.npz,RSN0006_PGA_0p800g,RSN0006,0.8,6.6353311663486,5S_T085,5,0.8499999999999999,0.2911970168293918,elastic,0.004,0.0267458049352334,0.1756985565202461,0.0023021307983629,67.8166713573804,train
1039,data/simulations/mdof/sim_001039.npz,RSN0006_PGA_0p800g,RSN0006,0.8,6.6353311663486,5S_T085,5,0.8499999999999999,0.2911970168293918,bilinear,0.004,0.0267458049352335,0.1756985565202462,0.0023021307983629,67.81667135738067,train
1040,data/simulations/mdof/sim_001040.npz,RSN0006_PGA_0p800g,RSN0006,0.8,6.6353311663486,5S_T085,5,0.8499999999999999,0.2911970168293918,bilinear,0.007,0.0267458049352335,0.1756985565202462,0.0023021307983629,67.81667135738067,train
1041,data/simulations/mdof/sim_001041.npz,RSN0006_PGA_0p800g,RSN0006,0.8,6.6353311663486,5S_T120,5,1.2000000000000008,0.4111016708179651,elastic,0.004,0.0537769746428624,0.1905967005355967,0.0045237615285768,162.35719141075427,ood_b
1042,data/simulations/mdof/sim_001042.npz,RSN0006_PGA_0p800g,RSN0006,0.8,6.6353311663486,5S_T120,5,1.2000000000000008,0.4111016708179651,bilinear,0.004,0.0537770162873766,0.1905967005355969,0.0051119172940493,172.1144733267992,ood_b
1043,data/simulations/mdof/sim_001043.npz,RSN0006_PGA_0p800g,RSN0006,0.8,6.6353311663486,5S_T120,5,1.2000000000000008,0.4111016708179651,bilinear,0.007,0.0537769746428623,0.1905967005355969,0.0045237615285768,162.357191410754,ood_b
1044,data/simulations/mdof/sim_001044.npz,RSN0006_PGA_1p000g,RSN0006,1.0,8.29416395793575,3S_T035,3,0.3499999999999998,0.1249135537622733,elastic,0.004,0.0101271802628378,0.2762016009972888,0.0015453600597034,32.445644390288415,train
1045,data/simulations/mdof/sim_001045.npz,RSN0006_PGA_1p000g,RSN0006,1.0,8.29416395793575,3S_T035,3,0.3499999999999998,0.1249135537622733,bilinear,0.004,0.0101271802628378,0.2762016009972892,0.0015453600597035,32.44564439028839,train
1046,data/simulations/mdof/sim_001046.npz,RSN0006_PGA_1p000g,RSN0006,1.0,8.29416395793575,3S_T035,3,0.3499999999999998,0.1249135537622733,bilinear,0.007,0.0101271802628378,0.2762016009972892,0.0015453600597035,32.44564439028839,train
1047,data/simulations/mdof/sim_001047.npz,RSN0006_PGA_1p000g,RSN0006,1.0,8.29416395793575,3S_T060,3,0.6,0.2141375207353256,elastic,0.004,0.0201855103170752,0.2746760536076967,0.0027500034147123,51.71308692557075,id_test
1048,data/simulations/mdof/sim_001048.npz,RSN0006_PGA_1p000g,RSN0006,1.0,8.29416395793575,3S_T060,3,0.6,0.2141375207353256,bilinear,0.004,0.0201855103170751,0.2746760536076966,0.0027500034147123,51.71308692557075,train
1049,data/simulations/mdof/sim_001049.npz,RSN0006_PGA_1p000g,RSN0006,1.0,8.29416395793575,3S_T060,3,0.6,0.2141375207353256,bilinear,0.007,0.0201855103170751,0.2746760536076966,0.0027500034147123,51.71308692557075,train
1050,data/simulations/mdof/sim_001050.npz,RSN0006_PGA_1p000g,RSN0006,1.0,8.29416395793575,3S_T090,3,0.9,0.3212062811029884,elastic,0.004,0.0439558584383696,0.25723458329912,0.0054503007437828,131.51134701556805,train
1051,data/simulations/mdof/sim_001051.npz,RSN0006_PGA_1p000g,RSN0006,1.0,8.29416395793575,3S_T090,3,0.9,0.3212062811029884,bilinear,0.004,0.0436360878832677,0.2626373858357463,0.0069033871241703,140.01507615161503,train
1052,data/simulations/mdof/sim_001052.npz,RSN0006_PGA_1p000g,RSN0006,1.0,8.29416395793575,3S_T090,3,0.9,0.3212062811029884,bilinear,0.007,0.0439558584383696,0.2572345832991197,0.0054503007437828,131.51134701556825,train
1053,data/simulations/mdof/sim_001053.npz,RSN0006_PGA_1p000g,RSN0006,1.0,8.29416395793575,5S_T055,5,0.5499999999999999,0.1884215991249005,elastic,0.004,0.0189885558607502,0.3037301164044585,0.0018634201719155,70.6063717963848,train
1054,data/simulations/mdof/sim_001054.npz,RSN0006_PGA_1p000g,RSN0006,1.0,8.29416395793575,5S_T055,5,0.5499999999999999,0.1884215991249005,bilinear,0.004,0.0189885558607502,0.3037301164044586,0.0018634201719155,70.60637179638486,train
1055,data/simulations/mdof/sim_001055.npz,RSN0006_PGA_1p000g,RSN0006,1.0,8.29416395793575,5S_T055,5,0.5499999999999999,0.1884215991249005,bilinear,0.007,0.0189885558607502,0.3037301164044586,0.0018634201719155,70.60637179638486,train
1056,data/simulations/mdof/sim_001056.npz,RSN0006_PGA_1p000g,RSN0006,1.0,8.29416395793575,5S_T085,5,0.8499999999999999,0.2911970168293918,elastic,0.004,0.0334322561690418,0.219623195650309,0.0028776634979537,105.96354899590725,train
1057,data/simulations/mdof/sim_001057.npz,RSN0006_PGA_1p000g,RSN0006,1.0,8.29416395793575,5S_T085,5,0.8499999999999999,0.2911970168293918,bilinear,0.004,0.0334322561690418,0.2196231956503087,0.0028776634979537,105.9635489959071,train
1058,data/simulations/mdof/sim_001058.npz,RSN0006_PGA_1p000g,RSN0006,1.0,8.29416395793575,5S_T085,5,0.8499999999999999,0.2911970168293918,bilinear,0.007,0.0334322561690418,0.2196231956503087,0.0028776634979537,105.9635489959071,train
1059,data/simulations/mdof/sim_001059.npz,RSN0006_PGA_1p000g,RSN0006,1.0,8.29416395793575,5S_T120,5,1.2000000000000008,0.4111016708179651,elastic,0.004,0.0672212183035779,0.2382458756694955,0.005654701910721,253.68311157930248,ood_b
1060,data/simulations/mdof/sim_001060.npz,RSN0006_PGA_1p000g,RSN0006,1.0,8.29416395793575,5S_T120,5,1.2000000000000008,0.4111016708179651,bilinear,0.004,0.0686158171250416,0.236421504276879,0.0080770298639324,298.27998024307357,ood_b
1061,data/simulations/mdof/sim_001061.npz,RSN0006_PGA_1p000g,RSN0006,1.0,8.29416395793575,5S_T120,5,1.2000000000000008,0.4111016708179651,bilinear,0.007,0.0672212183035779,0.2382458756694966,0.005654701910721,253.6831115793035,ood_b
1062,data/simulations/mdof/sim_001062.npz,RSN0006_PGA_1p200g,RSN0006,1.2,9.952996749522898,3S_T035,3,0.3499999999999998,0.1249135537622733,elastic,0.004,0.0121526163154054,0.3314419211967465,0.0018544320716442,46.72172792201562,train
1063,data/simulations/mdof/sim_001063.npz,RSN0006_PGA_1p200g,RSN0006,1.2,9.952996749522898,3S_T035,3,0.3499999999999998,0.1249135537622733,bilinear,0.004,0.0121526163154054,0.3314419211967462,0.0018544320716442,46.721727922015546,train
1064,data/simulations/mdof/sim_001064.npz,RSN0006_PGA_1p200g,RSN0006,1.2,9.952996749522898,3S_T035,3,0.3499999999999998,0.1249135537622733,bilinear,0.007,0.0121526163154054,0.3314419211967462,0.0018544320716442,46.721727922015546,train
1065,data/simulations/mdof/sim_001065.npz,RSN0006_PGA_1p200g,RSN0006,1.2,9.952996749522898,3S_T060,3,0.6,0.2141375207353256,elastic,0.004,0.0242226123804902,0.3296112643292371,0.0033000040976547,74.4668451728223,train
1066,data/simulations/mdof/sim_001066.npz,RSN0006_PGA_1p200g,RSN0006,1.2,9.952996749522898,3S_T060,3,0.6,0.2141375207353256,bilinear,0.004,0.0242226123804902,0.3296112643292359,0.0033000040976547,74.46684517282199,id_test
1067,data/simulations/mdof/sim_001067.npz,RSN0006_PGA_1p200g,RSN0006,1.2,9.952996749522898,3S_T060,3,0.6,0.2141375207353256,bilinear,0.007,0.0242226123804902,0.3296112643292359,0.0033000040976547,74.46684517282199,train
1068,data/simulations/mdof/sim_001068.npz,RSN0006_PGA_1p200g,RSN0006,1.2,9.952996749522898,3S_T090,3,0.9,0.3212062811029884,elastic,0.004,0.0527470301260435,0.3086814999589429,0.0065403608925394,189.376339702418,train
1069,data/simulations/mdof/sim_001069.npz,RSN0006_PGA_1p200g,RSN0006,1.2,9.952996749522898,3S_T090,3,0.9,0.3212062811029884,bilinear,0.004,0.0547917427507062,0.2999200043326919,0.009978444343593,211.82061123656547,train
1070,data/simulations/mdof/sim_001070.npz,RSN0006_PGA_1p200g,RSN0006,1.2,9.952996749522898,3S_T090,3,0.9,0.3212062811029884,bilinear,0.007,0.0527470301260435,0.3086814999589435,0.0065403608925394,189.3763397024179,train
1071,data/simulations/mdof/sim_001071.npz,RSN0006_PGA_1p200g,RSN0006,1.2,9.952996749522898,5S_T055,5,0.5499999999999999,0.1884215991249005,elastic,0.004,0.0227862670329002,0.3644761396853516,0.0022361042062986,101.67317538679416,train
1072,data/simulations/mdof/sim_001072.npz,RSN0006_PGA_1p200g,RSN0006,1.2,9.952996749522898,5S_T055,5,0.5499999999999999,0.1884215991249005,bilinear,0.004,0.0227862670329003,0.364476139685352,0.0022361042062986,101.67317538679455,train
1073,data/simulations/mdof/sim_001073.npz,RSN0006_PGA_1p200g,RSN0006,1.2,9.952996749522898,5S_T055,5,0.5499999999999999,0.1884215991249005,bilinear,0.007,0.0227862670329003,0.364476139685352,0.0022361042062986,101.67317538679455,train
1074,data/simulations/mdof/sim_001074.npz,RSN0006_PGA_1p200g,RSN0006,1.2,9.952996749522898,5S_T085,5,0.8499999999999999,0.2911970168293918,elastic,0.004,0.0401187074028502,0.2635478347803703,0.0034531961975444,152.5875105541067,train
1075,data/simulations/mdof/sim_001075.npz,RSN0006_PGA_1p200g,RSN0006,1.2,9.952996749522898,5S_T085,5,0.8499999999999999,0.2911970168293918,bilinear,0.004,0.0401187074028502,0.2635478347803707,0.0034531961975444,152.58751055410636,train
1076,data/simulations/mdof/sim_001076.npz,RSN0006_PGA_1p200g,RSN0006,1.2,9.952996749522898,5S_T085,5,0.8499999999999999,0.2911970168293918,bilinear,0.007,0.0401187074028502,0.2635478347803707,0.0034531961975444,152.58751055410636,train
1077,data/simulations/mdof/sim_001077.npz,RSN0006_PGA_1p200g,RSN0006,1.2,9.952996749522898,5S_T120,5,1.2000000000000008,0.4111016708179651,elastic,0.004,0.0806654619642935,0.285895050803395,0.0067856422928652,365.3036806741963,ood_b
1078,data/simulations/mdof/sim_001078.npz,RSN0006_PGA_1p200g,RSN0006,1.2,9.952996749522898,5S_T120,5,1.2000000000000008,0.4111016708179651,bilinear,0.004,0.0755685644341914,0.2769899579654795,0.0093071679417366,488.49772954620175,ood_b
1079,data/simulations/mdof/sim_001079.npz,RSN0006_PGA_1p200g,RSN0006,1.2,9.952996749522898,5S_T120,5,1.2000000000000008,0.4111016708179651,bilinear,0.007,0.0806654619642936,0.2858950508033941,0.0067856422928652,365.3036806741979,ood_b
1080,data/simulations/mdof/sim_001080.npz,RSN0007_PGA_0p050g,RSN0007,0.05,0.9519024195170398,3S_T035,3,0.3499999999999998,0.1249135537622733,elastic,0.004,0.0003304048232363,0.0113040970634983,5.0622946022221576e-05,0.0355520859735343,train
1081,data/simulations/mdof/sim_001081.npz,RSN0007_PGA_0p050g,RSN0007,0.05,0.9519024195170398,3S_T035,3,0.3499999999999998,0.1249135537622733,bilinear,0.004,0.0003304048232363,0.0113040970634983,5.062294602222164e-05,0.0355520859735343,id_test
1082,data/simulations/mdof/sim_001082.npz,RSN0007_PGA_0p050g,RSN0007,0.05,0.9519024195170398,3S_T035,3,0.3499999999999998,0.1249135537622733,bilinear,0.007,0.0003304048232363,0.0113040970634983,5.062294602222164e-05,0.0355520859735343,train
1083,data/simulations/mdof/sim_001083.npz,RSN0007_PGA_0p050g,RSN0007,0.05,0.9519024195170398,3S_T060,3,0.6,0.2141375207353256,elastic,0.004,0.0008760892236846,0.0099305372056564,0.0001239690139093,0.0984241582411611,train
1084,data/simulations/mdof/sim_001084.npz,RSN0007_PGA_0p050g,RSN0007,0.05,0.9519024195170398,3S_T060,3,0.6,0.2141375207353256,bilinear,0.004,0.0008760892236846,0.0099305372056564,0.0001239690139093,0.0984241582411614,train
1085,data/simulations/mdof/sim_001085.npz,RSN0007_PGA_0p050g,RSN0007,0.05,0.9519024195170398,3S_T060,3,0.6,0.2141375207353256,bilinear,0.007,0.0008760892236846,0.0099305372056564,0.0001239690139093,0.0984241582411614,id_test
1086,data/simulations/mdof/sim_001086.npz,RSN0007_PGA_0p050g,RSN0007,0.05,0.9519024195170398,3S_T090,3,0.9,0.3212062811029884,elastic,0.004,0.0016987298117092,0.009253050009161,0.0001970975151164,0.1879562635701528,train
1087,data/simulations/mdof/sim_001087.npz,RSN0007_PGA_0p050g,RSN0007,0.05,0.9519024195170398,3S_T090,3,0.9,0.3212062811029884,bilinear,0.004,0.0016987298117093,0.009253050009161,0.0001970975151164,0.1879562635701536,train
1088,data/simulations/mdof/sim_001088.npz,RSN0007_PGA_0p050g,RSN0007,0.05,0.9519024195170398,3S_T090,3,0.9,0.3212062811029884,bilinear,0.007,0.0016987298117093,0.009253050009161,0.0001970975151164,0.1879562635701536,train
1089,data/simulations/mdof/sim_001089.npz,RSN0007_PGA_0p050g,RSN0007,0.05,0.9519024195170398,5S_T055,5,0.5499999999999999,0.1884215991249005,elastic,0.004,0.0006525939932183,0.0101557051414229,6.285058006540231e-05,0.0814063745621547,train
1090,data/simulations/mdof/sim_001090.npz,RSN0007_PGA_0p050g,RSN0007,0.05,0.9519024195170398,5S_T055,5,0.5499999999999999,0.1884215991249005,bilinear,0.004,0.0006525939932183,0.0101557051414229,6.28505800654022e-05,0.0814063745621545,train
1091,data/simulations/mdof/sim_001091.npz,RSN0007_PGA_0p050g,RSN0007,0.05,0.9519024195170398,5S_T055,5,0.5499999999999999,0.1884215991249005,bilinear,0.007,0.0006525939932183,0.0101557051414229,6.28505800654022e-05,0.0814063745621545,train
1092,data/simulations/mdof/sim_001092.npz,RSN0007_PGA_0p050g,RSN0007,0.05,0.9519024195170398,5S_T085,5,0.8499999999999999,0.2911970168293918,elastic,0.004,0.0016302876395087,0.008849953157455,0.0001493711237678,0.2511298490344689,train
1093,data/simulations/mdof/sim_001093.npz,RSN0007_PGA_0p050g,RSN0007,0.05,0.9519024195170398,5S_T085,5,0.8499999999999999,0.2911970168293918,bilinear,0.004,0.0016302876395087,0.008849953157455,0.0001493711237678,0.2511298490344683,train
1094,data/simulations/mdof/sim_001094.npz,RSN0007_PGA_0p050g,RSN0007,0.05,0.9519024195170398,5S_T085,5,0.8499999999999999,0.2911970168293918,bilinear,0.007,0.0016302876395087,0.008849953157455,0.0001493711237678,0.2511298490344683,train
1095,data/simulations/mdof/sim_001095.npz,RSN0007_PGA_0p050g,RSN0007,0.05,0.9519024195170398,5S_T120,5,1.2000000000000008,0.4111016708179651,elastic,0.004,0.0018610806538571,0.0095408671025513,0.0001442521131232,0.1994760406961833,ood_b
1096,data/simulations/mdof/sim_001096.npz,RSN0007_PGA_0p050g,RSN0007,0.05,0.9519024195170398,5S_T120,5,1.2000000000000008,0.4111016708179651,bilinear,0.004,0.0018610806538571,0.0095408671025513,0.0001442521131232,0.1994760406961821,ood_b
1097,data/simulations/mdof/sim_001097.npz,RSN0007_PGA_0p050g,RSN0007,0.05,0.9519024195170398,5S_T120,5,1.2000000000000008,0.4111016708179651,bilinear,0.007,0.0018610806538571,0.0095408671025513,0.0001442521131232,0.1994760406961821,ood_b
1098,data/simulations/mdof/sim_001098.npz,RSN0007_PGA_0p100g,RSN0007,0.1,1.9038048390340796,3S_T035,3,0.3499999999999998,0.1249135537622733,elastic,0.004,0.0006608096464726,0.0226081941269967,0.0001012458920444,0.1422083438941373,train
1099,data/simulations/mdof/sim_001099.npz,RSN0007_PGA_0p100g,RSN0007,0.1,1.9038048390340796,3S_T035,3,0.3499999999999998,0.1249135537622733,bilinear,0.004,0.0006608096464726,0.0226081941269967,0.0001012458920444,0.1422083438941374,train
1100,data/simulations/mdof/sim_001100.npz,RSN0007_PGA_0p100g,RSN0007,0.1,1.9038048390340796,3S_T035,3,0.3499999999999998,0.1249135537622733,bilinear,0.007,0.0006608096464726,0.0226081941269967,0.0001012458920444,0.1422083438941374,train
1101,data/simulations/mdof/sim_001101.npz,RSN0007_PGA_0p100g,RSN0007,0.1,1.9038048390340796,3S_T060,3,0.6,0.2141375207353256,elastic,0.004,0.0017521784473692,0.0198610744113128,0.0002479380278186,0.3936966329646445,train
1102,data/simulations/mdof/sim_001102.npz,RSN0007_PGA_0p100g,RSN0007,0.1,1.9038048390340796,3S_T060,3,0.6,0.2141375207353256,bilinear,0.004,0.0017521784473692,0.0198610744113128,0.0002479380278186,0.3936966329646458,train
1103,data/simulations/mdof/sim_001103.npz,RSN0007_PGA_0p100g,RSN0007,0.1,1.9038048390340796,3S_T060,3,0.6,0.2141375207353256,bilinear,0.007,0.0017521784473692,0.0198610744113128,0.0002479380278186,0.3936966329646458,train
1104,data/simulations/mdof/sim_001104.npz,RSN0007_PGA_0p100g,RSN0007,0.1,1.9038048390340796,3S_T090,3,0.9,0.3212062811029884,elastic,0.004,0.0033974596234185,0.0185061000183221,0.0003941950302328,0.7518250542806113,train
1105,data/simulations/mdof/sim_001105.npz,RSN0007_PGA_0p100g,RSN0007,0.1,1.9038048390340796,3S_T090,3,0.9,0.3212062811029884,bilinear,0.004,0.0033974596234186,0.0185061000183221,0.0003941950302328,0.7518250542806144,train
1106,data/simulations/mdof/sim_001106.npz,RSN0007_PGA_0p100g,RSN0007,0.1,1.9038048390340796,3S_T090,3,0.9,0.3212062811029884,bilinear,0.007,0.0033974596234186,0.0185061000183221,0.0003941950302328,0.7518250542806144,train
1107,data/simulations/mdof/sim_001107.npz,RSN0007_PGA_0p100g,RSN0007,0.1,1.9038048390340796,5S_T055,5,0.5499999999999999,0.1884215991249005,elastic,0.004,0.0013051879864366,0.0203114102828458,0.0001257011601308,0.3256254982486191,id_test
1108,data/simulations/mdof/sim_001108.npz,RSN0007_PGA_0p100g,RSN0007,0.1,1.9038048390340796,5S_T055,5,0.5499999999999999,0.1884215991249005,bilinear,0.004,0.0013051879864366,0.0203114102828459,0.0001257011601308,0.3256254982486181,train
1109,data/simulations/mdof/sim_001109.npz,RSN0007_PGA_0p100g,RSN0007,0.1,1.9038048390340796,5S_T055,5,0.5499999999999999,0.1884215991249005,bilinear,0.007,0.0013051879864366,0.0203114102828459,0.0001257011601308,0.3256254982486181,train
1110,data/simulations/mdof/sim_001110.npz,RSN0007_PGA_0p100g,RSN0007,0.1,1.9038048390340796,5S_T085,5,0.8499999999999999,0.2911970168293918,elastic,0.004,0.0032605752790174,0.01769990631491,0.0002987422475357,1.0045193961378758,train
1111,data/simulations/mdof/sim_001111.npz,RSN0007_PGA_0p100g,RSN0007,0.1,1.9038048390340796,5S_T085,5,0.8499999999999999,0.2911970168293918,bilinear,0.004,0.0032605752790174,0.01769990631491,0.0002987422475357,1.004519396137873,train
1112,data/simulations/mdof/sim_001112.npz,RSN0007_PGA_0p100g,RSN0007,0.1,1.9038048390340796,5S_T085,5,0.8499999999999999,0.2911970168293918,bilinear,0.007,0.0032605752790174,0.01769990631491,0.0002987422475357,1.004519396137873,train
1113,data/simulations/mdof/sim_001113.npz,RSN0007_PGA_0p100g,RSN0007,0.1,1.9038048390340796,5S_T120,5,1.2000000000000008,0.4111016708179651,elastic,0.004,0.0037221613077143,0.0190817342051027,0.0002885042262465,0.7979041627847335,ood_b
1114,data/simulations/mdof/sim_001114.npz,RSN0007_PGA_0p100g,RSN0007,0.1,1.9038048390340796,5S_T120,5,1.2000000000000008,0.4111016708179651,bilinear,0.004,0.0037221613077143,0.0190817342051027,0.0002885042262465,0.7979041627847298,ood_b
1115,data/simulations/mdof/sim_001115.npz,RSN0007_PGA_0p100g,RSN0007,0.1,1.9038048390340796,5S_T120,5,1.2000000000000008,0.4111016708179651,bilinear,0.007,0.0037221613077143,0.0190817342051027,0.0002885042262465,0.7979041627847298,ood_b
1116,data/simulations/mdof/sim_001116.npz,RSN0007_PGA_0p200g,RSN0007,0.2,3.807609678068159,3S_T035,3,0.3499999999999998,0.1249135537622733,elastic,0.004,0.0013216192929452,0.0452163882539935,0.0002024917840888,0.5688333755765492,train
1117,data/simulations/mdof/sim_001117.npz,RSN0007_PGA_0p200g,RSN0007,0.2,3.807609678068159,3S_T035,3,0.3499999999999998,0.1249135537622733,bilinear,0.004,0.0013216192929452,0.0452163882539934,0.0002024917840888,0.5688333755765497,train
1118,data/simulations/mdof/sim_001118.npz,RSN0007_PGA_0p200g,RSN0007,0.2,3.807609678068159,3S_T035,3,0.3499999999999998,0.1249135537622733,bilinear,0.007,0.0013216192929452,0.0452163882539934,0.0002024917840888,0.5688333755765497,train
1119,data/simulations/mdof/sim_001119.npz,RSN0007_PGA_0p200g,RSN0007,0.2,3.807609678068159,3S_T060,3,0.6,0.2141375207353256,elastic,0.004,0.0035043568947384,0.0397221488226257,0.0004958760556372,1.574786531858578,train
1120,data/simulations/mdof/sim_001120.npz,RSN0007_PGA_0p200g,RSN0007,0.2,3.807609678068159,3S_T060,3,0.6,0.2141375207353256,bilinear,0.004,0.0035043568947384,0.0397221488226257,0.0004958760556372,1.5747865318585832,train
1121,data/simulations/mdof/sim_001121.npz,RSN0007_PGA_0p200g,RSN0007,0.2,3.807609678068159,3S_T060,3,0.6,0.2141375207353256,bilinear,0.007,0.0035043568947384,0.0397221488226257,0.0004958760556372,1.5747865318585832,id_test
1122,data/simulations/mdof/sim_001122.npz,RSN0007_PGA_0p200g,RSN0007,0.2,3.807609678068159,3S_T090,3,0.9,0.3212062811029884,elastic,0.004,0.0067949192468371,0.0370122000366442,0.0007883900604656,3.007300217122445,train
1123,data/simulations/mdof/sim_001123.npz,RSN0007_PGA_0p200g,RSN0007,0.2,3.807609678068159,3S_T090,3,0.9,0.3212062811029884,bilinear,0.004,0.0067949192468372,0.0370122000366442,0.0007883900604656,3.0073002171224577,train
1124,data/simulations/mdof/sim_001124.npz,RSN0007_PGA_0p200g,RSN0007,0.2,3.807609678068159,3S_T090,3,0.9,0.3212062811029884,bilinear,0.007,0.0067949192468372,0.0370122000366442,0.0007883900604656,3.0073002171224577,train
1125,data/simulations/mdof/sim_001125.npz,RSN0007_PGA_0p200g,RSN0007,0.2,3.807609678068159,5S_T055,5,0.5499999999999999,0.1884215991249005,elastic,0.004,0.0026103759728732,0.0406228205656917,0.0002514023202616,1.3025019929944766,train
1126,data/simulations/mdof/sim_001126.npz,RSN0007_PGA_0p200g,RSN0007,0.2,3.807609678068159,5S_T055,5,0.5499999999999999,0.1884215991249005,bilinear,0.004,0.0026103759728732,0.0406228205656918,0.0002514023202616,1.3025019929944723,id_test
1127,data/simulations/mdof/sim_001127.npz,RSN0007_PGA_0p200g,RSN0007,0.2,3.807609678068159,5S_T055,5,0.5499999999999999,0.1884215991249005,bilinear,0.007,0.0026103759728732,0.0406228205656918,0.0002514023202616,1.3025019929944723,train
1128,data/simulations/mdof/sim_001128.npz,RSN0007_PGA_0p200g,RSN0007,0.2,3.807609678068159,5S_T085,5,0.8499999999999999,0.2911970168293918,elastic,0.004,0.0065211505580348,0.0353998126298201,0.0005974844950715,4.018077584551503,train
1129,data/simulations/mdof/sim_001129.npz,RSN0007_PGA_0p200g,RSN0007,0.2,3.807609678068159,5S_T085,5,0.8499999999999999,0.2911970168293918,bilinear,0.004,0.0065211505580348,0.0353998126298203,0.0005974844950715,4.018077584551507,train
1130,data/simulations/mdof/sim_001130.npz,RSN0007_PGA_0p200g,RSN0007,0.2,3.807609678068159,5S_T085,5,0.8499999999999999,0.2911970168293918,bilinear,0.007,0.0065211505580348,0.0353998126298203,0.0005974844950715,4.018077584551507,train
1131,data/simulations/mdof/sim_001131.npz,RSN0007_PGA_0p200g,RSN0007,0.2,3.807609678068159,5S_T120,5,1.2000000000000008,0.4111016708179651,elastic,0.004,0.0074443226154286,0.0381634684102055,0.000577008452493,3.191616651138934,ood_b
1132,data/simulations/mdof/sim_001132.npz,RSN0007_PGA_0p200g,RSN0007,0.2,3.807609678068159,5S_T120,5,1.2000000000000008,0.4111016708179651,bilinear,0.004,0.0074443226154286,0.0381634684102054,0.000577008452493,3.191616651138919,ood_b
1133,data/simulations/mdof/sim_001133.npz,RSN0007_PGA_0p200g,RSN0007,0.2,3.807609678068159,5S_T120,5,1.2000000000000008,0.4111016708179651,bilinear,0.007,0.0074443226154286,0.0381634684102054,0.000577008452493,3.191616651138919,ood_b
1134,data/simulations/mdof/sim_001134.npz,RSN0007_PGA_0p300g,RSN0007,0.3,5.711414517102239,3S_T035,3,0.3499999999999998,0.1249135537622733,elastic,0.004,0.0019824289394178,0.0678245823809902,0.0003037376761333,1.2798750950472402,train
1135,data/simulations/mdof/sim_001135.npz,RSN0007_PGA_0p300g,RSN0007,0.3,5.711414517102239,3S_T035,3,0.3499999999999998,0.1249135537622733,bilinear,0.004,0.0019824289394178,0.0678245823809902,0.0003037376761333,1.2798750950472353,train
1136,data/simulations/mdof/sim_001136.npz,RSN0007_PGA_0p300g,RSN0007,0.3,5.711414517102239,3S_T035,3,0.3499999999999998,0.1249135537622733,bilinear,0.007,0.0019824289394178,0.0678245823809902,0.0003037376761333,1.2798750950472353,train
1137,data/simulations/mdof/sim_001137.npz,RSN0007_PGA_0p300g,RSN0007,0.3,5.711414517102239,3S_T060,3,0.6,0.2141375207353256,elastic,0.004,0.0052565353421076,0.0595832232339386,0.0007438140834559,3.543269696681808,train
1138,data/simulations/mdof/sim_001138.npz,RSN0007_PGA_0p300g,RSN0007,0.3,5.711414517102239,3S_T060,3,0.6,0.2141375207353256,bilinear,0.004,0.0052565353421075,0.0595832232339386,0.0007438140834559,3.5432696966817976,train
1139,data/simulations/mdof/sim_001139.npz,RSN0007_PGA_0p300g,RSN0007,0.3,5.711414517102239,3S_T060,3,0.6,0.2141375207353256,bilinear,0.007,0.0052565353421075,0.0595832232339386,0.0007438140834559,3.5432696966817976,train
1140,data/simulations/mdof/sim_001140.npz,RSN0007_PGA_0p300g,RSN0007,0.3,5.711414517102239,3S_T090,3,0.9,0.3212062811029884,elastic,0.004,0.0101923788702558,0.0555183000549663,0.0011825850906984,6.766425488525516,train
1141,data/simulations/mdof/sim_001141.npz,RSN0007_PGA_0p300g,RSN0007,0.3,5.711414517102239,3S_T090,3,0.9,0.3212062811029884,bilinear,0.004,0.0101923788702557,0.0555183000549662,0.0011825850906984,6.7664254885255115,train
1142,data/simulations/mdof/sim_001142.npz,RSN0007_PGA_0p300g,RSN0007,0.3,5.711414517102239,3S_T090,3,0.9,0.3212062811029884,bilinear,0.007,0.0101923788702557,0.0555183000549662,0.0011825850906984,6.7664254885255115,train
1143,data/simulations/mdof/sim_001143.npz,RSN0007_PGA_0p300g,RSN0007,0.3,5.711414517102239,5S_T055,5,0.5499999999999999,0.1884215991249005,elastic,0.004,0.0039155639593098,0.0609342308485374,0.0003771034803924,2.930629484237574,train
1144,data/simulations/mdof/sim_001144.npz,RSN0007_PGA_0p300g,RSN0007,0.3,5.711414517102239,5S_T055,5,0.5499999999999999,0.1884215991249005,bilinear,0.004,0.0039155639593098,0.0609342308485375,0.0003771034803924,2.930629484237575,train
1145,data/simulations/mdof/sim_001145.npz,RSN0007_PGA_0p300g,RSN0007,0.3,5.711414517102239,5S_T055,5,0.5499999999999999,0.1884215991249005,bilinear,0.007,0.0039155639593098,0.0609342308485375,0.0003771034803924,2.930629484237575,train
1146,data/simulations/mdof/sim_001146.npz,RSN0007_PGA_0p300g,RSN0007,0.3,5.711414517102239,5S_T085,5,0.8499999999999999,0.2911970168293918,elastic,0.004,0.0097817258370522,0.0530997189447301,0.0008962267426073,9.040674565240884,train
1147,data/simulations/mdof/sim_001147.npz,RSN0007_PGA_0p300g,RSN0007,0.3,5.711414517102239,5S_T085,5,0.8499999999999999,0.2911970168293918,bilinear,0.004,0.0097817258370522,0.0530997189447302,0.0008962267426073,9.040674565240897,train
1148,data/simulations/mdof/sim_001148.npz,RSN0007_PGA_0p300g,RSN0007,0.3,5.711414517102239,5S_T085,5,0.8499999999999999,0.2911970168293918,bilinear,0.007,0.0097817258370522,0.0530997189447302,0.0008962267426073,9.040674565240897,train
1149,data/simulations/mdof/sim_001149.npz,RSN0007_PGA_0p300g,RSN0007,0.3,5.711414517102239,5S_T120,5,1.2000000000000008,0.4111016708179651,elastic,0.004,0.0111664839231429,0.057245202615308,0.0008655126787395,7.181137465062578,ood_b
1150,data/simulations/mdof/sim_001150.npz,RSN0007_PGA_0p300g,RSN0007,0.3,5.711414517102239,5S_T120,5,1.2000000000000008,0.4111016708179651,bilinear,0.004,0.0111664839231429,0.0572452026153079,0.0008655126787395,7.181137465062582,ood_b
1151,data/simulations/mdof/sim_001151.npz,RSN0007_PGA_0p300g,RSN0007,0.3,5.711414517102239,5S_T120,5,1.2000000000000008,0.4111016708179651,bilinear,0.007,0.0111664839231429,0.0572452026153079,0.0008655126787395,7.181137465062582,ood_b
1152,data/simulations/mdof/sim_001152.npz,RSN0007_PGA_0p400g,RSN0007,0.4,7.615219356136318,3S_T035,3,0.3499999999999998,0.1249135537622733,elastic,0.004,0.0026432385858904,0.090432776507987,0.0004049835681777,2.275333502306197,train
1153,data/simulations/mdof/sim_001153.npz,RSN0007_PGA_0p400g,RSN0007,0.4,7.615219356136318,3S_T035,3,0.3499999999999998,0.1249135537622733,bilinear,0.004,0.0026432385858904,0.0904327765079869,0.0004049835681777,2.2753335023061987,train
1154,data/simulations/mdof/sim_001154.npz,RSN0007_PGA_0p400g,RSN0007,0.4,7.615219356136318,3S_T035,3,0.3499999999999998,0.1249135537622733,bilinear,0.007,0.0026432385858904,0.0904327765079869,0.0004049835681777,2.2753335023061987,train
1155,data/simulations/mdof/sim_001155.npz,RSN0007_PGA_0p400g,RSN0007,0.4,7.615219356136318,3S_T060,3,0.6,0.2141375207353256,elastic,0.004,0.0070087137894768,0.0794442976452514,0.0009917521112745,6.299146127434312,train
1156,data/simulations/mdof/sim_001156.npz,RSN0007_PGA_0p400g,RSN0007,0.4,7.615219356136318,3S_T060,3,0.6,0.2141375207353256,bilinear,0.004,0.0070087137894768,0.0794442976452515,0.0009917521112745,6.299146127434333,train
1157,data/simulations/mdof/sim_001157.npz,RSN0007_PGA_0p400g,RSN0007,0.4,7.615219356136318,3S_T060,3,0.6,0.2141375207353256,bilinear,0.007,0.0070087137894768,0.0794442976452515,0.0009917521112745,6.299146127434333,train
1158,data/simulations/mdof/sim_001158.npz,RSN0007_PGA_0p400g,RSN0007,0.4,7.615219356136318,3S_T090,3,0.9,0.3212062811029884,elastic,0.004,0.0135898384936743,0.0740244000732884,0.0015767801209312,12.02920086848978,train
1159,data/simulations/mdof/sim_001159.npz,RSN0007_PGA_0p400g,RSN0007,0.4,7.615219356136318,3S_T090,3,0.9,0.3212062811029884,bilinear,0.004,0.0135898384936744,0.0740244000732885,0.0015767801209312,12.02920086848983,train
1160,data/simulations/mdof/sim_001160.npz,RSN0007_PGA_0p400g,RSN0007,0.4,7.615219356136318,3S_T090,3,0.9,0.3212062811029884,bilinear,0.007,0.0135898384936744,0.0740244000732885,0.0015767801209312,12.02920086848983,id_test
1161,data/simulations/mdof/sim_001161.npz,RSN0007_PGA_0p400g,RSN0007,0.4,7.615219356136318,5S_T055,5,0.5499999999999999,0.1884215991249005,elastic,0.004,0.0052207519457464,0.0812456411313834,0.0005028046405232,5.210007971977906,id_test
1162,data/simulations/mdof/sim_001162.npz,RSN0007_PGA_0p400g,RSN0007,0.4,7.615219356136318,5S_T055,5,0.5499999999999999,0.1884215991249005,bilinear,0.004,0.0052207519457464,0.0812456411313837,0.0005028046405232,5.210007971977889,train
1163,data/simulations/mdof/sim_001163.npz,RSN0007_PGA_0p400g,RSN0007,0.4,7.615219356136318,5S_T055,5,0.5499999999999999,0.1884215991249005,bilinear,0.007,0.0052207519457464,0.0812456411313837,0.0005028046405232,5.210007971977889,train
1164,data/simulations/mdof/sim_001164.npz,RSN0007_PGA_0p400g,RSN0007,0.4,7.615219356136318,5S_T085,5,0.8499999999999999,0.2911970168293918,elastic,0.004,0.0130423011160696,0.0707996252596402,0.001194968990143,16.072310338206012,train
1165,data/simulations/mdof/sim_001165.npz,RSN0007_PGA_0p400g,RSN0007,0.4,7.615219356136318,5S_T085,5,0.8499999999999999,0.2911970168293918,bilinear,0.004,0.0130423011160697,0.0707996252596406,0.001194968990143,16.072310338206027,id_test
1166,data/simulations/mdof/sim_001166.npz,RSN0007_PGA_0p400g,RSN0007,0.4,7.615219356136318,5S_T085,5,0.8499999999999999,0.2911970168293918,bilinear,0.007,0.0130423011160697,0.0707996252596406,0.001194968990143,16.072310338206027,train
1167,data/simulations/mdof/sim_001167.npz,RSN0007_PGA_0p400g,RSN0007,0.4,7.615219356136318,5S_T120,5,1.2000000000000008,0.4111016708179651,elastic,0.004,0.0148886452308572,0.0763269368204111,0.001154016904986,12.766466604555736,ood_b
1168,data/simulations/mdof/sim_001168.npz,RSN0007_PGA_0p400g,RSN0007,0.4,7.615219356136318,5S_T120,5,1.2000000000000008,0.4111016708179651,bilinear,0.004,0.0148886452308572,0.0763269368204108,0.001154016904986,12.766466604555676,ood_b
1169,data/simulations/mdof/sim_001169.npz,RSN0007_PGA_0p400g,RSN0007,0.4,7.615219356136318,5S_T120,5,1.2000000000000008,0.4111016708179651,bilinear,0.007,0.0148886452308572,0.0763269368204108,0.001154016904986,12.766466604555676,ood_b
1170,data/simulations/mdof/sim_001170.npz,RSN0007_PGA_0p500g,RSN0007,0.5,9.519024195170395,3S_T035,3,0.3499999999999998,0.1249135537622733,elastic,0.004,0.003304048232363,0.1130409706349838,0.0005062294602222,3.555208597353444,train
1171,data/simulations/mdof/sim_001171.npz,RSN0007_PGA_0p500g,RSN0007,0.5,9.519024195170395,3S_T035,3,0.3499999999999998,0.1249135537622733,bilinear,0.004,0.003304048232363,0.1130409706349839,0.0005062294602222,3.5552085973534453,train
1172,data/simulations/mdof/sim_001172.npz,RSN0007_PGA_0p500g,RSN0007,0.5,9.519024195170395,3S_T035,3,0.3499999999999998,0.1249135537622733,bilinear,0.007,0.003304048232363,0.1130409706349839,0.0005062294602222,3.5552085973534453,train
1173,data/simulations/mdof/sim_001173.npz,RSN0007_PGA_0p500g,RSN0007,0.5,9.519024195170395,3S_T060,3,0.6,0.2141375207353256,elastic,0.004,0.0087608922368459,0.0993053720565639,0.0012396901390931,9.842415824116094,train
1174,data/simulations/mdof/sim_001174.npz,RSN0007_PGA_0p500g,RSN0007,0.5,9.519024195170395,3S_T060,3,0.6,0.2141375207353256,bilinear,0.004,0.0087608922368459,0.0993053720565641,0.0012396901390931,9.842415824116094,train
1175,data/simulations/mdof/sim_001175.npz,RSN0007_PGA_0p500g,RSN0007,0.5,9.519024195170395,3S_T060,3,0.6,0.2141375207353256,bilinear,0.007,0.0087608922368459,0.0993053720565641,0.0012396901390931,9.842415824116094,id_test
1176,data/simulations/mdof/sim_001176.npz,RSN0007_PGA_0p500g,RSN0007,0.5,9.519024195170395,3S_T090,3,0.9,0.3212062811029884,elastic,0.004,0.0169872981170929,0.0925305000916103,0.001970975151164,18.795626357015284,train
1177,data/simulations/mdof/sim_001177.npz,RSN0007_PGA_0p500g,RSN0007,0.5,9.519024195170395,3S_T090,3,0.9,0.3212062811029884,bilinear,0.004,0.016987298117093,0.0925305000916105,0.001970975151164,18.79562635701536,train
1178,data/simulations/mdof/sim_001178.npz,RSN0007_PGA_0p500g,RSN0007,0.5,9.519024195170395,3S_T090,3,0.9,0.3212062811029884,bilinear,0.007,0.016987298117093,0.0925305000916105,0.001970975151164,18.79562635701536,train
1179,data/simulations/mdof/sim_001179.npz,RSN0007_PGA_0p500g,RSN0007,0.5,9.519024195170395,5S_T055,5,0.5499999999999999,0.1884215991249005,elastic,0.004,0.006525939932183,0.1015570514142297,0.000628505800654,8.14063745621547,train
1180,data/simulations/mdof/sim_001180.npz,RSN0007_PGA_0p500g,RSN0007,0.5,9.519024195170395,5S_T055,5,0.5499999999999999,0.1884215991249005,bilinear,0.004,0.0065259399321831,0.1015570514142295,0.000628505800654,8.140637456215483,train
1181,data/simulations/mdof/sim_001181.npz,RSN0007_PGA_0p500g,RSN0007,0.5,9.519024195170395,5S_T055,5,0.5499999999999999,0.1884215991249005,bilinear,0.007,0.0065259399321831,0.1015570514142295,0.000628505800654,8.140637456215483,train
1182,data/simulations/mdof/sim_001182.npz,RSN0007_PGA_0p500g,RSN0007,0.5,9.519024195170395,5S_T085,5,0.8499999999999999,0.2911970168293918,elastic,0.004,0.0163028763950871,0.0884995315745507,0.0014937112376788,25.11298490344689,train
1183,data/simulations/mdof/sim_001183.npz,RSN0007_PGA_0p500g,RSN0007,0.5,9.519024195170395,5S_T085,5,0.8499999999999999,0.2911970168293918,bilinear,0.004,0.0163028763950871,0.0884995315745505,0.0014937112376788,25.112984903446847,train
1184,data/simulations/mdof/sim_001184.npz,RSN0007_PGA_0p500g,RSN0007,0.5,9.519024195170395,5S_T085,5,0.8499999999999999,0.2911970168293918,bilinear,0.007,0.0163028763950871,0.0884995315745505,0.0014937112376788,25.112984903446847,train
1185,data/simulations/mdof/sim_001185.npz,RSN0007_PGA_0p500g,RSN0007,0.5,9.519024195170395,5S_T120,5,1.2000000000000008,0.4111016708179651,elastic,0.004,0.0186108065385715,0.0954086710255137,0.0014425211312325,19.947604069618254,ood_b
1186,data/simulations/mdof/sim_001186.npz,RSN0007_PGA_0p500g,RSN0007,0.5,9.519024195170395,5S_T120,5,1.2000000000000008,0.4111016708179651,bilinear,0.004,0.0186108065385714,0.0954086710255136,0.0014425211312325,19.94760406961822,ood_b
1187,data/simulations/mdof/sim_001187.npz,RSN0007_PGA_0p500g,RSN0007,0.5,9.519024195170395,5S_T120,5,1.2000000000000008,0.4111016708179651,bilinear,0.007,0.0186108065385714,0.0954086710255136,0.0014425211312325,19.94760406961822,ood_b
1188,data/simulations/mdof/sim_001188.npz,RSN0007_PGA_0p600g,RSN0007,0.6,11.422829034204478,3S_T035,3,0.3499999999999998,0.1249135537622733,elastic,0.004,0.0039648578788356,0.1356491647619805,0.0006074753522666,5.119500380188961,train
1189,data/simulations/mdof/sim_001189.npz,RSN0007_PGA_0p600g,RSN0007,0.6,11.422829034204478,3S_T035,3,0.3499999999999998,0.1249135537622733,bilinear,0.004,0.0039648578788356,0.1356491647619804,0.0006074753522666,5.119500380188941,train
1190,data/simulations/mdof/sim_001190.npz,RSN0007_PGA_0p600g,RSN0007,0.6,11.422829034204478,3S_T035,3,0.3499999999999998,0.1249135537622733,bilinear,0.007,0.0039648578788356,0.1356491647619804,0.0006074753522666,5.119500380188941,id_test
1191,data/simulations/mdof/sim_001191.npz,RSN0007_PGA_0p600g,RSN0007,0.6,11.422829034204478,3S_T060,3,0.6,0.2141375207353256,elastic,0.004,0.0105130706842152,0.1191664464678773,0.0014876281669118,14.173078786727231,train
1192,data/simulations/mdof/sim_001192.npz,RSN0007_PGA_0p600g,RSN0007,0.6,11.422829034204478,3S_T060,3,0.6,0.2141375207353256,bilinear,0.004,0.0105130706842151,0.1191664464678772,0.0014876281669118,14.17307878672719,train
1193,data/simulations/mdof/sim_001193.npz,RSN0007_PGA_0p600g,RSN0007,0.6,11.422829034204478,3S_T060,3,0.6,0.2141375207353256,bilinear,0.007,0.0105130706842151,0.1191664464678772,0.0014876281669118,14.17307878672719,train
1194,data/simulations/mdof/sim_001194.npz,RSN0007_PGA_0p600g,RSN0007,0.6,11.422829034204478,3S_T090,3,0.9,0.3212062811029884,elastic,0.004,0.0203847577405116,0.1110366001099326,0.0023651701813968,27.065701954102064,train
1195,data/simulations/mdof/sim_001195.npz,RSN0007_PGA_0p600g,RSN0007,0.6,11.422829034204478,3S_T090,3,0.9,0.3212062811029884,bilinear,0.004,0.0203847577405115,0.1110366001099325,0.0023651701813968,27.06570195410205,train
1196,data/simulations/mdof/sim_001196.npz,RSN0007_PGA_0p600g,RSN0007,0.6,11.422829034204478,3S_T090,3,0.9,0.3212062811029884,bilinear,0.007,0.0203847577405115,0.1110366001099325,0.0023651701813968,27.06570195410205,train
1197,data/simulations/mdof/sim_001197.npz,RSN0007_PGA_0p600g,RSN0007,0.6,11.422829034204478,5S_T055,5,0.5499999999999999,0.1884215991249005,elastic,0.004,0.0078311279186197,0.1218684616970749,0.0007542069607848,11.7225179369503,train
1198,data/simulations/mdof/sim_001198.npz,RSN0007_PGA_0p600g,RSN0007,0.6,11.422829034204478,5S_T055,5,0.5499999999999999,0.1884215991249005,bilinear,0.004,0.0078311279186197,0.121868461697075,0.0007542069607848,11.7225179369503,train
1199,data/simulations/mdof/sim_001199.npz,RSN0007_PGA_0p600g,RSN0007,0.6,11.422829034204478,5S_T055,5,0.5499999999999999,0.1884215991249005,bilinear,0.007,0.0078311279186197,0.121868461697075,0.0007542069607848,11.7225179369503,train
1200,data/simulations/mdof/sim_001200.npz,RSN0007_PGA_0p600g,RSN0007,0.6,11.422829034204478,5S_T085,5,0.8499999999999999,0.2911970168293918,elastic,0.004,0.0195634516741045,0.1061994378894603,0.0017924534852146,36.16269826096353,train
1201,data/simulations/mdof/sim_001201.npz,RSN0007_PGA_0p600g,RSN0007,0.6,11.422829034204478,5S_T085,5,0.8499999999999999,0.2911970168293918,bilinear,0.004,0.0195634516741045,0.1061994378894605,0.0017924534852146,36.16269826096359,train
1202,data/simulations/mdof/sim_001202.npz,RSN0007_PGA_0p600g,RSN0007,0.6,11.422829034204478,5S_T085,5,0.8499999999999999,0.2911970168293918,bilinear,0.007,0.0195634516741045,0.1061994378894605,0.0017924534852146,36.16269826096359,train
1203,data/simulations/mdof/sim_001203.npz,RSN0007_PGA_0p600g,RSN0007,0.6,11.422829034204478,5S_T120,5,1.2000000000000008,0.4111016708179651,elastic,0.004,0.0223329678462858,0.1144904052306161,0.001731025357479,28.724549860250313,ood_b
1204,data/simulations/mdof/sim_001204.npz,RSN0007_PGA_0p600g,RSN0007,0.6,11.422829034204478,5S_T120,5,1.2000000000000008,0.4111016708179651,bilinear,0.004,0.0223329678462858,0.1144904052306158,0.001731025357479,28.724549860250328,ood_b
1205,data/simulations/mdof/sim_001205.npz,RSN0007_PGA_0p600g,RSN0007,0.6,11.422829034204478,5S_T120,5,1.2000000000000008,0.4111016708179651,bilinear,0.007,0.0223329678462858,0.1144904052306158,0.001731025357479,28.724549860250328,ood_b
1206,data/simulations/mdof/sim_001206.npz,RSN0007_PGA_0p800g,RSN0007,0.8,15.230438712272637,3S_T035,3,0.3499999999999998,0.1249135537622733,elastic,0.004,0.0052864771717808,0.180865553015974,0.0008099671363555,9.101334009224788,train
1207,data/simulations/mdof/sim_001207.npz,RSN0007_PGA_0p800g,RSN0007,0.8,15.230438712272637,3S_T035,3,0.3499999999999998,0.1249135537622733,bilinear,0.004,0.0052864771717808,0.1808655530159739,0.0008099671363555,9.101334009224797,train
1208,data/simulations/mdof/sim_001208.npz,RSN0007_PGA_0p800g,RSN0007,0.8,15.230438712272637,3S_T035,3,0.3499999999999998,0.1249135537622733,bilinear,0.007,0.0052864771717808,0.1808655530159739,0.0008099671363555,9.101334009224797,train
1209,data/simulations/mdof/sim_001209.npz,RSN0007_PGA_0p800g,RSN0007,0.8,15.230438712272637,3S_T060,3,0.6,0.2141375207353256,elastic,0.004,0.0140174275789536,0.1588885952905028,0.0019835042225491,25.19658450973725,train
1210,data/simulations/mdof/sim_001210.npz,RSN0007_PGA_0p800g,RSN0007,0.8,15.230438712272637,3S_T060,3,0.6,0.2141375207353256,bilinear,0.004,0.0140174275789536,0.158888595290503,0.0019835042225491,25.19658450973733,train
1211,data/simulations/mdof/sim_001211.npz,RSN0007_PGA_0p800g,RSN0007,0.8,15.230438712272637,3S_T060,3,0.6,0.2141375207353256,bilinear,0.007,0.0140174275789536,0.158888595290503,0.0019835042225491,25.19658450973733,train
1212,data/simulations/mdof/sim_001212.npz,RSN0007_PGA_0p800g,RSN0007,0.8,15.230438712272637,3S_T090,3,0.9,0.3212062811029884,elastic,0.004,0.0271796769873487,0.1480488001465768,0.0031535602418624,48.11680347395912,train
1213,data/simulations/mdof/sim_001213.npz,RSN0007_PGA_0p800g,RSN0007,0.8,15.230438712272637,3S_T090,3,0.9,0.3212062811029884,bilinear,0.004,0.0271796769873488,0.148048800146577,0.0031535602418624,48.11680347395932,train
1214,data/simulations/mdof/sim_001214.npz,RSN0007_PGA_0p800g,RSN0007,0.8,15.230438712272637,3S_T090,3,0.9,0.3212062811029884,bilinear,0.007,0.0271796769873488,0.148048800146577,0.0031535602418624,48.11680347395932,id_test
1215,data/simulations/mdof/sim_001215.npz,RSN0007_PGA_0p800g,RSN0007,0.8,15.230438712272637,5S_T055,5,0.5499999999999999,0.1884215991249005,elastic,0.004,0.0104415038914929,0.1624912822627669,0.0010056092810464,20.840031887911625,train
1216,data/simulations/mdof/sim_001216.npz,RSN0007_PGA_0p800g,RSN0007,0.8,15.230438712272637,5S_T055,5,0.5499999999999999,0.1884215991249005,bilinear,0.004,0.0104415038914929,0.1624912822627675,0.0010056092810464,20.840031887911557,train
1217,data/simulations/mdof/sim_001217.npz,RSN0007_PGA_0p800g,RSN0007,0.8,15.230438712272637,5S_T055,5,0.5499999999999999,0.1884215991249005,bilinear,0.007,0.0104415038914929,0.1624912822627675,0.0010056092810464,20.840031887911557,train
1218,data/simulations/mdof/sim_001218.npz,RSN0007_PGA_0p800g,RSN0007,0.8,15.230438712272637,5S_T085,5,0.8499999999999999,0.2911970168293918,elastic,0.004,0.0260846022321393,0.1415992505192804,0.0023899379802861,64.28924135282405,train
1219,data/simulations/mdof/sim_001219.npz,RSN0007_PGA_0p800g,RSN0007,0.8,15.230438712272637,5S_T085,5,0.8499999999999999,0.2911970168293918,bilinear,0.004,0.0260846022321394,0.1415992505192812,0.0023899379802861,64.2892413528241,id_test
1220,data/simulations/mdof/sim_001220.npz,RSN0007_PGA_0p800g,RSN0007,0.8,15.230438712272637,5S_T085,5,0.8499999999999999,0.2911970168293918,bilinear,0.007,0.0260846022321394,0.1415992505192812,0.0023899379802861,64.2892413528241,train
1221,data/simulations/mdof/sim_001221.npz,RSN0007_PGA_0p800g,RSN0007,0.8,15.230438712272637,5S_T120,5,1.2000000000000008,0.4111016708179651,elastic,0.004,0.0297772904617144,0.1526538736408223,0.002308033809972,51.065866418222946,ood_b
1222,data/simulations/mdof/sim_001222.npz,RSN0007_PGA_0p800g,RSN0007,0.8,15.230438712272637,5S_T120,5,1.2000000000000008,0.4111016708179651,bilinear,0.004,0.0297772904617144,0.1526538736408216,0.002308033809972,51.065866418222704,ood_b
1223,data/simulations/mdof/sim_001223.npz,RSN0007_PGA_0p800g,RSN0007,0.8,15.230438712272637,5S_T120,5,1.2000000000000008,0.4111016708179651,bilinear,0.007,0.0297772904617144,0.1526538736408216,0.002308033809972,51.065866418222704,ood_b
1224,data/simulations/mdof/sim_001224.npz,RSN0007_PGA_1p000g,RSN0007,1.0,19.03804839034079,3S_T035,3,0.3499999999999998,0.1249135537622733,elastic,0.004,0.0066080964647261,0.2260819412699677,0.0010124589204444,14.220834389413776,train
1225,data/simulations/mdof/sim_001225.npz,RSN0007_PGA_1p000g,RSN0007,1.0,19.03804839034079,3S_T035,3,0.3499999999999998,0.1249135537622733,bilinear,0.004,0.0066080964647261,0.2260819412699679,0.0010124589204444,14.22083438941378,train
1226,data/simulations/mdof/sim_001226.npz,RSN0007_PGA_1p000g,RSN0007,1.0,19.03804839034079,3S_T035,3,0.3499999999999998,0.1249135537622733,bilinear,0.007,0.0066080964647261,0.2260819412699679,0.0010124589204444,14.22083438941378,train
1227,data/simulations/mdof/sim_001227.npz,RSN0007_PGA_1p000g,RSN0007,1.0,19.03804839034079,3S_T060,3,0.6,0.2141375207353256,elastic,0.004,0.0175217844736919,0.1986107441131279,0.0024793802781863,39.369663296464374,train
1228,data/simulations/mdof/sim_001228.npz,RSN0007_PGA_1p000g,RSN0007,1.0,19.03804839034079,3S_T060,3,0.6,0.2141375207353256,bilinear,0.004,0.0175217844736919,0.1986107441131283,0.0024793802781863,39.369663296464374,train
1229,data/simulations/mdof/sim_001229.npz,RSN0007_PGA_1p000g,RSN0007,1.0,19.03804839034079,3S_T060,3,0.6,0.2141375207353256,bilinear,0.007,0.0175217844736919,0.1986107441131283,0.0024793802781863,39.369663296464374,train
1230,data/simulations/mdof/sim_001230.npz,RSN0007_PGA_1p000g,RSN0007,1.0,19.03804839034079,3S_T090,3,0.9,0.3212062811029884,elastic,0.004,0.0339745962341859,0.1850610001832207,0.0039419503023281,75.18250542806113,train
1231,data/simulations/mdof/sim_001231.npz,RSN0007_PGA_1p000g,RSN0007,1.0,19.03804839034079,3S_T090,3,0.9,0.3212062811029884,bilinear,0.004,0.033974596234186,0.185061000183221,0.0039419503023281,75.18250542806143,train
1232,data/simulations/mdof/sim_001232.npz,RSN0007_PGA_1p000g,RSN0007,1.0,19.03804839034079,3S_T090,3,0.9,0.3212062811029884,bilinear,0.007,0.033974596234186,0.185061000183221,0.0039419503023281,75.18250542806143,train
1233,data/simulations/mdof/sim_001233.npz,RSN0007_PGA_1p000g,RSN0007,1.0,19.03804839034079,5S_T055,5,0.5499999999999999,0.1884215991249005,elastic,0.004,0.0130518798643661,0.2031141028284594,0.001257011601308,32.56254982486188,train
1234,data/simulations/mdof/sim_001234.npz,RSN0007_PGA_1p000g,RSN0007,1.0,19.03804839034079,5S_T055,5,0.5499999999999999,0.1884215991249005,bilinear,0.004,0.0130518798643662,0.203114102828459,0.001257011601308,32.56254982486193,train
1235,data/simulations/mdof/sim_001235.npz,RSN0007_PGA_1p000g,RSN0007,1.0,19.03804839034079,5S_T055,5,0.5499999999999999,0.1884215991249005,bilinear,0.007,0.0130518798643662,0.203114102828459,0.001257011601308,32.56254982486193,train
1236,data/simulations/mdof/sim_001236.npz,RSN0007_PGA_1p000g,RSN0007,1.0,19.03804839034079,5S_T085,5,0.8499999999999999,0.2911970168293918,elastic,0.004,0.0326057527901742,0.1769990631491014,0.0029874224753576,100.45193961378756,train
1237,data/simulations/mdof/sim_001237.npz,RSN0007_PGA_1p000g,RSN0007,1.0,19.03804839034079,5S_T085,5,0.8499999999999999,0.2911970168293918,bilinear,0.004,0.0326057527901742,0.176999063149101,0.0029874224753576,100.4519396137874,train
1238,data/simulations/mdof/sim_001238.npz,RSN0007_PGA_1p000g,RSN0007,1.0,19.03804839034079,5S_T085,5,0.8499999999999999,0.2911970168293918,bilinear,0.007,0.0326057527901742,0.176999063149101,0.0029874224753576,100.4519396137874,id_test
1239,data/simulations/mdof/sim_001239.npz,RSN0007_PGA_1p000g,RSN0007,1.0,19.03804839034079,5S_T120,5,1.2000000000000008,0.4111016708179651,elastic,0.004,0.037221613077143,0.1908173420510275,0.002885042262465,79.79041627847302,ood_b
1240,data/simulations/mdof/sim_001240.npz,RSN0007_PGA_1p000g,RSN0007,1.0,19.03804839034079,5S_T120,5,1.2000000000000008,0.4111016708179651,bilinear,0.004,0.0372216130771429,0.1908173420510273,0.002885042262465,79.79041627847288,ood_b
1241,data/simulations/mdof/sim_001241.npz,RSN0007_PGA_1p000g,RSN0007,1.0,19.03804839034079,5S_T120,5,1.2000000000000008,0.4111016708179651,bilinear,0.007,0.0372216130771429,0.1908173420510273,0.002885042262465,79.79041627847288,ood_b
1242,data/simulations/mdof/sim_001242.npz,RSN0007_PGA_1p200g,RSN0007,1.2,22.845658068408955,3S_T035,3,0.3499999999999998,0.1249135537622733,elastic,0.004,0.0079297157576713,0.2712983295239611,0.0012149507045333,20.478001520755843,train
1243,data/simulations/mdof/sim_001243.npz,RSN0007_PGA_1p200g,RSN0007,1.2,22.845658068408955,3S_T035,3,0.3499999999999998,0.1249135537622733,bilinear,0.004,0.0079297157576713,0.2712983295239609,0.0012149507045333,20.478001520755765,train
1244,data/simulations/mdof/sim_001244.npz,RSN0007_PGA_1p200g,RSN0007,1.2,22.845658068408955,3S_T035,3,0.3499999999999998,0.1249135537622733,bilinear,0.007,0.0079297157576713,0.2712983295239609,0.0012149507045333,20.478001520755765,id_test
1245,data/simulations/mdof/sim_001245.npz,RSN0007_PGA_1p200g,RSN0007,1.2,22.845658068408955,3S_T060,3,0.6,0.2141375207353256,elastic,0.004,0.0210261413684304,0.2383328929357546,0.0029752563338236,56.692315146908925,train
1246,data/simulations/mdof/sim_001246.npz,RSN0007_PGA_1p200g,RSN0007,1.2,22.845658068408955,3S_T060,3,0.6,0.2141375207353256,bilinear,0.004,0.0210261413684303,0.2383328929357544,0.0029752563338236,56.69231514690876,train
1247,data/simulations/mdof/sim_001247.npz,RSN0007_PGA_1p200g,RSN0007,1.2,22.845658068408955,3S_T060,3,0.6,0.2141375207353256,bilinear,0.007,0.0210261413684303,0.2383328929357544,0.0029752563338236,56.69231514690876,train
1248,data/simulations/mdof/sim_001248.npz,RSN0007_PGA_1p200g,RSN0007,1.2,22.845658068408955,3S_T090,3,0.9,0.3212062811029884,elastic,0.004,0.0407695154810232,0.2220732002198652,0.0047303403627937,108.26280781640826,train
1249,data/simulations/mdof/sim_001249.npz,RSN0007_PGA_1p200g,RSN0007,1.2,22.845658068408955,3S_T090,3,0.9,0.3212062811029884,bilinear,0.004,0.0408160919525649,0.2148714475690654,0.0056663767774274,116.75439650488228,id_test
1250,data/simulations/mdof/sim_001250.npz,RSN0007_PGA_1p200g,RSN0007,1.2,22.845658068408955,3S_T090,3,0.9,0.3212062811029884,bilinear,0.007,0.0407695154810231,0.222073200219865,0.0047303403627937,108.26280781640818,train
1251,data/simulations/mdof/sim_001251.npz,RSN0007_PGA_1p200g,RSN0007,1.2,22.845658068408955,5S_T055,5,0.5499999999999999,0.1884215991249005,elastic,0.004,0.0156622558372394,0.2437369233941498,0.0015084139215696,46.890071747801194,train
1252,data/simulations/mdof/sim_001252.npz,RSN0007_PGA_1p200g,RSN0007,1.2,22.845658068408955,5S_T055,5,0.5499999999999999,0.1884215991249005,bilinear,0.004,0.0156622558372394,0.2437369233941501,0.0015084139215696,46.8900717478012,train
1253,data/simulations/mdof/sim_001253.npz,RSN0007_PGA_1p200g,RSN0007,1.2,22.845658068408955,5S_T055,5,0.5499999999999999,0.1884215991249005,bilinear,0.007,0.0156622558372394,0.2437369233941501,0.0015084139215696,46.8900717478012,train
1254,data/simulations/mdof/sim_001254.npz,RSN0007_PGA_1p200g,RSN0007,1.2,22.845658068408955,5S_T085,5,0.8499999999999999,0.2911970168293918,elastic,0.004,0.039126903348209,0.2123988757789207,0.0035849069704292,144.65079304385412,train
1255,data/simulations/mdof/sim_001255.npz,RSN0007_PGA_1p200g,RSN0007,1.2,22.845658068408955,5S_T085,5,0.8499999999999999,0.2911970168293918,bilinear,0.004,0.0391269033482091,0.2123988757789211,0.0035849069704292,144.65079304385435,train
1256,data/simulations/mdof/sim_001256.npz,RSN0007_PGA_1p200g,RSN0007,1.2,22.845658068408955,5S_T085,5,0.8499999999999999,0.2911970168293918,bilinear,0.007,0.0391269033482091,0.2123988757789211,0.0035849069704292,144.65079304385435,train
1257,data/simulations/mdof/sim_001257.npz,RSN0007_PGA_1p200g,RSN0007,1.2,22.845658068408955,5S_T120,5,1.2000000000000008,0.4111016708179651,elastic,0.004,0.0446659356925716,0.2289808104612322,0.0034620507149581,114.89819944100124,ood_b
1258,data/simulations/mdof/sim_001258.npz,RSN0007_PGA_1p200g,RSN0007,1.2,22.845658068408955,5S_T120,5,1.2000000000000008,0.4111016708179651,bilinear,0.004,0.0446659356925716,0.2289808104612317,0.0034620507149581,114.89819944100132,ood_b
1259,data/simulations/mdof/sim_001259.npz,RSN0007_PGA_1p200g,RSN0007,1.2,22.845658068408955,5S_T120,5,1.2000000000000008,0.4111016708179651,bilinear,0.007,0.0446659356925716,0.2289808104612317,0.0034620507149581,114.89819944100132,ood_b
1260,data/simulations/mdof/sim_001260.npz,RSN0008_PGA_0p050g,RSN0008,0.05,1.3025827278856863,3S_T035,3,0.3499999999999998,0.1249135537622733,elastic,0.004,0.0003438685336376,0.0093861603192077,5.1937516317680946e-05,0.0396589250866489,train
1261,data/simulations/mdof/sim_001261.npz,RSN0008_PGA_0p050g,RSN0008,0.05,1.3025827278856863,3S_T035,3,0.3499999999999998,0.1249135537622733,bilinear,0.004,0.0003438685336376,0.0093861603192077,5.193751631768107e-05,0.039658925086649,train
1262,data/simulations/mdof/sim_001262.npz,RSN0008_PGA_0p050g,RSN0008,0.05,1.3025827278856863,3S_T035,3,0.3499999999999998,0.1249135537622733,bilinear,0.007,0.0003438685336376,0.0093861603192077,5.193751631768107e-05,0.039658925086649,train
1263,data/simulations/mdof/sim_001263.npz,RSN0008_PGA_0p050g,RSN0008,0.05,1.3025827278856863,3S_T060,3,0.6,0.2141375207353256,elastic,0.004,0.0009220745267634,0.0126030540971175,0.0001317574364916,0.1140895817932499,train
1264,data/simulations/mdof/sim_001264.npz,RSN0008_PGA_0p050g,RSN0008,0.05,1.3025827278856863,3S_T060,3,0.6,0.2141375207353256,bilinear,0.004,0.0009220745267634,0.0126030540971176,0.0001317574364916,0.1140895817932497,train
1265,data/simulations/mdof/sim_001265.npz,RSN0008_PGA_0p050g,RSN0008,0.05,1.3025827278856863,3S_T060,3,0.6,0.2141375207353256,bilinear,0.007,0.0009220745267634,0.0126030540971176,0.0001317574364916,0.1140895817932497,train
1266,data/simulations/mdof/sim_001266.npz,RSN0008_PGA_0p050g,RSN0008,0.05,1.3025827278856863,3S_T090,3,0.9,0.3212062811029884,elastic,0.004,0.0016034523461827,0.0093949108762361,0.0002396788790412,0.2092726604243284,train
1267,data/simulations/mdof/sim_001267.npz,RSN0008_PGA_0p050g,RSN0008,0.05,1.3025827278856863,3S_T090,3,0.9,0.3212062811029884,bilinear,0.004,0.0016034523461827,0.0093949108762361,0.0002396788790412,0.2092726604243283,train
1268,data/simulations/mdof/sim_001268.npz,RSN0008_PGA_0p050g,RSN0008,0.05,1.3025827278856863,3S_T090,3,0.9,0.3212062811029884,bilinear,0.007,0.0016034523461827,0.0093949108762361,0.0002396788790412,0.2092726604243283,train
1269,data/simulations/mdof/sim_001269.npz,RSN0008_PGA_0p050g,RSN0008,0.05,1.3025827278856863,5S_T055,5,0.5499999999999999,0.1884215991249005,elastic,0.004,0.0007634989818557,0.0142767782633802,6.390770242248575e-05,0.1057463100538708,train
1270,data/simulations/mdof/sim_001270.npz,RSN0008_PGA_0p050g,RSN0008,0.05,1.3025827278856863,5S_T055,5,0.5499999999999999,0.1884215991249005,bilinear,0.004,0.0007634989818557,0.0142767782633802,6.390770242248579e-05,0.1057463100538708,train
1271,data/simulations/mdof/sim_001271.npz,RSN0008_PGA_0p050g,RSN0008,0.05,1.3025827278856863,5S_T055,5,0.5499999999999999,0.1884215991249005,bilinear,0.007,0.0007634989818557,0.0142767782633802,6.390770242248579e-05,0.1057463100538708,train
1272,data/simulations/mdof/sim_001272.npz,RSN0008_PGA_0p050g,RSN0008,0.05,1.3025827278856863,5S_T085,5,0.8499999999999999,0.2911970168293918,elastic,0.004,0.0014476202072134,0.0100955903297933,0.0001403919713195,0.2186131943916683,train
1273,data/simulations/mdof/sim_001273.npz,RSN0008_PGA_0p050g,RSN0008,0.05,1.3025827278856863,5S_T085,5,0.8499999999999999,0.2911970168293918,bilinear,0.004,0.0014476202072134,0.0100955903297933,0.0001403919713195,0.2186131943916684,train
1274,data/simulations/mdof/sim_001274.npz,RSN0008_PGA_0p050g,RSN0008,0.05,1.3025827278856863,5S_T085,5,0.8499999999999999,0.2911970168293918,bilinear,0.007,0.0014476202072134,0.0100955903297933,0.0001403919713195,0.2186131943916684,train
1275,data/simulations/mdof/sim_001275.npz,RSN0008_PGA_0p050g,RSN0008,0.05,1.3025827278856863,5S_T120,5,1.2000000000000008,0.4111016708179651,elastic,0.004,0.0030772317474656,0.0116687916764102,0.0002485002205836,0.5339989224101106,ood_b
1276,data/simulations/mdof/sim_001276.npz,RSN0008_PGA_0p050g,RSN0008,0.05,1.3025827278856863,5S_T120,5,1.2000000000000008,0.4111016708179651,bilinear,0.004,0.0030772317474656,0.0116687916764102,0.0002485002205836,0.5339989224101114,ood_b
1277,data/simulations/mdof/sim_001277.npz,RSN0008_PGA_0p050g,RSN0008,0.05,1.3025827278856863,5S_T120,5,1.2000000000000008,0.4111016708179651,bilinear,0.007,0.0030772317474656,0.0116687916764102,0.0002485002205836,0.5339989224101114,ood_b
1278,data/simulations/mdof/sim_001278.npz,RSN0008_PGA_0p100g,RSN0008,0.1,2.605165455771373,3S_T035,3,0.3499999999999998,0.1249135537622733,elastic,0.004,0.0006877370672752,0.0187723206384155,0.0001038750326353,0.1586357003465956,train
1279,data/simulations/mdof/sim_001279.npz,RSN0008_PGA_0p100g,RSN0008,0.1,2.605165455771373,3S_T035,3,0.3499999999999998,0.1249135537622733,bilinear,0.004,0.0006877370672752,0.0187723206384155,0.0001038750326353,0.158635700346596,train
1280,data/simulations/mdof/sim_001280.npz,RSN0008_PGA_0p100g,RSN0008,0.1,2.605165455771373,3S_T035,3,0.3499999999999998,0.1249135537622733,bilinear,0.007,0.0006877370672752,0.0187723206384155,0.0001038750326353,0.158635700346596,train
1281,data/simulations/mdof/sim_001281.npz,RSN0008_PGA_0p100g,RSN0008,0.1,2.605165455771373,3S_T060,3,0.6,0.2141375207353256,elastic,0.004,0.0018441490535268,0.0252061081942351,0.0002635148729832,0.4563583271729999,train
1282,data/simulations/mdof/sim_001282.npz,RSN0008_PGA_0p100g,RSN0008,0.1,2.605165455771373,3S_T060,3,0.6,0.2141375207353256,bilinear,0.004,0.0018441490535268,0.0252061081942352,0.0002635148729832,0.456358327172999,train
1283,data/simulations/mdof/sim_001283.npz,RSN0008_PGA_0p100g,RSN0008,0.1,2.605165455771373,3S_T060,3,0.6,0.2141375207353256,bilinear,0.007,0.0018441490535268,0.0252061081942352,0.0002635148729832,0.456358327172999,train
1284,data/simulations/mdof/sim_001284.npz,RSN0008_PGA_0p100g,RSN0008,0.1,2.605165455771373,3S_T090,3,0.9,0.3212062811029884,elastic,0.004,0.0032069046923655,0.0187898217524722,0.0004793577580824,0.8370906416973136,train
1285,data/simulations/mdof/sim_001285.npz,RSN0008_PGA_0p100g,RSN0008,0.1,2.605165455771373,3S_T090,3,0.9,0.3212062811029884,bilinear,0.004,0.0032069046923655,0.0187898217524722,0.0004793577580824,0.8370906416973135,train
1286,data/simulations/mdof/sim_001286.npz,RSN0008_PGA_0p100g,RSN0008,0.1,2.605165455771373,3S_T090,3,0.9,0.3212062811029884,bilinear,0.007,0.0032069046923655,0.0187898217524722,0.0004793577580824,0.8370906416973135,train
1287,data/simulations/mdof/sim_001287.npz,RSN0008_PGA_0p100g,RSN0008,0.1,2.605165455771373,5S_T055,5,0.5499999999999999,0.1884215991249005,elastic,0.004,0.0015269979637115,0.0285535565267605,0.0001278154048449,0.4229852402154834,train
1288,data/simulations/mdof/sim_001288.npz,RSN0008_PGA_0p100g,RSN0008,0.1,2.605165455771373,5S_T055,5,0.5499999999999999,0.1884215991249005,bilinear,0.004,0.0015269979637115,0.0285535565267605,0.0001278154048449,0.4229852402154834,train
1289,data/simulations/mdof/sim_001289.npz,RSN0008_PGA_0p100g,RSN0008,0.1,2.605165455771373,5S_T055,5,0.5499999999999999,0.1884215991249005,bilinear,0.007,0.0015269979637115,0.0285535565267605,0.0001278154048449,0.4229852402154834,train
1290,data/simulations/mdof/sim_001290.npz,RSN0008_PGA_0p100g,RSN0008,0.1,2.605165455771373,5S_T085,5,0.8499999999999999,0.2911970168293918,elastic,0.004,0.0028952404144269,0.0201911806595866,0.0002807839426391,0.8744527775666735,train
1291,data/simulations/mdof/sim_001291.npz,RSN0008_PGA_0p100g,RSN0008,0.1,2.605165455771373,5S_T085,5,0.8499999999999999,0.2911970168293918,bilinear,0.004,0.0028952404144269,0.0201911806595866,0.0002807839426391,0.8744527775666738,train
1292,data/simulations/mdof/sim_001292.npz,RSN0008_PGA_0p100g,RSN0008,0.1,2.605165455771373,5S_T085,5,0.8499999999999999,0.2911970168293918,bilinear,0.007,0.0028952404144269,0.0201911806595866,0.0002807839426391,0.8744527775666738,train
1293,data/simulations/mdof/sim_001293.npz,RSN0008_PGA_0p100g,RSN0008,0.1,2.605165455771373,5S_T120,5,1.2000000000000008,0.4111016708179651,elastic,0.004,0.0061544634949312,0.0233375833528204,0.0004970004411672,2.1359956896404424,ood_b
1294,data/simulations/mdof/sim_001294.npz,RSN0008_PGA_0p100g,RSN0008,0.1,2.605165455771373,5S_T120,5,1.2000000000000008,0.4111016708179651,bilinear,0.004,0.0061544634949313,0.0233375833528204,0.0004970004411672,2.1359956896404455,ood_b
1295,data/simulations/mdof/sim_001295.npz,RSN0008_PGA_0p100g,RSN0008,0.1,2.605165455771373,5S_T120,5,1.2000000000000008,0.4111016708179651,bilinear,0.007,0.0061544634949313,0.0233375833528204,0.0004970004411672,2.1359956896404455,ood_b
1296,data/simulations/mdof/sim_001296.npz,RSN0008_PGA_0p200g,RSN0008,0.2,5.210330911542746,3S_T035,3,0.3499999999999998,0.1249135537622733,elastic,0.004,0.0013754741345505,0.037544641276831,0.0002077500652707,0.6345428013863825,train
1297,data/simulations/mdof/sim_001297.npz,RSN0008_PGA_0p200g,RSN0008,0.2,5.210330911542746,3S_T035,3,0.3499999999999998,0.1249135537622733,bilinear,0.004,0.0013754741345505,0.037544641276831,0.0002077500652707,0.6345428013863842,id_test
1298,data/simulations/mdof/sim_001298.npz,RSN0008_PGA_0p200g,RSN0008,0.2,5.210330911542746,3S_T035,3,0.3499999999999998,0.1249135537622733,bilinear,0.007,0.0013754741345505,0.037544641276831,0.0002077500652707,0.6345428013863842,train
1299,data/simulations/mdof/sim_001299.npz,RSN0008_PGA_0p200g,RSN0008,0.2,5.210330911542746,3S_T060,3,0.6,0.2141375207353256,elastic,0.004,0.0036882981070537,0.0504122163884703,0.0005270297459665,1.825433308692,train
1300,data/simulations/mdof/sim_001300.npz,RSN0008_PGA_0p200g,RSN0008,0.2,5.210330911542746,3S_T060,3,0.6,0.2141375207353256,bilinear,0.004,0.0036882981070537,0.0504122163884704,0.0005270297459665,1.825433308691996,train
1301,data/simulations/mdof/sim_001301.npz,RSN0008_PGA_0p200g,RSN0008,0.2,5.210330911542746,3S_T060,3,0.6,0.2141375207353256,bilinear,0.007,0.0036882981070537,0.0504122163884704,0.0005270297459665,1.825433308691996,train
1302,data/simulations/mdof/sim_001302.npz,RSN0008_PGA_0p200g,RSN0008,0.2,5.210330911542746,3S_T090,3,0.9,0.3212062811029884,elastic,0.004,0.0064138093847311,0.0375796435049444,0.0009587155161649,3.3483625667892545,train
1303,data/simulations/mdof/sim_001303.npz,RSN0008_PGA_0p200g,RSN0008,0.2,5.210330911542746,3S_T090,3,0.9,0.3212062811029884,bilinear,0.004,0.0064138093847311,0.0375796435049445,0.0009587155161649,3.348362566789254,train
1304,data/simulations/mdof/sim_001304.npz,RSN0008_PGA_0p200g,RSN0008,0.2,5.210330911542746,3S_T090,3,0.9,0.3212062811029884,bilinear,0.007,0.0064138093847311,0.0375796435049445,0.0009587155161649,3.348362566789254,train
1305,data/simulations/mdof/sim_001305.npz,RSN0008_PGA_0p200g,RSN0008,0.2,5.210330911542746,5S_T055,5,0.5499999999999999,0.1884215991249005,elastic,0.004,0.003053995927423,0.057107113053521,0.0002556308096899,1.6919409608619338,train
1306,data/simulations/mdof/sim_001306.npz,RSN0008_PGA_0p200g,RSN0008,0.2,5.210330911542746,5S_T055,5,0.5499999999999999,0.1884215991249005,bilinear,0.004,0.003053995927423,0.057107113053521,0.0002556308096899,1.6919409608619338,train
1307,data/simulations/mdof/sim_001307.npz,RSN0008_PGA_0p200g,RSN0008,0.2,5.210330911542746,5S_T055,5,0.5499999999999999,0.1884215991249005,bilinear,0.007,0.003053995927423,0.057107113053521,0.0002556308096899,1.6919409608619338,id_test
1308,data/simulations/mdof/sim_001308.npz,RSN0008_PGA_0p200g,RSN0008,0.2,5.210330911542746,5S_T085,5,0.8499999999999999,0.2911970168293918,elastic,0.004,0.0057904808288538,0.0403823613191732,0.0005615678852782,3.497811110266694,train
1309,data/simulations/mdof/sim_001309.npz,RSN0008_PGA_0p200g,RSN0008,0.2,5.210330911542746,5S_T085,5,0.8499999999999999,0.2911970168293918,bilinear,0.004,0.0057904808288538,0.0403823613191733,0.0005615678852782,3.4978111102666953,train
1310,data/simulations/mdof/sim_001310.npz,RSN0008_PGA_0p200g,RSN0008,0.2,5.210330911542746,5S_T085,5,0.8499999999999999,0.2911970168293918,bilinear,0.007,0.0057904808288538,0.0403823613191733,0.0005615678852782,3.4978111102666953,train
1311,data/simulations/mdof/sim_001311.npz,RSN0008_PGA_0p200g,RSN0008,0.2,5.210330911542746,5S_T120,5,1.2000000000000008,0.4111016708179651,elastic,0.004,0.0123089269898625,0.0466751667056408,0.0009940008823345,8.54398275856177,ood_b
1312,data/simulations/mdof/sim_001312.npz,RSN0008_PGA_0p200g,RSN0008,0.2,5.210330911542746,5S_T120,5,1.2000000000000008,0.4111016708179651,bilinear,0.004,0.0123089269898625,0.0466751667056406,0.0009940008823345,8.543982758561734,ood_b
1313,data/simulations/mdof/sim_001313.npz,RSN0008_PGA_0p200g,RSN0008,0.2,5.210330911542746,5S_T120,5,1.2000000000000008,0.4111016708179651,bilinear,0.007,0.0123089269898625,0.0466751667056406,0.0009940008823345,8.543982758561734,ood_b
1314,data/simulations/mdof/sim_001314.npz,RSN0008_PGA_0p300g,RSN0008,0.3,7.815496367314118,3S_T035,3,0.3499999999999998,0.1249135537622733,elastic,0.004,0.0020632112018257,0.0563169619152465,0.000311625097906,1.4277213031193614,train
1315,data/simulations/mdof/sim_001315.npz,RSN0008_PGA_0p300g,RSN0008,0.3,7.815496367314118,3S_T035,3,0.3499999999999998,0.1249135537622733,bilinear,0.004,0.0020632112018257,0.0563169619152465,0.000311625097906,1.427721303119363,id_test
1316,data/simulations/mdof/sim_001316.npz,RSN0008_PGA_0p300g,RSN0008,0.3,7.815496367314118,3S_T035,3,0.3499999999999998,0.1249135537622733,bilinear,0.007,0.0020632112018257,0.0563169619152465,0.000311625097906,1.427721303119363,train
1317,data/simulations/mdof/sim_001317.npz,RSN0008_PGA_0p300g,RSN0008,0.3,7.815496367314118,3S_T060,3,0.6,0.2141375207353256,elastic,0.004,0.0055324471605806,0.0756183245827052,0.0007905446189498,4.107224944556977,train
1318,data/simulations/mdof/sim_001318.npz,RSN0008_PGA_0p300g,RSN0008,0.3,7.815496367314118,3S_T060,3,0.6,0.2141375207353256,bilinear,0.004,0.0055324471605806,0.0756183245827054,0.0007905446189498,4.107224944556977,id_test
1319,data/simulations/mdof/sim_001319.npz,RSN0008_PGA_0p300g,RSN0008,0.3,7.815496367314118,3S_T060,3,0.6,0.2141375207353256,bilinear,0.007,0.0055324471605806,0.0756183245827054,0.0007905446189498,4.107224944556977,train
1320,data/simulations/mdof/sim_001320.npz,RSN0008_PGA_0p300g,RSN0008,0.3,7.815496367314118,3S_T090,3,0.9,0.3212062811029884,elastic,0.004,0.0096207140770967,0.0563694652574168,0.0014380732742474,7.53381577527583,id_test
1321,data/simulations/mdof/sim_001321.npz,RSN0008_PGA_0p300g,RSN0008,0.3,7.815496367314118,3S_T090,3,0.9,0.3212062811029884,bilinear,0.004,0.0096207140770967,0.0563694652574166,0.0014380732742474,7.533815775275856,train
1322,data/simulations/mdof/sim_001322.npz,RSN0008_PGA_0p300g,RSN0008,0.3,7.815496367314118,3S_T090,3,0.9,0.3212062811029884,bilinear,0.007,0.0096207140770967,0.0563694652574166,0.0014380732742474,7.533815775275856,train
1323,data/simulations/mdof/sim_001323.npz,RSN0008_PGA_0p300g,RSN0008,0.3,7.815496367314118,5S_T055,5,0.5499999999999999,0.1884215991249005,elastic,0.004,0.0045809938911345,0.0856606695802815,0.0003834462145349,3.80686716193935,id_test
1324,data/simulations/mdof/sim_001324.npz,RSN0008_PGA_0p300g,RSN0008,0.3,7.815496367314118,5S_T055,5,0.5499999999999999,0.1884215991249005,bilinear,0.004,0.0045809938911345,0.0856606695802812,0.0003834462145349,3.8068671619393393,train
1325,data/simulations/mdof/sim_001325.npz,RSN0008_PGA_0p300g,RSN0008,0.3,7.815496367314118,5S_T055,5,0.5499999999999999,0.1884215991249005,bilinear,0.007,0.0045809938911345,0.0856606695802812,0.0003834462145349,3.8068671619393393,train
1326,data/simulations/mdof/sim_001326.npz,RSN0008_PGA_0p300g,RSN0008,0.3,7.815496367314118,5S_T085,5,0.8499999999999999,0.2911970168293918,elastic,0.004,0.0086857212432808,0.0605735419787601,0.0008423518279173,7.870074998100051,train
1327,data/simulations/mdof/sim_001327.npz,RSN0008_PGA_0p300g,RSN0008,0.3,7.815496367314118,5S_T085,5,0.8499999999999999,0.2911970168293918,bilinear,0.004,0.0086857212432808,0.06057354197876,0.0008423518279173,7.870074998100063,train
1328,data/simulations/mdof/sim_001328.npz,RSN0008_PGA_0p300g,RSN0008,0.3,7.815496367314118,5S_T085,5,0.8499999999999999,0.2911970168293918,bilinear,0.007,0.0086857212432808,0.06057354197876,0.0008423518279173,7.870074998100063,train
1329,data/simulations/mdof/sim_001329.npz,RSN0008_PGA_0p300g,RSN0008,0.3,7.815496367314118,5S_T120,5,1.2000000000000008,0.4111016708179651,elastic,0.004,0.0184633904847938,0.0700127500584615,0.0014910013235018,19.223961206764024,ood_b
1330,data/simulations/mdof/sim_001330.npz,RSN0008_PGA_0p300g,RSN0008,0.3,7.815496367314118,5S_T120,5,1.2000000000000008,0.4111016708179651,bilinear,0.004,0.0184633904847938,0.0700127500584612,0.0014910013235018,19.223961206763985,ood_b
1331,data/simulations/mdof/sim_001331.npz,RSN0008_PGA_0p300g,RSN0008,0.3,7.815496367314118,5S_T120,5,1.2000000000000008,0.4111016708179651,bilinear,0.007,0.0184633904847938,0.0700127500584612,0.0014910013235018,19.223961206763985,ood_b
1332,data/simulations/mdof/sim_001332.npz,RSN0008_PGA_0p400g,RSN0008,0.4,10.420661823085492,3S_T035,3,0.3499999999999998,0.1249135537622733,elastic,0.004,0.002750948269101,0.0750892825536621,0.0004155001305414,2.53817120554553,train
1333,data/simulations/mdof/sim_001333.npz,RSN0008_PGA_0p400g,RSN0008,0.4,10.420661823085492,3S_T035,3,0.3499999999999998,0.1249135537622733,bilinear,0.004,0.002750948269101,0.075089282553662,0.0004155001305414,2.5381712055455368,train
1334,data/simulations/mdof/sim_001334.npz,RSN0008_PGA_0p400g,RSN0008,0.4,10.420661823085492,3S_T035,3,0.3499999999999998,0.1249135537622733,bilinear,0.007,0.002750948269101,0.075089282553662,0.0004155001305414,2.5381712055455368,id_test
1335,data/simulations/mdof/sim_001335.npz,RSN0008_PGA_0p400g,RSN0008,0.4,10.420661823085492,3S_T060,3,0.6,0.2141375207353256,elastic,0.004,0.0073765962141075,0.1008244327769406,0.0010540594919331,7.301733234767999,train
1336,data/simulations/mdof/sim_001336.npz,RSN0008_PGA_0p400g,RSN0008,0.4,10.420661823085492,3S_T060,3,0.6,0.2141375207353256,bilinear,0.004,0.0073765962141075,0.1008244327769408,0.0010540594919331,7.301733234767984,train
1337,data/simulations/mdof/sim_001337.npz,RSN0008_PGA_0p400g,RSN0008,0.4,10.420661823085492,3S_T060,3,0.6,0.2141375207353256,bilinear,0.007,0.0073765962141075,0.1008244327769408,0.0010540594919331,7.301733234767984,train
1338,data/simulations/mdof/sim_001338.npz,RSN0008_PGA_0p400g,RSN0008,0.4,10.420661823085492,3S_T090,3,0.9,0.3212062811029884,elastic,0.004,0.0128276187694623,0.0751592870098888,0.0019174310323298,13.393450267157018,train
1339,data/simulations/mdof/sim_001339.npz,RSN0008_PGA_0p400g,RSN0008,0.4,10.420661823085492,3S_T090,3,0.9,0.3212062811029884,bilinear,0.004,0.0128276187694623,0.0751592870098891,0.0019174310323298,13.393450267157016,train
1340,data/simulations/mdof/sim_001340.npz,RSN0008_PGA_0p400g,RSN0008,0.4,10.420661823085492,3S_T090,3,0.9,0.3212062811029884,bilinear,0.007,0.0128276187694623,0.0751592870098891,0.0019174310323298,13.393450267157016,train
1341,data/simulations/mdof/sim_001341.npz,RSN0008_PGA_0p400g,RSN0008,0.4,10.420661823085492,5S_T055,5,0.5499999999999999,0.1884215991249005,elastic,0.004,0.006107991854846,0.1142142261070421,0.0005112616193798,6.767763843447735,train
1342,data/simulations/mdof/sim_001342.npz,RSN0008_PGA_0p400g,RSN0008,0.4,10.420661823085492,5S_T055,5,0.5499999999999999,0.1884215991249005,bilinear,0.004,0.006107991854846,0.1142142261070421,0.0005112616193798,6.767763843447735,train
1343,data/simulations/mdof/sim_001343.npz,RSN0008_PGA_0p400g,RSN0008,0.4,10.420661823085492,5S_T055,5,0.5499999999999999,0.1884215991249005,bilinear,0.007,0.006107991854846,0.1142142261070421,0.0005112616193798,6.767763843447735,train
1344,data/simulations/mdof/sim_001344.npz,RSN0008_PGA_0p400g,RSN0008,0.4,10.420661823085492,5S_T085,5,0.8499999999999999,0.2911970168293918,elastic,0.004,0.0115809616577077,0.0807647226383464,0.0011231357705564,13.991244441066776,train
1345,data/simulations/mdof/sim_001345.npz,RSN0008_PGA_0p400g,RSN0008,0.4,10.420661823085492,5S_T085,5,0.8499999999999999,0.2911970168293918,bilinear,0.004,0.0115809616577077,0.0807647226383462,0.0011231357705564,13.991244441066804,train
1346,data/simulations/mdof/sim_001346.npz,RSN0008_PGA_0p400g,RSN0008,0.4,10.420661823085492,5S_T085,5,0.8499999999999999,0.2911970168293918,bilinear,0.007,0.0115809616577077,0.0807647226383462,0.0011231357705564,13.991244441066804,train
1347,data/simulations/mdof/sim_001347.npz,RSN0008_PGA_0p400g,RSN0008,0.4,10.420661823085492,5S_T120,5,1.2000000000000008,0.4111016708179651,elastic,0.004,0.0246178539797251,0.0933503334112816,0.0019880017646691,34.17593103424708,ood_b
1348,data/simulations/mdof/sim_001348.npz,RSN0008_PGA_0p400g,RSN0008,0.4,10.420661823085492,5S_T120,5,1.2000000000000008,0.4111016708179651,bilinear,0.004,0.024617853979725,0.0933503334112813,0.001988001764669,34.175931034246936,ood_b
1349,data/simulations/mdof/sim_001349.npz,RSN0008_PGA_0p400g,RSN0008,0.4,10.420661823085492,5S_T120,5,1.2000000000000008,0.4111016708179651,bilinear,0.007,0.024617853979725,0.0933503334112813,0.001988001764669,34.175931034246936,ood_b
1350,data/simulations/mdof/sim_001350.npz,RSN0008_PGA_0p500g,RSN0008,0.5,13.025827278856864,3S_T035,3,0.3499999999999998,0.1249135537622733,elastic,0.004,0.0034386853363762,0.0938616031920772,0.0005193751631768,3.9658925086648846,train
1351,data/simulations/mdof/sim_001351.npz,RSN0008_PGA_0p500g,RSN0008,0.5,13.025827278856864,3S_T035,3,0.3499999999999998,0.1249135537622733,bilinear,0.004,0.0034386853363762,0.0938616031920774,0.0005193751631768,3.965892508664897,train
1352,data/simulations/mdof/sim_001352.npz,RSN0008_PGA_0p500g,RSN0008,0.5,13.025827278856864,3S_T035,3,0.3499999999999998,0.1249135537622733,bilinear,0.007,0.0034386853363762,0.0938616031920774,0.0005193751631768,3.965892508664897,train
1353,data/simulations/mdof/sim_001353.npz,RSN0008_PGA_0p500g,RSN0008,0.5,13.025827278856864,3S_T060,3,0.6,0.2141375207353256,elastic,0.004,0.0092207452676344,0.1260305409711759,0.0013175743649164,11.40895817932501,train
1354,data/simulations/mdof/sim_001354.npz,RSN0008_PGA_0p500g,RSN0008,0.5,13.025827278856864,3S_T060,3,0.6,0.2141375207353256,bilinear,0.004,0.0092207452676344,0.1260305409711762,0.0013175743649164,11.408958179324983,train
1355,data/simulations/mdof/sim_001355.npz,RSN0008_PGA_0p500g,RSN0008,0.5,13.025827278856864,3S_T060,3,0.6,0.2141375207353256,bilinear,0.007,0.0092207452676344,0.1260305409711762,0.0013175743649164,11.408958179324983,train
1356,data/simulations/mdof/sim_001356.npz,RSN0008_PGA_0p500g,RSN0008,0.5,13.025827278856864,3S_T090,3,0.9,0.3212062811029884,elastic,0.004,0.0160345234618279,0.0939491087623612,0.0023967887904123,20.92726604243293,train
1357,data/simulations/mdof/sim_001357.npz,RSN0008_PGA_0p500g,RSN0008,0.5,13.025827278856864,3S_T090,3,0.9,0.3212062811029884,bilinear,0.004,0.0160345234618279,0.0939491087623612,0.0023967887904123,20.927266042432898,train
1358,data/simulations/mdof/sim_001358.npz,RSN0008_PGA_0p500g,RSN0008,0.5,13.025827278856864,3S_T090,3,0.9,0.3212062811029884,bilinear,0.007,0.0160345234618279,0.0939491087623612,0.0023967887904123,20.927266042432898,train
1359,data/simulations/mdof/sim_001359.npz,RSN0008_PGA_0p500g,RSN0008,0.5,13.025827278856864,5S_T055,5,0.5499999999999999,0.1884215991249005,elastic,0.004,0.0076349898185575,0.1427677826338029,0.0006390770242248,10.57463100538709,id_test
1360,data/simulations/mdof/sim_001360.npz,RSN0008_PGA_0p500g,RSN0008,0.5,13.025827278856864,5S_T055,5,0.5499999999999999,0.1884215991249005,bilinear,0.004,0.0076349898185575,0.142767782633803,0.0006390770242248,10.5746310053871,train
1361,data/simulations/mdof/sim_001361.npz,RSN0008_PGA_0p500g,RSN0008,0.5,13.025827278856864,5S_T055,5,0.5499999999999999,0.1884215991249005,bilinear,0.007,0.0076349898185575,0.142767782633803,0.0006390770242248,10.5746310053871,train
1362,data/simulations/mdof/sim_001362.npz,RSN0008_PGA_0p500g,RSN0008,0.5,13.025827278856864,5S_T085,5,0.8499999999999999,0.2911970168293918,elastic,0.004,0.0144762020721347,0.1009559032979334,0.0014039197131956,21.861319439166817,train
1363,data/simulations/mdof/sim_001363.npz,RSN0008_PGA_0p500g,RSN0008,0.5,13.025827278856864,5S_T085,5,0.8499999999999999,0.2911970168293918,bilinear,0.004,0.0144762020721346,0.1009559032979328,0.0014039197131956,21.86131943916674,train
1364,data/simulations/mdof/sim_001364.npz,RSN0008_PGA_0p500g,RSN0008,0.5,13.025827278856864,5S_T085,5,0.8499999999999999,0.2911970168293918,bilinear,0.007,0.0144762020721346,0.1009559032979328,0.0014039197131956,21.86131943916674,train
1365,data/simulations/mdof/sim_001365.npz,RSN0008_PGA_0p500g,RSN0008,0.5,13.025827278856864,5S_T120,5,1.2000000000000008,0.4111016708179651,elastic,0.004,0.0307723174746564,0.116687916764102,0.0024850022058363,53.399892241010946,ood_b
1366,data/simulations/mdof/sim_001366.npz,RSN0008_PGA_0p500g,RSN0008,0.5,13.025827278856864,5S_T120,5,1.2000000000000008,0.4111016708179651,bilinear,0.004,0.0307723174746564,0.1166879167641023,0.0024850022058363,53.39989224101101,ood_b
1367,data/simulations/mdof/sim_001367.npz,RSN0008_PGA_0p500g,RSN0008,0.5,13.025827278856864,5S_T120,5,1.2000000000000008,0.4111016708179651,bilinear,0.007,0.0307723174746564,0.1166879167641023,0.0024850022058363,53.39989224101101,ood_b
1368,data/simulations/mdof/sim_001368.npz,RSN0008_PGA_0p600g,RSN0008,0.6,15.630992734628236,3S_T035,3,0.3499999999999998,0.1249135537622733,elastic,0.004,0.0041264224036515,0.112633923830493,0.0006232501958121,5.710885212477446,train
1369,data/simulations/mdof/sim_001369.npz,RSN0008_PGA_0p600g,RSN0008,0.6,15.630992734628236,3S_T035,3,0.3499999999999998,0.1249135537622733,bilinear,0.004,0.0041264224036515,0.112633923830493,0.0006232501958121,5.710885212477452,train
1370,data/simulations/mdof/sim_001370.npz,RSN0008_PGA_0p600g,RSN0008,0.6,15.630992734628236,3S_T035,3,0.3499999999999998,0.1249135537622733,bilinear,0.007,0.0041264224036515,0.112633923830493,0.0006232501958121,5.710885212477452,train
1371,data/simulations/mdof/sim_001371.npz,RSN0008_PGA_0p600g,RSN0008,0.6,15.630992734628236,3S_T060,3,0.6,0.2141375207353256,elastic,0.004,0.0110648943211613,0.1512366491654105,0.0015810892378997,16.42889977822791,train
1372,data/simulations/mdof/sim_001372.npz,RSN0008_PGA_0p600g,RSN0008,0.6,15.630992734628236,3S_T060,3,0.6,0.2141375207353256,bilinear,0.004,0.0110648943211613,0.1512366491654109,0.0015810892378997,16.42889977822791,train
1373,data/simulations/mdof/sim_001373.npz,RSN0008_PGA_0p600g,RSN0008,0.6,15.630992734628236,3S_T060,3,0.6,0.2141375207353256,bilinear,0.007,0.0110648943211613,0.1512366491654109,0.0015810892378997,16.42889977822791,train
1374,data/simulations/mdof/sim_001374.npz,RSN0008_PGA_0p600g,RSN0008,0.6,15.630992734628236,3S_T090,3,0.9,0.3212062811029884,elastic,0.004,0.0192414281541935,0.1127389305148336,0.0028761465484948,30.13526310110332,train
1375,data/simulations/mdof/sim_001375.npz,RSN0008_PGA_0p600g,RSN0008,0.6,15.630992734628236,3S_T090,3,0.9,0.3212062811029884,bilinear,0.004,0.0192414281541935,0.1127389305148333,0.0028761465484948,30.135263101103423,train
1376,data/simulations/mdof/sim_001376.npz,RSN0008_PGA_0p600g,RSN0008,0.6,15.630992734628236,3S_T090,3,0.9,0.3212062811029884,bilinear,0.007,0.0192414281541935,0.1127389305148333,0.0028761465484948,30.135263101103423,id_test
1377,data/simulations/mdof/sim_001377.npz,RSN0008_PGA_0p600g,RSN0008,0.6,15.630992734628236,5S_T055,5,0.5499999999999999,0.1884215991249005,elastic,0.004,0.009161987782269,0.171321339160563,0.0007668924290698,15.2274686477574,train
1378,data/simulations/mdof/sim_001378.npz,RSN0008_PGA_0p600g,RSN0008,0.6,15.630992734628236,5S_T055,5,0.5499999999999999,0.1884215991249005,bilinear,0.004,0.009161987782269,0.1713213391605625,0.0007668924290698,15.227468647757355,train
1379,data/simulations/mdof/sim_001379.npz,RSN0008_PGA_0p600g,RSN0008,0.6,15.630992734628236,5S_T055,5,0.5499999999999999,0.1884215991249005,bilinear,0.007,0.009161987782269,0.1713213391605625,0.0007668924290698,15.227468647757355,train
1380,data/simulations/mdof/sim_001380.npz,RSN0008_PGA_0p600g,RSN0008,0.6,15.630992734628236,5S_T085,5,0.8499999999999999,0.2911970168293918,elastic,0.004,0.0173714424865616,0.1211470839575203,0.0016847036558347,31.480299992400205,train
1381,data/simulations/mdof/sim_001381.npz,RSN0008_PGA_0p600g,RSN0008,0.6,15.630992734628236,5S_T085,5,0.8499999999999999,0.2911970168293918,bilinear,0.004,0.0173714424865616,0.1211470839575202,0.0016847036558347,31.48029999240028,train
1382,data/simulations/mdof/sim_001382.npz,RSN0008_PGA_0p600g,RSN0008,0.6,15.630992734628236,5S_T085,5,0.8499999999999999,0.2911970168293918,bilinear,0.007,0.0173714424865616,0.1211470839575202,0.0016847036558347,31.48029999240028,train
1383,data/simulations/mdof/sim_001383.npz,RSN0008_PGA_0p600g,RSN0008,0.6,15.630992734628236,5S_T120,5,1.2000000000000008,0.4111016708179651,elastic,0.004,0.0369267809695877,0.140025500116923,0.0029820026470036,76.8958448270561,ood_b
1384,data/simulations/mdof/sim_001384.npz,RSN0008_PGA_0p600g,RSN0008,0.6,15.630992734628236,5S_T120,5,1.2000000000000008,0.4111016708179651,bilinear,0.004,0.0369267809695877,0.1400255001169225,0.0029820026470036,76.89584482705594,ood_b
1385,data/simulations/mdof/sim_001385.npz,RSN0008_PGA_0p600g,RSN0008,0.6,15.630992734628236,5S_T120,5,1.2000000000000008,0.4111016708179651,bilinear,0.007,0.0369267809695877,0.1400255001169225,0.0029820026470036,76.89584482705594,ood_b
1386,data/simulations/mdof/sim_001386.npz,RSN0008_PGA_0p800g,RSN0008,0.8,20.841323646170984,3S_T035,3,0.3499999999999998,0.1249135537622733,elastic,0.004,0.005501896538202,0.1501785651073242,0.0008310002610828,10.15268482218212,train
1387,data/simulations/mdof/sim_001387.npz,RSN0008_PGA_0p800g,RSN0008,0.8,20.841323646170984,3S_T035,3,0.3499999999999998,0.1249135537622733,bilinear,0.004,0.005501896538202,0.1501785651073241,0.0008310002610828,10.152684822182149,train
1388,data/simulations/mdof/sim_001388.npz,RSN0008_PGA_0p800g,RSN0008,0.8,20.841323646170984,3S_T035,3,0.3499999999999998,0.1249135537622733,bilinear,0.007,0.005501896538202,0.1501785651073241,0.0008310002610828,10.152684822182149,train
1389,data/simulations/mdof/sim_001389.npz,RSN0008_PGA_0p800g,RSN0008,0.8,20.841323646170984,3S_T060,3,0.6,0.2141375207353256,elastic,0.004,0.0147531924282151,0.2016488655538813,0.0021081189838663,29.206932939071997,train
1390,data/simulations/mdof/sim_001390.npz,RSN0008_PGA_0p800g,RSN0008,0.8,20.841323646170984,3S_T060,3,0.6,0.2141375207353256,bilinear,0.004,0.0147531924282151,0.2016488655538817,0.0021081189838663,29.206932939071937,train
1391,data/simulations/mdof/sim_001391.npz,RSN0008_PGA_0p800g,RSN0008,0.8,20.841323646170984,3S_T060,3,0.6,0.2141375207353256,bilinear,0.007,0.0147531924282151,0.2016488655538817,0.0021081189838663,29.206932939071937,id_test
1392,data/simulations/mdof/sim_001392.npz,RSN0008_PGA_0p800g,RSN0008,0.8,20.841323646170984,3S_T090,3,0.9,0.3212062811029884,elastic,0.004,0.0256552375389246,0.1503185740197777,0.0038348620646597,53.57380106862807,train
1393,data/simulations/mdof/sim_001393.npz,RSN0008_PGA_0p800g,RSN0008,0.8,20.841323646170984,3S_T090,3,0.9,0.3212062811029884,bilinear,0.004,0.0256552375389247,0.1503185740197782,0.0038348620646597,53.573801068628065,train
1394,data/simulations/mdof/sim_001394.npz,RSN0008_PGA_0p800g,RSN0008,0.8,20.841323646170984,3S_T090,3,0.9,0.3212062811029884,bilinear,0.007,0.0256552375389247,0.1503185740197782,0.0038348620646597,53.573801068628065,train
1395,data/simulations/mdof/sim_001395.npz,RSN0008_PGA_0p800g,RSN0008,0.8,20.841323646170984,5S_T055,5,0.5499999999999999,0.1884215991249005,elastic,0.004,0.012215983709692,0.2284284522140842,0.0010225232387597,27.07105537379094,train
1396,data/simulations/mdof/sim_001396.npz,RSN0008_PGA_0p800g,RSN0008,0.8,20.841323646170984,5S_T055,5,0.5499999999999999,0.1884215991249005,bilinear,0.004,0.012215983709692,0.2284284522140843,0.0010225232387597,27.07105537379094,train
1397,data/simulations/mdof/sim_001397.npz,RSN0008_PGA_0p800g,RSN0008,0.8,20.841323646170984,5S_T055,5,0.5499999999999999,0.1884215991249005,bilinear,0.007,0.012215983709692,0.2284284522140843,0.0010225232387597,27.07105537379094,train
1398,data/simulations/mdof/sim_001398.npz,RSN0008_PGA_0p800g,RSN0008,0.8,20.841323646170984,5S_T085,5,0.8499999999999999,0.2911970168293918,elastic,0.004,0.0231619233154155,0.1615294452766929,0.0022462715411129,55.964977764267104,train
1399,data/simulations/mdof/sim_001399.npz,RSN0008_PGA_0p800g,RSN0008,0.8,20.841323646170984,5S_T085,5,0.8499999999999999,0.2911970168293918,bilinear,0.004,0.0231619233154155,0.1615294452766925,0.0022462715411129,55.96497776426721,train
1400,data/simulations/mdof/sim_001400.npz,RSN0008_PGA_0p800g,RSN0008,0.8,20.841323646170984,5S_T085,5,0.8499999999999999,0.2911970168293918,bilinear,0.007,0.0231619233154155,0.1615294452766925,0.0022462715411129,55.96497776426721,train
1401,data/simulations/mdof/sim_001401.npz,RSN0008_PGA_0p800g,RSN0008,0.8,20.841323646170984,5S_T120,5,1.2000000000000008,0.4111016708179651,elastic,0.004,0.0492357079594503,0.1867006668225633,0.0039760035293382,136.7037241369883,ood_b
1402,data/simulations/mdof/sim_001402.npz,RSN0008_PGA_0p800g,RSN0008,0.8,20.841323646170984,5S_T120,5,1.2000000000000008,0.4111016708179651,bilinear,0.004,0.0492357079594501,0.1867006668225626,0.0039760035293381,136.70372413698774,ood_b
1403,data/simulations/mdof/sim_001403.npz,RSN0008_PGA_0p800g,RSN0008,0.8,20.841323646170984,5S_T120,5,1.2000000000000008,0.4111016708179651,bilinear,0.007,0.0492357079594501,0.1867006668225626,0.0039760035293381,136.70372413698774,ood_b
1404,data/simulations/mdof/sim_001404.npz,RSN0008_PGA_1p000g,RSN0008,1.0,26.05165455771373,3S_T035,3,0.3499999999999998,0.1249135537622733,elastic,0.004,0.0068773706727525,0.1877232063841544,0.0010387503263536,15.86357003465954,train
1405,data/simulations/mdof/sim_001405.npz,RSN0008_PGA_1p000g,RSN0008,1.0,26.05165455771373,3S_T035,3,0.3499999999999998,0.1249135537622733,bilinear,0.004,0.0068773706727525,0.1877232063841548,0.0010387503263536,15.863570034659588,train
1406,data/simulations/mdof/sim_001406.npz,RSN0008_PGA_1p000g,RSN0008,1.0,26.05165455771373,3S_T035,3,0.3499999999999998,0.1249135537622733,bilinear,0.007,0.0068773706727525,0.1877232063841548,0.0010387503263536,15.863570034659588,train
1407,data/simulations/mdof/sim_001407.npz,RSN0008_PGA_1p000g,RSN0008,1.0,26.05165455771373,3S_T060,3,0.6,0.2141375207353256,elastic,0.004,0.0184414905352689,0.2520610819423519,0.0026351487298329,45.63583271730004,train
1408,data/simulations/mdof/sim_001408.npz,RSN0008_PGA_1p000g,RSN0008,1.0,26.05165455771373,3S_T060,3,0.6,0.2141375207353256,bilinear,0.004,0.0184414905352689,0.2520610819423524,0.0026351487298329,45.635832717299934,id_test
1409,data/simulations/mdof/sim_001409.npz,RSN0008_PGA_1p000g,RSN0008,1.0,26.05165455771373,3S_T060,3,0.6,0.2141375207353256,bilinear,0.007,0.0184414905352689,0.2520610819423524,0.0026351487298329,45.635832717299934,train
1410,data/simulations/mdof/sim_001410.npz,RSN0008_PGA_1p000g,RSN0008,1.0,26.05165455771373,3S_T090,3,0.9,0.3212062811029884,elastic,0.004,0.0320690469236559,0.1878982175247225,0.0047935775808247,83.7090641697317,id_test
1411,data/simulations/mdof/sim_001411.npz,RSN0008_PGA_1p000g,RSN0008,1.0,26.05165455771373,3S_T090,3,0.9,0.3212062811029884,bilinear,0.004,0.0321045144125673,0.1938160694225456,0.0053218915961168,92.01517909342212,train
1412,data/simulations/mdof/sim_001412.npz,RSN0008_PGA_1p000g,RSN0008,1.0,26.05165455771373,3S_T090,3,0.9,0.3212062811029884,bilinear,0.007,0.0320690469236559,0.1878982175247224,0.0047935775808247,83.70906416973159,train
1413,data/simulations/mdof/sim_001413.npz,RSN0008_PGA_1p000g,RSN0008,1.0,26.05165455771373,5S_T055,5,0.5499999999999999,0.1884215991249005,elastic,0.004,0.015269979637115,0.2855355652676058,0.0012781540484497,42.29852402154836,train
1414,data/simulations/mdof/sim_001414.npz,RSN0008_PGA_1p000g,RSN0008,1.0,26.05165455771373,5S_T055,5,0.5499999999999999,0.1884215991249005,bilinear,0.004,0.015269979637115,0.2855355652676061,0.0012781540484497,42.2985240215484,train
1415,data/simulations/mdof/sim_001415.npz,RSN0008_PGA_1p000g,RSN0008,1.0,26.05165455771373,5S_T055,5,0.5499999999999999,0.1884215991249005,bilinear,0.007,0.015269979637115,0.2855355652676061,0.0012781540484497,42.2985240215484,train
1416,data/simulations/mdof/sim_001416.npz,RSN0008_PGA_1p000g,RSN0008,1.0,26.05165455771373,5S_T085,5,0.8499999999999999,0.2911970168293918,elastic,0.004,0.0289524041442694,0.2019118065958668,0.0028078394263912,87.44527775666727,train
1417,data/simulations/mdof/sim_001417.npz,RSN0008_PGA_1p000g,RSN0008,1.0,26.05165455771373,5S_T085,5,0.8499999999999999,0.2911970168293918,bilinear,0.004,0.0289524041442693,0.2019118065958657,0.0028078394263912,87.44527775666695,train
1418,data/simulations/mdof/sim_001418.npz,RSN0008_PGA_1p000g,RSN0008,1.0,26.05165455771373,5S_T085,5,0.8499999999999999,0.2911970168293918,bilinear,0.007,0.0289524041442693,0.2019118065958657,0.0028078394263912,87.44527775666695,id_test
1419,data/simulations/mdof/sim_001419.npz,RSN0008_PGA_1p000g,RSN0008,1.0,26.05165455771373,5S_T120,5,1.2000000000000008,0.4111016708179651,elastic,0.004,0.0615446349493128,0.2333758335282041,0.0049700044116727,213.59956896404375,ood_b
1420,data/simulations/mdof/sim_001420.npz,RSN0008_PGA_1p000g,RSN0008,1.0,26.05165455771373,5S_T120,5,1.2000000000000008,0.4111016708179651,bilinear,0.004,0.055952597537068,0.2418258056028304,0.0058750541758589,230.73467333019775,ood_b
1421,data/simulations/mdof/sim_001421.npz,RSN0008_PGA_1p000g,RSN0008,1.0,26.05165455771373,5S_T120,5,1.2000000000000008,0.4111016708179651,bilinear,0.007,0.0615446349493128,0.2333758335282047,0.0049700044116727,213.59956896404404,ood_b
1422,data/simulations/mdof/sim_001422.npz,RSN0008_PGA_1p200g,RSN0008,1.2,31.261985469256473,3S_T035,3,0.3499999999999998,0.1249135537622733,elastic,0.004,0.008252844807303,0.2252678476609861,0.0012465003916243,22.843540849909783,train
1423,data/simulations/mdof/sim_001423.npz,RSN0008_PGA_1p200g,RSN0008,1.2,31.261985469256473,3S_T035,3,0.3499999999999998,0.1249135537622733,bilinear,0.004,0.008252844807303,0.2252678476609861,0.0012465003916243,22.843540849909807,train
1424,data/simulations/mdof/sim_001424.npz,RSN0008_PGA_1p200g,RSN0008,1.2,31.261985469256473,3S_T035,3,0.3499999999999998,0.1249135537622733,bilinear,0.007,0.008252844807303,0.2252678476609861,0.0012465003916243,22.843540849909807,train
1425,data/simulations/mdof/sim_001425.npz,RSN0008_PGA_1p200g,RSN0008,1.2,31.261985469256473,3S_T060,3,0.6,0.2141375207353256,elastic,0.004,0.0221297886423227,0.3024732983308211,0.0031621784757995,65.71559911291163,train
1426,data/simulations/mdof/sim_001426.npz,RSN0008_PGA_1p200g,RSN0008,1.2,31.261985469256473,3S_T060,3,0.6,0.2141375207353256,bilinear,0.004,0.0221297886423227,0.3024732983308218,0.0031621784757995,65.71559911291163,train
1427,data/simulations/mdof/sim_001427.npz,RSN0008_PGA_1p200g,RSN0008,1.2,31.261985469256473,3S_T060,3,0.6,0.2141375207353256,bilinear,0.007,0.0221297886423227,0.3024732983308218,0.0031621784757995,65.71559911291163,train
1428,data/simulations/mdof/sim_001428.npz,RSN0008_PGA_1p200g,RSN0008,1.2,31.261985469256473,3S_T090,3,0.9,0.3212062811029884,elastic,0.004,0.0384828563083871,0.2254778610296673,0.0057522930969896,120.54105240441328,train
1429,data/simulations/mdof/sim_001429.npz,RSN0008_PGA_1p200g,RSN0008,1.2,31.261985469256473,3S_T090,3,0.9,0.3212062811029884,bilinear,0.004,0.0337132985499274,0.2264682285846927,0.0057928936431632,203.30190099112497,train
1430,data/simulations/mdof/sim_001430.npz,RSN0008_PGA_1p200g,RSN0008,1.2,31.261985469256473,3S_T090,3,0.9,0.3212062811029884,bilinear,0.007,0.0384828563083871,0.2254778610296667,0.0057522930969897,120.5410524044137,train
1431,data/simulations/mdof/sim_001431.npz,RSN0008_PGA_1p200g,RSN0008,1.2,31.261985469256473,5S_T055,5,0.5499999999999999,0.1884215991249005,elastic,0.004,0.018323975564538,0.3426426783211261,0.0015337848581396,60.9098745910296,train
1432,data/simulations/mdof/sim_001432.npz,RSN0008_PGA_1p200g,RSN0008,1.2,31.261985469256473,5S_T055,5,0.5499999999999999,0.1884215991249005,bilinear,0.004,0.018323975564538,0.3426426783211251,0.0015337848581396,60.90987459102943,train
1433,data/simulations/mdof/sim_001433.npz,RSN0008_PGA_1p200g,RSN0008,1.2,31.261985469256473,5S_T055,5,0.5499999999999999,0.1884215991249005,bilinear,0.007,0.018323975564538,0.3426426783211251,0.0015337848581396,60.90987459102943,train
1434,data/simulations/mdof/sim_001434.npz,RSN0008_PGA_1p200g,RSN0008,1.2,31.261985469256473,5S_T085,5,0.8499999999999999,0.2911970168293918,elastic,0.004,0.0347428849731232,0.2422941679150406,0.0033694073116694,125.92119996960082,id_test
1435,data/simulations/mdof/sim_001435.npz,RSN0008_PGA_1p200g,RSN0008,1.2,31.261985469256473,5S_T085,5,0.8499999999999999,0.2911970168293918,bilinear,0.004,0.0347428849731233,0.2422941679150404,0.0033694073116694,125.92119996960112,id_test
1436,data/simulations/mdof/sim_001436.npz,RSN0008_PGA_1p200g,RSN0008,1.2,31.261985469256473,5S_T085,5,0.8499999999999999,0.2911970168293918,bilinear,0.007,0.0347428849731233,0.2422941679150404,0.0033694073116694,125.92119996960112,train
1437,data/simulations/mdof/sim_001437.npz,RSN0008_PGA_1p200g,RSN0008,1.2,31.261985469256473,5S_T120,5,1.2000000000000008,0.4111016708179651,elastic,0.004,0.0738535619391754,0.280051000233846,0.0059640052940073,307.5833793082244,ood_b
1438,data/simulations/mdof/sim_001438.npz,RSN0008_PGA_1p200g,RSN0008,1.2,31.261985469256473,5S_T120,5,1.2000000000000008,0.4111016708179651,bilinear,0.004,0.0770167317663894,0.2854881769730804,0.0109871450138058,437.26963476888625,ood_b
1439,data/simulations/mdof/sim_001439.npz,RSN0008_PGA_1p200g,RSN0008,1.2,31.261985469256473,5S_T120,5,1.2000000000000008,0.4111016708179651,bilinear,0.007,0.0738535619391754,0.2800510002338451,0.0059640052940073,307.58337930822375,ood_b
1440,data/simulations/mdof/sim_001440.npz,RSN0009_PGA_0p050g,RSN0009,0.05,0.3252550653574107,3S_T035,3,0.3499999999999998,0.1249135537622733,elastic,0.004,0.0003691923897846,0.011783031495397,5.547492704883937e-05,0.042575178047707,val
1441,data/simulations/mdof/sim_001441.npz,RSN0009_PGA_0p050g,RSN0009,0.05,0.3252550653574107,3S_T035,3,0.3499999999999998,0.1249135537622733,bilinear,0.004,0.0003691923897846,0.011783031495397,5.54749270488394e-05,0.0425751780477071,val
1442,data/simulations/mdof/sim_001442.npz,RSN0009_PGA_0p050g,RSN0009,0.05,0.3252550653574107,3S_T035,3,0.3499999999999998,0.1249135537622733,bilinear,0.007,0.0003691923897846,0.011783031495397,5.54749270488394e-05,0.0425751780477071,val
1443,data/simulations/mdof/sim_001443.npz,RSN0009_PGA_0p050g,RSN0009,0.05,0.3252550653574107,3S_T060,3,0.6,0.2141375207353256,elastic,0.004,0.0012617867770906,0.0161050678420974,0.0001738585390766,0.2006055163226952,val
1444,data/simulations/mdof/sim_001444.npz,RSN0009_PGA_0p050g,RSN0009,0.05,0.3252550653574107,3S_T060,3,0.6,0.2141375207353256,bilinear,0.004,0.0012617867770906,0.0161050678420975,0.0001738585390766,0.2006055163226951,val
1445,data/simulations/mdof/sim_001445.npz,RSN0009_PGA_0p050g,RSN0009,0.05,0.3252550653574107,3S_T060,3,0.6,0.2141375207353256,bilinear,0.007,0.0012617867770906,0.0161050678420975,0.0001738585390766,0.2006055163226951,val
1446,data/simulations/mdof/sim_001446.npz,RSN0009_PGA_0p050g,RSN0009,0.05,0.3252550653574107,3S_T090,3,0.9,0.3212062811029884,elastic,0.004,0.0018817919846739,0.0110155697048768,0.0002646036479543,0.2672005641274543,val
1447,data/simulations/mdof/sim_001447.npz,RSN0009_PGA_0p050g,RSN0009,0.05,0.3252550653574107,3S_T090,3,0.9,0.3212062811029884,bilinear,0.004,0.0018817919846739,0.0110155697048768,0.0002646036479543,0.2672005641274516,val
1448,data/simulations/mdof/sim_001448.npz,RSN0009_PGA_0p050g,RSN0009,0.05,0.3252550653574107,3S_T090,3,0.9,0.3212062811029884,bilinear,0.007,0.0018817919846739,0.0110155697048768,0.0002646036479543,0.2672005641274516,val
1449,data/simulations/mdof/sim_001449.npz,RSN0009_PGA_0p050g,RSN0009,0.05,0.3252550653574107,5S_T055,5,0.5499999999999999,0.1884215991249005,elastic,0.004,0.001257365160266,0.0190897717457998,0.0001138749914421,0.2896278216008434,val
1450,data/simulations/mdof/sim_001450.npz,RSN0009_PGA_0p050g,RSN0009,0.05,0.3252550653574107,5S_T055,5,0.5499999999999999,0.1884215991249005,bilinear,0.004,0.001257365160266,0.0190897717457998,0.0001138749914421,0.2896278216008445,val
1451,data/simulations/mdof/sim_001451.npz,RSN0009_PGA_0p050g,RSN0009,0.05,0.3252550653574107,5S_T055,5,0.5499999999999999,0.1884215991249005,bilinear,0.007,0.001257365160266,0.0190897717457998,0.0001138749914421,0.2896278216008445,val
1452,data/simulations/mdof/sim_001452.npz,RSN0009_PGA_0p050g,RSN0009,0.05,0.3252550653574107,5S_T085,5,0.8499999999999999,0.2911970168293918,elastic,0.004,0.0018049698296287,0.0135144843341677,0.000183089589113,0.3543457361839272,val
1453,data/simulations/mdof/sim_001453.npz,RSN0009_PGA_0p050g,RSN0009,0.05,0.3252550653574107,5S_T085,5,0.8499999999999999,0.2911970168293918,bilinear,0.004,0.0018049698296287,0.0135144843341677,0.000183089589113,0.3543457361839263,val
1454,data/simulations/mdof/sim_001454.npz,RSN0009_PGA_0p050g,RSN0009,0.05,0.3252550653574107,5S_T085,5,0.8499999999999999,0.2911970168293918,bilinear,0.007,0.0018049698296287,0.0135144843341677,0.000183089589113,0.3543457361839263,val
1455,data/simulations/mdof/sim_001455.npz,RSN0009_PGA_0p050g,RSN0009,0.05,0.3252550653574107,5S_T120,5,1.2000000000000008,0.4111016708179651,elastic,0.004,0.0028645756971791,0.0143628328348791,0.000267371186427,0.5235415064977542,excluded_unseen_val
1456,data/simulations/mdof/sim_001456.npz,RSN0009_PGA_0p050g,RSN0009,0.05,0.3252550653574107,5S_T120,5,1.2000000000000008,0.4111016708179651,bilinear,0.004,0.0028645756971791,0.0143628328348789,0.000267371186427,0.5235415064977518,excluded_unseen_val
1457,data/simulations/mdof/sim_001457.npz,RSN0009_PGA_0p050g,RSN0009,0.05,0.3252550653574107,5S_T120,5,1.2000000000000008,0.4111016708179651,bilinear,0.007,0.0028645756971791,0.0143628328348789,0.000267371186427,0.5235415064977518,excluded_unseen_val
1458,data/simulations/mdof/sim_001458.npz,RSN0009_PGA_0p100g,RSN0009,0.1,0.6505101307148214,3S_T035,3,0.3499999999999998,0.1249135537622733,elastic,0.004,0.0007383847795693,0.0235660629907941,0.0001109498540976,0.1703007121908283,val
1459,data/simulations/mdof/sim_001459.npz,RSN0009_PGA_0p100g,RSN0009,0.1,0.6505101307148214,3S_T035,3,0.3499999999999998,0.1249135537622733,bilinear,0.004,0.0007383847795693,0.0235660629907941,0.0001109498540976,0.1703007121908285,val
1460,data/simulations/mdof/sim_001460.npz,RSN0009_PGA_0p100g,RSN0009,0.1,0.6505101307148214,3S_T035,3,0.3499999999999998,0.1249135537622733,bilinear,0.007,0.0007383847795693,0.0235660629907941,0.0001109498540976,0.1703007121908285,val
1461,data/simulations/mdof/sim_001461.npz,RSN0009_PGA_0p100g,RSN0009,0.1,0.6505101307148214,3S_T060,3,0.6,0.2141375207353256,elastic,0.004,0.0025235735541813,0.0322101356841949,0.0003477170781533,0.8024220652907808,val
1462,data/simulations/mdof/sim_001462.npz,RSN0009_PGA_0p100g,RSN0009,0.1,0.6505101307148214,3S_T060,3,0.6,0.2141375207353256,bilinear,0.004,0.0025235735541813,0.032210135684195,0.0003477170781533,0.8024220652907805,val
1463,data/simulations/mdof/sim_001463.npz,RSN0009_PGA_0p100g,RSN0009,0.1,0.6505101307148214,3S_T060,3,0.6,0.2141375207353256,bilinear,0.007,0.0025235735541813,0.032210135684195,0.0003477170781533,0.8024220652907805,val
1464,data/simulations/mdof/sim_001464.npz,RSN0009_PGA_0p100g,RSN0009,0.1,0.6505101307148214,3S_T090,3,0.9,0.3212062811029884,elastic,0.004,0.0037635839693479,0.0220311394097536,0.0005292072959087,1.0688022565098172,val
1465,data/simulations/mdof/sim_001465.npz,RSN0009_PGA_0p100g,RSN0009,0.1,0.6505101307148214,3S_T090,3,0.9,0.3212062811029884,bilinear,0.004,0.0037635839693479,0.0220311394097536,0.0005292072959087,1.0688022565098063,val
1466,data/simulations/mdof/sim_001466.npz,RSN0009_PGA_0p100g,RSN0009,0.1,0.6505101307148214,3S_T090,3,0.9,0.3212062811029884,bilinear,0.007,0.0037635839693479,0.0220311394097536,0.0005292072959087,1.0688022565098063,val
1467,data/simulations/mdof/sim_001467.npz,RSN0009_PGA_0p100g,RSN0009,0.1,0.6505101307148214,5S_T055,5,0.5499999999999999,0.1884215991249005,elastic,0.004,0.002514730320532,0.0381795434915996,0.0002277499828843,1.1585112864033738,val
1468,data/simulations/mdof/sim_001468.npz,RSN0009_PGA_0p100g,RSN0009,0.1,0.6505101307148214,5S_T055,5,0.5499999999999999,0.1884215991249005,bilinear,0.004,0.002514730320532,0.0381795434915996,0.0002277499828843,1.1585112864033729,val
1469,data/simulations/mdof/sim_001469.npz,RSN0009_PGA_0p100g,RSN0009,0.1,0.6505101307148214,5S_T055,5,0.5499999999999999,0.1884215991249005,bilinear,0.007,0.002514730320532,0.0381795434915996,0.0002277499828843,1.1585112864033729,val
1470,data/simulations/mdof/sim_001470.npz,RSN0009_PGA_0p100g,RSN0009,0.1,0.6505101307148214,5S_T085,5,0.8499999999999999,0.2911970168293918,elastic,0.004,0.0036099396592574,0.0270289686683355,0.000366179178226,1.417382944735709,val
1471,data/simulations/mdof/sim_001471.npz,RSN0009_PGA_0p100g,RSN0009,0.1,0.6505101307148214,5S_T085,5,0.8499999999999999,0.2911970168293918,bilinear,0.004,0.0036099396592574,0.0270289686683355,0.000366179178226,1.4173829447357051,val
1472,data/simulations/mdof/sim_001472.npz,RSN0009_PGA_0p100g,RSN0009,0.1,0.6505101307148214,5S_T085,5,0.8499999999999999,0.2911970168293918,bilinear,0.007,0.0036099396592574,0.0270289686683355,0.000366179178226,1.4173829447357051,val
1473,data/simulations/mdof/sim_001473.npz,RSN0009_PGA_0p100g,RSN0009,0.1,0.6505101307148214,5S_T120,5,1.2000000000000008,0.4111016708179651,elastic,0.004,0.0057291513943583,0.0287256656697582,0.0005347423728541,2.094166025991017,excluded_unseen_val
1474,data/simulations/mdof/sim_001474.npz,RSN0009_PGA_0p100g,RSN0009,0.1,0.6505101307148214,5S_T120,5,1.2000000000000008,0.4111016708179651,bilinear,0.004,0.0057291513943583,0.0287256656697578,0.0005347423728541,2.094166025991007,excluded_unseen_val
1475,data/simulations/mdof/sim_001475.npz,RSN0009_PGA_0p100g,RSN0009,0.1,0.6505101307148214,5S_T120,5,1.2000000000000008,0.4111016708179651,bilinear,0.007,0.0057291513943583,0.0287256656697578,0.0005347423728541,2.094166025991007,excluded_unseen_val
1476,data/simulations/mdof/sim_001476.npz,RSN0009_PGA_0p200g,RSN0009,0.2,1.3010202614296429,3S_T035,3,0.3499999999999998,0.1249135537622733,elastic,0.004,0.0014767695591386,0.0471321259815883,0.0002218997081953,0.6812028487633133,val
1477,data/simulations/mdof/sim_001477.npz,RSN0009_PGA_0p200g,RSN0009,0.2,1.3010202614296429,3S_T035,3,0.3499999999999998,0.1249135537622733,bilinear,0.004,0.0014767695591386,0.0471321259815882,0.0002218997081953,0.6812028487633142,val
1478,data/simulations/mdof/sim_001478.npz,RSN0009_PGA_0p200g,RSN0009,0.2,1.3010202614296429,3S_T035,3,0.3499999999999998,0.1249135537622733,bilinear,0.007,0.0014767695591386,0.0471321259815882,0.0002218997081953,0.6812028487633142,val
1479,data/simulations/mdof/sim_001479.npz,RSN0009_PGA_0p200g,RSN0009,0.2,1.3010202614296429,3S_T060,3,0.6,0.2141375207353256,elastic,0.004,0.0050471471083627,0.0644202713683899,0.0006954341563067,3.209688261163123,val
1480,data/simulations/mdof/sim_001480.npz,RSN0009_PGA_0p200g,RSN0009,0.2,1.3010202614296429,3S_T060,3,0.6,0.2141375207353256,bilinear,0.004,0.0050471471083627,0.06442027136839,0.0006954341563067,3.209688261163122,val
1481,data/simulations/mdof/sim_001481.npz,RSN0009_PGA_0p200g,RSN0009,0.2,1.3010202614296429,3S_T060,3,0.6,0.2141375207353256,bilinear,0.007,0.0050471471083627,0.06442027136839,0.0006954341563067,3.209688261163122,val
1482,data/simulations/mdof/sim_001482.npz,RSN0009_PGA_0p200g,RSN0009,0.2,1.3010202614296429,3S_T090,3,0.9,0.3212062811029884,elastic,0.004,0.0075271679386958,0.0440622788195073,0.0010584145918174,4.275209026039269,val
1483,data/simulations/mdof/sim_001483.npz,RSN0009_PGA_0p200g,RSN0009,0.2,1.3010202614296429,3S_T090,3,0.9,0.3212062811029884,bilinear,0.004,0.0075271679386958,0.0440622788195073,0.0010584145918174,4.275209026039226,val
1484,data/simulations/mdof/sim_001484.npz,RSN0009_PGA_0p200g,RSN0009,0.2,1.3010202614296429,3S_T090,3,0.9,0.3212062811029884,bilinear,0.007,0.0075271679386958,0.0440622788195073,0.0010584145918174,4.275209026039226,val
1485,data/simulations/mdof/sim_001485.npz,RSN0009_PGA_0p200g,RSN0009,0.2,1.3010202614296429,5S_T055,5,0.5499999999999999,0.1884215991249005,elastic,0.004,0.005029460641064,0.0763590869831993,0.0004554999657687,4.634045145613495,val
1486,data/simulations/mdof/sim_001486.npz,RSN0009_PGA_0p200g,RSN0009,0.2,1.3010202614296429,5S_T055,5,0.5499999999999999,0.1884215991249005,bilinear,0.004,0.005029460641064,0.0763590869831993,0.0004554999657687,4.6340451456134915,val
1487,data/simulations/mdof/sim_001487.npz,RSN0009_PGA_0p200g,RSN0009,0.2,1.3010202614296429,5S_T055,5,0.5499999999999999,0.1884215991249005,bilinear,0.007,0.005029460641064,0.0763590869831993,0.0004554999657687,4.6340451456134915,val
1488,data/simulations/mdof/sim_001488.npz,RSN0009_PGA_0p200g,RSN0009,0.2,1.3010202614296429,5S_T085,5,0.8499999999999999,0.2911970168293918,elastic,0.004,0.0072198793185148,0.054057937336671,0.0007323583564521,5.669531778942836,val
1489,data/simulations/mdof/sim_001489.npz,RSN0009_PGA_0p200g,RSN0009,0.2,1.3010202614296429,5S_T085,5,0.8499999999999999,0.2911970168293918,bilinear,0.004,0.0072198793185148,0.0540579373366711,0.0007323583564521,5.669531778942821,val
1490,data/simulations/mdof/sim_001490.npz,RSN0009_PGA_0p200g,RSN0009,0.2,1.3010202614296429,5S_T085,5,0.8499999999999999,0.2911970168293918,bilinear,0.007,0.0072198793185148,0.0540579373366711,0.0007323583564521,5.669531778942821,val
1491,data/simulations/mdof/sim_001491.npz,RSN0009_PGA_0p200g,RSN0009,0.2,1.3010202614296429,5S_T120,5,1.2000000000000008,0.4111016708179651,elastic,0.004,0.0114583027887166,0.0574513313395164,0.0010694847457083,8.376664103964067,excluded_unseen_val
1492,data/simulations/mdof/sim_001492.npz,RSN0009_PGA_0p200g,RSN0009,0.2,1.3010202614296429,5S_T120,5,1.2000000000000008,0.4111016708179651,bilinear,0.004,0.0114583027887166,0.057451331339516,0.0010694847457083,8.376664103964043,excluded_unseen_val
1493,data/simulations/mdof/sim_001493.npz,RSN0009_PGA_0p200g,RSN0009,0.2,1.3010202614296429,5S_T120,5,1.2000000000000008,0.4111016708179651,bilinear,0.007,0.0114583027887166,0.057451331339516,0.0010694847457083,8.376664103964043,excluded_unseen_val
1494,data/simulations/mdof/sim_001494.npz,RSN0009_PGA_0p300g,RSN0009,0.3,1.951530392144464,3S_T035,3,0.3499999999999998,0.1249135537622733,elastic,0.004,0.002215154338708,0.0706981889723824,0.000332849562293,1.532706409717458,val
1495,data/simulations/mdof/sim_001495.npz,RSN0009_PGA_0p300g,RSN0009,0.3,1.951530392144464,3S_T035,3,0.3499999999999998,0.1249135537622733,bilinear,0.004,0.002215154338708,0.0706981889723824,0.000332849562293,1.532706409717459,val
1496,data/simulations/mdof/sim_001496.npz,RSN0009_PGA_0p300g,RSN0009,0.3,1.951530392144464,3S_T035,3,0.3499999999999998,0.1249135537622733,bilinear,0.007,0.002215154338708,0.0706981889723824,0.000332849562293,1.532706409717459,val
1497,data/simulations/mdof/sim_001497.npz,RSN0009_PGA_0p300g,RSN0009,0.3,1.951530392144464,3S_T060,3,0.6,0.2141375207353256,elastic,0.004,0.0075707206625441,0.0966304070525847,0.0010431512344601,7.221798587617031,val
1498,data/simulations/mdof/sim_001498.npz,RSN0009_PGA_0p300g,RSN0009,0.3,1.951530392144464,3S_T060,3,0.6,0.2141375207353256,bilinear,0.004,0.0075707206625441,0.0966304070525847,0.0010431512344601,7.221798587617024,val
1499,data/simulations/mdof/sim_001499.npz,RSN0009_PGA_0p300g,RSN0009,0.3,1.951530392144464,3S_T060,3,0.6,0.2141375207353256,bilinear,0.007,0.0075707206625441,0.0966304070525847,0.0010431512344601,7.221798587617024,val
1500,data/simulations/mdof/sim_001500.npz,RSN0009_PGA_0p300g,RSN0009,0.3,1.951530392144464,3S_T090,3,0.9,0.3212062811029884,elastic,0.004,0.0112907519080438,0.0660934182292612,0.0015876218877261,9.61922030858826,val
1501,data/simulations/mdof/sim_001501.npz,RSN0009_PGA_0p300g,RSN0009,0.3,1.951530392144464,3S_T090,3,0.9,0.3212062811029884,bilinear,0.004,0.0112907519080437,0.0660934182292609,0.0015876218877261,9.619220308588288,val
1502,data/simulations/mdof/sim_001502.npz,RSN0009_PGA_0p300g,RSN0009,0.3,1.951530392144464,3S_T090,3,0.9,0.3212062811029884,bilinear,0.007,0.0112907519080437,0.0660934182292609,0.0015876218877261,9.619220308588288,val
1503,data/simulations/mdof/sim_001503.npz,RSN0009_PGA_0p300g,RSN0009,0.3,1.951530392144464,5S_T055,5,0.5499999999999999,0.1884215991249005,elastic,0.004,0.007544190961596,0.1145386304747997,0.0006832499486531,10.426601577630391,val
1504,data/simulations/mdof/sim_001504.npz,RSN0009_PGA_0p300g,RSN0009,0.3,1.951530392144464,5S_T055,5,0.5499999999999999,0.1884215991249005,bilinear,0.004,0.007544190961596,0.1145386304747996,0.0006832499486531,10.426601577630375,val
1505,data/simulations/mdof/sim_001505.npz,RSN0009_PGA_0p300g,RSN0009,0.3,1.951530392144464,5S_T055,5,0.5499999999999999,0.1884215991249005,bilinear,0.007,0.007544190961596,0.1145386304747996,0.0006832499486531,10.426601577630375,val
1506,data/simulations/mdof/sim_001506.npz,RSN0009_PGA_0p300g,RSN0009,0.3,1.951530392144464,5S_T085,5,0.8499999999999999,0.2911970168293918,elastic,0.004,0.0108298189777723,0.0810869060050066,0.0010985375346782,12.756446502621348,val
1507,data/simulations/mdof/sim_001507.npz,RSN0009_PGA_0p300g,RSN0009,0.3,1.951530392144464,5S_T085,5,0.8499999999999999,0.2911970168293918,bilinear,0.004,0.0108298189777723,0.0810869060050063,0.0010985375346782,12.756446502621372,val
1508,data/simulations/mdof/sim_001508.npz,RSN0009_PGA_0p300g,RSN0009,0.3,1.951530392144464,5S_T085,5,0.8499999999999999,0.2911970168293918,bilinear,0.007,0.0108298189777723,0.0810869060050063,0.0010985375346782,12.756446502621372,val
1509,data/simulations/mdof/sim_001509.npz,RSN0009_PGA_0p300g,RSN0009,0.3,1.951530392144464,5S_T120,5,1.2000000000000008,0.4111016708179651,elastic,0.004,0.0171874541830749,0.0861769970092747,0.0016042271185624,18.847494233919132,excluded_unseen_val
1510,data/simulations/mdof/sim_001510.npz,RSN0009_PGA_0p300g,RSN0009,0.3,1.951530392144464,5S_T120,5,1.2000000000000008,0.4111016708179651,bilinear,0.004,0.0171874541830749,0.0861769970092738,0.0016042271185624,18.847494233919072,excluded_unseen_val
1511,data/simulations/mdof/sim_001511.npz,RSN0009_PGA_0p300g,RSN0009,0.3,1.951530392144464,5S_T120,5,1.2000000000000008,0.4111016708179651,bilinear,0.007,0.0171874541830749,0.0861769970092738,0.0016042271185624,18.847494233919072,excluded_unseen_val
1512,data/simulations/mdof/sim_001512.npz,RSN0009_PGA_0p400g,RSN0009,0.4,2.6020405228592858,3S_T035,3,0.3499999999999998,0.1249135537622733,elastic,0.004,0.0029535391182773,0.0942642519631766,0.0004437994163907,2.724811395053253,val
1513,data/simulations/mdof/sim_001513.npz,RSN0009_PGA_0p400g,RSN0009,0.4,2.6020405228592858,3S_T035,3,0.3499999999999998,0.1249135537622733,bilinear,0.004,0.0029535391182773,0.0942642519631765,0.0004437994163907,2.7248113950532566,val
1514,data/simulations/mdof/sim_001514.npz,RSN0009_PGA_0p400g,RSN0009,0.4,2.6020405228592858,3S_T035,3,0.3499999999999998,0.1249135537622733,bilinear,0.007,0.0029535391182773,0.0942642519631765,0.0004437994163907,2.7248113950532566,val
1515,data/simulations/mdof/sim_001515.npz,RSN0009_PGA_0p400g,RSN0009,0.4,2.6020405228592858,3S_T060,3,0.6,0.2141375207353256,elastic,0.004,0.0100942942167255,0.1288405427367798,0.0013908683126134,12.838753044652492,val
1516,data/simulations/mdof/sim_001516.npz,RSN0009_PGA_0p400g,RSN0009,0.4,2.6020405228592858,3S_T060,3,0.6,0.2141375207353256,bilinear,0.004,0.0100942942167255,0.1288405427367801,0.0013908683126134,12.838753044652488,val
1517,data/simulations/mdof/sim_001517.npz,RSN0009_PGA_0p400g,RSN0009,0.4,2.6020405228592858,3S_T060,3,0.6,0.2141375207353256,bilinear,0.007,0.0100942942167255,0.1288405427367801,0.0013908683126134,12.838753044652488,val
1518,data/simulations/mdof/sim_001518.npz,RSN0009_PGA_0p400g,RSN0009,0.4,2.6020405228592858,3S_T090,3,0.9,0.3212062811029884,elastic,0.004,0.0150543358773917,0.0881245576390146,0.0021168291836349,17.100836104157075,val
1519,data/simulations/mdof/sim_001519.npz,RSN0009_PGA_0p400g,RSN0009,0.4,2.6020405228592858,3S_T090,3,0.9,0.3212062811029884,bilinear,0.004,0.0150543358773916,0.0881245576390147,0.0021168291836348,17.100836104156905,val
1520,data/simulations/mdof/sim_001520.npz,RSN0009_PGA_0p400g,RSN0009,0.4,2.6020405228592858,3S_T090,3,0.9,0.3212062811029884,bilinear,0.007,0.0150543358773916,0.0881245576390147,0.0021168291836348,17.100836104156905,val
1521,data/simulations/mdof/sim_001521.npz,RSN0009_PGA_0p400g,RSN0009,0.4,2.6020405228592858,5S_T055,5,0.5499999999999999,0.1884215991249005,elastic,0.004,0.0100589212821281,0.1527181739663987,0.0009109999315375,18.53618058245398,val
1522,data/simulations/mdof/sim_001522.npz,RSN0009_PGA_0p400g,RSN0009,0.4,2.6020405228592858,5S_T055,5,0.5499999999999999,0.1884215991249005,bilinear,0.004,0.0100589212821281,0.1527181739663987,0.0009109999315375,18.53618058245397,val
1523,data/simulations/mdof/sim_001523.npz,RSN0009_PGA_0p400g,RSN0009,0.4,2.6020405228592858,5S_T055,5,0.5499999999999999,0.1884215991249005,bilinear,0.007,0.0100589212821281,0.1527181739663987,0.0009109999315375,18.53618058245397,val
1524,data/simulations/mdof/sim_001524.npz,RSN0009_PGA_0p400g,RSN0009,0.4,2.6020405228592858,5S_T085,5,0.8499999999999999,0.2911970168293918,elastic,0.004,0.0144397586370297,0.108115874673342,0.0014647167129043,22.678127115771343,val
1525,data/simulations/mdof/sim_001525.npz,RSN0009_PGA_0p400g,RSN0009,0.4,2.6020405228592858,5S_T085,5,0.8499999999999999,0.2911970168293918,bilinear,0.004,0.0144397586370297,0.1081158746733423,0.0014647167129043,22.67812711577128,val
1526,data/simulations/mdof/sim_001526.npz,RSN0009_PGA_0p400g,RSN0009,0.4,2.6020405228592858,5S_T085,5,0.8499999999999999,0.2911970168293918,bilinear,0.007,0.0144397586370297,0.1081158746733423,0.0014647167129043,22.67812711577128,val
1527,data/simulations/mdof/sim_001527.npz,RSN0009_PGA_0p400g,RSN0009,0.4,2.6020405228592858,5S_T120,5,1.2000000000000008,0.4111016708179651,elastic,0.004,0.0229166055774333,0.1149026626790328,0.0021389694914166,33.50665641585627,excluded_unseen_val
1528,data/simulations/mdof/sim_001528.npz,RSN0009_PGA_0p400g,RSN0009,0.4,2.6020405228592858,5S_T120,5,1.2000000000000008,0.4111016708179651,bilinear,0.004,0.0229166055774332,0.1149026626790315,0.0021389694914166,33.50665641585617,excluded_unseen_val
1529,data/simulations/mdof/sim_001529.npz,RSN0009_PGA_0p400g,RSN0009,0.4,2.6020405228592858,5S_T120,5,1.2000000000000008,0.4111016708179651,bilinear,0.007,0.0229166055774332,0.1149026626790315,0.0021389694914166,33.50665641585617,excluded_unseen_val
1530,data/simulations/mdof/sim_001530.npz,RSN0009_PGA_0p500g,RSN0009,0.5,3.252550653574107,3S_T035,3,0.3499999999999998,0.1249135537622733,elastic,0.004,0.0036919238978467,0.1178303149539706,0.0005547492704883,4.257517804770719,val
1531,data/simulations/mdof/sim_001531.npz,RSN0009_PGA_0p500g,RSN0009,0.5,3.252550653574107,3S_T035,3,0.3499999999999998,0.1249135537622733,bilinear,0.004,0.0036919238978467,0.1178303149539707,0.0005547492704883,4.257517804770713,val
1532,data/simulations/mdof/sim_001532.npz,RSN0009_PGA_0p500g,RSN0009,0.5,3.252550653574107,3S_T035,3,0.3499999999999998,0.1249135537622733,bilinear,0.007,0.0036919238978467,0.1178303149539707,0.0005547492704883,4.257517804770713,val
1533,data/simulations/mdof/sim_001533.npz,RSN0009_PGA_0p500g,RSN0009,0.5,3.252550653574107,3S_T060,3,0.6,0.2141375207353256,elastic,0.004,0.0126178677709069,0.1610506784209745,0.0017385853907668,20.060551632269515,val
1534,data/simulations/mdof/sim_001534.npz,RSN0009_PGA_0p500g,RSN0009,0.5,3.252550653574107,3S_T060,3,0.6,0.2141375207353256,bilinear,0.004,0.0126178677709069,0.1610506784209747,0.0017385853907668,20.06055163226955,val
1535,data/simulations/mdof/sim_001535.npz,RSN0009_PGA_0p500g,RSN0009,0.5,3.252550653574107,3S_T060,3,0.6,0.2141375207353256,bilinear,0.007,0.0126178677709069,0.1610506784209747,0.0017385853907668,20.06055163226955,val
1536,data/simulations/mdof/sim_001536.npz,RSN0009_PGA_0p500g,RSN0009,0.5,3.252550653574107,3S_T090,3,0.9,0.3212062811029884,elastic,0.004,0.0188179198467396,0.1101556970487683,0.0026460364795436,26.72005641274523,val
1537,data/simulations/mdof/sim_001537.npz,RSN0009_PGA_0p500g,RSN0009,0.5,3.252550653574107,3S_T090,3,0.9,0.3212062811029884,bilinear,0.004,0.0188179198467397,0.1101556970487687,0.0026460364795436,26.720056412745222,val
1538,data/simulations/mdof/sim_001538.npz,RSN0009_PGA_0p500g,RSN0009,0.5,3.252550653574107,3S_T090,3,0.9,0.3212062811029884,bilinear,0.007,0.0188179198467397,0.1101556970487687,0.0026460364795436,26.720056412745222,val
1539,data/simulations/mdof/sim_001539.npz,RSN0009_PGA_0p500g,RSN0009,0.5,3.252550653574107,5S_T055,5,0.5499999999999999,0.1884215991249005,elastic,0.004,0.0125736516026601,0.1908977174579984,0.0011387499144219,28.96278216008437,val
1540,data/simulations/mdof/sim_001540.npz,RSN0009_PGA_0p500g,RSN0009,0.5,3.252550653574107,5S_T055,5,0.5499999999999999,0.1884215991249005,bilinear,0.004,0.0125736516026601,0.1908977174579994,0.0011387499144219,28.962782160084416,val
1541,data/simulations/mdof/sim_001541.npz,RSN0009_PGA_0p500g,RSN0009,0.5,3.252550653574107,5S_T055,5,0.5499999999999999,0.1884215991249005,bilinear,0.007,0.0125736516026601,0.1908977174579994,0.0011387499144219,28.962782160084416,val
1542,data/simulations/mdof/sim_001542.npz,RSN0009_PGA_0p500g,RSN0009,0.5,3.252550653574107,5S_T085,5,0.8499999999999999,0.2911970168293918,elastic,0.004,0.0180496982962872,0.1351448433416768,0.0018308958911304,35.434573618392754,val
1543,data/simulations/mdof/sim_001543.npz,RSN0009_PGA_0p500g,RSN0009,0.5,3.252550653574107,5S_T085,5,0.8499999999999999,0.2911970168293918,bilinear,0.004,0.0180496982962872,0.1351448433416776,0.0018308958911304,35.434573618392726,val
1544,data/simulations/mdof/sim_001544.npz,RSN0009_PGA_0p500g,RSN0009,0.5,3.252550653574107,5S_T085,5,0.8499999999999999,0.2911970168293918,bilinear,0.007,0.0180496982962872,0.1351448433416776,0.0018308958911304,35.434573618392726,val
1545,data/simulations/mdof/sim_001545.npz,RSN0009_PGA_0p500g,RSN0009,0.5,3.252550653574107,5S_T120,5,1.2000000000000008,0.4111016708179651,elastic,0.004,0.0286457569717916,0.1436283283487895,0.0026737118642707,52.354150649775285,excluded_unseen_val
1546,data/simulations/mdof/sim_001546.npz,RSN0009_PGA_0p500g,RSN0009,0.5,3.252550653574107,5S_T120,5,1.2000000000000008,0.4111016708179651,bilinear,0.004,0.0286457569717916,0.1436283283487897,0.0026737118642707,52.354150649774944,excluded_unseen_val
1547,data/simulations/mdof/sim_001547.npz,RSN0009_PGA_0p500g,RSN0009,0.5,3.252550653574107,5S_T120,5,1.2000000000000008,0.4111016708179651,bilinear,0.007,0.0286457569717916,0.1436283283487897,0.0026737118642707,52.354150649774944,excluded_unseen_val
1548,data/simulations/mdof/sim_001548.npz,RSN0009_PGA_0p600g,RSN0009,0.6,3.903060784288928,3S_T035,3,0.3499999999999998,0.1249135537622733,elastic,0.004,0.004430308677416,0.1413963779447648,0.000665699124586,6.130825638869832,val
1549,data/simulations/mdof/sim_001549.npz,RSN0009_PGA_0p600g,RSN0009,0.6,3.903060784288928,3S_T035,3,0.3499999999999998,0.1249135537622733,bilinear,0.004,0.004430308677416,0.1413963779447649,0.000665699124586,6.130825638869836,val
1550,data/simulations/mdof/sim_001550.npz,RSN0009_PGA_0p600g,RSN0009,0.6,3.903060784288928,3S_T035,3,0.3499999999999998,0.1249135537622733,bilinear,0.007,0.004430308677416,0.1413963779447649,0.000665699124586,6.130825638869836,val
1551,data/simulations/mdof/sim_001551.npz,RSN0009_PGA_0p600g,RSN0009,0.6,3.903060784288928,3S_T060,3,0.6,0.2141375207353256,elastic,0.004,0.0151414413250883,0.1932608141051695,0.0020863024689202,28.887194350468125,val
1552,data/simulations/mdof/sim_001552.npz,RSN0009_PGA_0p600g,RSN0009,0.6,3.903060784288928,3S_T060,3,0.6,0.2141375207353256,bilinear,0.004,0.0151414413250883,0.1932608141051695,0.0020863024689202,28.887194350468096,val
1553,data/simulations/mdof/sim_001553.npz,RSN0009_PGA_0p600g,RSN0009,0.6,3.903060784288928,3S_T060,3,0.6,0.2141375207353256,bilinear,0.007,0.0151414413250883,0.1932608141051695,0.0020863024689202,28.887194350468096,val
1554,data/simulations/mdof/sim_001554.npz,RSN0009_PGA_0p600g,RSN0009,0.6,3.903060784288928,3S_T090,3,0.9,0.3212062811029884,elastic,0.004,0.0225815038160876,0.1321868364585225,0.0031752437754523,38.47688123435304,val
1555,data/simulations/mdof/sim_001555.npz,RSN0009_PGA_0p600g,RSN0009,0.6,3.903060784288928,3S_T090,3,0.9,0.3212062811029884,bilinear,0.004,0.0225815038160875,0.1321868364585218,0.0031752437754523,38.47688123435315,val
1556,data/simulations/mdof/sim_001556.npz,RSN0009_PGA_0p600g,RSN0009,0.6,3.903060784288928,3S_T090,3,0.9,0.3212062811029884,bilinear,0.007,0.0225815038160875,0.1321868364585218,0.0031752437754523,38.47688123435315,val
1557,data/simulations/mdof/sim_001557.npz,RSN0009_PGA_0p600g,RSN0009,0.6,3.903060784288928,5S_T055,5,0.5499999999999999,0.1884215991249005,elastic,0.004,0.0150883819231921,0.2290772609495995,0.0013664998973063,41.70640631052157,val
1558,data/simulations/mdof/sim_001558.npz,RSN0009_PGA_0p600g,RSN0009,0.6,3.903060784288928,5S_T055,5,0.5499999999999999,0.1884215991249005,bilinear,0.004,0.0150883819231921,0.2290772609495993,0.0013664998973063,41.7064063105215,val
1559,data/simulations/mdof/sim_001559.npz,RSN0009_PGA_0p600g,RSN0009,0.6,3.903060784288928,5S_T055,5,0.5499999999999999,0.1884215991249005,bilinear,0.007,0.0150883819231921,0.2290772609495993,0.0013664998973063,41.7064063105215,val
1560,data/simulations/mdof/sim_001560.npz,RSN0009_PGA_0p600g,RSN0009,0.6,3.903060784288928,5S_T085,5,0.8499999999999999,0.2911970168293918,elastic,0.004,0.0216596379555446,0.1621738120100132,0.0021970750693565,51.02578601048539,val
1561,data/simulations/mdof/sim_001561.npz,RSN0009_PGA_0p600g,RSN0009,0.6,3.903060784288928,5S_T085,5,0.8499999999999999,0.2911970168293918,bilinear,0.004,0.0216596379555446,0.1621738120100127,0.0021970750693565,51.02578601048549,val
1562,data/simulations/mdof/sim_001562.npz,RSN0009_PGA_0p600g,RSN0009,0.6,3.903060784288928,5S_T085,5,0.8499999999999999,0.2911970168293918,bilinear,0.007,0.0216596379555446,0.1621738120100127,0.0021970750693565,51.02578601048549,val
1563,data/simulations/mdof/sim_001563.npz,RSN0009_PGA_0p600g,RSN0009,0.6,3.903060784288928,5S_T120,5,1.2000000000000008,0.4111016708179651,elastic,0.004,0.0343749083661499,0.1723539940185494,0.0032084542371249,75.38997693567653,excluded_unseen_val
1564,data/simulations/mdof/sim_001564.npz,RSN0009_PGA_0p600g,RSN0009,0.6,3.903060784288928,5S_T120,5,1.2000000000000008,0.4111016708179651,bilinear,0.004,0.03437490836615,0.172353994018548,0.0032084542371249,75.38997693567623,excluded_unseen_val
1565,data/simulations/mdof/sim_001565.npz,RSN0009_PGA_0p600g,RSN0009,0.6,3.903060784288928,5S_T120,5,1.2000000000000008,0.4111016708179651,bilinear,0.007,0.03437490836615,0.172353994018548,0.0032084542371249,75.38997693567623,excluded_unseen_val
1566,data/simulations/mdof/sim_001566.npz,RSN0009_PGA_0p800g,RSN0009,0.8,5.2040810457185716,3S_T035,3,0.3499999999999998,0.1249135537622733,elastic,0.004,0.0059070782365547,0.1885285039263532,0.0008875988327814,10.899245580213012,val
1567,data/simulations/mdof/sim_001567.npz,RSN0009_PGA_0p800g,RSN0009,0.8,5.2040810457185716,3S_T035,3,0.3499999999999998,0.1249135537622733,bilinear,0.004,0.0059070782365547,0.188528503926353,0.0008875988327814,10.899245580213028,val
1568,data/simulations/mdof/sim_001568.npz,RSN0009_PGA_0p800g,RSN0009,0.8,5.2040810457185716,3S_T035,3,0.3499999999999998,0.1249135537622733,bilinear,0.007,0.0059070782365547,0.188528503926353,0.0008875988327814,10.899245580213028,val
1569,data/simulations/mdof/sim_001569.npz,RSN0009_PGA_0p800g,RSN0009,0.8,5.2040810457185716,3S_T060,3,0.6,0.2141375207353256,elastic,0.004,0.0201885884334511,0.2576810854735596,0.0027817366252269,51.35501217860997,val
1570,data/simulations/mdof/sim_001570.npz,RSN0009_PGA_0p800g,RSN0009,0.8,5.2040810457185716,3S_T060,3,0.6,0.2141375207353256,bilinear,0.004,0.0201885884334511,0.2576810854735602,0.0027817366252269,51.355012178609954,val
1571,data/simulations/mdof/sim_001571.npz,RSN0009_PGA_0p800g,RSN0009,0.8,5.2040810457185716,3S_T060,3,0.6,0.2141375207353256,bilinear,0.007,0.0201885884334511,0.2576810854735602,0.0027817366252269,51.355012178609954,val
1572,data/simulations/mdof/sim_001572.npz,RSN0009_PGA_0p800g,RSN0009,0.8,5.2040810457185716,3S_T090,3,0.9,0.3212062811029884,elastic,0.004,0.0301086717547835,0.1762491152780292,0.0042336583672698,68.4033444166283,val
1573,data/simulations/mdof/sim_001573.npz,RSN0009_PGA_0p800g,RSN0009,0.8,5.2040810457185716,3S_T090,3,0.9,0.3212062811029884,bilinear,0.004,0.0296029129285493,0.1738595289224702,0.0042575774038087,67.70502145198195,val
1574,data/simulations/mdof/sim_001574.npz,RSN0009_PGA_0p800g,RSN0009,0.8,5.2040810457185716,3S_T090,3,0.9,0.3212062811029884,bilinear,0.007,0.0301086717547833,0.1762491152780294,0.0042336583672697,68.40334441662762,val
1575,data/simulations/mdof/sim_001575.npz,RSN0009_PGA_0p800g,RSN0009,0.8,5.2040810457185716,5S_T055,5,0.5499999999999999,0.1884215991249005,elastic,0.004,0.0201178425642562,0.3054363479327975,0.001821999863075,74.14472232981592,val
1576,data/simulations/mdof/sim_001576.npz,RSN0009_PGA_0p800g,RSN0009,0.8,5.2040810457185716,5S_T055,5,0.5499999999999999,0.1884215991249005,bilinear,0.004,0.0201178425642562,0.3054363479327974,0.001821999863075,74.14472232981586,val
1577,data/simulations/mdof/sim_001577.npz,RSN0009_PGA_0p800g,RSN0009,0.8,5.2040810457185716,5S_T055,5,0.5499999999999999,0.1884215991249005,bilinear,0.007,0.0201178425642562,0.3054363479327974,0.001821999863075,74.14472232981586,val
1578,data/simulations/mdof/sim_001578.npz,RSN0009_PGA_0p800g,RSN0009,0.8,5.2040810457185716,5S_T085,5,0.8499999999999999,0.2911970168293918,elastic,0.004,0.0288795172740595,0.216231749346684,0.0029294334258087,90.71250846308536,val
1579,data/simulations/mdof/sim_001579.npz,RSN0009_PGA_0p800g,RSN0009,0.8,5.2040810457185716,5S_T085,5,0.8499999999999999,0.2911970168293918,bilinear,0.004,0.0288795172740594,0.2162317493466846,0.0029294334258087,90.71250846308511,val
1580,data/simulations/mdof/sim_001580.npz,RSN0009_PGA_0p800g,RSN0009,0.8,5.2040810457185716,5S_T085,5,0.8499999999999999,0.2911970168293918,bilinear,0.007,0.0288795172740594,0.2162317493466846,0.0029294334258087,90.71250846308511,val
1581,data/simulations/mdof/sim_001581.npz,RSN0009_PGA_0p800g,RSN0009,0.8,5.2040810457185716,5S_T120,5,1.2000000000000008,0.4111016708179651,elastic,0.004,0.0458332111548667,0.2298053253580657,0.0042779389828332,134.02662566342508,excluded_unseen_val
1582,data/simulations/mdof/sim_001582.npz,RSN0009_PGA_0p800g,RSN0009,0.8,5.2040810457185716,5S_T120,5,1.2000000000000008,0.4111016708179651,bilinear,0.004,0.0458332111548665,0.2177817375532208,0.0043443150042922,129.56481489261137,excluded_unseen_val
1583,data/simulations/mdof/sim_001583.npz,RSN0009_PGA_0p800g,RSN0009,0.8,5.2040810457185716,5S_T120,5,1.2000000000000008,0.4111016708179651,bilinear,0.007,0.0458332111548665,0.229805325358063,0.0042779389828332,134.02662566342468,excluded_unseen_val
1584,data/simulations/mdof/sim_001584.npz,RSN0009_PGA_1p000g,RSN0009,1.0,6.505101307148214,3S_T035,3,0.3499999999999998,0.1249135537622733,elastic,0.004,0.0073838477956934,0.2356606299079412,0.0011094985409767,17.030071219082878,val
1585,data/simulations/mdof/sim_001585.npz,RSN0009_PGA_1p000g,RSN0009,1.0,6.505101307148214,3S_T035,3,0.3499999999999998,0.1249135537622733,bilinear,0.004,0.0073838477956934,0.2356606299079414,0.0011094985409767,17.030071219082853,val
1586,data/simulations/mdof/sim_001586.npz,RSN0009_PGA_1p000g,RSN0009,1.0,6.505101307148214,3S_T035,3,0.3499999999999998,0.1249135537622733,bilinear,0.007,0.0073838477956934,0.2356606299079414,0.0011094985409767,17.030071219082853,val
1587,data/simulations/mdof/sim_001587.npz,RSN0009_PGA_1p000g,RSN0009,1.0,6.505101307148214,3S_T060,3,0.6,0.2141375207353256,elastic,0.004,0.0252357355418138,0.3221013568419491,0.0034771707815337,80.24220652907806,val
1588,data/simulations/mdof/sim_001588.npz,RSN0009_PGA_1p000g,RSN0009,1.0,6.505101307148214,3S_T060,3,0.6,0.2141375207353256,bilinear,0.004,0.0252357355418139,0.3221013568419494,0.0034771707815337,80.24220652907822,val
1589,data/simulations/mdof/sim_001589.npz,RSN0009_PGA_1p000g,RSN0009,1.0,6.505101307148214,3S_T060,3,0.6,0.2141375207353256,bilinear,0.007,0.0252357355418139,0.3221013568419494,0.0034771707815337,80.24220652907822,val
1590,data/simulations/mdof/sim_001590.npz,RSN0009_PGA_1p000g,RSN0009,1.0,6.505101307148214,3S_T090,3,0.9,0.3212062811029884,elastic,0.004,0.0376358396934793,0.2203113940975367,0.0052920729590872,106.88022565098092,val
1591,data/simulations/mdof/sim_001591.npz,RSN0009_PGA_1p000g,RSN0009,1.0,6.505101307148214,3S_T090,3,0.9,0.3212062811029884,bilinear,0.004,0.0356944973908883,0.2092855949706855,0.0053729868834106,120.14381410649538,val
1592,data/simulations/mdof/sim_001592.npz,RSN0009_PGA_1p000g,RSN0009,1.0,6.505101307148214,3S_T090,3,0.9,0.3212062811029884,bilinear,0.007,0.0376358396934794,0.2203113940975374,0.0052920729590872,106.88022565098088,val
1593,data/simulations/mdof/sim_001593.npz,RSN0009_PGA_1p000g,RSN0009,1.0,6.505101307148214,5S_T055,5,0.5499999999999999,0.1884215991249005,elastic,0.004,0.0251473032053202,0.3817954349159968,0.0022774998288438,115.85112864033746,val
1594,data/simulations/mdof/sim_001594.npz,RSN0009_PGA_1p000g,RSN0009,1.0,6.505101307148214,5S_T055,5,0.5499999999999999,0.1884215991249005,bilinear,0.004,0.0251473032053203,0.3817954349159989,0.0022774998288438,115.85112864033766,val
1595,data/simulations/mdof/sim_001595.npz,RSN0009_PGA_1p000g,RSN0009,1.0,6.505101307148214,5S_T055,5,0.5499999999999999,0.1884215991249005,bilinear,0.007,0.0251473032053203,0.3817954349159989,0.0022774998288438,115.85112864033766,val
1596,data/simulations/mdof/sim_001596.npz,RSN0009_PGA_1p000g,RSN0009,1.0,6.505101307148214,5S_T085,5,0.8499999999999999,0.2911970168293918,elastic,0.004,0.0360993965925745,0.2702896866833537,0.0036617917822609,141.73829447357102,val
1597,data/simulations/mdof/sim_001597.npz,RSN0009_PGA_1p000g,RSN0009,1.0,6.505101307148214,5S_T085,5,0.8499999999999999,0.2911970168293918,bilinear,0.004,0.0360993965925745,0.2702896866833557,0.0036617917822609,141.7382944735716,val
1598,data/simulations/mdof/sim_001598.npz,RSN0009_PGA_1p000g,RSN0009,1.0,6.505101307148214,5S_T085,5,0.8499999999999999,0.2911970168293918,bilinear,0.007,0.0360993965925745,0.2702896866833557,0.0036617917822609,141.7382944735716,val
1599,data/simulations/mdof/sim_001599.npz,RSN0009_PGA_1p000g,RSN0009,1.0,6.505101307148214,5S_T120,5,1.2000000000000008,0.4111016708179651,elastic,0.004,0.0572915139435833,0.287256656697579,0.0053474237285415,209.4166025991011,excluded_unseen_val
1600,data/simulations/mdof/sim_001600.npz,RSN0009_PGA_1p000g,RSN0009,1.0,6.505101307148214,5S_T120,5,1.2000000000000008,0.4111016708179651,bilinear,0.004,0.0558026763703245,0.223324817724792,0.0053644366805882,222.94264651181743,excluded_unseen_val
1601,data/simulations/mdof/sim_001601.npz,RSN0009_PGA_1p000g,RSN0009,1.0,6.505101307148214,5S_T120,5,1.2000000000000008,0.4111016708179651,bilinear,0.007,0.0572915139435832,0.2872566566975795,0.0053474237285415,209.41660259909975,excluded_unseen_val
1602,data/simulations/mdof/sim_001602.npz,RSN0009_PGA_1p200g,RSN0009,1.2,7.806121568577857,3S_T035,3,0.3499999999999998,0.1249135537622733,elastic,0.004,0.0088606173548321,0.2827927558895297,0.0013313982491721,24.52330255547933,val
1603,data/simulations/mdof/sim_001603.npz,RSN0009_PGA_1p200g,RSN0009,1.2,7.806121568577857,3S_T035,3,0.3499999999999998,0.1249135537622733,bilinear,0.004,0.0088606173548321,0.2827927558895298,0.0013313982491721,24.523302555479344,val
1604,data/simulations/mdof/sim_001604.npz,RSN0009_PGA_1p200g,RSN0009,1.2,7.806121568577857,3S_T035,3,0.3499999999999998,0.1249135537622733,bilinear,0.007,0.0088606173548321,0.2827927558895298,0.0013313982491721,24.523302555479344,val
1605,data/simulations/mdof/sim_001605.npz,RSN0009_PGA_1p200g,RSN0009,1.2,7.806121568577857,3S_T060,3,0.6,0.2141375207353256,elastic,0.004,0.0302828826501767,0.3865216282103391,0.0041726049378404,115.5487774018725,val
1606,data/simulations/mdof/sim_001606.npz,RSN0009_PGA_1p200g,RSN0009,1.2,7.806121568577857,3S_T060,3,0.6,0.2141375207353256,bilinear,0.004,0.0300168167231823,0.3827612603727931,0.0042540317700342,119.5730170771235,val
1607,data/simulations/mdof/sim_001607.npz,RSN0009_PGA_1p200g,RSN0009,1.2,7.806121568577857,3S_T060,3,0.6,0.2141375207353256,bilinear,0.007,0.0302828826501767,0.386521628210339,0.0041726049378404,115.5487774018724,val
1608,data/simulations/mdof/sim_001608.npz,RSN0009_PGA_1p200g,RSN0009,1.2,7.806121568577857,3S_T090,3,0.9,0.3212062811029884,elastic,0.004,0.0451630076321752,0.2643736729170451,0.0063504875509046,153.90752493741218,val
1609,data/simulations/mdof/sim_001609.npz,RSN0009_PGA_1p200g,RSN0009,1.2,7.806121568577857,3S_T090,3,0.9,0.3212062811029884,bilinear,0.004,0.0450517014825131,0.2411960967547665,0.0075102961878491,185.7042140172392,val
1610,data/simulations/mdof/sim_001610.npz,RSN0009_PGA_1p200g,RSN0009,1.2,7.806121568577857,3S_T090,3,0.9,0.3212062811029884,bilinear,0.007,0.0451630076321751,0.2643736729170436,0.0063504875509046,153.9075249374126,val
1611,data/simulations/mdof/sim_001611.npz,RSN0009_PGA_1p200g,RSN0009,1.2,7.806121568577857,5S_T055,5,0.5499999999999999,0.1884215991249005,elastic,0.004,0.0301767638463843,0.458154521899199,0.0027329997946126,166.8256252420863,val
1612,data/simulations/mdof/sim_001612.npz,RSN0009_PGA_1p200g,RSN0009,1.2,7.806121568577857,5S_T055,5,0.5499999999999999,0.1884215991249005,bilinear,0.004,0.0301767638463843,0.4581545218991987,0.0027329997946126,166.825625242086,val
1613,data/simulations/mdof/sim_001613.npz,RSN0009_PGA_1p200g,RSN0009,1.2,7.806121568577857,5S_T055,5,0.5499999999999999,0.1884215991249005,bilinear,0.007,0.0301767638463843,0.4581545218991987,0.0027329997946126,166.825625242086,val
1614,data/simulations/mdof/sim_001614.npz,RSN0009_PGA_1p200g,RSN0009,1.2,7.806121568577857,5S_T085,5,0.8499999999999999,0.2911970168293918,elastic,0.004,0.0433192759110893,0.3243476240200264,0.004394150138713,204.10314404194156,val
1615,data/simulations/mdof/sim_001615.npz,RSN0009_PGA_1p200g,RSN0009,1.2,7.806121568577857,5S_T085,5,0.8499999999999999,0.2911970168293918,bilinear,0.004,0.0414473285356979,0.323503939235137,0.0043870694553682,208.09277647010293,val
1616,data/simulations/mdof/sim_001616.npz,RSN0009_PGA_1p200g,RSN0009,1.2,7.806121568577857,5S_T085,5,0.8499999999999999,0.2911970168293918,bilinear,0.007,0.0433192759110894,0.3243476240200266,0.004394150138713,204.10314404194287,val
1617,data/simulations/mdof/sim_001617.npz,RSN0009_PGA_1p200g,RSN0009,1.2,7.806121568577857,5S_T120,5,1.2000000000000008,0.4111016708179651,elastic,0.004,0.0687498167322998,0.3447079880370988,0.0064169084742498,301.5599077427061,excluded_unseen_val
1618,data/simulations/mdof/sim_001618.npz,RSN0009_PGA_1p200g,RSN0009,1.2,7.806121568577857,5S_T120,5,1.2000000000000008,0.4111016708179651,bilinear,0.004,0.0604698705831137,0.2537537734906541,0.0067021895531068,348.85867012963206,excluded_unseen_val
1619,data/simulations/mdof/sim_001619.npz,RSN0009_PGA_1p200g,RSN0009,1.2,7.806121568577857,5S_T120,5,1.2000000000000008,0.4111016708179651,bilinear,0.007,0.0687498167323,0.344707988037096,0.0064169084742498,301.5599077427049,excluded_unseen_val
1620,data/simulations/mdof/sim_001620.npz,RSN0010_PGA_0p050g,RSN0010,0.05,0.5815528363606617,3S_T035,3,0.3499999999999998,0.1249135537622733,elastic,0.004,0.0004638403573084,0.0135817019266047,7.087388457077771e-05,0.0665163466761894,val
1621,data/simulations/mdof/sim_001621.npz,RSN0010_PGA_0p050g,RSN0010,0.05,0.5815528363606617,3S_T035,3,0.3499999999999998,0.1249135537622733,bilinear,0.004,0.0004638403573084,0.0135817019266048,7.087388457077761e-05,0.0665163466761894,val
1622,data/simulations/mdof/sim_001622.npz,RSN0010_PGA_0p050g,RSN0010,0.05,0.5815528363606617,3S_T035,3,0.3499999999999998,0.1249135537622733,bilinear,0.007,0.0004638403573084,0.0135817019266048,7.087388457077761e-05,0.0665163466761894,val
1623,data/simulations/mdof/sim_001623.npz,RSN0010_PGA_0p050g,RSN0010,0.05,0.5815528363606617,3S_T060,3,0.6,0.2141375207353256,elastic,0.004,0.0008710195902359,0.0124496507353036,0.0001171578731695,0.0951867315941978,val
1624,data/simulations/mdof/sim_001624.npz,RSN0010_PGA_0p050g,RSN0010,0.05,0.5815528363606617,3S_T060,3,0.6,0.2141375207353256,bilinear,0.004,0.0008710195902359,0.0124496507353036,0.0001171578731695,0.095186731594198,val
1625,data/simulations/mdof/sim_001625.npz,RSN0010_PGA_0p050g,RSN0010,0.05,0.5815528363606617,3S_T060,3,0.6,0.2141375207353256,bilinear,0.007,0.0008710195902359,0.0124496507353036,0.0001171578731695,0.095186731594198,val
1626,data/simulations/mdof/sim_001626.npz,RSN0010_PGA_0p050g,RSN0010,0.05,0.5815528363606617,3S_T090,3,0.9,0.3212062811029884,elastic,0.004,0.0013002132774862,0.0109080829698969,0.000160925472956,0.121654804629993,val
1627,data/simulations/mdof/sim_001627.npz,RSN0010_PGA_0p050g,RSN0010,0.05,0.5815528363606617,3S_T090,3,0.9,0.3212062811029884,bilinear,0.004,0.0013002132774862,0.0109080829698968,0.000160925472956,0.121654804629993,val
1628,data/simulations/mdof/sim_001628.npz,RSN0010_PGA_0p050g,RSN0010,0.05,0.5815528363606617,3S_T090,3,0.9,0.3212062811029884,bilinear,0.007,0.0013002132774862,0.0109080829698968,0.000160925472956,0.121654804629993,val
1629,data/simulations/mdof/sim_001629.npz,RSN0010_PGA_0p050g,RSN0010,0.05,0.5815528363606617,5S_T055,5,0.5499999999999999,0.1884215991249005,elastic,0.004,0.0008886638793291,0.0140925755363011,8.467725926024128e-05,0.1481456960555125,val
1630,data/simulations/mdof/sim_001630.npz,RSN0010_PGA_0p050g,RSN0010,0.05,0.5815528363606617,5S_T055,5,0.5499999999999999,0.1884215991249005,bilinear,0.004,0.0008886638793291,0.0140925755363011,8.467725926024106e-05,0.1481456960555122,val
1631,data/simulations/mdof/sim_001631.npz,RSN0010_PGA_0p050g,RSN0010,0.05,0.5815528363606617,5S_T055,5,0.5499999999999999,0.1884215991249005,bilinear,0.007,0.0008886638793291,0.0140925755363011,8.467725926024106e-05,0.1481456960555122,val
1632,data/simulations/mdof/sim_001632.npz,RSN0010_PGA_0p050g,RSN0010,0.05,0.5815528363606617,5S_T085,5,0.8499999999999999,0.2911970168293918,elastic,0.004,0.0015913571703145,0.0128046191769145,0.00013596702456,0.2376822109296681,val
1633,data/simulations/mdof/sim_001633.npz,RSN0010_PGA_0p050g,RSN0010,0.05,0.5815528363606617,5S_T085,5,0.8499999999999999,0.2911970168293918,bilinear,0.004,0.0015913571703145,0.0128046191769145,0.00013596702456,0.2376822109296696,val
1634,data/simulations/mdof/sim_001634.npz,RSN0010_PGA_0p050g,RSN0010,0.05,0.5815528363606617,5S_T085,5,0.8499999999999999,0.2911970168293918,bilinear,0.007,0.0015913571703145,0.0128046191769145,0.00013596702456,0.2376822109296696,val
1635,data/simulations/mdof/sim_001635.npz,RSN0010_PGA_0p050g,RSN0010,0.05,0.5815528363606617,5S_T120,5,1.2000000000000008,0.4111016708179651,elastic,0.004,0.0023419446601791,0.0115007651861593,0.0001794282562368,0.2976433924938475,excluded_unseen_val
1636,data/simulations/mdof/sim_001636.npz,RSN0010_PGA_0p050g,RSN0010,0.05,0.5815528363606617,5S_T120,5,1.2000000000000008,0.4111016708179651,bilinear,0.004,0.0023419446601791,0.0115007651861594,0.0001794282562368,0.2976433924938463,excluded_unseen_val
1637,data/simulations/mdof/sim_001637.npz,RSN0010_PGA_0p050g,RSN0010,0.05,0.5815528363606617,5S_T120,5,1.2000000000000008,0.4111016708179651,bilinear,0.007,0.0023419446601791,0.0115007651861594,0.0001794282562368,0.2976433924938463,excluded_unseen_val
1638,data/simulations/mdof/sim_001638.npz,RSN0010_PGA_0p100g,RSN0010,0.1,1.1631056727213234,3S_T035,3,0.3499999999999998,0.1249135537622733,elastic,0.004,0.0009276807146168,0.0271634038532095,0.0001417477691415,0.2660653867047579,val
1639,data/simulations/mdof/sim_001639.npz,RSN0010_PGA_0p100g,RSN0010,0.1,1.1631056727213234,3S_T035,3,0.3499999999999998,0.1249135537622733,bilinear,0.004,0.0009276807146168,0.0271634038532096,0.0001417477691415,0.2660653867047576,val
1640,data/simulations/mdof/sim_001640.npz,RSN0010_PGA_0p100g,RSN0010,0.1,1.1631056727213234,3S_T035,3,0.3499999999999998,0.1249135537622733,bilinear,0.007,0.0009276807146168,0.0271634038532096,0.0001417477691415,0.2660653867047576,val
1641,data/simulations/mdof/sim_001641.npz,RSN0010_PGA_0p100g,RSN0010,0.1,1.1631056727213234,3S_T060,3,0.6,0.2141375207353256,elastic,0.004,0.0017420391804718,0.0248993014706073,0.000234315746339,0.3807469263767915,val
1642,data/simulations/mdof/sim_001642.npz,RSN0010_PGA_0p100g,RSN0010,0.1,1.1631056727213234,3S_T060,3,0.6,0.2141375207353256,bilinear,0.004,0.0017420391804718,0.0248993014706073,0.000234315746339,0.380746926376792,val
1643,data/simulations/mdof/sim_001643.npz,RSN0010_PGA_0p100g,RSN0010,0.1,1.1631056727213234,3S_T060,3,0.6,0.2141375207353256,bilinear,0.007,0.0017420391804718,0.0248993014706073,0.000234315746339,0.380746926376792,val
1644,data/simulations/mdof/sim_001644.npz,RSN0010_PGA_0p100g,RSN0010,0.1,1.1631056727213234,3S_T090,3,0.9,0.3212062811029884,elastic,0.004,0.0026004265549724,0.0218161659397938,0.000321850945912,0.4866192185199722,val
1645,data/simulations/mdof/sim_001645.npz,RSN0010_PGA_0p100g,RSN0010,0.1,1.1631056727213234,3S_T090,3,0.9,0.3212062811029884,bilinear,0.004,0.0026004265549724,0.0218161659397937,0.000321850945912,0.4866192185199721,val
1646,data/simulations/mdof/sim_001646.npz,RSN0010_PGA_0p100g,RSN0010,0.1,1.1631056727213234,3S_T090,3,0.9,0.3212062811029884,bilinear,0.007,0.0026004265549724,0.0218161659397937,0.000321850945912,0.4866192185199721,val
1647,data/simulations/mdof/sim_001647.npz,RSN0010_PGA_0p100g,RSN0010,0.1,1.1631056727213234,5S_T055,5,0.5499999999999999,0.1884215991249005,elastic,0.004,0.0017773277586582,0.0281851510726023,0.0001693545185204,0.59258278422205,val
1648,data/simulations/mdof/sim_001648.npz,RSN0010_PGA_0p100g,RSN0010,0.1,1.1631056727213234,5S_T055,5,0.5499999999999999,0.1884215991249005,bilinear,0.004,0.0017773277586582,0.0281851510726023,0.0001693545185204,0.5925827842220491,val
1649,data/simulations/mdof/sim_001649.npz,RSN0010_PGA_0p100g,RSN0010,0.1,1.1631056727213234,5S_T055,5,0.5499999999999999,0.1884215991249005,bilinear,0.007,0.0017773277586582,0.0281851510726023,0.0001693545185204,0.5925827842220491,val
1650,data/simulations/mdof/sim_001650.npz,RSN0010_PGA_0p100g,RSN0010,0.1,1.1631056727213234,5S_T085,5,0.8499999999999999,0.2911970168293918,elastic,0.004,0.0031827143406291,0.025609238353829,0.00027193404912,0.9507288437186724,val
1651,data/simulations/mdof/sim_001651.npz,RSN0010_PGA_0p100g,RSN0010,0.1,1.1631056727213234,5S_T085,5,0.8499999999999999,0.2911970168293918,bilinear,0.004,0.0031827143406291,0.0256092383538291,0.00027193404912,0.9507288437186784,val
1652,data/simulations/mdof/sim_001652.npz,RSN0010_PGA_0p100g,RSN0010,0.1,1.1631056727213234,5S_T085,5,0.8499999999999999,0.2911970168293918,bilinear,0.007,0.0031827143406291,0.0256092383538291,0.00027193404912,0.9507288437186784,val
1653,data/simulations/mdof/sim_001653.npz,RSN0010_PGA_0p100g,RSN0010,0.1,1.1631056727213234,5S_T120,5,1.2000000000000008,0.4111016708179651,elastic,0.004,0.0046838893203582,0.0230015303723187,0.0003588565124737,1.19057356997539,excluded_unseen_val
1654,data/simulations/mdof/sim_001654.npz,RSN0010_PGA_0p100g,RSN0010,0.1,1.1631056727213234,5S_T120,5,1.2000000000000008,0.4111016708179651,bilinear,0.004,0.0046838893203582,0.0230015303723188,0.0003588565124737,1.1905735699753854,excluded_unseen_val
1655,data/simulations/mdof/sim_001655.npz,RSN0010_PGA_0p100g,RSN0010,0.1,1.1631056727213234,5S_T120,5,1.2000000000000008,0.4111016708179651,bilinear,0.007,0.0046838893203582,0.0230015303723188,0.0003588565124737,1.1905735699753854,excluded_unseen_val
1656,data/simulations/mdof/sim_001656.npz,RSN0010_PGA_0p200g,RSN0010,0.2,2.3262113454426467,3S_T035,3,0.3499999999999998,0.1249135537622733,elastic,0.004,0.0018553614292336,0.0543268077064191,0.0002834955382831,1.0642615468190315,val
1657,data/simulations/mdof/sim_001657.npz,RSN0010_PGA_0p200g,RSN0010,0.2,2.3262113454426467,3S_T035,3,0.3499999999999998,0.1249135537622733,bilinear,0.004,0.0018553614292336,0.0543268077064192,0.0002834955382831,1.0642615468190304,val
1658,data/simulations/mdof/sim_001658.npz,RSN0010_PGA_0p200g,RSN0010,0.2,2.3262113454426467,3S_T035,3,0.3499999999999998,0.1249135537622733,bilinear,0.007,0.0018553614292336,0.0543268077064192,0.0002834955382831,1.0642615468190304,val
1659,data/simulations/mdof/sim_001659.npz,RSN0010_PGA_0p200g,RSN0010,0.2,2.3262113454426467,3S_T060,3,0.6,0.2141375207353256,elastic,0.004,0.0034840783609437,0.0497986029412147,0.000468631492678,1.522987705507166,val
1660,data/simulations/mdof/sim_001660.npz,RSN0010_PGA_0p200g,RSN0010,0.2,2.3262113454426467,3S_T060,3,0.6,0.2141375207353256,bilinear,0.004,0.0034840783609437,0.0497986029412147,0.000468631492678,1.522987705507168,val
1661,data/simulations/mdof/sim_001661.npz,RSN0010_PGA_0p200g,RSN0010,0.2,2.3262113454426467,3S_T060,3,0.6,0.2141375207353256,bilinear,0.007,0.0034840783609437,0.0497986029412147,0.000468631492678,1.522987705507168,val
1662,data/simulations/mdof/sim_001662.npz,RSN0010_PGA_0p200g,RSN0010,0.2,2.3262113454426467,3S_T090,3,0.9,0.3212062811029884,elastic,0.004,0.0052008531099448,0.0436323318795876,0.0006437018918241,1.946476874079889,val
1663,data/simulations/mdof/sim_001663.npz,RSN0010_PGA_0p200g,RSN0010,0.2,2.3262113454426467,3S_T090,3,0.9,0.3212062811029884,bilinear,0.004,0.0052008531099448,0.0436323318795874,0.0006437018918241,1.9464768740798888,val
1664,data/simulations/mdof/sim_001664.npz,RSN0010_PGA_0p200g,RSN0010,0.2,2.3262113454426467,3S_T090,3,0.9,0.3212062811029884,bilinear,0.007,0.0052008531099448,0.0436323318795874,0.0006437018918241,1.9464768740798888,val
1665,data/simulations/mdof/sim_001665.npz,RSN0010_PGA_0p200g,RSN0010,0.2,2.3262113454426467,5S_T055,5,0.5499999999999999,0.1884215991249005,elastic,0.004,0.0035546555173164,0.0563703021452046,0.0003387090370409,2.3703311368882,val
1666,data/simulations/mdof/sim_001666.npz,RSN0010_PGA_0p200g,RSN0010,0.2,2.3262113454426467,5S_T055,5,0.5499999999999999,0.1884215991249005,bilinear,0.004,0.0035546555173164,0.0563703021452046,0.0003387090370409,2.3703311368881965,val
1667,data/simulations/mdof/sim_001667.npz,RSN0010_PGA_0p200g,RSN0010,0.2,2.3262113454426467,5S_T055,5,0.5499999999999999,0.1884215991249005,bilinear,0.007,0.0035546555173164,0.0563703021452046,0.0003387090370409,2.3703311368881965,val
1668,data/simulations/mdof/sim_001668.npz,RSN0010_PGA_0p200g,RSN0010,0.2,2.3262113454426467,5S_T085,5,0.8499999999999999,0.2911970168293918,elastic,0.004,0.0063654286812583,0.0512184767076581,0.00054386809824,3.80291537487469,val
1669,data/simulations/mdof/sim_001669.npz,RSN0010_PGA_0p200g,RSN0010,0.2,2.3262113454426467,5S_T085,5,0.8499999999999999,0.2911970168293918,bilinear,0.004,0.0063654286812583,0.0512184767076581,0.00054386809824,3.8029153748747033,val
1670,data/simulations/mdof/sim_001670.npz,RSN0010_PGA_0p200g,RSN0010,0.2,2.3262113454426467,5S_T085,5,0.8499999999999999,0.2911970168293918,bilinear,0.007,0.0063654286812583,0.0512184767076581,0.00054386809824,3.8029153748747033,val
1671,data/simulations/mdof/sim_001671.npz,RSN0010_PGA_0p200g,RSN0010,0.2,2.3262113454426467,5S_T120,5,1.2000000000000008,0.4111016708179651,elastic,0.004,0.0093677786407165,0.0460030607446375,0.0007177130249474,4.76229427990156,excluded_unseen_val
1672,data/simulations/mdof/sim_001672.npz,RSN0010_PGA_0p200g,RSN0010,0.2,2.3262113454426467,5S_T120,5,1.2000000000000008,0.4111016708179651,bilinear,0.004,0.0093677786407165,0.0460030607446376,0.0007177130249474,4.762294279901542,excluded_unseen_val
1673,data/simulations/mdof/sim_001673.npz,RSN0010_PGA_0p200g,RSN0010,0.2,2.3262113454426467,5S_T120,5,1.2000000000000008,0.4111016708179651,bilinear,0.007,0.0093677786407165,0.0460030607446376,0.0007177130249474,4.762294279901542,excluded_unseen_val
1674,data/simulations/mdof/sim_001674.npz,RSN0010_PGA_0p300g,RSN0010,0.3,3.48931701816397,3S_T035,3,0.3499999999999998,0.1249135537622733,elastic,0.004,0.0027830421438504,0.0814902115596284,0.0004252433074246,2.3945884803428164,val
1675,data/simulations/mdof/sim_001675.npz,RSN0010_PGA_0p300g,RSN0010,0.3,3.48931701816397,3S_T035,3,0.3499999999999998,0.1249135537622733,bilinear,0.004,0.0027830421438504,0.0814902115596287,0.0004252433074246,2.3945884803428195,val
1676,data/simulations/mdof/sim_001676.npz,RSN0010_PGA_0p300g,RSN0010,0.3,3.48931701816397,3S_T035,3,0.3499999999999998,0.1249135537622733,bilinear,0.007,0.0027830421438504,0.0814902115596287,0.0004252433074246,2.3945884803428195,val
1677,data/simulations/mdof/sim_001677.npz,RSN0010_PGA_0p300g,RSN0010,0.3,3.48931701816397,3S_T060,3,0.6,0.2141375207353256,elastic,0.004,0.0052261175414156,0.0746979044118221,0.000702947239017,3.426722337391125,val
1678,data/simulations/mdof/sim_001678.npz,RSN0010_PGA_0p300g,RSN0010,0.3,3.48931701816397,3S_T060,3,0.6,0.2141375207353256,bilinear,0.004,0.0052261175414156,0.0746979044118221,0.000702947239017,3.426722337391116,val
1679,data/simulations/mdof/sim_001679.npz,RSN0010_PGA_0p300g,RSN0010,0.3,3.48931701816397,3S_T060,3,0.6,0.2141375207353256,bilinear,0.007,0.0052261175414156,0.0746979044118221,0.000702947239017,3.426722337391116,val
1680,data/simulations/mdof/sim_001680.npz,RSN0010_PGA_0p300g,RSN0010,0.3,3.48931701816397,3S_T090,3,0.9,0.3212062811029884,elastic,0.004,0.0078012796649172,0.0654484978193813,0.0009655528377362,4.379572966679749,val
1681,data/simulations/mdof/sim_001681.npz,RSN0010_PGA_0p300g,RSN0010,0.3,3.48931701816397,3S_T090,3,0.9,0.3212062811029884,bilinear,0.004,0.0078012796649172,0.0654484978193814,0.0009655528377362,4.379572966679749,val
1682,data/simulations/mdof/sim_001682.npz,RSN0010_PGA_0p300g,RSN0010,0.3,3.48931701816397,3S_T090,3,0.9,0.3212062811029884,bilinear,0.007,0.0078012796649172,0.0654484978193814,0.0009655528377362,4.379572966679749,val
1683,data/simulations/mdof/sim_001683.npz,RSN0010_PGA_0p300g,RSN0010,0.3,3.48931701816397,5S_T055,5,0.5499999999999999,0.1884215991249005,elastic,0.004,0.0053319832759746,0.0845554532178074,0.0005080635555614,5.333245057998442,val
1684,data/simulations/mdof/sim_001684.npz,RSN0010_PGA_0p300g,RSN0010,0.3,3.48931701816397,5S_T055,5,0.5499999999999999,0.1884215991249005,bilinear,0.004,0.0053319832759746,0.0845554532178074,0.0005080635555614,5.333245057998434,val
1685,data/simulations/mdof/sim_001685.npz,RSN0010_PGA_0p300g,RSN0010,0.3,3.48931701816397,5S_T055,5,0.5499999999999999,0.1884215991249005,bilinear,0.007,0.0053319832759746,0.0845554532178074,0.0005080635555614,5.333245057998434,val
1686,data/simulations/mdof/sim_001686.npz,RSN0010_PGA_0p300g,RSN0010,0.3,3.48931701816397,5S_T085,5,0.8499999999999999,0.2911970168293918,elastic,0.004,0.0095481430218875,0.0768277150614873,0.00081580214736,8.5565595934681,val
1687,data/simulations/mdof/sim_001687.npz,RSN0010_PGA_0p300g,RSN0010,0.3,3.48931701816397,5S_T085,5,0.8499999999999999,0.2911970168293918,bilinear,0.004,0.0095481430218875,0.0768277150614872,0.00081580214736,8.5565595934681,val
1688,data/simulations/mdof/sim_001688.npz,RSN0010_PGA_0p300g,RSN0010,0.3,3.48931701816397,5S_T085,5,0.8499999999999999,0.2911970168293918,bilinear,0.007,0.0095481430218875,0.0768277150614872,0.00081580214736,8.5565595934681,val
1689,data/simulations/mdof/sim_001689.npz,RSN0010_PGA_0p300g,RSN0010,0.3,3.48931701816397,5S_T120,5,1.2000000000000008,0.4111016708179651,elastic,0.004,0.0140516679610749,0.0690045911169566,0.0010765695374212,10.715162129778534,excluded_unseen_val
1690,data/simulations/mdof/sim_001690.npz,RSN0010_PGA_0p300g,RSN0010,0.3,3.48931701816397,5S_T120,5,1.2000000000000008,0.4111016708179651,bilinear,0.004,0.0140516679610749,0.0690045911169566,0.0010765695374212,10.715162129778514,excluded_unseen_val
1691,data/simulations/mdof/sim_001691.npz,RSN0010_PGA_0p300g,RSN0010,0.3,3.48931701816397,5S_T120,5,1.2000000000000008,0.4111016708179651,bilinear,0.007,0.0140516679610749,0.0690045911169566,0.0010765695374212,10.715162129778514,excluded_unseen_val
1692,data/simulations/mdof/sim_001692.npz,RSN0010_PGA_0p400g,RSN0010,0.4,4.6524226908852935,3S_T035,3,0.3499999999999998,0.1249135537622733,elastic,0.004,0.0037107228584672,0.1086536154128383,0.0005669910765662,4.257046187276126,val
1693,data/simulations/mdof/sim_001693.npz,RSN0010_PGA_0p400g,RSN0010,0.4,4.6524226908852935,3S_T035,3,0.3499999999999998,0.1249135537622733,bilinear,0.004,0.0037107228584672,0.1086536154128384,0.0005669910765662,4.257046187276122,val
1694,data/simulations/mdof/sim_001694.npz,RSN0010_PGA_0p400g,RSN0010,0.4,4.6524226908852935,3S_T035,3,0.3499999999999998,0.1249135537622733,bilinear,0.007,0.0037107228584672,0.1086536154128384,0.0005669910765662,4.257046187276122,val
1695,data/simulations/mdof/sim_001695.npz,RSN0010_PGA_0p400g,RSN0010,0.4,4.6524226908852935,3S_T060,3,0.6,0.2141375207353256,elastic,0.004,0.0069681567218875,0.0995972058824295,0.000937262985356,6.091950822028664,val
1696,data/simulations/mdof/sim_001696.npz,RSN0010_PGA_0p400g,RSN0010,0.4,4.6524226908852935,3S_T060,3,0.6,0.2141375207353256,bilinear,0.004,0.0069681567218875,0.0995972058824295,0.000937262985356,6.091950822028672,val
1697,data/simulations/mdof/sim_001697.npz,RSN0010_PGA_0p400g,RSN0010,0.4,4.6524226908852935,3S_T060,3,0.6,0.2141375207353256,bilinear,0.007,0.0069681567218875,0.0995972058824295,0.000937262985356,6.091950822028672,val
1698,data/simulations/mdof/sim_001698.npz,RSN0010_PGA_0p400g,RSN0010,0.4,4.6524226908852935,3S_T090,3,0.9,0.3212062811029884,elastic,0.004,0.0104017062198896,0.0872646637591753,0.0012874037836483,7.785907496319556,val
1699,data/simulations/mdof/sim_001699.npz,RSN0010_PGA_0p400g,RSN0010,0.4,4.6524226908852935,3S_T090,3,0.9,0.3212062811029884,bilinear,0.004,0.0104017062198896,0.0872646637591748,0.0012874037836483,7.785907496319554,val
1700,data/simulations/mdof/sim_001700.npz,RSN0010_PGA_0p400g,RSN0010,0.4,4.6524226908852935,3S_T090,3,0.9,0.3212062811029884,bilinear,0.007,0.0104017062198896,0.0872646637591748,0.0012874037836483,7.785907496319554,val
1701,data/simulations/mdof/sim_001701.npz,RSN0010_PGA_0p400g,RSN0010,0.4,4.6524226908852935,5S_T055,5,0.5499999999999999,0.1884215991249005,elastic,0.004,0.0071093110346328,0.1127406042904093,0.0006774180740819,9.4813245475528,val
1702,data/simulations/mdof/sim_001702.npz,RSN0010_PGA_0p400g,RSN0010,0.4,4.6524226908852935,5S_T055,5,0.5499999999999999,0.1884215991249005,bilinear,0.004,0.0071093110346328,0.1127406042904098,0.0006774180740819,9.481324547552797,val
1703,data/simulations/mdof/sim_001703.npz,RSN0010_PGA_0p400g,RSN0010,0.4,4.6524226908852935,5S_T055,5,0.5499999999999999,0.1884215991249005,bilinear,0.007,0.0071093110346328,0.1127406042904098,0.0006774180740819,9.481324547552797,val
1704,data/simulations/mdof/sim_001704.npz,RSN0010_PGA_0p400g,RSN0010,0.4,4.6524226908852935,5S_T085,5,0.8499999999999999,0.2911970168293918,elastic,0.004,0.0127308573625166,0.1024369534153162,0.0010877361964801,15.21166149949876,val
1705,data/simulations/mdof/sim_001705.npz,RSN0010_PGA_0p400g,RSN0010,0.4,4.6524226908852935,5S_T085,5,0.8499999999999999,0.2911970168293918,bilinear,0.004,0.0127308573625167,0.1024369534153165,0.0010877361964801,15.211661499498785,val
1706,data/simulations/mdof/sim_001706.npz,RSN0010_PGA_0p400g,RSN0010,0.4,4.6524226908852935,5S_T085,5,0.8499999999999999,0.2911970168293918,bilinear,0.007,0.0127308573625167,0.1024369534153165,0.0010877361964801,15.211661499498785,val
1707,data/simulations/mdof/sim_001707.npz,RSN0010_PGA_0p400g,RSN0010,0.4,4.6524226908852935,5S_T120,5,1.2000000000000008,0.4111016708179651,elastic,0.004,0.0187355572814331,0.092006121489275,0.0014354260498949,19.04917711960624,excluded_unseen_val
1708,data/simulations/mdof/sim_001708.npz,RSN0010_PGA_0p400g,RSN0010,0.4,4.6524226908852935,5S_T120,5,1.2000000000000008,0.4111016708179651,bilinear,0.004,0.0187355572814332,0.0920061214892751,0.0014354260498949,19.049177119606263,excluded_unseen_val
1709,data/simulations/mdof/sim_001709.npz,RSN0010_PGA_0p400g,RSN0010,0.4,4.6524226908852935,5S_T120,5,1.2000000000000008,0.4111016708179651,bilinear,0.007,0.0187355572814332,0.0920061214892751,0.0014354260498949,19.049177119606263,excluded_unseen_val
1710,data/simulations/mdof/sim_001710.npz,RSN0010_PGA_0p500g,RSN0010,0.5,5.815528363606617,3S_T035,3,0.3499999999999998,0.1249135537622733,elastic,0.004,0.0046384035730841,0.1358170192660476,0.0007087388457077,6.651634667618945,val
1711,data/simulations/mdof/sim_001711.npz,RSN0010_PGA_0p500g,RSN0010,0.5,5.815528363606617,3S_T035,3,0.3499999999999998,0.1249135537622733,bilinear,0.004,0.0046384035730841,0.1358170192660475,0.0007087388457077,6.651634667618949,val
1712,data/simulations/mdof/sim_001712.npz,RSN0010_PGA_0p500g,RSN0010,0.5,5.815528363606617,3S_T035,3,0.3499999999999998,0.1249135537622733,bilinear,0.007,0.0046384035730841,0.1358170192660475,0.0007087388457077,6.651634667618949,val
1713,data/simulations/mdof/sim_001713.npz,RSN0010_PGA_0p500g,RSN0010,0.5,5.815528363606617,3S_T060,3,0.6,0.2141375207353256,elastic,0.004,0.0087101959023594,0.1244965073530369,0.001171578731695,9.518673159419814,val
1714,data/simulations/mdof/sim_001714.npz,RSN0010_PGA_0p500g,RSN0010,0.5,5.815528363606617,3S_T060,3,0.6,0.2141375207353256,bilinear,0.004,0.0087101959023594,0.124496507353037,0.001171578731695,9.518673159419793,val
1715,data/simulations/mdof/sim_001715.npz,RSN0010_PGA_0p500g,RSN0010,0.5,5.815528363606617,3S_T060,3,0.6,0.2141375207353256,bilinear,0.007,0.0087101959023594,0.124496507353037,0.001171578731695,9.518673159419793,val
1716,data/simulations/mdof/sim_001716.npz,RSN0010_PGA_0p500g,RSN0010,0.5,5.815528363606617,3S_T090,3,0.9,0.3212062811029884,elastic,0.004,0.013002132774862,0.1090808296989691,0.0016092547295604,12.165480462999312,val
1717,data/simulations/mdof/sim_001717.npz,RSN0010_PGA_0p500g,RSN0010,0.5,5.815528363606617,3S_T090,3,0.9,0.3212062811029884,bilinear,0.004,0.013002132774862,0.1090808296989689,0.0016092547295604,12.165480462999344,val
1718,data/simulations/mdof/sim_001718.npz,RSN0010_PGA_0p500g,RSN0010,0.5,5.815528363606617,3S_T090,3,0.9,0.3212062811029884,bilinear,0.007,0.013002132774862,0.1090808296989689,0.0016092547295604,12.165480462999344,val
1719,data/simulations/mdof/sim_001719.npz,RSN0010_PGA_0p500g,RSN0010,0.5,5.815528363606617,5S_T055,5,0.5499999999999999,0.1884215991249005,elastic,0.004,0.008886638793291,0.1409257553630118,0.0008467725926024,14.814569605551126,val
1720,data/simulations/mdof/sim_001720.npz,RSN0010_PGA_0p500g,RSN0010,0.5,5.815528363606617,5S_T055,5,0.5499999999999999,0.1884215991249005,bilinear,0.004,0.008886638793291,0.1409257553630124,0.0008467725926024,14.814569605551174,val
1721,data/simulations/mdof/sim_001721.npz,RSN0010_PGA_0p500g,RSN0010,0.5,5.815528363606617,5S_T055,5,0.5499999999999999,0.1884215991249005,bilinear,0.007,0.008886638793291,0.1409257553630124,0.0008467725926024,14.814569605551174,val
1722,data/simulations/mdof/sim_001722.npz,RSN0010_PGA_0p500g,RSN0010,0.5,5.815528363606617,5S_T085,5,0.8499999999999999,0.2911970168293918,elastic,0.004,0.0159135717031458,0.1280461917691455,0.0013596702456001,23.76822109296684,val
1723,data/simulations/mdof/sim_001723.npz,RSN0010_PGA_0p500g,RSN0010,0.5,5.815528363606617,5S_T085,5,0.8499999999999999,0.2911970168293918,bilinear,0.004,0.0159135717031459,0.1280461917691455,0.0013596702456001,23.768221092966904,val
1724,data/simulations/mdof/sim_001724.npz,RSN0010_PGA_0p500g,RSN0010,0.5,5.815528363606617,5S_T085,5,0.8499999999999999,0.2911970168293918,bilinear,0.007,0.0159135717031459,0.1280461917691455,0.0013596702456001,23.768221092966904,val
1725,data/simulations/mdof/sim_001725.npz,RSN0010_PGA_0p500g,RSN0010,0.5,5.815528363606617,5S_T120,5,1.2000000000000008,0.4111016708179651,elastic,0.004,0.0234194466017915,0.1150076518615939,0.0017942825623687,29.764339249384783,excluded_unseen_val
1726,data/simulations/mdof/sim_001726.npz,RSN0010_PGA_0p500g,RSN0010,0.5,5.815528363606617,5S_T120,5,1.2000000000000008,0.4111016708179651,bilinear,0.004,0.0234194466017914,0.1150076518615939,0.0017942825623687,29.764339249384623,excluded_unseen_val
1727,data/simulations/mdof/sim_001727.npz,RSN0010_PGA_0p500g,RSN0010,0.5,5.815528363606617,5S_T120,5,1.2000000000000008,0.4111016708179651,bilinear,0.007,0.0234194466017914,0.1150076518615939,0.0017942825623687,29.764339249384623,excluded_unseen_val
1728,data/simulations/mdof/sim_001728.npz,RSN0010_PGA_0p600g,RSN0010,0.6,6.97863403632794,3S_T035,3,0.3499999999999998,0.1249135537622733,elastic,0.004,0.0055660842877009,0.1629804231192569,0.0008504866148493,9.578353921371264,val
1729,data/simulations/mdof/sim_001729.npz,RSN0010_PGA_0p600g,RSN0010,0.6,6.97863403632794,3S_T035,3,0.3499999999999998,0.1249135537622733,bilinear,0.004,0.0055660842877009,0.1629804231192575,0.0008504866148493,9.578353921371278,val
1730,data/simulations/mdof/sim_001730.npz,RSN0010_PGA_0p600g,RSN0010,0.6,6.97863403632794,3S_T035,3,0.3499999999999998,0.1249135537622733,bilinear,0.007,0.0055660842877009,0.1629804231192575,0.0008504866148493,9.578353921371278,val
1731,data/simulations/mdof/sim_001731.npz,RSN0010_PGA_0p600g,RSN0010,0.6,6.97863403632794,3S_T060,3,0.6,0.2141375207353256,elastic,0.004,0.0104522350828313,0.1493958088236443,0.001405894478034,13.7068893495645,val
1732,data/simulations/mdof/sim_001732.npz,RSN0010_PGA_0p600g,RSN0010,0.6,6.97863403632794,3S_T060,3,0.6,0.2141375207353256,bilinear,0.004,0.0104522350828313,0.1493958088236442,0.001405894478034,13.706889349564465,val
1733,data/simulations/mdof/sim_001733.npz,RSN0010_PGA_0p600g,RSN0010,0.6,6.97863403632794,3S_T060,3,0.6,0.2141375207353256,bilinear,0.007,0.0104522350828313,0.1493958088236442,0.001405894478034,13.706889349564465,val
1734,data/simulations/mdof/sim_001734.npz,RSN0010_PGA_0p600g,RSN0010,0.6,6.97863403632794,3S_T090,3,0.9,0.3212062811029884,elastic,0.004,0.0156025593298344,0.1308969956387627,0.0019311056754725,17.518291866718997,val
1735,data/simulations/mdof/sim_001735.npz,RSN0010_PGA_0p600g,RSN0010,0.6,6.97863403632794,3S_T090,3,0.9,0.3212062811029884,bilinear,0.004,0.0156025593298344,0.1308969956387629,0.0019311056754725,17.518291866718997,val
1736,data/simulations/mdof/sim_001736.npz,RSN0010_PGA_0p600g,RSN0010,0.6,6.97863403632794,3S_T090,3,0.9,0.3212062811029884,bilinear,0.007,0.0156025593298344,0.1308969956387629,0.0019311056754725,17.518291866718997,val
1737,data/simulations/mdof/sim_001737.npz,RSN0010_PGA_0p600g,RSN0010,0.6,6.97863403632794,5S_T055,5,0.5499999999999999,0.1884215991249005,elastic,0.004,0.0106639665519492,0.1691109064356148,0.0010161271111228,21.33298023199377,val
1738,data/simulations/mdof/sim_001738.npz,RSN0010_PGA_0p600g,RSN0010,0.6,6.97863403632794,5S_T055,5,0.5499999999999999,0.1884215991249005,bilinear,0.004,0.0106639665519492,0.1691109064356143,0.0010161271111228,21.332980231993755,val
1739,data/simulations/mdof/sim_001739.npz,RSN0010_PGA_0p600g,RSN0010,0.6,6.97863403632794,5S_T055,5,0.5499999999999999,0.1884215991249005,bilinear,0.007,0.0106639665519492,0.1691109064356143,0.0010161271111228,21.332980231993755,val
1740,data/simulations/mdof/sim_001740.npz,RSN0010_PGA_0p600g,RSN0010,0.6,6.97863403632794,5S_T085,5,0.8499999999999999,0.2911970168293918,elastic,0.004,0.0190962860437751,0.1536554301229747,0.0016316042947201,34.2262383738724,val
1741,data/simulations/mdof/sim_001741.npz,RSN0010_PGA_0p600g,RSN0010,0.6,6.97863403632794,5S_T085,5,0.8499999999999999,0.2911970168293918,bilinear,0.004,0.019096286043775,0.1536554301229745,0.0016316042947201,34.2262383738724,val
1742,data/simulations/mdof/sim_001742.npz,RSN0010_PGA_0p600g,RSN0010,0.6,6.97863403632794,5S_T085,5,0.8499999999999999,0.2911970168293918,bilinear,0.007,0.019096286043775,0.1536554301229745,0.0016316042947201,34.2262383738724,val
1743,data/simulations/mdof/sim_001743.npz,RSN0010_PGA_0p600g,RSN0010,0.6,6.97863403632794,5S_T120,5,1.2000000000000008,0.4111016708179651,elastic,0.004,0.0281033359221498,0.1380091822339132,0.0021531390748424,42.860648519114136,excluded_unseen_val
1744,data/simulations/mdof/sim_001744.npz,RSN0010_PGA_0p600g,RSN0010,0.6,6.97863403632794,5S_T120,5,1.2000000000000008,0.4111016708179651,bilinear,0.004,0.0281033359221498,0.1380091822339129,0.0021531390748424,42.860648519114065,excluded_unseen_val
1745,data/simulations/mdof/sim_001745.npz,RSN0010_PGA_0p600g,RSN0010,0.6,6.97863403632794,5S_T120,5,1.2000000000000008,0.4111016708179651,bilinear,0.007,0.0281033359221498,0.1380091822339129,0.0021531390748424,42.860648519114065,excluded_unseen_val
1746,data/simulations/mdof/sim_001746.npz,RSN0010_PGA_0p800g,RSN0010,0.8,9.304845381770589,3S_T035,3,0.3499999999999998,0.1249135537622733,elastic,0.004,0.0074214457169345,0.2173072308256767,0.0011339821531324,17.028184749104504,val
1747,data/simulations/mdof/sim_001747.npz,RSN0010_PGA_0p800g,RSN0010,0.8,9.304845381770589,3S_T035,3,0.3499999999999998,0.1249135537622733,bilinear,0.004,0.0074214457169345,0.2173072308256769,0.0011339821531324,17.028184749104486,val
1748,data/simulations/mdof/sim_001748.npz,RSN0010_PGA_0p800g,RSN0010,0.8,9.304845381770589,3S_T035,3,0.3499999999999998,0.1249135537622733,bilinear,0.007,0.0074214457169345,0.2173072308256769,0.0011339821531324,17.028184749104486,val
1749,data/simulations/mdof/sim_001749.npz,RSN0010_PGA_0p800g,RSN0010,0.8,9.304845381770589,3S_T060,3,0.6,0.2141375207353256,elastic,0.004,0.0139363134437751,0.199194411764859,0.001874525970712,24.367803288114654,val
1750,data/simulations/mdof/sim_001750.npz,RSN0010_PGA_0p800g,RSN0010,0.8,9.304845381770589,3S_T060,3,0.6,0.2141375207353256,bilinear,0.004,0.0139363134437751,0.199194411764859,0.001874525970712,24.36780328811469,val
1751,data/simulations/mdof/sim_001751.npz,RSN0010_PGA_0p800g,RSN0010,0.8,9.304845381770589,3S_T060,3,0.6,0.2141375207353256,bilinear,0.007,0.0139363134437751,0.199194411764859,0.001874525970712,24.36780328811469,val
1752,data/simulations/mdof/sim_001752.npz,RSN0010_PGA_0p800g,RSN0010,0.8,9.304845381770589,3S_T090,3,0.9,0.3212062811029884,elastic,0.004,0.0208034124397792,0.1745293275183506,0.0025748075672967,31.143629985278224,val
1753,data/simulations/mdof/sim_001753.npz,RSN0010_PGA_0p800g,RSN0010,0.8,9.304845381770589,3S_T090,3,0.9,0.3212062811029884,bilinear,0.004,0.0208034124397792,0.1745293275183497,0.0025748075672967,31.143629985278217,val
1754,data/simulations/mdof/sim_001754.npz,RSN0010_PGA_0p800g,RSN0010,0.8,9.304845381770589,3S_T090,3,0.9,0.3212062811029884,bilinear,0.007,0.0208034124397792,0.1745293275183497,0.0025748075672967,31.143629985278217,val
1755,data/simulations/mdof/sim_001755.npz,RSN0010_PGA_0p800g,RSN0010,0.8,9.304845381770589,5S_T055,5,0.5499999999999999,0.1884215991249005,elastic,0.004,0.0142186220692656,0.2254812085808186,0.0013548361481638,37.9252981902112,val
1756,data/simulations/mdof/sim_001756.npz,RSN0010_PGA_0p800g,RSN0010,0.8,9.304845381770589,5S_T055,5,0.5499999999999999,0.1884215991249005,bilinear,0.004,0.0142186220692656,0.2254812085808197,0.0013548361481638,37.92529819021118,val
1757,data/simulations/mdof/sim_001757.npz,RSN0010_PGA_0p800g,RSN0010,0.8,9.304845381770589,5S_T055,5,0.5499999999999999,0.1884215991249005,bilinear,0.007,0.0142186220692656,0.2254812085808197,0.0013548361481638,37.92529819021118,val
1758,data/simulations/mdof/sim_001758.npz,RSN0010_PGA_0p800g,RSN0010,0.8,9.304845381770589,5S_T085,5,0.8499999999999999,0.2911970168293918,elastic,0.004,0.0254617147250333,0.2048739068306325,0.0021754723929602,60.84664599799504,val
1759,data/simulations/mdof/sim_001759.npz,RSN0010_PGA_0p800g,RSN0010,0.8,9.304845381770589,5S_T085,5,0.8499999999999999,0.2911970168293918,bilinear,0.004,0.0254617147250334,0.204873906830633,0.0021754723929602,60.84664599799513,val
1760,data/simulations/mdof/sim_001760.npz,RSN0010_PGA_0p800g,RSN0010,0.8,9.304845381770589,5S_T085,5,0.8499999999999999,0.2911970168293918,bilinear,0.007,0.0254617147250334,0.204873906830633,0.0021754723929602,60.84664599799513,val
1761,data/simulations/mdof/sim_001761.npz,RSN0010_PGA_0p800g,RSN0010,0.8,9.304845381770589,5S_T120,5,1.2000000000000008,0.4111016708179651,elastic,0.004,0.0374711145628663,0.1840122429785501,0.0028708520997899,76.19670847842497,excluded_unseen_val
1762,data/simulations/mdof/sim_001762.npz,RSN0010_PGA_0p800g,RSN0010,0.8,9.304845381770589,5S_T120,5,1.2000000000000008,0.4111016708179651,bilinear,0.004,0.0374711145628663,0.1840122429785507,0.0028708520997899,76.19670847842498,excluded_unseen_val
1763,data/simulations/mdof/sim_001763.npz,RSN0010_PGA_0p800g,RSN0010,0.8,9.304845381770589,5S_T120,5,1.2000000000000008,0.4111016708179651,bilinear,0.007,0.0374711145628663,0.1840122429785507,0.0028708520997899,76.19670847842498,excluded_unseen_val
1764,data/simulations/mdof/sim_001764.npz,RSN0010_PGA_1p000g,RSN0010,1.0,11.631056727213236,3S_T035,3,0.3499999999999998,0.1249135537622733,elastic,0.004,0.0092768071461682,0.2716340385320953,0.0014174776914155,26.60653867047578,val
1765,data/simulations/mdof/sim_001765.npz,RSN0010_PGA_1p000g,RSN0010,1.0,11.631056727213236,3S_T035,3,0.3499999999999998,0.1249135537622733,bilinear,0.004,0.0092768071461682,0.271634038532095,0.0014174776914155,26.606538670475796,val
1766,data/simulations/mdof/sim_001766.npz,RSN0010_PGA_1p000g,RSN0010,1.0,11.631056727213236,3S_T035,3,0.3499999999999998,0.1249135537622733,bilinear,0.007,0.0092768071461682,0.271634038532095,0.0014174776914155,26.606538670475796,val
1767,data/simulations/mdof/sim_001767.npz,RSN0010_PGA_1p000g,RSN0010,1.0,11.631056727213236,3S_T060,3,0.6,0.2141375207353256,elastic,0.004,0.0174203918047189,0.2489930147060738,0.0023431574633901,38.074692637679256,val
1768,data/simulations/mdof/sim_001768.npz,RSN0010_PGA_1p000g,RSN0010,1.0,11.631056727213236,3S_T060,3,0.6,0.2141375207353256,bilinear,0.004,0.0174203918047189,0.248993014706074,0.0023431574633901,38.07469263767917,val
1769,data/simulations/mdof/sim_001769.npz,RSN0010_PGA_1p000g,RSN0010,1.0,11.631056727213236,3S_T060,3,0.6,0.2141375207353256,bilinear,0.007,0.0174203918047189,0.248993014706074,0.0023431574633901,38.07469263767917,val
1770,data/simulations/mdof/sim_001770.npz,RSN0010_PGA_1p000g,RSN0010,1.0,11.631056727213236,3S_T090,3,0.9,0.3212062811029884,elastic,0.004,0.026004265549724,0.2181616593979383,0.0032185094591208,48.66192185199725,val
1771,data/simulations/mdof/sim_001771.npz,RSN0010_PGA_1p000g,RSN0010,1.0,11.631056727213236,3S_T090,3,0.9,0.3212062811029884,bilinear,0.004,0.026004265549724,0.2181616593979379,0.0032185094591208,48.66192185199738,val
1772,data/simulations/mdof/sim_001772.npz,RSN0010_PGA_1p000g,RSN0010,1.0,11.631056727213236,3S_T090,3,0.9,0.3212062811029884,bilinear,0.007,0.026004265549724,0.2181616593979379,0.0032185094591208,48.66192185199738,val
1773,data/simulations/mdof/sim_001773.npz,RSN0010_PGA_1p000g,RSN0010,1.0,11.631056727213236,5S_T055,5,0.5499999999999999,0.1884215991249005,elastic,0.004,0.017773277586582,0.2818515107260237,0.0016935451852048,59.258278422204505,val
1774,data/simulations/mdof/sim_001774.npz,RSN0010_PGA_1p000g,RSN0010,1.0,11.631056727213236,5S_T055,5,0.5499999999999999,0.1884215991249005,bilinear,0.004,0.0177732775865821,0.2818515107260248,0.0016935451852048,59.2582784222047,val
1775,data/simulations/mdof/sim_001775.npz,RSN0010_PGA_1p000g,RSN0010,1.0,11.631056727213236,5S_T055,5,0.5499999999999999,0.1884215991249005,bilinear,0.007,0.0177732775865821,0.2818515107260248,0.0016935451852048,59.2582784222047,val
1776,data/simulations/mdof/sim_001776.npz,RSN0010_PGA_1p000g,RSN0010,1.0,11.631056727213236,5S_T085,5,0.8499999999999999,0.2911970168293918,elastic,0.004,0.0318271434062917,0.256092383538291,0.0027193404912002,95.07288437186736,val
1777,data/simulations/mdof/sim_001777.npz,RSN0010_PGA_1p000g,RSN0010,1.0,11.631056727213236,5S_T085,5,0.8499999999999999,0.2911970168293918,bilinear,0.004,0.0318271434062918,0.256092383538291,0.0027193404912002,95.07288437186762,val
1778,data/simulations/mdof/sim_001778.npz,RSN0010_PGA_1p000g,RSN0010,1.0,11.631056727213236,5S_T085,5,0.8499999999999999,0.2911970168293918,bilinear,0.007,0.0318271434062918,0.256092383538291,0.0027193404912002,95.07288437186762,val
1779,data/simulations/mdof/sim_001779.npz,RSN0010_PGA_1p000g,RSN0010,1.0,11.631056727213236,5S_T120,5,1.2000000000000008,0.4111016708179651,elastic,0.004,0.046838893203583,0.2300153037231878,0.0035885651247374,119.05735699753912,excluded_unseen_val
1780,data/simulations/mdof/sim_001780.npz,RSN0010_PGA_1p000g,RSN0010,1.0,11.631056727213236,5S_T120,5,1.2000000000000008,0.4111016708179651,bilinear,0.004,0.046838893203583,0.2300153037231886,0.0035885651247374,119.05735699753905,excluded_unseen_val
1781,data/simulations/mdof/sim_001781.npz,RSN0010_PGA_1p000g,RSN0010,1.0,11.631056727213236,5S_T120,5,1.2000000000000008,0.4111016708179651,bilinear,0.007,0.046838893203583,0.2300153037231886,0.0035885651247374,119.05735699753905,excluded_unseen_val
1782,data/simulations/mdof/sim_001782.npz,RSN0010_PGA_1p200g,RSN0010,1.2,13.95726807265588,3S_T035,3,0.3499999999999998,0.1249135537622733,elastic,0.004,0.0111321685754018,0.3259608462385139,0.0017009732296986,38.31341568548506,val
1783,data/simulations/mdof/sim_001783.npz,RSN0010_PGA_1p200g,RSN0010,1.2,13.95726807265588,3S_T035,3,0.3499999999999998,0.1249135537622733,bilinear,0.004,0.0111321685754018,0.3259608462385151,0.0017009732296986,38.31341568548511,val
1784,data/simulations/mdof/sim_001784.npz,RSN0010_PGA_1p200g,RSN0010,1.2,13.95726807265588,3S_T035,3,0.3499999999999998,0.1249135537622733,bilinear,0.007,0.0111321685754018,0.3259608462385151,0.0017009732296986,38.31341568548511,val
1785,data/simulations/mdof/sim_001785.npz,RSN0010_PGA_1p200g,RSN0010,1.2,13.95726807265588,3S_T060,3,0.6,0.2141375207353256,elastic,0.004,0.0209044701656626,0.2987916176472886,0.0028117889560681,54.827557398258,val
1786,data/simulations/mdof/sim_001786.npz,RSN0010_PGA_1p200g,RSN0010,1.2,13.95726807265588,3S_T060,3,0.6,0.2141375207353256,bilinear,0.004,0.0209044701656626,0.2987916176472884,0.0028117889560681,54.82755739825786,val
1787,data/simulations/mdof/sim_001787.npz,RSN0010_PGA_1p200g,RSN0010,1.2,13.95726807265588,3S_T060,3,0.6,0.2141375207353256,bilinear,0.007,0.0209044701656626,0.2987916176472884,0.0028117889560681,54.82755739825786,val
1788,data/simulations/mdof/sim_001788.npz,RSN0010_PGA_1p200g,RSN0010,1.2,13.95726807265588,3S_T090,3,0.9,0.3212062811029884,elastic,0.004,0.0312051186596688,0.2617939912775255,0.003862211350945,70.07316746687599,val
1789,data/simulations/mdof/sim_001789.npz,RSN0010_PGA_1p200g,RSN0010,1.2,13.95726807265588,3S_T090,3,0.9,0.3212062811029884,bilinear,0.004,0.0312051186596688,0.2617939912775258,0.003862211350945,70.07316746687599,val
1790,data/simulations/mdof/sim_001790.npz,RSN0010_PGA_1p200g,RSN0010,1.2,13.95726807265588,3S_T090,3,0.9,0.3212062811029884,bilinear,0.007,0.0312051186596688,0.2617939912775258,0.003862211350945,70.07316746687599,val
1791,data/simulations/mdof/sim_001791.npz,RSN0010_PGA_1p200g,RSN0010,1.2,13.95726807265588,5S_T055,5,0.5499999999999999,0.1884215991249005,elastic,0.004,0.0213279331038985,0.3382218128712296,0.0020322542222457,85.33192092797508,val
1792,data/simulations/mdof/sim_001792.npz,RSN0010_PGA_1p200g,RSN0010,1.2,13.95726807265588,5S_T055,5,0.5499999999999999,0.1884215991249005,bilinear,0.004,0.0213279331038985,0.3382218128712286,0.0020322542222457,85.33192092797502,val
1793,data/simulations/mdof/sim_001793.npz,RSN0010_PGA_1p200g,RSN0010,1.2,13.95726807265588,5S_T055,5,0.5499999999999999,0.1884215991249005,bilinear,0.007,0.0213279331038985,0.3382218128712286,0.0020322542222457,85.33192092797502,val
1794,data/simulations/mdof/sim_001794.npz,RSN0010_PGA_1p200g,RSN0010,1.2,13.95726807265588,5S_T085,5,0.8499999999999999,0.2911970168293918,elastic,0.004,0.0381925720875502,0.3073108602459495,0.0032632085894403,136.9049534954896,val
1795,data/simulations/mdof/sim_001795.npz,RSN0010_PGA_1p200g,RSN0010,1.2,13.95726807265588,5S_T085,5,0.8499999999999999,0.2911970168293918,bilinear,0.004,0.0381925720875501,0.307310860245949,0.0032632085894403,136.9049534954896,val
1796,data/simulations/mdof/sim_001796.npz,RSN0010_PGA_1p200g,RSN0010,1.2,13.95726807265588,5S_T085,5,0.8499999999999999,0.2911970168293918,bilinear,0.007,0.0381925720875501,0.307310860245949,0.0032632085894403,136.9049534954896,val
1797,data/simulations/mdof/sim_001797.npz,RSN0010_PGA_1p200g,RSN0010,1.2,13.95726807265588,5S_T120,5,1.2000000000000008,0.4111016708179651,elastic,0.004,0.0562066718442996,0.2760183644678265,0.0043062781496849,171.44259407645654,excluded_unseen_val
1798,data/simulations/mdof/sim_001798.npz,RSN0010_PGA_1p200g,RSN0010,1.2,13.95726807265588,5S_T120,5,1.2000000000000008,0.4111016708179651,bilinear,0.004,0.0550822265918721,0.2739542417516517,0.0044503318541018,177.26118523121954,excluded_unseen_val
1799,data/simulations/mdof/sim_001799.npz,RSN0010_PGA_1p200g,RSN0010,1.2,13.95726807265588,5S_T120,5,1.2000000000000008,0.4111016708179651,bilinear,0.007,0.0562066718442996,0.2760183644678258,0.0043062781496849,171.44259407645626,excluded_unseen_val
1800,data/simulations/mdof/sim_001800.npz,RSN0011_PGA_0p050g,RSN0011,0.05,0.9446311444326588,3S_T035,3,0.3499999999999998,0.1249135537622733,elastic,0.004,0.000413295522116,0.0124321226277241,6.09348839995639e-05,0.0538078880748644,ood_a
1801,data/simulations/mdof/sim_001801.npz,RSN0011_PGA_0p050g,RSN0011,0.05,0.9446311444326588,3S_T035,3,0.3499999999999998,0.1249135537622733,bilinear,0.004,0.000413295522116,0.012432122627724,6.093488399956389e-05,0.0538078880748645,ood_a
1802,data/simulations/mdof/sim_001802.npz,RSN0011_PGA_0p050g,RSN0011,0.05,0.9446311444326588,3S_T035,3,0.3499999999999998,0.1249135537622733,bilinear,0.007,0.000413295522116,0.012432122627724,6.093488399956389e-05,0.0538078880748645,ood_a
1803,data/simulations/mdof/sim_001803.npz,RSN0011_PGA_0p050g,RSN0011,0.05,0.9446311444326588,3S_T060,3,0.6,0.2141375207353256,elastic,0.004,0.0008701005015484,0.0113718849737076,0.0001267447097047,0.0975371537917117,ood_a
1804,data/simulations/mdof/sim_001804.npz,RSN0011_PGA_0p050g,RSN0011,0.05,0.9446311444326588,3S_T060,3,0.6,0.2141375207353256,bilinear,0.004,0.0008701005015484,0.0113718849737076,0.0001267447097047,0.0975371537917113,ood_a
1805,data/simulations/mdof/sim_001805.npz,RSN0011_PGA_0p050g,RSN0011,0.05,0.9446311444326588,3S_T060,3,0.6,0.2141375207353256,bilinear,0.007,0.0008701005015484,0.0113718849737076,0.0001267447097047,0.0975371537917113,ood_a
1806,data/simulations/mdof/sim_001806.npz,RSN0011_PGA_0p050g,RSN0011,0.05,0.9446311444326588,3S_T090,3,0.9,0.3212062811029884,elastic,0.004,0.0028057953858041,0.0144845112670818,0.0003557202031831,0.5375239279725241,ood_a
1807,data/simulations/mdof/sim_001807.npz,RSN0011_PGA_0p050g,RSN0011,0.05,0.9446311444326588,3S_T090,3,0.9,0.3212062811029884,bilinear,0.004,0.002805795385804,0.0144845112670818,0.0003557202031831,0.5375239279725228,ood_a
1808,data/simulations/mdof/sim_001808.npz,RSN0011_PGA_0p050g,RSN0011,0.05,0.9446311444326588,3S_T090,3,0.9,0.3212062811029884,bilinear,0.007,0.002805795385804,0.0144845112670818,0.0003557202031831,0.5375239279725228,ood_a
1809,data/simulations/mdof/sim_001809.npz,RSN0011_PGA_0p050g,RSN0011,0.05,0.9446311444326588,5S_T055,5,0.5499999999999999,0.1884215991249005,elastic,0.004,0.0008460884008913,0.0135502800525151,8.717822462504342e-05,0.1496490934980496,ood_a
1810,data/simulations/mdof/sim_001810.npz,RSN0011_PGA_0p050g,RSN0011,0.05,0.9446311444326588,5S_T055,5,0.5499999999999999,0.1884215991249005,bilinear,0.004,0.0008460884008913,0.0135502800525152,8.717822462504366e-05,0.1496490934980507,ood_a
1811,data/simulations/mdof/sim_001811.npz,RSN0011_PGA_0p050g,RSN0011,0.05,0.9446311444326588,5S_T055,5,0.5499999999999999,0.1884215991249005,bilinear,0.007,0.0008460884008913,0.0135502800525152,8.717822462504366e-05,0.1496490934980507,ood_a
1812,data/simulations/mdof/sim_001812.npz,RSN0011_PGA_0p050g,RSN0011,0.05,0.9446311444326588,5S_T085,5,0.8499999999999999,0.2911970168293918,elastic,0.004,0.0024644984191855,0.0142830726197371,0.0002220065025608,0.5652995864461572,ood_a
1813,data/simulations/mdof/sim_001813.npz,RSN0011_PGA_0p050g,RSN0011,0.05,0.9446311444326588,5S_T085,5,0.8499999999999999,0.2911970168293918,bilinear,0.004,0.0024644984191855,0.0142830726197371,0.0002220065025608,0.5652995864461583,ood_a
1814,data/simulations/mdof/sim_001814.npz,RSN0011_PGA_0p050g,RSN0011,0.05,0.9446311444326588,5S_T085,5,0.8499999999999999,0.2911970168293918,bilinear,0.007,0.0024644984191855,0.0142830726197371,0.0002220065025608,0.5652995864461583,ood_a
1815,data/simulations/mdof/sim_001815.npz,RSN0011_PGA_0p050g,RSN0011,0.05,0.9446311444326588,5S_T120,5,1.2000000000000008,0.4111016708179651,elastic,0.004,0.0037232496147741,0.0129816998567588,0.0003090896162609,0.7713505648595214,ood_c
1816,data/simulations/mdof/sim_001816.npz,RSN0011_PGA_0p050g,RSN0011,0.05,0.9446311444326588,5S_T120,5,1.2000000000000008,0.4111016708179651,bilinear,0.004,0.0037232496147741,0.0129816998567588,0.0003090896162609,0.7713505648595163,ood_c
1817,data/simulations/mdof/sim_001817.npz,RSN0011_PGA_0p050g,RSN0011,0.05,0.9446311444326588,5S_T120,5,1.2000000000000008,0.4111016708179651,bilinear,0.007,0.0037232496147741,0.0129816998567588,0.0003090896162609,0.7713505648595163,ood_c
1818,data/simulations/mdof/sim_001818.npz,RSN0011_PGA_0p100g,RSN0011,0.1,1.8892622888653177,3S_T035,3,0.3499999999999998,0.1249135537622733,elastic,0.004,0.000826591044232,0.0248642452554482,0.0001218697679991,0.2152315522994579,ood_a
1819,data/simulations/mdof/sim_001819.npz,RSN0011_PGA_0p100g,RSN0011,0.1,1.8892622888653177,3S_T035,3,0.3499999999999998,0.1249135537622733,bilinear,0.004,0.000826591044232,0.0248642452554481,0.0001218697679991,0.215231552299458,ood_a
1820,data/simulations/mdof/sim_001820.npz,RSN0011_PGA_0p100g,RSN0011,0.1,1.8892622888653177,3S_T035,3,0.3499999999999998,0.1249135537622733,bilinear,0.007,0.000826591044232,0.0248642452554481,0.0001218697679991,0.215231552299458,ood_a
1821,data/simulations/mdof/sim_001821.npz,RSN0011_PGA_0p100g,RSN0011,0.1,1.8892622888653177,3S_T060,3,0.6,0.2141375207353256,elastic,0.004,0.0017402010030968,0.0227437699474153,0.0002534894194094,0.3901486151668469,ood_a
1822,data/simulations/mdof/sim_001822.npz,RSN0011_PGA_0p100g,RSN0011,0.1,1.8892622888653177,3S_T060,3,0.6,0.2141375207353256,bilinear,0.004,0.0017402010030968,0.0227437699474153,0.0002534894194094,0.3901486151668453,ood_a
1823,data/simulations/mdof/sim_001823.npz,RSN0011_PGA_0p100g,RSN0011,0.1,1.8892622888653177,3S_T060,3,0.6,0.2141375207353256,bilinear,0.007,0.0017402010030968,0.0227437699474153,0.0002534894194094,0.3901486151668453,ood_a
1824,data/simulations/mdof/sim_001824.npz,RSN0011_PGA_0p100g,RSN0011,0.1,1.8892622888653177,3S_T090,3,0.9,0.3212062811029884,elastic,0.004,0.0056115907716082,0.0289690225341637,0.0007114404063662,2.1500957118900965,ood_a
1825,data/simulations/mdof/sim_001825.npz,RSN0011_PGA_0p100g,RSN0011,0.1,1.8892622888653177,3S_T090,3,0.9,0.3212062811029884,bilinear,0.004,0.0056115907716081,0.0289690225341636,0.0007114404063662,2.150095711890091,ood_a
1826,data/simulations/mdof/sim_001826.npz,RSN0011_PGA_0p100g,RSN0011,0.1,1.8892622888653177,3S_T090,3,0.9,0.3212062811029884,bilinear,0.007,0.0056115907716081,0.0289690225341636,0.0007114404063662,2.150095711890091,ood_a
1827,data/simulations/mdof/sim_001827.npz,RSN0011_PGA_0p100g,RSN0011,0.1,1.8892622888653177,5S_T055,5,0.5499999999999999,0.1884215991249005,elastic,0.004,0.0016921768017827,0.0271005601050302,0.00017435644925,0.5985963739921986,ood_a
1828,data/simulations/mdof/sim_001828.npz,RSN0011_PGA_0p100g,RSN0011,0.1,1.8892622888653177,5S_T055,5,0.5499999999999999,0.1884215991249005,bilinear,0.004,0.0016921768017827,0.0271005601050304,0.00017435644925,0.5985963739922009,ood_a
1829,data/simulations/mdof/sim_001829.npz,RSN0011_PGA_0p100g,RSN0011,0.1,1.8892622888653177,5S_T055,5,0.5499999999999999,0.1884215991249005,bilinear,0.007,0.0016921768017827,0.0271005601050304,0.00017435644925,0.5985963739922009,ood_a
1830,data/simulations/mdof/sim_001830.npz,RSN0011_PGA_0p100g,RSN0011,0.1,1.8892622888653177,5S_T085,5,0.8499999999999999,0.2911970168293918,elastic,0.004,0.004928996838371,0.0285661452394743,0.0004440130051216,2.2611983457846287,ood_a
1831,data/simulations/mdof/sim_001831.npz,RSN0011_PGA_0p100g,RSN0011,0.1,1.8892622888653177,5S_T085,5,0.8499999999999999,0.2911970168293918,bilinear,0.004,0.004928996838371,0.0285661452394741,0.0004440130051216,2.2611983457846163,ood_a
1832,data/simulations/mdof/sim_001832.npz,RSN0011_PGA_0p100g,RSN0011,0.1,1.8892622888653177,5S_T085,5,0.8499999999999999,0.2911970168293918,bilinear,0.007,0.004928996838371,0.0285661452394741,0.0004440130051216,2.2611983457846163,ood_a
1833,data/simulations/mdof/sim_001833.npz,RSN0011_PGA_0p100g,RSN0011,0.1,1.8892622888653177,5S_T120,5,1.2000000000000008,0.4111016708179651,elastic,0.004,0.0074464992295482,0.0259633997135177,0.0006181792325218,3.0854022594380854,ood_c
1834,data/simulations/mdof/sim_001834.npz,RSN0011_PGA_0p100g,RSN0011,0.1,1.8892622888653177,5S_T120,5,1.2000000000000008,0.4111016708179651,bilinear,0.004,0.0074464992295482,0.0259633997135178,0.0006181792325218,3.0854022594380632,ood_c
1835,data/simulations/mdof/sim_001835.npz,RSN0011_PGA_0p100g,RSN0011,0.1,1.8892622888653177,5S_T120,5,1.2000000000000008,0.4111016708179651,bilinear,0.007,0.0074464992295482,0.0259633997135178,0.0006181792325218,3.0854022594380632,ood_c
1836,data/simulations/mdof/sim_001836.npz,RSN0011_PGA_0p200g,RSN0011,0.2,3.7785245777306353,3S_T035,3,0.3499999999999998,0.1249135537622733,elastic,0.004,0.001653182088464,0.0497284905108964,0.0002437395359982,0.8609262091978316,ood_a
1837,data/simulations/mdof/sim_001837.npz,RSN0011_PGA_0p200g,RSN0011,0.2,3.7785245777306353,3S_T035,3,0.3499999999999998,0.1249135537622733,bilinear,0.004,0.001653182088464,0.0497284905108963,0.0002437395359982,0.860926209197832,ood_a
1838,data/simulations/mdof/sim_001838.npz,RSN0011_PGA_0p200g,RSN0011,0.2,3.7785245777306353,3S_T035,3,0.3499999999999998,0.1249135537622733,bilinear,0.007,0.001653182088464,0.0497284905108963,0.0002437395359982,0.860926209197832,ood_a
1839,data/simulations/mdof/sim_001839.npz,RSN0011_PGA_0p200g,RSN0011,0.2,3.7785245777306353,3S_T060,3,0.6,0.2141375207353256,elastic,0.004,0.0034804020061936,0.0454875398948307,0.0005069788388188,1.5605944606673876,ood_a
1840,data/simulations/mdof/sim_001840.npz,RSN0011_PGA_0p200g,RSN0011,0.2,3.7785245777306353,3S_T060,3,0.6,0.2141375207353256,bilinear,0.004,0.0034804020061936,0.0454875398948307,0.0005069788388188,1.5605944606673814,ood_a
1841,data/simulations/mdof/sim_001841.npz,RSN0011_PGA_0p200g,RSN0011,0.2,3.7785245777306353,3S_T060,3,0.6,0.2141375207353256,bilinear,0.007,0.0034804020061936,0.0454875398948307,0.0005069788388188,1.5605944606673814,ood_a
1842,data/simulations/mdof/sim_001842.npz,RSN0011_PGA_0p200g,RSN0011,0.2,3.7785245777306353,3S_T090,3,0.9,0.3212062811029884,elastic,0.004,0.0112231815432164,0.0579380450683275,0.0014228808127324,8.600382847560386,ood_a
1843,data/simulations/mdof/sim_001843.npz,RSN0011_PGA_0p200g,RSN0011,0.2,3.7785245777306353,3S_T090,3,0.9,0.3212062811029884,bilinear,0.004,0.0112231815432163,0.0579380450683272,0.0014228808127324,8.600382847560365,ood_a
1844,data/simulations/mdof/sim_001844.npz,RSN0011_PGA_0p200g,RSN0011,0.2,3.7785245777306353,3S_T090,3,0.9,0.3212062811029884,bilinear,0.007,0.0112231815432163,0.0579380450683272,0.0014228808127324,8.600382847560365,ood_a
1845,data/simulations/mdof/sim_001845.npz,RSN0011_PGA_0p200g,RSN0011,0.2,3.7785245777306353,5S_T055,5,0.5499999999999999,0.1884215991249005,elastic,0.004,0.0033843536035655,0.0542011202100604,0.0003487128985001,2.3943854959687942,ood_a
1846,data/simulations/mdof/sim_001846.npz,RSN0011_PGA_0p200g,RSN0011,0.2,3.7785245777306353,5S_T055,5,0.5499999999999999,0.1884215991249005,bilinear,0.004,0.0033843536035655,0.0542011202100609,0.0003487128985001,2.3943854959688036,ood_a
1847,data/simulations/mdof/sim_001847.npz,RSN0011_PGA_0p200g,RSN0011,0.2,3.7785245777306353,5S_T055,5,0.5499999999999999,0.1884215991249005,bilinear,0.007,0.0033843536035655,0.0542011202100609,0.0003487128985001,2.3943854959688036,ood_a
1848,data/simulations/mdof/sim_001848.npz,RSN0011_PGA_0p200g,RSN0011,0.2,3.7785245777306353,5S_T085,5,0.8499999999999999,0.2911970168293918,elastic,0.004,0.0098579936767421,0.0571322904789486,0.0008880260102432,9.044793383138517,ood_a
1849,data/simulations/mdof/sim_001849.npz,RSN0011_PGA_0p200g,RSN0011,0.2,3.7785245777306353,5S_T085,5,0.8499999999999999,0.2911970168293918,bilinear,0.004,0.0098579936767421,0.0571322904789483,0.0008880260102432,9.044793383138463,ood_a
1850,data/simulations/mdof/sim_001850.npz,RSN0011_PGA_0p200g,RSN0011,0.2,3.7785245777306353,5S_T085,5,0.8499999999999999,0.2911970168293918,bilinear,0.007,0.0098579936767421,0.0571322904789483,0.0008880260102432,9.044793383138463,ood_a
1851,data/simulations/mdof/sim_001851.npz,RSN0011_PGA_0p200g,RSN0011,0.2,3.7785245777306353,5S_T120,5,1.2000000000000008,0.4111016708179651,elastic,0.004,0.0148929984590964,0.0519267994270355,0.0012363584650436,12.341609037752342,ood_c
1852,data/simulations/mdof/sim_001852.npz,RSN0011_PGA_0p200g,RSN0011,0.2,3.7785245777306353,5S_T120,5,1.2000000000000008,0.4111016708179651,bilinear,0.004,0.0148929984590964,0.0519267994270356,0.0012363584650436,12.341609037752306,ood_c
1853,data/simulations/mdof/sim_001853.npz,RSN0011_PGA_0p200g,RSN0011,0.2,3.7785245777306353,5S_T120,5,1.2000000000000008,0.4111016708179651,bilinear,0.007,0.0148929984590964,0.0519267994270356,0.0012363584650436,12.341609037752306,ood_c
1854,data/simulations/mdof/sim_001854.npz,RSN0011_PGA_0p300g,RSN0011,0.3,5.667786866595953,3S_T035,3,0.3499999999999998,0.1249135537622733,elastic,0.004,0.0024797731326961,0.0745927357663447,0.0003656093039973,1.9370839706951288,ood_a
1855,data/simulations/mdof/sim_001855.npz,RSN0011_PGA_0p300g,RSN0011,0.3,5.667786866595953,3S_T035,3,0.3499999999999998,0.1249135537622733,bilinear,0.004,0.0024797731326961,0.0745927357663447,0.0003656093039973,1.9370839706951215,ood_a
1856,data/simulations/mdof/sim_001856.npz,RSN0011_PGA_0p300g,RSN0011,0.3,5.667786866595953,3S_T035,3,0.3499999999999998,0.1249135537622733,bilinear,0.007,0.0024797731326961,0.0745927357663447,0.0003656093039973,1.9370839706951215,ood_a
1857,data/simulations/mdof/sim_001857.npz,RSN0011_PGA_0p300g,RSN0011,0.3,5.667786866595953,3S_T060,3,0.6,0.2141375207353256,elastic,0.004,0.0052206030092904,0.0682313098422458,0.0007604682582282,3.511337536501602,ood_a
1858,data/simulations/mdof/sim_001858.npz,RSN0011_PGA_0p300g,RSN0011,0.3,5.667786866595953,3S_T060,3,0.6,0.2141375207353256,bilinear,0.004,0.0052206030092904,0.068231309842246,0.0007604682582282,3.5113375365015966,ood_a
1859,data/simulations/mdof/sim_001859.npz,RSN0011_PGA_0p300g,RSN0011,0.3,5.667786866595953,3S_T060,3,0.6,0.2141375207353256,bilinear,0.007,0.0052206030092904,0.068231309842246,0.0007604682582282,3.5113375365015966,ood_a
1860,data/simulations/mdof/sim_001860.npz,RSN0011_PGA_0p300g,RSN0011,0.3,5.667786866595953,3S_T090,3,0.9,0.3212062811029884,elastic,0.004,0.0168347723148246,0.0869070676024912,0.0021343212190987,19.35086140701088,ood_a
1861,data/simulations/mdof/sim_001861.npz,RSN0011_PGA_0p300g,RSN0011,0.3,5.667786866595953,3S_T090,3,0.9,0.3212062811029884,bilinear,0.004,0.0168347723148246,0.0869070676024915,0.0021343212190987,19.350861407010942,ood_a
1862,data/simulations/mdof/sim_001862.npz,RSN0011_PGA_0p300g,RSN0011,0.3,5.667786866595953,3S_T090,3,0.9,0.3212062811029884,bilinear,0.007,0.0168347723148246,0.0869070676024915,0.0021343212190987,19.350861407010942,ood_a
1863,data/simulations/mdof/sim_001863.npz,RSN0011_PGA_0p300g,RSN0011,0.3,5.667786866595953,5S_T055,5,0.5499999999999999,0.1884215991249005,elastic,0.004,0.0050765304053482,0.0813016803150914,0.0005230693477502,5.387367365929823,ood_a
1864,data/simulations/mdof/sim_001864.npz,RSN0011_PGA_0p300g,RSN0011,0.3,5.667786866595953,5S_T055,5,0.5499999999999999,0.1884215991249005,bilinear,0.004,0.0050765304053482,0.0813016803150918,0.0005230693477502,5.387367365929821,ood_a
1865,data/simulations/mdof/sim_001865.npz,RSN0011_PGA_0p300g,RSN0011,0.3,5.667786866595953,5S_T055,5,0.5499999999999999,0.1884215991249005,bilinear,0.007,0.0050765304053482,0.0813016803150918,0.0005230693477502,5.387367365929821,ood_a
1866,data/simulations/mdof/sim_001866.npz,RSN0011_PGA_0p300g,RSN0011,0.3,5.667786866595953,5S_T085,5,0.8499999999999999,0.2911970168293918,elastic,0.004,0.0147869905151132,0.0856984357184228,0.0013320390153649,20.35078511206155,ood_a
1867,data/simulations/mdof/sim_001867.npz,RSN0011_PGA_0p300g,RSN0011,0.3,5.667786866595953,5S_T085,5,0.8499999999999999,0.2911970168293918,bilinear,0.004,0.0147869905151132,0.085698435718423,0.0013320390153649,20.350785112061615,ood_a
1868,data/simulations/mdof/sim_001868.npz,RSN0011_PGA_0p300g,RSN0011,0.3,5.667786866595953,5S_T085,5,0.8499999999999999,0.2911970168293918,bilinear,0.007,0.0147869905151132,0.085698435718423,0.0013320390153649,20.350785112061615,ood_a
1869,data/simulations/mdof/sim_001869.npz,RSN0011_PGA_0p300g,RSN0011,0.3,5.667786866595953,5S_T120,5,1.2000000000000008,0.4111016708179651,elastic,0.004,0.0223394976886446,0.0778901991405529,0.0018545376975654,27.768620334942625,ood_c
1870,data/simulations/mdof/sim_001870.npz,RSN0011_PGA_0p300g,RSN0011,0.3,5.667786866595953,5S_T120,5,1.2000000000000008,0.4111016708179651,bilinear,0.004,0.0223394976886446,0.0778901991405534,0.0018545376975654,27.768620334942593,ood_c
1871,data/simulations/mdof/sim_001871.npz,RSN0011_PGA_0p300g,RSN0011,0.3,5.667786866595953,5S_T120,5,1.2000000000000008,0.4111016708179651,bilinear,0.007,0.0223394976886446,0.0778901991405534,0.0018545376975654,27.768620334942593,ood_c
1872,data/simulations/mdof/sim_001872.npz,RSN0011_PGA_0p400g,RSN0011,0.4,7.557049155461271,3S_T035,3,0.3499999999999998,0.1249135537622733,elastic,0.004,0.0033063641769281,0.0994569810217928,0.0004874790719965,3.4437048367913263,ood_a
1873,data/simulations/mdof/sim_001873.npz,RSN0011_PGA_0p400g,RSN0011,0.4,7.557049155461271,3S_T035,3,0.3499999999999998,0.1249135537622733,bilinear,0.004,0.0033063641769281,0.0994569810217927,0.0004874790719965,3.443704836791328,ood_a
1874,data/simulations/mdof/sim_001874.npz,RSN0011_PGA_0p400g,RSN0011,0.4,7.557049155461271,3S_T035,3,0.3499999999999998,0.1249135537622733,bilinear,0.007,0.0033063641769281,0.0994569810217927,0.0004874790719965,3.443704836791328,ood_a
1875,data/simulations/mdof/sim_001875.npz,RSN0011_PGA_0p400g,RSN0011,0.4,7.557049155461271,3S_T060,3,0.6,0.2141375207353256,elastic,0.004,0.0069608040123873,0.0909750797896615,0.0010139576776376,6.24237784266955,ood_a
1876,data/simulations/mdof/sim_001876.npz,RSN0011_PGA_0p400g,RSN0011,0.4,7.557049155461271,3S_T060,3,0.6,0.2141375207353256,bilinear,0.004,0.0069608040123872,0.0909750797896615,0.0010139576776376,6.242377842669526,ood_a
1877,data/simulations/mdof/sim_001877.npz,RSN0011_PGA_0p400g,RSN0011,0.4,7.557049155461271,3S_T060,3,0.6,0.2141375207353256,bilinear,0.007,0.0069608040123872,0.0909750797896615,0.0010139576776376,6.242377842669526,ood_a
1878,data/simulations/mdof/sim_001878.npz,RSN0011_PGA_0p400g,RSN0011,0.4,7.557049155461271,3S_T090,3,0.9,0.3212062811029884,elastic,0.004,0.0224463630864328,0.115876090136655,0.0028457616254649,34.401531390241544,ood_a
1879,data/simulations/mdof/sim_001879.npz,RSN0011_PGA_0p400g,RSN0011,0.4,7.557049155461271,3S_T090,3,0.9,0.3212062811029884,bilinear,0.004,0.0224463630864327,0.1158760901366544,0.0028457616254649,34.40153139024146,ood_a
1880,data/simulations/mdof/sim_001880.npz,RSN0011_PGA_0p400g,RSN0011,0.4,7.557049155461271,3S_T090,3,0.9,0.3212062811029884,bilinear,0.007,0.0224463630864327,0.1158760901366544,0.0028457616254649,34.40153139024146,ood_a
1881,data/simulations/mdof/sim_001881.npz,RSN0011_PGA_0p400g,RSN0011,0.4,7.557049155461271,5S_T055,5,0.5499999999999999,0.1884215991249005,elastic,0.004,0.006768707207131,0.1084022404201209,0.0006974257970003,9.577541983875175,ood_a
1882,data/simulations/mdof/sim_001882.npz,RSN0011_PGA_0p400g,RSN0011,0.4,7.557049155461271,5S_T055,5,0.5499999999999999,0.1884215991249005,bilinear,0.004,0.006768707207131,0.1084022404201219,0.0006974257970003,9.577541983875214,ood_a
1883,data/simulations/mdof/sim_001883.npz,RSN0011_PGA_0p400g,RSN0011,0.4,7.557049155461271,5S_T055,5,0.5499999999999999,0.1884215991249005,bilinear,0.007,0.006768707207131,0.1084022404201219,0.0006974257970003,9.577541983875214,ood_a
1884,data/simulations/mdof/sim_001884.npz,RSN0011_PGA_0p400g,RSN0011,0.4,7.557049155461271,5S_T085,5,0.8499999999999999,0.2911970168293918,elastic,0.004,0.0197159873534843,0.1142645809578972,0.0017760520204865,36.17917353255406,ood_a
1885,data/simulations/mdof/sim_001885.npz,RSN0011_PGA_0p400g,RSN0011,0.4,7.557049155461271,5S_T085,5,0.8499999999999999,0.2911970168293918,bilinear,0.004,0.0197159873534843,0.1142645809578966,0.0017760520204865,36.17917353255386,ood_a
1886,data/simulations/mdof/sim_001886.npz,RSN0011_PGA_0p400g,RSN0011,0.4,7.557049155461271,5S_T085,5,0.8499999999999999,0.2911970168293918,bilinear,0.007,0.0197159873534843,0.1142645809578966,0.0017760520204865,36.17917353255386,ood_a
1887,data/simulations/mdof/sim_001887.npz,RSN0011_PGA_0p400g,RSN0011,0.4,7.557049155461271,5S_T120,5,1.2000000000000008,0.4111016708179651,elastic,0.004,0.0297859969181929,0.1038535988540711,0.0024727169300872,49.36643615100937,ood_c
1888,data/simulations/mdof/sim_001888.npz,RSN0011_PGA_0p400g,RSN0011,0.4,7.557049155461271,5S_T120,5,1.2000000000000008,0.4111016708179651,bilinear,0.004,0.0297859969181928,0.1038535988540712,0.0024727169300872,49.366436151009225,ood_c
1889,data/simulations/mdof/sim_001889.npz,RSN0011_PGA_0p400g,RSN0011,0.4,7.557049155461271,5S_T120,5,1.2000000000000008,0.4111016708179651,bilinear,0.007,0.0297859969181928,0.1038535988540712,0.0024727169300872,49.366436151009225,ood_c
1890,data/simulations/mdof/sim_001890.npz,RSN0011_PGA_0p500g,RSN0011,0.5,9.446311444326588,3S_T035,3,0.3499999999999998,0.1249135537622733,elastic,0.004,0.0041329552211602,0.1243212262772412,0.0006093488399956,5.380788807486464,ood_a
1891,data/simulations/mdof/sim_001891.npz,RSN0011_PGA_0p500g,RSN0011,0.5,9.446311444326588,3S_T035,3,0.3499999999999998,0.1249135537622733,bilinear,0.004,0.0041329552211602,0.1243212262772412,0.0006093488399956,5.380788807486464,ood_a
1892,data/simulations/mdof/sim_001892.npz,RSN0011_PGA_0p500g,RSN0011,0.5,9.446311444326588,3S_T035,3,0.3499999999999998,0.1249135537622733,bilinear,0.007,0.0041329552211602,0.1243212262772412,0.0006093488399956,5.380788807486464,ood_a
1893,data/simulations/mdof/sim_001893.npz,RSN0011_PGA_0p500g,RSN0011,0.5,9.446311444326588,3S_T060,3,0.6,0.2141375207353256,elastic,0.004,0.0087010050154841,0.1137188497370765,0.001267447097047,9.753715379171114,ood_a
1894,data/simulations/mdof/sim_001894.npz,RSN0011_PGA_0p500g,RSN0011,0.5,9.446311444326588,3S_T060,3,0.6,0.2141375207353256,bilinear,0.004,0.0087010050154841,0.1137188497370763,0.001267447097047,9.753715379171148,ood_a
1895,data/simulations/mdof/sim_001895.npz,RSN0011_PGA_0p500g,RSN0011,0.5,9.446311444326588,3S_T060,3,0.6,0.2141375207353256,bilinear,0.007,0.0087010050154841,0.1137188497370763,0.001267447097047,9.753715379171148,ood_a
1896,data/simulations/mdof/sim_001896.npz,RSN0011_PGA_0p500g,RSN0011,0.5,9.446311444326588,3S_T090,3,0.9,0.3212062811029884,elastic,0.004,0.028057953858041,0.1448451126708189,0.0035572020318311,53.75239279725265,ood_a
1897,data/simulations/mdof/sim_001897.npz,RSN0011_PGA_0p500g,RSN0011,0.5,9.446311444326588,3S_T090,3,0.9,0.3212062811029884,bilinear,0.004,0.028057953858041,0.1448451126708182,0.0035572020318311,53.75239279725254,ood_a
1898,data/simulations/mdof/sim_001898.npz,RSN0011_PGA_0p500g,RSN0011,0.5,9.446311444326588,3S_T090,3,0.9,0.3212062811029884,bilinear,0.007,0.028057953858041,0.1448451126708182,0.0035572020318311,53.75239279725254,ood_a
1899,data/simulations/mdof/sim_001899.npz,RSN0011_PGA_0p500g,RSN0011,0.5,9.446311444326588,5S_T055,5,0.5499999999999999,0.1884215991249005,elastic,0.004,0.0084608840089137,0.1355028005251526,0.0008717822462504,14.964909349804998,ood_a
1900,data/simulations/mdof/sim_001900.npz,RSN0011_PGA_0p500g,RSN0011,0.5,9.446311444326588,5S_T055,5,0.5499999999999999,0.1884215991249005,bilinear,0.004,0.0084608840089137,0.1355028005251523,0.0008717822462504,14.964909349804929,ood_a
1901,data/simulations/mdof/sim_001901.npz,RSN0011_PGA_0p500g,RSN0011,0.5,9.446311444326588,5S_T055,5,0.5499999999999999,0.1884215991249005,bilinear,0.007,0.0084608840089137,0.1355028005251523,0.0008717822462504,14.964909349804929,ood_a
1902,data/simulations/mdof/sim_001902.npz,RSN0011_PGA_0p500g,RSN0011,0.5,9.446311444326588,5S_T085,5,0.8499999999999999,0.2911970168293918,elastic,0.004,0.0246449841918554,0.1428307261973707,0.0022200650256082,56.52995864461553,ood_a
1903,data/simulations/mdof/sim_001903.npz,RSN0011_PGA_0p500g,RSN0011,0.5,9.446311444326588,5S_T085,5,0.8499999999999999,0.2911970168293918,bilinear,0.004,0.0246449841918554,0.1428307261973706,0.0022200650256082,56.52995864461553,ood_a
1904,data/simulations/mdof/sim_001904.npz,RSN0011_PGA_0p500g,RSN0011,0.5,9.446311444326588,5S_T085,5,0.8499999999999999,0.2911970168293918,bilinear,0.007,0.0246449841918554,0.1428307261973706,0.0022200650256082,56.52995864461553,ood_a
1905,data/simulations/mdof/sim_001905.npz,RSN0011_PGA_0p500g,RSN0011,0.5,9.446311444326588,5S_T120,5,1.2000000000000008,0.4111016708179651,elastic,0.004,0.0372324961477411,0.1298169985675892,0.003090896162609,77.1350564859519,ood_c
1906,data/simulations/mdof/sim_001906.npz,RSN0011_PGA_0p500g,RSN0011,0.5,9.446311444326588,5S_T120,5,1.2000000000000008,0.4111016708179651,bilinear,0.004,0.037232496147741,0.1298169985675886,0.003090896162609,77.13505648595168,ood_c
1907,data/simulations/mdof/sim_001907.npz,RSN0011_PGA_0p500g,RSN0011,0.5,9.446311444326588,5S_T120,5,1.2000000000000008,0.4111016708179651,bilinear,0.007,0.037232496147741,0.1298169985675886,0.003090896162609,77.13505648595168,ood_c
1908,data/simulations/mdof/sim_001908.npz,RSN0011_PGA_0p600g,RSN0011,0.6,11.335573733191906,3S_T035,3,0.3499999999999998,0.1249135537622733,elastic,0.004,0.0049595462653922,0.1491854715326895,0.0007312186079947,7.748335882780514,ood_a
1909,data/simulations/mdof/sim_001909.npz,RSN0011_PGA_0p600g,RSN0011,0.6,11.335573733191906,3S_T035,3,0.3499999999999998,0.1249135537622733,bilinear,0.004,0.0049595462653922,0.1491854715326894,0.0007312186079947,7.748335882780486,ood_a
1910,data/simulations/mdof/sim_001910.npz,RSN0011_PGA_0p600g,RSN0011,0.6,11.335573733191906,3S_T035,3,0.3499999999999998,0.1249135537622733,bilinear,0.007,0.0049595462653922,0.1491854715326894,0.0007312186079947,7.748335882780486,ood_a
1911,data/simulations/mdof/sim_001911.npz,RSN0011_PGA_0p600g,RSN0011,0.6,11.335573733191906,3S_T060,3,0.6,0.2141375207353256,elastic,0.004,0.0104412060185809,0.1364626196844917,0.0015209365164564,14.045350146006408,ood_a
1912,data/simulations/mdof/sim_001912.npz,RSN0011_PGA_0p600g,RSN0011,0.6,11.335573733191906,3S_T060,3,0.6,0.2141375207353256,bilinear,0.004,0.0104412060185809,0.136462619684492,0.0015209365164564,14.045350146006388,ood_a
1913,data/simulations/mdof/sim_001913.npz,RSN0011_PGA_0p600g,RSN0011,0.6,11.335573733191906,3S_T060,3,0.6,0.2141375207353256,bilinear,0.007,0.0104412060185809,0.136462619684492,0.0015209365164564,14.045350146006388,ood_a
1914,data/simulations/mdof/sim_001914.npz,RSN0011_PGA_0p600g,RSN0011,0.6,11.335573733191906,3S_T090,3,0.9,0.3212062811029884,elastic,0.004,0.0336695446296492,0.1738141352049824,0.0042686424381974,77.40344562804353,ood_a
1915,data/simulations/mdof/sim_001915.npz,RSN0011_PGA_0p600g,RSN0011,0.6,11.335573733191906,3S_T090,3,0.9,0.3212062811029884,bilinear,0.004,0.0336719212120223,0.1734792424097603,0.0043242404532152,76.64251546248131,ood_a
1916,data/simulations/mdof/sim_001916.npz,RSN0011_PGA_0p600g,RSN0011,0.6,11.335573733191906,3S_T090,3,0.9,0.3212062811029884,bilinear,0.007,0.0336695446296492,0.1738141352049831,0.0042686424381974,77.40344562804378,ood_a
1917,data/simulations/mdof/sim_001917.npz,RSN0011_PGA_0p600g,RSN0011,0.6,11.335573733191906,5S_T055,5,0.5499999999999999,0.1884215991249005,elastic,0.004,0.0101530608106965,0.1626033606301828,0.0010461386955005,21.54946946371929,ood_a
1918,data/simulations/mdof/sim_001918.npz,RSN0011_PGA_0p600g,RSN0011,0.6,11.335573733191906,5S_T055,5,0.5499999999999999,0.1884215991249005,bilinear,0.004,0.0101530608106965,0.1626033606301837,0.0010461386955005,21.549469463719284,ood_a
1919,data/simulations/mdof/sim_001919.npz,RSN0011_PGA_0p600g,RSN0011,0.6,11.335573733191906,5S_T055,5,0.5499999999999999,0.1884215991249005,bilinear,0.007,0.0101530608106965,0.1626033606301837,0.0010461386955005,21.549469463719284,ood_a
1920,data/simulations/mdof/sim_001920.npz,RSN0011_PGA_0p600g,RSN0011,0.6,11.335573733191906,5S_T085,5,0.8499999999999999,0.2911970168293918,elastic,0.004,0.0295739810302265,0.1713968714368456,0.0026640780307298,81.4031404482462,ood_a
1921,data/simulations/mdof/sim_001921.npz,RSN0011_PGA_0p600g,RSN0011,0.6,11.335573733191906,5S_T085,5,0.8499999999999999,0.2911970168293918,bilinear,0.004,0.0295739810302265,0.171396871436846,0.0026640780307298,81.40314044824646,ood_a
1922,data/simulations/mdof/sim_001922.npz,RSN0011_PGA_0p600g,RSN0011,0.6,11.335573733191906,5S_T085,5,0.8499999999999999,0.2911970168293918,bilinear,0.007,0.0295739810302265,0.171396871436846,0.0026640780307298,81.40314044824646,ood_a
1923,data/simulations/mdof/sim_001923.npz,RSN0011_PGA_0p600g,RSN0011,0.6,11.335573733191906,5S_T120,5,1.2000000000000008,0.4111016708179651,elastic,0.004,0.0446789953772892,0.1557803982811059,0.0037090753951308,111.0744813397705,ood_c
1924,data/simulations/mdof/sim_001924.npz,RSN0011_PGA_0p600g,RSN0011,0.6,11.335573733191906,5S_T120,5,1.2000000000000008,0.4111016708179651,bilinear,0.004,0.0446789953772892,0.155780398281107,0.0037090753951308,111.07448133977044,ood_c
1925,data/simulations/mdof/sim_001925.npz,RSN0011_PGA_0p600g,RSN0011,0.6,11.335573733191906,5S_T120,5,1.2000000000000008,0.4111016708179651,bilinear,0.007,0.0446789953772892,0.155780398281107,0.0037090753951308,111.07448133977044,ood_c
1926,data/simulations/mdof/sim_001926.npz,RSN0011_PGA_0p800g,RSN0011,0.8,15.11409831092254,3S_T035,3,0.3499999999999998,0.1249135537622733,elastic,0.004,0.0066127283538563,0.1989139620435856,0.000974958143993,13.774819347165304,ood_a
1927,data/simulations/mdof/sim_001927.npz,RSN0011_PGA_0p800g,RSN0011,0.8,15.11409831092254,3S_T035,3,0.3499999999999998,0.1249135537622733,bilinear,0.004,0.0066127283538563,0.1989139620435854,0.000974958143993,13.774819347165312,ood_a
1928,data/simulations/mdof/sim_001928.npz,RSN0011_PGA_0p800g,RSN0011,0.8,15.11409831092254,3S_T035,3,0.3499999999999998,0.1249135537622733,bilinear,0.007,0.0066127283538563,0.1989139620435854,0.000974958143993,13.774819347165312,ood_a
1929,data/simulations/mdof/sim_001929.npz,RSN0011_PGA_0p800g,RSN0011,0.8,15.11409831092254,3S_T060,3,0.6,0.2141375207353256,elastic,0.004,0.0139216080247746,0.1819501595793231,0.0020279153552752,24.9695113706782,ood_a
1930,data/simulations/mdof/sim_001930.npz,RSN0011_PGA_0p800g,RSN0011,0.8,15.11409831092254,3S_T060,3,0.6,0.2141375207353256,bilinear,0.004,0.0139216080247745,0.1819501595793231,0.0020279153552752,24.969511370678102,ood_a
1931,data/simulations/mdof/sim_001931.npz,RSN0011_PGA_0p800g,RSN0011,0.8,15.11409831092254,3S_T060,3,0.6,0.2141375207353256,bilinear,0.007,0.0139216080247745,0.1819501595793231,0.0020279153552752,24.969511370678102,ood_a
1932,data/simulations/mdof/sim_001932.npz,RSN0011_PGA_0p800g,RSN0011,0.8,15.11409831092254,3S_T090,3,0.9,0.3212062811029884,elastic,0.004,0.0448927261728656,0.23175218027331,0.0056915232509298,137.60612556096618,ood_a
1933,data/simulations/mdof/sim_001933.npz,RSN0011_PGA_0p800g,RSN0011,0.8,15.11409831092254,3S_T090,3,0.9,0.3212062811029884,bilinear,0.004,0.038596199011405,0.2294252443292869,0.0055352334513359,148.45199044503758,ood_a
1934,data/simulations/mdof/sim_001934.npz,RSN0011_PGA_0p800g,RSN0011,0.8,15.11409831092254,3S_T090,3,0.9,0.3212062811029884,bilinear,0.007,0.0448927261728655,0.2317521802733089,0.0056915232509298,137.60612556096584,ood_a
1935,data/simulations/mdof/sim_001935.npz,RSN0011_PGA_0p800g,RSN0011,0.8,15.11409831092254,5S_T055,5,0.5499999999999999,0.1884215991249005,elastic,0.004,0.013537414414262,0.2168044808402419,0.0013948515940006,38.31016793550071,ood_a
1936,data/simulations/mdof/sim_001936.npz,RSN0011_PGA_0p800g,RSN0011,0.8,15.11409831092254,5S_T055,5,0.5499999999999999,0.1884215991249005,bilinear,0.004,0.013537414414262,0.2168044808402438,0.0013948515940006,38.31016793550086,ood_a
1937,data/simulations/mdof/sim_001937.npz,RSN0011_PGA_0p800g,RSN0011,0.8,15.11409831092254,5S_T055,5,0.5499999999999999,0.1884215991249005,bilinear,0.007,0.013537414414262,0.2168044808402438,0.0013948515940006,38.31016793550086,ood_a
1938,data/simulations/mdof/sim_001938.npz,RSN0011_PGA_0p800g,RSN0011,0.8,15.11409831092254,5S_T085,5,0.8499999999999999,0.2911970168293918,elastic,0.004,0.0394319747069687,0.2285291619157944,0.0035521040409731,144.71669413021624,ood_a
1939,data/simulations/mdof/sim_001939.npz,RSN0011_PGA_0p800g,RSN0011,0.8,15.11409831092254,5S_T085,5,0.8499999999999999,0.2911970168293918,bilinear,0.004,0.0394319747069686,0.2285291619157932,0.0035521040409731,144.71669413021544,ood_a
1940,data/simulations/mdof/sim_001940.npz,RSN0011_PGA_0p800g,RSN0011,0.8,15.11409831092254,5S_T085,5,0.8499999999999999,0.2911970168293918,bilinear,0.007,0.0394319747069686,0.2285291619157932,0.0035521040409731,144.71669413021544,ood_a
1941,data/simulations/mdof/sim_001941.npz,RSN0011_PGA_0p800g,RSN0011,0.8,15.11409831092254,5S_T120,5,1.2000000000000008,0.4111016708179651,elastic,0.004,0.0595719938363858,0.2077071977081422,0.0049454338601745,197.46574460403747,ood_c
1942,data/simulations/mdof/sim_001942.npz,RSN0011_PGA_0p800g,RSN0011,0.8,15.11409831092254,5S_T120,5,1.2000000000000008,0.4111016708179651,bilinear,0.004,0.0595957985017237,0.2077071977081422,0.0069060496502622,226.5797592872123,ood_c
1943,data/simulations/mdof/sim_001943.npz,RSN0011_PGA_0p800g,RSN0011,0.8,15.11409831092254,5S_T120,5,1.2000000000000008,0.4111016708179651,bilinear,0.007,0.0595719938363857,0.2077071977081422,0.0049454338601745,197.46574460403667,ood_c
1944,data/simulations/mdof/sim_001944.npz,RSN0011_PGA_1p000g,RSN0011,1.0,18.892622888653175,3S_T035,3,0.3499999999999998,0.1249135537622733,elastic,0.004,0.0082659104423204,0.2486424525544824,0.0012186976799912,21.523155229945857,ood_a
1945,data/simulations/mdof/sim_001945.npz,RSN0011_PGA_1p000g,RSN0011,1.0,18.892622888653175,3S_T035,3,0.3499999999999998,0.1249135537622733,bilinear,0.004,0.0082659104423204,0.2486424525544825,0.0012186976799912,21.523155229945857,ood_a
1946,data/simulations/mdof/sim_001946.npz,RSN0011_PGA_1p000g,RSN0011,1.0,18.892622888653175,3S_T035,3,0.3499999999999998,0.1249135537622733,bilinear,0.007,0.0082659104423204,0.2486424525544825,0.0012186976799912,21.523155229945857,ood_a
1947,data/simulations/mdof/sim_001947.npz,RSN0011_PGA_1p000g,RSN0011,1.0,18.892622888653175,3S_T060,3,0.6,0.2141375207353256,elastic,0.004,0.0174020100309682,0.227437699474153,0.002534894194094,39.014861516684455,ood_a
1948,data/simulations/mdof/sim_001948.npz,RSN0011_PGA_1p000g,RSN0011,1.0,18.892622888653175,3S_T060,3,0.6,0.2141375207353256,bilinear,0.004,0.0174020100309682,0.2274376994741526,0.002534894194094,39.01486151668459,ood_a
1949,data/simulations/mdof/sim_001949.npz,RSN0011_PGA_1p000g,RSN0011,1.0,18.892622888653175,3S_T060,3,0.6,0.2141375207353256,bilinear,0.007,0.0174020100309682,0.2274376994741526,0.002534894194094,39.01486151668459,ood_a
1950,data/simulations/mdof/sim_001950.npz,RSN0011_PGA_1p000g,RSN0011,1.0,18.892622888653175,3S_T090,3,0.9,0.3212062811029884,elastic,0.004,0.0561159077160821,0.2896902253416378,0.0071144040636623,215.0095711890106,ood_a
1951,data/simulations/mdof/sim_001951.npz,RSN0011_PGA_1p000g,RSN0011,1.0,18.892622888653175,3S_T090,3,0.9,0.3212062811029884,bilinear,0.004,0.0429702028179741,0.2590966377347026,0.0073817644405077,255.50545774294375,ood_a
1952,data/simulations/mdof/sim_001952.npz,RSN0011_PGA_1p000g,RSN0011,1.0,18.892622888653175,3S_T090,3,0.9,0.3212062811029884,bilinear,0.007,0.0561160777214985,0.2896660130994424,0.0071218485697578,214.5499637234969,ood_a
1953,data/simulations/mdof/sim_001953.npz,RSN0011_PGA_1p000g,RSN0011,1.0,18.892622888653175,5S_T055,5,0.5499999999999999,0.1884215991249005,elastic,0.004,0.0169217680178275,0.2710056010503053,0.0017435644925008,59.85963739921999,ood_a
1954,data/simulations/mdof/sim_001954.npz,RSN0011_PGA_1p000g,RSN0011,1.0,18.892622888653175,5S_T055,5,0.5499999999999999,0.1884215991249005,bilinear,0.004,0.0169217680178274,0.2710056010503047,0.0017435644925008,59.859637399219714,ood_a
1955,data/simulations/mdof/sim_001955.npz,RSN0011_PGA_1p000g,RSN0011,1.0,18.892622888653175,5S_T055,5,0.5499999999999999,0.1884215991249005,bilinear,0.007,0.0169217680178274,0.2710056010503047,0.0017435644925008,59.859637399219714,ood_a
1956,data/simulations/mdof/sim_001956.npz,RSN0011_PGA_1p000g,RSN0011,1.0,18.892622888653175,5S_T085,5,0.8499999999999999,0.2911970168293918,elastic,0.004,0.0492899683837108,0.2856614523947414,0.0044401300512164,226.11983457846213,ood_a
1957,data/simulations/mdof/sim_001957.npz,RSN0011_PGA_1p000g,RSN0011,1.0,18.892622888653175,5S_T085,5,0.8499999999999999,0.2911970168293918,bilinear,0.004,0.0486341265563124,0.2810438465731552,0.0047281161091969,230.48780719511805,ood_a
1958,data/simulations/mdof/sim_001958.npz,RSN0011_PGA_1p000g,RSN0011,1.0,18.892622888653175,5S_T085,5,0.8499999999999999,0.2911970168293918,bilinear,0.007,0.0492899683837109,0.2856614523947427,0.0044401300512164,226.1198345784628,ood_a
1959,data/simulations/mdof/sim_001959.npz,RSN0011_PGA_1p000g,RSN0011,1.0,18.892622888653175,5S_T120,5,1.2000000000000008,0.4111016708179651,elastic,0.004,0.0744649922954822,0.2596339971351784,0.0061817923252181,308.5402259438076,ood_c
1960,data/simulations/mdof/sim_001960.npz,RSN0011_PGA_1p000g,RSN0011,1.0,18.892622888653175,5S_T120,5,1.2000000000000008,0.4111016708179651,bilinear,0.004,0.066089819597337,0.2596339971351773,0.0095011941043045,386.86081261742527,ood_c
1961,data/simulations/mdof/sim_001961.npz,RSN0011_PGA_1p000g,RSN0011,1.0,18.892622888653175,5S_T120,5,1.2000000000000008,0.4111016708179651,bilinear,0.007,0.0744649922954821,0.2596339971351773,0.0061817923252181,308.5402259438067,ood_c
1962,data/simulations/mdof/sim_001962.npz,RSN0011_PGA_1p200g,RSN0011,1.2,22.67114746638381,3S_T035,3,0.3499999999999998,0.1249135537622733,elastic,0.004,0.0099190925307844,0.2983709430653791,0.0014624372159895,30.993343531122058,ood_a
1963,data/simulations/mdof/sim_001963.npz,RSN0011_PGA_1p200g,RSN0011,1.2,22.67114746638381,3S_T035,3,0.3499999999999998,0.1249135537622733,bilinear,0.004,0.0099190925307844,0.2983709430653788,0.0014624372159895,30.993343531121944,ood_a
1964,data/simulations/mdof/sim_001964.npz,RSN0011_PGA_1p200g,RSN0011,1.2,22.67114746638381,3S_T035,3,0.3499999999999998,0.1249135537622733,bilinear,0.007,0.0099190925307844,0.2983709430653788,0.0014624372159895,30.993343531121944,ood_a
1965,data/simulations/mdof/sim_001965.npz,RSN0011_PGA_1p200g,RSN0011,1.2,22.67114746638381,3S_T060,3,0.6,0.2141375207353256,elastic,0.004,0.0208824120371618,0.2729252393689834,0.0030418730329128,56.18140058402563,ood_a
1966,data/simulations/mdof/sim_001966.npz,RSN0011_PGA_1p200g,RSN0011,1.2,22.67114746638381,3S_T060,3,0.6,0.2141375207353256,bilinear,0.004,0.0208824120371618,0.2729252393689841,0.0030418730329128,56.181400584025546,ood_a
1967,data/simulations/mdof/sim_001967.npz,RSN0011_PGA_1p200g,RSN0011,1.2,22.67114746638381,3S_T060,3,0.6,0.2141375207353256,bilinear,0.007,0.0208824120371618,0.2729252393689841,0.0030418730329128,56.181400584025546,ood_a
1968,data/simulations/mdof/sim_001968.npz,RSN0011_PGA_1p200g,RSN0011,1.2,22.67114746638381,3S_T090,3,0.9,0.3212062811029884,elastic,0.004,0.0673390892592984,0.3476282704099648,0.0085372848763948,309.6137825121741,ood_a
1969,data/simulations/mdof/sim_001969.npz,RSN0011_PGA_1p200g,RSN0011,1.2,22.67114746638381,3S_T090,3,0.9,0.3212062811029884,bilinear,0.004,0.0462464220823198,0.2703150025959701,0.0073394094803719,386.0100084447545,ood_a
1970,data/simulations/mdof/sim_001970.npz,RSN0011_PGA_1p200g,RSN0011,1.2,22.67114746638381,3S_T090,3,0.9,0.3212062811029884,bilinear,0.007,0.0658154458809599,0.3432725671033974,0.0091126955499823,315.2922949476344,ood_a
1971,data/simulations/mdof/sim_001971.npz,RSN0011_PGA_1p200g,RSN0011,1.2,22.67114746638381,5S_T055,5,0.5499999999999999,0.1884215991249005,elastic,0.004,0.020306121621393,0.3252067212603657,0.002092277391001,86.19787785487716,ood_a
1972,data/simulations/mdof/sim_001972.npz,RSN0011_PGA_1p200g,RSN0011,1.2,22.67114746638381,5S_T055,5,0.5499999999999999,0.1884215991249005,bilinear,0.004,0.020306121621393,0.3252067212603674,0.002092277391001,86.19787785487713,ood_a
1973,data/simulations/mdof/sim_001973.npz,RSN0011_PGA_1p200g,RSN0011,1.2,22.67114746638381,5S_T055,5,0.5499999999999999,0.1884215991249005,bilinear,0.007,0.020306121621393,0.3252067212603674,0.002092277391001,86.19787785487713,ood_a
1974,data/simulations/mdof/sim_001974.npz,RSN0011_PGA_1p200g,RSN0011,1.2,22.67114746638381,5S_T085,5,0.8499999999999999,0.2911970168293918,elastic,0.004,0.059147962060453,0.3427937428736913,0.0053281560614596,325.6125617929848,ood_a
1975,data/simulations/mdof/sim_001975.npz,RSN0011_PGA_1p200g,RSN0011,1.2,22.67114746638381,5S_T085,5,0.8499999999999999,0.2911970168293918,bilinear,0.004,0.0546828092450649,0.2958947805344679,0.0064666924806169,393.641862064095,ood_a
1976,data/simulations/mdof/sim_001976.npz,RSN0011_PGA_1p200g,RSN0011,1.2,22.67114746638381,5S_T085,5,0.8499999999999999,0.2911970168293918,bilinear,0.007,0.0591479620604531,0.3427937428736911,0.0053281560614597,325.61256179298687,ood_a
1977,data/simulations/mdof/sim_001977.npz,RSN0011_PGA_1p200g,RSN0011,1.2,22.67114746638381,5S_T120,5,1.2000000000000008,0.4111016708179651,elastic,0.004,0.0893579907545784,0.3115607965622118,0.0074181507902617,444.297925359082,ood_c
1978,data/simulations/mdof/sim_001978.npz,RSN0011_PGA_1p200g,RSN0011,1.2,22.67114746638381,5S_T120,5,1.2000000000000008,0.4111016708179651,bilinear,0.004,0.0690518385590911,0.3111904994035164,0.0116168057946112,617.8634393839004,ood_c
1979,data/simulations/mdof/sim_001979.npz,RSN0011_PGA_1p200g,RSN0011,1.2,22.67114746638381,5S_T120,5,1.2000000000000008,0.4111016708179651,bilinear,0.007,0.0893584275965783,0.3115607965622141,0.0078026157412599,452.6496052711537,ood_c
1980,data/simulations/mdof/sim_001980.npz,RSN0012_PGA_0p050g,RSN0012,0.05,1.1989126673449932,3S_T035,3,0.3499999999999998,0.1249135537622733,elastic,0.004,0.0003943797910346,0.0126729121311878,5.904380469101383e-05,0.0517978019352541,ood_a
1981,data/simulations/mdof/sim_001981.npz,RSN0012_PGA_0p050g,RSN0012,0.05,1.1989126673449932,3S_T035,3,0.3499999999999998,0.1249135537622733,bilinear,0.004,0.0003943797910346,0.0126729121311878,5.904380469101398e-05,0.0517978019352543,ood_a
1982,data/simulations/mdof/sim_001982.npz,RSN0012_PGA_0p050g,RSN0012,0.05,1.1989126673449932,3S_T035,3,0.3499999999999998,0.1249135537622733,bilinear,0.007,0.0003943797910346,0.0126729121311878,5.904380469101398e-05,0.0517978019352543,ood_a
1983,data/simulations/mdof/sim_001983.npz,RSN0012_PGA_0p050g,RSN0012,0.05,1.1989126673449932,3S_T060,3,0.6,0.2141375207353256,elastic,0.004,0.001152883708833,0.0124861995050456,0.0001659932259373,0.1709228240887695,ood_a
1984,data/simulations/mdof/sim_001984.npz,RSN0012_PGA_0p050g,RSN0012,0.05,1.1989126673449932,3S_T060,3,0.6,0.2141375207353256,bilinear,0.004,0.001152883708833,0.0124861995050456,0.0001659932259373,0.1709228240887696,ood_a
1985,data/simulations/mdof/sim_001985.npz,RSN0012_PGA_0p050g,RSN0012,0.05,1.1989126673449932,3S_T060,3,0.6,0.2141375207353256,bilinear,0.007,0.001152883708833,0.0124861995050456,0.0001659932259373,0.1709228240887696,ood_a
1986,data/simulations/mdof/sim_001986.npz,RSN0012_PGA_0p050g,RSN0012,0.05,1.1989126673449932,3S_T090,3,0.9,0.3212062811029884,elastic,0.004,0.0020734873478795,0.0125659215270961,0.0002472283693064,0.2857399560777207,ood_a
1987,data/simulations/mdof/sim_001987.npz,RSN0012_PGA_0p050g,RSN0012,0.05,1.1989126673449932,3S_T090,3,0.9,0.3212062811029884,bilinear,0.004,0.0020734873478795,0.0125659215270962,0.0002472283693064,0.285739956077722,ood_a
1988,data/simulations/mdof/sim_001988.npz,RSN0012_PGA_0p050g,RSN0012,0.05,1.1989126673449932,3S_T090,3,0.9,0.3212062811029884,bilinear,0.007,0.0020734873478795,0.0125659215270962,0.0002472283693064,0.285739956077722,ood_a
1989,data/simulations/mdof/sim_001989.npz,RSN0012_PGA_0p050g,RSN0012,0.05,1.1989126673449932,5S_T055,5,0.5499999999999999,0.1884215991249005,elastic,0.004,0.0007452536988822,0.0111902681719976,6.868686773531362e-05,0.1031135102466369,ood_a
1990,data/simulations/mdof/sim_001990.npz,RSN0012_PGA_0p050g,RSN0012,0.05,1.1989126673449932,5S_T055,5,0.5499999999999999,0.1884215991249005,bilinear,0.004,0.0007452536988822,0.0111902681719976,6.868686773531374e-05,0.1031135102466372,ood_a
1991,data/simulations/mdof/sim_001991.npz,RSN0012_PGA_0p050g,RSN0012,0.05,1.1989126673449932,5S_T055,5,0.5499999999999999,0.1884215991249005,bilinear,0.007,0.0007452536988822,0.0111902681719976,6.868686773531374e-05,0.1031135102466372,ood_a
1992,data/simulations/mdof/sim_001992.npz,RSN0012_PGA_0p050g,RSN0012,0.05,1.1989126673449932,5S_T085,5,0.8499999999999999,0.2911970168293918,elastic,0.004,0.0020054850862274,0.0123067642142585,0.0001790860362418,0.3796003309034185,ood_a
1993,data/simulations/mdof/sim_001993.npz,RSN0012_PGA_0p050g,RSN0012,0.05,1.1989126673449932,5S_T085,5,0.8499999999999999,0.2911970168293918,bilinear,0.004,0.0020054850862274,0.0123067642142585,0.0001790860362418,0.3796003309034177,ood_a
1994,data/simulations/mdof/sim_001994.npz,RSN0012_PGA_0p050g,RSN0012,0.05,1.1989126673449932,5S_T085,5,0.8499999999999999,0.2911970168293918,bilinear,0.007,0.0020054850862274,0.0123067642142585,0.0001790860362418,0.3796003309034177,ood_a
1995,data/simulations/mdof/sim_001995.npz,RSN0012_PGA_0p050g,RSN0012,0.05,1.1989126673449932,5S_T120,5,1.2000000000000008,0.4111016708179651,elastic,0.004,0.0025558075258291,0.009969481233718,0.000193077466532,0.3549598884772124,ood_c
1996,data/simulations/mdof/sim_001996.npz,RSN0012_PGA_0p050g,RSN0012,0.05,1.1989126673449932,5S_T120,5,1.2000000000000008,0.4111016708179651,bilinear,0.004,0.0025558075258291,0.009969481233718,0.000193077466532,0.3549598884772116,ood_c
1997,data/simulations/mdof/sim_001997.npz,RSN0012_PGA_0p050g,RSN0012,0.05,1.1989126673449932,5S_T120,5,1.2000000000000008,0.4111016708179651,bilinear,0.007,0.0025558075258291,0.009969481233718,0.000193077466532,0.3549598884772116,ood_c
1998,data/simulations/mdof/sim_001998.npz,RSN0012_PGA_0p100g,RSN0012,0.1,2.3978253346899865,3S_T035,3,0.3499999999999998,0.1249135537622733,elastic,0.004,0.0007887595820692,0.0253458242623757,0.000118087609382,0.2071912077410164,ood_a
1999,data/simulations/mdof/sim_001999.npz,RSN0012_PGA_0p100g,RSN0012,0.1,2.3978253346899865,3S_T035,3,0.3499999999999998,0.1249135537622733,bilinear,0.004,0.0007887595820692,0.0253458242623757,0.000118087609382,0.2071912077410173,ood_a
2000,data/simulations/mdof/sim_002000.npz,RSN0012_PGA_0p100g,RSN0012,0.1,2.3978253346899865,3S_T035,3,0.3499999999999998,0.1249135537622733,bilinear,0.007,0.0007887595820692,0.0253458242623757,0.000118087609382,0.2071912077410173,ood_a
2001,data/simulations/mdof/sim_002001.npz,RSN0012_PGA_0p100g,RSN0012,0.1,2.3978253346899865,3S_T060,3,0.6,0.2141375207353256,elastic,0.004,0.0023057674176661,0.0249723990100913,0.0003319864518747,0.6836912963550782,ood_a
2002,data/simulations/mdof/sim_002002.npz,RSN0012_PGA_0p100g,RSN0012,0.1,2.3978253346899865,3S_T060,3,0.6,0.2141375207353256,bilinear,0.004,0.0023057674176661,0.0249723990100913,0.0003319864518747,0.6836912963550786,ood_a
2003,data/simulations/mdof/sim_002003.npz,RSN0012_PGA_0p100g,RSN0012,0.1,2.3978253346899865,3S_T060,3,0.6,0.2141375207353256,bilinear,0.007,0.0023057674176661,0.0249723990100913,0.0003319864518747,0.6836912963550786,ood_a
2004,data/simulations/mdof/sim_002004.npz,RSN0012_PGA_0p100g,RSN0012,0.1,2.3978253346899865,3S_T090,3,0.9,0.3212062811029884,elastic,0.004,0.004146974695759,0.0251318430541923,0.0004944567386128,1.1429598243108827,ood_a
2005,data/simulations/mdof/sim_002005.npz,RSN0012_PGA_0p100g,RSN0012,0.1,2.3978253346899865,3S_T090,3,0.9,0.3212062811029884,bilinear,0.004,0.004146974695759,0.0251318430541924,0.0004944567386128,1.142959824310888,ood_a
2006,data/simulations/mdof/sim_002006.npz,RSN0012_PGA_0p100g,RSN0012,0.1,2.3978253346899865,3S_T090,3,0.9,0.3212062811029884,bilinear,0.007,0.004146974695759,0.0251318430541924,0.0004944567386128,1.142959824310888,ood_a
2007,data/simulations/mdof/sim_002007.npz,RSN0012_PGA_0p100g,RSN0012,0.1,2.3978253346899865,5S_T055,5,0.5499999999999999,0.1884215991249005,elastic,0.004,0.0014905073977644,0.0223805363439952,0.0001373737354706,0.4124540409865477,ood_a
2008,data/simulations/mdof/sim_002008.npz,RSN0012_PGA_0p100g,RSN0012,0.1,2.3978253346899865,5S_T055,5,0.5499999999999999,0.1884215991249005,bilinear,0.004,0.0014905073977645,0.0223805363439953,0.0001373737354706,0.4124540409865491,ood_a
2009,data/simulations/mdof/sim_002009.npz,RSN0012_PGA_0p100g,RSN0012,0.1,2.3978253346899865,5S_T055,5,0.5499999999999999,0.1884215991249005,bilinear,0.007,0.0014905073977645,0.0223805363439953,0.0001373737354706,0.4124540409865491,ood_a
2010,data/simulations/mdof/sim_002010.npz,RSN0012_PGA_0p100g,RSN0012,0.1,2.3978253346899865,5S_T085,5,0.8499999999999999,0.2911970168293918,elastic,0.004,0.0040109701724548,0.0246135284285171,0.0003581720724837,1.5184013236136742,ood_a
2011,data/simulations/mdof/sim_002011.npz,RSN0012_PGA_0p100g,RSN0012,0.1,2.3978253346899865,5S_T085,5,0.8499999999999999,0.2911970168293918,bilinear,0.004,0.0040109701724548,0.024613528428517,0.0003581720724837,1.5184013236136709,ood_a
2012,data/simulations/mdof/sim_002012.npz,RSN0012_PGA_0p100g,RSN0012,0.1,2.3978253346899865,5S_T085,5,0.8499999999999999,0.2911970168293918,bilinear,0.007,0.0040109701724548,0.024613528428517,0.0003581720724837,1.5184013236136709,ood_a
2013,data/simulations/mdof/sim_002013.npz,RSN0012_PGA_0p100g,RSN0012,0.1,2.3978253346899865,5S_T120,5,1.2000000000000008,0.4111016708179651,elastic,0.004,0.0051116150516582,0.0199389624674361,0.0003861549330641,1.4198395539088495,ood_c
2014,data/simulations/mdof/sim_002014.npz,RSN0012_PGA_0p100g,RSN0012,0.1,2.3978253346899865,5S_T120,5,1.2000000000000008,0.4111016708179651,bilinear,0.004,0.0051116150516582,0.0199389624674361,0.0003861549330641,1.4198395539088464,ood_c
2015,data/simulations/mdof/sim_002015.npz,RSN0012_PGA_0p100g,RSN0012,0.1,2.3978253346899865,5S_T120,5,1.2000000000000008,0.4111016708179651,bilinear,0.007,0.0051116150516582,0.0199389624674361,0.0003861549330641,1.4198395539088464,ood_c
2016,data/simulations/mdof/sim_002016.npz,RSN0012_PGA_0p200g,RSN0012,0.2,4.795650669379973,3S_T035,3,0.3499999999999998,0.1249135537622733,elastic,0.004,0.0015775191641385,0.0506916485247514,0.000236175218764,0.8287648309640656,ood_a
2017,data/simulations/mdof/sim_002017.npz,RSN0012_PGA_0p200g,RSN0012,0.2,4.795650669379973,3S_T035,3,0.3499999999999998,0.1249135537622733,bilinear,0.004,0.0015775191641385,0.0506916485247514,0.000236175218764,0.8287648309640692,ood_a
2018,data/simulations/mdof/sim_002018.npz,RSN0012_PGA_0p200g,RSN0012,0.2,4.795650669379973,3S_T035,3,0.3499999999999998,0.1249135537622733,bilinear,0.007,0.0015775191641385,0.0506916485247514,0.000236175218764,0.8287648309640692,ood_a
2019,data/simulations/mdof/sim_002019.npz,RSN0012_PGA_0p200g,RSN0012,0.2,4.795650669379973,3S_T060,3,0.6,0.2141375207353256,elastic,0.004,0.0046115348353323,0.0499447980201826,0.0006639729037494,2.7347651854203128,ood_a
2020,data/simulations/mdof/sim_002020.npz,RSN0012_PGA_0p200g,RSN0012,0.2,4.795650669379973,3S_T060,3,0.6,0.2141375207353256,bilinear,0.004,0.0046115348353323,0.0499447980201827,0.0006639729037494,2.7347651854203145,ood_a
2021,data/simulations/mdof/sim_002021.npz,RSN0012_PGA_0p200g,RSN0012,0.2,4.795650669379973,3S_T060,3,0.6,0.2141375207353256,bilinear,0.007,0.0046115348353323,0.0499447980201827,0.0006639729037494,2.7347651854203145,ood_a
2022,data/simulations/mdof/sim_002022.npz,RSN0012_PGA_0p200g,RSN0012,0.2,4.795650669379973,3S_T090,3,0.9,0.3212062811029884,elastic,0.004,0.0082939493915181,0.0502636861083846,0.0009889134772256,4.571839297243531,ood_a
2023,data/simulations/mdof/sim_002023.npz,RSN0012_PGA_0p200g,RSN0012,0.2,4.795650669379973,3S_T090,3,0.9,0.3212062811029884,bilinear,0.004,0.0082939493915181,0.0502636861083848,0.0009889134772256,4.571839297243552,ood_a
2024,data/simulations/mdof/sim_002024.npz,RSN0012_PGA_0p200g,RSN0012,0.2,4.795650669379973,3S_T090,3,0.9,0.3212062811029884,bilinear,0.007,0.0082939493915181,0.0502636861083848,0.0009889134772256,4.571839297243552,ood_a
2025,data/simulations/mdof/sim_002025.npz,RSN0012_PGA_0p200g,RSN0012,0.2,4.795650669379973,5S_T055,5,0.5499999999999999,0.1884215991249005,elastic,0.004,0.0029810147955289,0.0447610726879905,0.0002747474709412,1.6498161639461908,ood_a
2026,data/simulations/mdof/sim_002026.npz,RSN0012_PGA_0p200g,RSN0012,0.2,4.795650669379973,5S_T055,5,0.5499999999999999,0.1884215991249005,bilinear,0.004,0.002981014795529,0.0447610726879906,0.0002747474709412,1.6498161639461966,ood_a
2027,data/simulations/mdof/sim_002027.npz,RSN0012_PGA_0p200g,RSN0012,0.2,4.795650669379973,5S_T055,5,0.5499999999999999,0.1884215991249005,bilinear,0.007,0.002981014795529,0.0447610726879906,0.0002747474709412,1.6498161639461966,ood_a
2028,data/simulations/mdof/sim_002028.npz,RSN0012_PGA_0p200g,RSN0012,0.2,4.795650669379973,5S_T085,5,0.8499999999999999,0.2911970168293918,elastic,0.004,0.0080219403449096,0.0492270568570342,0.0007163441449675,6.073605294454697,ood_a
2029,data/simulations/mdof/sim_002029.npz,RSN0012_PGA_0p200g,RSN0012,0.2,4.795650669379973,5S_T085,5,0.8499999999999999,0.2911970168293918,bilinear,0.004,0.0080219403449096,0.049227056857034,0.0007163441449675,6.0736052944546834,ood_a
2030,data/simulations/mdof/sim_002030.npz,RSN0012_PGA_0p200g,RSN0012,0.2,4.795650669379973,5S_T085,5,0.8499999999999999,0.2911970168293918,bilinear,0.007,0.0080219403449096,0.049227056857034,0.0007163441449675,6.0736052944546834,ood_a
2031,data/simulations/mdof/sim_002031.npz,RSN0012_PGA_0p200g,RSN0012,0.2,4.795650669379973,5S_T120,5,1.2000000000000008,0.4111016708179651,elastic,0.004,0.0102232301033164,0.0398779249348723,0.0007723098661282,5.679358215635399,ood_c
2032,data/simulations/mdof/sim_002032.npz,RSN0012_PGA_0p200g,RSN0012,0.2,4.795650669379973,5S_T120,5,1.2000000000000008,0.4111016708179651,bilinear,0.004,0.0102232301033163,0.0398779249348721,0.0007723098661282,5.679358215635379,ood_c
2033,data/simulations/mdof/sim_002033.npz,RSN0012_PGA_0p200g,RSN0012,0.2,4.795650669379973,5S_T120,5,1.2000000000000008,0.4111016708179651,bilinear,0.007,0.0102232301033163,0.0398779249348721,0.0007723098661282,5.679358215635379,ood_c
2034,data/simulations/mdof/sim_002034.npz,RSN0012_PGA_0p300g,RSN0012,0.3,7.193476004069959,3S_T035,3,0.3499999999999998,0.1249135537622733,elastic,0.004,0.0023662787462077,0.0760374727871271,0.000354262828146,1.8647208696691533,ood_a
2035,data/simulations/mdof/sim_002035.npz,RSN0012_PGA_0p300g,RSN0012,0.3,7.193476004069959,3S_T035,3,0.3499999999999998,0.1249135537622733,bilinear,0.004,0.0023662787462077,0.076037472787127,0.000354262828146,1.8647208696691535,ood_a
2036,data/simulations/mdof/sim_002036.npz,RSN0012_PGA_0p300g,RSN0012,0.3,7.193476004069959,3S_T035,3,0.3499999999999998,0.1249135537622733,bilinear,0.007,0.0023662787462077,0.076037472787127,0.000354262828146,1.8647208696691535,ood_a
2037,data/simulations/mdof/sim_002037.npz,RSN0012_PGA_0p300g,RSN0012,0.3,7.193476004069959,3S_T060,3,0.6,0.2141375207353256,elastic,0.004,0.0069173022529985,0.0749171970302742,0.0009959593556241,6.15322166719573,ood_a
2038,data/simulations/mdof/sim_002038.npz,RSN0012_PGA_0p300g,RSN0012,0.3,7.193476004069959,3S_T060,3,0.6,0.2141375207353256,bilinear,0.004,0.0069173022529985,0.0749171970302746,0.0009959593556241,6.1532216671957425,ood_a
2039,data/simulations/mdof/sim_002039.npz,RSN0012_PGA_0p300g,RSN0012,0.3,7.193476004069959,3S_T060,3,0.6,0.2141375207353256,bilinear,0.007,0.0069173022529985,0.0749171970302746,0.0009959593556241,6.1532216671957425,ood_a
2040,data/simulations/mdof/sim_002040.npz,RSN0012_PGA_0p300g,RSN0012,0.3,7.193476004069959,3S_T090,3,0.9,0.3212062811029884,elastic,0.004,0.0124409240872771,0.0753955291625767,0.0014833702158384,10.286638418797915,ood_a
2041,data/simulations/mdof/sim_002041.npz,RSN0012_PGA_0p300g,RSN0012,0.3,7.193476004069959,3S_T090,3,0.9,0.3212062811029884,bilinear,0.004,0.0124409240872771,0.0753955291625771,0.0014833702158384,10.286638418797972,ood_a
2042,data/simulations/mdof/sim_002042.npz,RSN0012_PGA_0p300g,RSN0012,0.3,7.193476004069959,3S_T090,3,0.9,0.3212062811029884,bilinear,0.007,0.0124409240872771,0.0753955291625771,0.0014833702158384,10.286638418797972,ood_a
2043,data/simulations/mdof/sim_002043.npz,RSN0012_PGA_0p300g,RSN0012,0.3,7.193476004069959,5S_T055,5,0.5499999999999999,0.1884215991249005,elastic,0.004,0.0044715221932934,0.067141609031986,0.0004121212064118,3.712086368878936,ood_a
2044,data/simulations/mdof/sim_002044.npz,RSN0012_PGA_0p300g,RSN0012,0.3,7.193476004069959,5S_T055,5,0.5499999999999999,0.1884215991249005,bilinear,0.004,0.0044715221932934,0.0671416090319858,0.0004121212064118,3.712086368878934,ood_a
2045,data/simulations/mdof/sim_002045.npz,RSN0012_PGA_0p300g,RSN0012,0.3,7.193476004069959,5S_T055,5,0.5499999999999999,0.1884215991249005,bilinear,0.007,0.0044715221932934,0.0671416090319858,0.0004121212064118,3.712086368878934,ood_a
2046,data/simulations/mdof/sim_002046.npz,RSN0012_PGA_0p300g,RSN0012,0.3,7.193476004069959,5S_T085,5,0.8499999999999999,0.2911970168293918,elastic,0.004,0.0120329105173645,0.0738405852855506,0.0010745162174512,13.665611912523058,ood_a
2047,data/simulations/mdof/sim_002047.npz,RSN0012_PGA_0p300g,RSN0012,0.3,7.193476004069959,5S_T085,5,0.8499999999999999,0.2911970168293918,bilinear,0.004,0.0120329105173645,0.0738405852855511,0.0010745162174512,13.665611912523127,ood_a
2048,data/simulations/mdof/sim_002048.npz,RSN0012_PGA_0p300g,RSN0012,0.3,7.193476004069959,5S_T085,5,0.8499999999999999,0.2911970168293918,bilinear,0.007,0.0120329105173645,0.0738405852855511,0.0010745162174512,13.665611912523127,ood_a
2049,data/simulations/mdof/sim_002049.npz,RSN0012_PGA_0p300g,RSN0012,0.3,7.193476004069959,5S_T120,5,1.2000000000000008,0.4111016708179651,elastic,0.004,0.0153348451549746,0.059816887402309,0.0011584647991923,12.778555985179668,ood_c
2050,data/simulations/mdof/sim_002050.npz,RSN0012_PGA_0p300g,RSN0012,0.3,7.193476004069959,5S_T120,5,1.2000000000000008,0.4111016708179651,bilinear,0.004,0.0153348451549746,0.0598168874023088,0.0011584647991923,12.778555985179684,ood_c
2051,data/simulations/mdof/sim_002051.npz,RSN0012_PGA_0p300g,RSN0012,0.3,7.193476004069959,5S_T120,5,1.2000000000000008,0.4111016708179651,bilinear,0.007,0.0153348451549746,0.0598168874023088,0.0011584647991923,12.778555985179684,ood_c
2052,data/simulations/mdof/sim_002052.npz,RSN0012_PGA_0p400g,RSN0012,0.4,9.591301338759946,3S_T035,3,0.3499999999999998,0.1249135537622733,elastic,0.004,0.003155038328277,0.1013832970495028,0.0004723504375281,3.3150593238562625,ood_a
2053,data/simulations/mdof/sim_002053.npz,RSN0012_PGA_0p400g,RSN0012,0.4,9.591301338759946,3S_T035,3,0.3499999999999998,0.1249135537622733,bilinear,0.004,0.003155038328277,0.1013832970495029,0.0004723504375281,3.3150593238562767,ood_a
2054,data/simulations/mdof/sim_002054.npz,RSN0012_PGA_0p400g,RSN0012,0.4,9.591301338759946,3S_T035,3,0.3499999999999998,0.1249135537622733,bilinear,0.007,0.003155038328277,0.1013832970495029,0.0004723504375281,3.3150593238562767,ood_a
2055,data/simulations/mdof/sim_002055.npz,RSN0012_PGA_0p400g,RSN0012,0.4,9.591301338759946,3S_T060,3,0.6,0.2141375207353256,elastic,0.004,0.0092230696706646,0.0998895960403653,0.0013279458074989,10.939060741681253,ood_a
2056,data/simulations/mdof/sim_002056.npz,RSN0012_PGA_0p400g,RSN0012,0.4,9.591301338759946,3S_T060,3,0.6,0.2141375207353256,bilinear,0.004,0.0092230696706647,0.0998895960403655,0.0013279458074989,10.939060741681258,ood_a
2057,data/simulations/mdof/sim_002057.npz,RSN0012_PGA_0p400g,RSN0012,0.4,9.591301338759946,3S_T060,3,0.6,0.2141375207353256,bilinear,0.007,0.0092230696706647,0.0998895960403655,0.0013279458074989,10.939060741681258,ood_a
2058,data/simulations/mdof/sim_002058.npz,RSN0012_PGA_0p400g,RSN0012,0.4,9.591301338759946,3S_T090,3,0.9,0.3212062811029884,elastic,0.004,0.0165878987830362,0.1005273722167692,0.0019778269544512,18.287357188974124,ood_a
2059,data/simulations/mdof/sim_002059.npz,RSN0012_PGA_0p400g,RSN0012,0.4,9.591301338759946,3S_T090,3,0.9,0.3212062811029884,bilinear,0.004,0.0165878987830362,0.1005273722167697,0.0019778269544512,18.28735718897421,ood_a
2060,data/simulations/mdof/sim_002060.npz,RSN0012_PGA_0p400g,RSN0012,0.4,9.591301338759946,3S_T090,3,0.9,0.3212062811029884,bilinear,0.007,0.0165878987830362,0.1005273722167697,0.0019778269544512,18.28735718897421,ood_a
2061,data/simulations/mdof/sim_002061.npz,RSN0012_PGA_0p400g,RSN0012,0.4,9.591301338759946,5S_T055,5,0.5499999999999999,0.1884215991249005,elastic,0.004,0.0059620295910579,0.089522145375981,0.0005494949418825,6.599264655784763,ood_a
2062,data/simulations/mdof/sim_002062.npz,RSN0012_PGA_0p400g,RSN0012,0.4,9.591301338759946,5S_T055,5,0.5499999999999999,0.1884215991249005,bilinear,0.004,0.005962029591058,0.0895221453759813,0.0005494949418825,6.599264655784786,ood_a
2063,data/simulations/mdof/sim_002063.npz,RSN0012_PGA_0p400g,RSN0012,0.4,9.591301338759946,5S_T055,5,0.5499999999999999,0.1884215991249005,bilinear,0.007,0.005962029591058,0.0895221453759813,0.0005494949418825,6.599264655784786,ood_a
2064,data/simulations/mdof/sim_002064.npz,RSN0012_PGA_0p400g,RSN0012,0.4,9.591301338759946,5S_T085,5,0.8499999999999999,0.2911970168293918,elastic,0.004,0.0160438806898193,0.0984541137140685,0.001432688289935,24.294421177818787,ood_a
2065,data/simulations/mdof/sim_002065.npz,RSN0012_PGA_0p400g,RSN0012,0.4,9.591301338759946,5S_T085,5,0.8499999999999999,0.2911970168293918,bilinear,0.004,0.0160438806898193,0.0984541137140683,0.001432688289935,24.294421177818904,ood_a
2066,data/simulations/mdof/sim_002066.npz,RSN0012_PGA_0p400g,RSN0012,0.4,9.591301338759946,5S_T085,5,0.8499999999999999,0.2911970168293918,bilinear,0.007,0.0160438806898193,0.0984541137140683,0.001432688289935,24.294421177818904,ood_a
2067,data/simulations/mdof/sim_002067.npz,RSN0012_PGA_0p400g,RSN0012,0.4,9.591301338759946,5S_T120,5,1.2000000000000008,0.4111016708179651,elastic,0.004,0.0204464602066328,0.0797558498697447,0.0015446197322565,22.717432862541596,ood_c
2068,data/simulations/mdof/sim_002068.npz,RSN0012_PGA_0p400g,RSN0012,0.4,9.591301338759946,5S_T120,5,1.2000000000000008,0.4111016708179651,bilinear,0.004,0.0204464602066327,0.0797558498697442,0.0015446197322565,22.71743286254151,ood_c
2069,data/simulations/mdof/sim_002069.npz,RSN0012_PGA_0p400g,RSN0012,0.4,9.591301338759946,5S_T120,5,1.2000000000000008,0.4111016708179651,bilinear,0.007,0.0204464602066327,0.0797558498697442,0.0015446197322565,22.71743286254151,ood_c
2070,data/simulations/mdof/sim_002070.npz,RSN0012_PGA_0p500g,RSN0012,0.5,11.989126673449933,3S_T035,3,0.3499999999999998,0.1249135537622733,elastic,0.004,0.0039437979103463,0.1267291213118786,0.0005904380469101,5.179780193525428,ood_a
2071,data/simulations/mdof/sim_002071.npz,RSN0012_PGA_0p500g,RSN0012,0.5,11.989126673449933,3S_T035,3,0.3499999999999998,0.1249135537622733,bilinear,0.004,0.0039437979103463,0.1267291213118787,0.0005904380469101,5.179780193525434,ood_a
2072,data/simulations/mdof/sim_002072.npz,RSN0012_PGA_0p500g,RSN0012,0.5,11.989126673449933,3S_T035,3,0.3499999999999998,0.1249135537622733,bilinear,0.007,0.0039437979103463,0.1267291213118787,0.0005904380469101,5.179780193525434,ood_a
2073,data/simulations/mdof/sim_002073.npz,RSN0012_PGA_0p500g,RSN0012,0.5,11.989126673449933,3S_T060,3,0.6,0.2141375207353256,elastic,0.004,0.0115288370883308,0.1248619950504572,0.0016599322593736,17.092282408876915,ood_a
2074,data/simulations/mdof/sim_002074.npz,RSN0012_PGA_0p500g,RSN0012,0.5,11.989126673449933,3S_T060,3,0.6,0.2141375207353256,bilinear,0.004,0.0115288370883308,0.1248619950504571,0.0016599322593736,17.09228240887685,ood_a
2075,data/simulations/mdof/sim_002075.npz,RSN0012_PGA_0p500g,RSN0012,0.5,11.989126673449933,3S_T060,3,0.6,0.2141375207353256,bilinear,0.007,0.0115288370883308,0.1248619950504571,0.0016599322593736,17.09228240887685,ood_a
2076,data/simulations/mdof/sim_002076.npz,RSN0012_PGA_0p500g,RSN0012,0.5,11.989126673449933,3S_T090,3,0.9,0.3212062811029884,elastic,0.004,0.0207348734787952,0.1256592152709615,0.002472283693064,28.57399560777216,ood_a
2077,data/simulations/mdof/sim_002077.npz,RSN0012_PGA_0p500g,RSN0012,0.5,11.989126673449933,3S_T090,3,0.9,0.3212062811029884,bilinear,0.004,0.0207348734787952,0.1256592152709618,0.002472283693064,28.573995607772034,ood_a
2078,data/simulations/mdof/sim_002078.npz,RSN0012_PGA_0p500g,RSN0012,0.5,11.989126673449933,3S_T090,3,0.9,0.3212062811029884,bilinear,0.007,0.0207348734787952,0.1256592152709618,0.002472283693064,28.573995607772034,ood_a
2079,data/simulations/mdof/sim_002079.npz,RSN0012_PGA_0p500g,RSN0012,0.5,11.989126673449933,5S_T055,5,0.5499999999999999,0.1884215991249005,elastic,0.004,0.0074525369888224,0.1119026817199767,0.0006868686773531,10.311351024663727,ood_a
2080,data/simulations/mdof/sim_002080.npz,RSN0012_PGA_0p500g,RSN0012,0.5,11.989126673449933,5S_T055,5,0.5499999999999999,0.1884215991249005,bilinear,0.004,0.0074525369888224,0.1119026817199764,0.0006868686773531,10.311351024663708,ood_a
2081,data/simulations/mdof/sim_002081.npz,RSN0012_PGA_0p500g,RSN0012,0.5,11.989126673449933,5S_T055,5,0.5499999999999999,0.1884215991249005,bilinear,0.007,0.0074525369888224,0.1119026817199764,0.0006868686773531,10.311351024663708,ood_a
2082,data/simulations/mdof/sim_002082.npz,RSN0012_PGA_0p500g,RSN0012,0.5,11.989126673449933,5S_T085,5,0.8499999999999999,0.2911970168293918,elastic,0.004,0.0200548508622741,0.1230676421425854,0.0017908603624187,37.96003309034178,ood_a
2083,data/simulations/mdof/sim_002083.npz,RSN0012_PGA_0p500g,RSN0012,0.5,11.989126673449933,5S_T085,5,0.8499999999999999,0.2911970168293918,bilinear,0.004,0.0200548508622742,0.1230676421425858,0.0017908603624188,37.96003309034192,ood_a
2084,data/simulations/mdof/sim_002084.npz,RSN0012_PGA_0p500g,RSN0012,0.5,11.989126673449933,5S_T085,5,0.8499999999999999,0.2911970168293918,bilinear,0.007,0.0200548508622742,0.1230676421425858,0.0017908603624188,37.96003309034192,ood_a
2085,data/simulations/mdof/sim_002085.npz,RSN0012_PGA_0p500g,RSN0012,0.5,11.989126673449933,5S_T120,5,1.2000000000000008,0.4111016708179651,elastic,0.004,0.025558075258291,0.0996948123371801,0.0019307746653206,35.495988847721115,ood_c
2086,data/simulations/mdof/sim_002086.npz,RSN0012_PGA_0p500g,RSN0012,0.5,11.989126673449933,5S_T120,5,1.2000000000000008,0.4111016708179651,bilinear,0.004,0.025558075258291,0.0996948123371805,0.0019307746653206,35.49598884772113,ood_c
2087,data/simulations/mdof/sim_002087.npz,RSN0012_PGA_0p500g,RSN0012,0.5,11.989126673449933,5S_T120,5,1.2000000000000008,0.4111016708179651,bilinear,0.007,0.025558075258291,0.0996948123371805,0.0019307746653206,35.49598884772113,ood_c
2088,data/simulations/mdof/sim_002088.npz,RSN0012_PGA_0p600g,RSN0012,0.6,14.386952008139918,3S_T035,3,0.3499999999999998,0.1249135537622733,elastic,0.004,0.0047325574924155,0.1520749455742543,0.0007085256562921,7.458883478676613,ood_a
2089,data/simulations/mdof/sim_002089.npz,RSN0012_PGA_0p600g,RSN0012,0.6,14.386952008139918,3S_T035,3,0.3499999999999998,0.1249135537622733,bilinear,0.004,0.0047325574924155,0.152074945574254,0.0007085256562921,7.458883478676615,ood_a
2090,data/simulations/mdof/sim_002090.npz,RSN0012_PGA_0p600g,RSN0012,0.6,14.386952008139918,3S_T035,3,0.3499999999999998,0.1249135537622733,bilinear,0.007,0.0047325574924155,0.152074945574254,0.0007085256562921,7.458883478676615,ood_a
2091,data/simulations/mdof/sim_002091.npz,RSN0012_PGA_0p600g,RSN0012,0.6,14.386952008139918,3S_T060,3,0.6,0.2141375207353256,elastic,0.004,0.013834604505997,0.1498343940605484,0.0019919187112483,24.61288666878292,ood_a
2092,data/simulations/mdof/sim_002092.npz,RSN0012_PGA_0p600g,RSN0012,0.6,14.386952008139918,3S_T060,3,0.6,0.2141375207353256,bilinear,0.004,0.013834604505997,0.1498343940605493,0.0019919187112483,24.61288666878297,ood_a
2093,data/simulations/mdof/sim_002093.npz,RSN0012_PGA_0p600g,RSN0012,0.6,14.386952008139918,3S_T060,3,0.6,0.2141375207353256,bilinear,0.007,0.013834604505997,0.1498343940605493,0.0019919187112483,24.61288666878297,ood_a
2094,data/simulations/mdof/sim_002094.npz,RSN0012_PGA_0p600g,RSN0012,0.6,14.386952008139918,3S_T090,3,0.9,0.3212062811029884,elastic,0.004,0.0248818481745543,0.1507910583251535,0.0029667404316769,41.14655367519167,ood_a
2095,data/simulations/mdof/sim_002095.npz,RSN0012_PGA_0p600g,RSN0012,0.6,14.386952008139918,3S_T090,3,0.9,0.3212062811029884,bilinear,0.004,0.0248818481745543,0.1507910583251542,0.0029667404316769,41.14655367519189,ood_a
2096,data/simulations/mdof/sim_002096.npz,RSN0012_PGA_0p600g,RSN0012,0.6,14.386952008139918,3S_T090,3,0.9,0.3212062811029884,bilinear,0.007,0.0248818481745543,0.1507910583251542,0.0029667404316769,41.14655367519189,ood_a
2097,data/simulations/mdof/sim_002097.npz,RSN0012_PGA_0p600g,RSN0012,0.6,14.386952008139918,5S_T055,5,0.5499999999999999,0.1884215991249005,elastic,0.004,0.0089430443865869,0.1342832180639721,0.0008242424128237,14.848345475515742,ood_a
2098,data/simulations/mdof/sim_002098.npz,RSN0012_PGA_0p600g,RSN0012,0.6,14.386952008139918,5S_T055,5,0.5499999999999999,0.1884215991249005,bilinear,0.004,0.0089430443865869,0.1342832180639716,0.0008242424128237,14.848345475515735,ood_a
2099,data/simulations/mdof/sim_002099.npz,RSN0012_PGA_0p600g,RSN0012,0.6,14.386952008139918,5S_T055,5,0.5499999999999999,0.1884215991249005,bilinear,0.007,0.0089430443865869,0.1342832180639716,0.0008242424128237,14.848345475515735,ood_a
2100,data/simulations/mdof/sim_002100.npz,RSN0012_PGA_0p600g,RSN0012,0.6,14.386952008139918,5S_T085,5,0.8499999999999999,0.2911970168293918,elastic,0.004,0.024065821034729,0.1476811705711012,0.0021490324349025,54.66244765009223,ood_a
2101,data/simulations/mdof/sim_002101.npz,RSN0012_PGA_0p600g,RSN0012,0.6,14.386952008139918,5S_T085,5,0.8499999999999999,0.2911970168293918,bilinear,0.004,0.024065821034729,0.147681170571102,0.0021490324349025,54.66244765009253,ood_a
2102,data/simulations/mdof/sim_002102.npz,RSN0012_PGA_0p600g,RSN0012,0.6,14.386952008139918,5S_T085,5,0.8499999999999999,0.2911970168293918,bilinear,0.007,0.024065821034729,0.147681170571102,0.0021490324349025,54.66244765009253,ood_a
2103,data/simulations/mdof/sim_002103.npz,RSN0012_PGA_0p600g,RSN0012,0.6,14.386952008139918,5S_T120,5,1.2000000000000008,0.4111016708179651,elastic,0.004,0.0306696903099492,0.119633774804618,0.0023169295983847,51.114223940718674,ood_c
2104,data/simulations/mdof/sim_002104.npz,RSN0012_PGA_0p600g,RSN0012,0.6,14.386952008139918,5S_T120,5,1.2000000000000008,0.4111016708179651,bilinear,0.004,0.0306696903099493,0.1196337748046176,0.0023169295983847,51.11422394071873,ood_c
2105,data/simulations/mdof/sim_002105.npz,RSN0012_PGA_0p600g,RSN0012,0.6,14.386952008139918,5S_T120,5,1.2000000000000008,0.4111016708179651,bilinear,0.007,0.0306696903099493,0.1196337748046176,0.0023169295983847,51.11422394071873,ood_c
2106,data/simulations/mdof/sim_002106.npz,RSN0012_PGA_0p800g,RSN0012,0.8,19.182602677519892,3S_T035,3,0.3499999999999998,0.1249135537622733,elastic,0.004,0.006310076656554,0.2027665940990056,0.0009447008750562,13.26023729542505,ood_a
2107,data/simulations/mdof/sim_002107.npz,RSN0012_PGA_0p800g,RSN0012,0.8,19.182602677519892,3S_T035,3,0.3499999999999998,0.1249135537622733,bilinear,0.004,0.0063100766565541,0.2027665940990059,0.0009447008750562,13.260237295425108,ood_a
2108,data/simulations/mdof/sim_002108.npz,RSN0012_PGA_0p800g,RSN0012,0.8,19.182602677519892,3S_T035,3,0.3499999999999998,0.1249135537622733,bilinear,0.007,0.0063100766565541,0.2027665940990059,0.0009447008750562,13.260237295425108,ood_a
2109,data/simulations/mdof/sim_002109.npz,RSN0012_PGA_0p800g,RSN0012,0.8,19.182602677519892,3S_T060,3,0.6,0.2141375207353256,elastic,0.004,0.0184461393413293,0.1997791920807307,0.0026558916149978,43.75624296672501,ood_a
2110,data/simulations/mdof/sim_002110.npz,RSN0012_PGA_0p800g,RSN0012,0.8,19.182602677519892,3S_T060,3,0.6,0.2141375207353256,bilinear,0.004,0.0184461393413294,0.1997791920807311,0.0026558916149978,43.75624296672503,ood_a
2111,data/simulations/mdof/sim_002111.npz,RSN0012_PGA_0p800g,RSN0012,0.8,19.182602677519892,3S_T060,3,0.6,0.2141375207353256,bilinear,0.007,0.0184461393413294,0.1997791920807311,0.0026558916149978,43.75624296672503,ood_a
2112,data/simulations/mdof/sim_002112.npz,RSN0012_PGA_0p800g,RSN0012,0.8,19.182602677519892,3S_T090,3,0.9,0.3212062811029884,elastic,0.004,0.0331757975660724,0.2010547444335385,0.0039556539089025,73.1494287558965,ood_a
2113,data/simulations/mdof/sim_002113.npz,RSN0012_PGA_0p800g,RSN0012,0.8,19.182602677519892,3S_T090,3,0.9,0.3212062811029884,bilinear,0.004,0.0331757975660725,0.2010547444335395,0.0039556539089025,73.14942875589684,ood_a
2114,data/simulations/mdof/sim_002114.npz,RSN0012_PGA_0p800g,RSN0012,0.8,19.182602677519892,3S_T090,3,0.9,0.3212062811029884,bilinear,0.007,0.0331757975660725,0.2010547444335395,0.0039556539089025,73.14942875589684,ood_a
2115,data/simulations/mdof/sim_002115.npz,RSN0012_PGA_0p800g,RSN0012,0.8,19.182602677519892,5S_T055,5,0.5499999999999999,0.1884215991249005,elastic,0.004,0.0119240591821159,0.179044290751962,0.001098989883765,26.397058623139053,ood_a
2116,data/simulations/mdof/sim_002116.npz,RSN0012_PGA_0p800g,RSN0012,0.8,19.182602677519892,5S_T055,5,0.5499999999999999,0.1884215991249005,bilinear,0.004,0.011924059182116,0.1790442907519626,0.001098989883765,26.397058623139145,ood_a
2117,data/simulations/mdof/sim_002117.npz,RSN0012_PGA_0p800g,RSN0012,0.8,19.182602677519892,5S_T055,5,0.5499999999999999,0.1884215991249005,bilinear,0.007,0.011924059182116,0.1790442907519626,0.001098989883765,26.397058623139145,ood_a
2118,data/simulations/mdof/sim_002118.npz,RSN0012_PGA_0p800g,RSN0012,0.8,19.182602677519892,5S_T085,5,0.8499999999999999,0.2911970168293918,elastic,0.004,0.0320877613796386,0.196908227428137,0.00286537657987,97.17768471127516,ood_a
2119,data/simulations/mdof/sim_002119.npz,RSN0012_PGA_0p800g,RSN0012,0.8,19.182602677519892,5S_T085,5,0.8499999999999999,0.2911970168293918,bilinear,0.004,0.0320877613796387,0.1969082274281366,0.00286537657987,97.17768471127562,ood_a
2120,data/simulations/mdof/sim_002120.npz,RSN0012_PGA_0p800g,RSN0012,0.8,19.182602677519892,5S_T085,5,0.8499999999999999,0.2911970168293918,bilinear,0.007,0.0320877613796387,0.1969082274281366,0.00286537657987,97.17768471127562,ood_a
2121,data/simulations/mdof/sim_002121.npz,RSN0012_PGA_0p800g,RSN0012,0.8,19.182602677519892,5S_T120,5,1.2000000000000008,0.4111016708179651,elastic,0.004,0.0408929204132656,0.1595116997394894,0.003089239464513,90.86973145016638,ood_c
2122,data/simulations/mdof/sim_002122.npz,RSN0012_PGA_0p800g,RSN0012,0.8,19.182602677519892,5S_T120,5,1.2000000000000008,0.4111016708179651,bilinear,0.004,0.0408929204132655,0.1595116997394885,0.003089239464513,90.86973145016606,ood_c
2123,data/simulations/mdof/sim_002123.npz,RSN0012_PGA_0p800g,RSN0012,0.8,19.182602677519892,5S_T120,5,1.2000000000000008,0.4111016708179651,bilinear,0.007,0.0408929204132655,0.1595116997394885,0.003089239464513,90.86973145016606,ood_c
2124,data/simulations/mdof/sim_002124.npz,RSN0012_PGA_1p000g,RSN0012,1.0,23.978253346899866,3S_T035,3,0.3499999999999998,0.1249135537622733,elastic,0.004,0.0078875958206926,0.2534582426237573,0.0011808760938202,20.71912077410171,ood_a
2125,data/simulations/mdof/sim_002125.npz,RSN0012_PGA_1p000g,RSN0012,1.0,23.978253346899866,3S_T035,3,0.3499999999999998,0.1249135537622733,bilinear,0.004,0.0078875958206926,0.2534582426237575,0.0011808760938202,20.719120774101736,ood_a
2126,data/simulations/mdof/sim_002126.npz,RSN0012_PGA_1p000g,RSN0012,1.0,23.978253346899866,3S_T035,3,0.3499999999999998,0.1249135537622733,bilinear,0.007,0.0078875958206926,0.2534582426237575,0.0011808760938202,20.719120774101736,ood_a
2127,data/simulations/mdof/sim_002127.npz,RSN0012_PGA_1p000g,RSN0012,1.0,23.978253346899866,3S_T060,3,0.6,0.2141375207353256,elastic,0.004,0.0230576741766617,0.2497239901009145,0.0033198645187472,68.36912963550766,ood_a
2128,data/simulations/mdof/sim_002128.npz,RSN0012_PGA_1p000g,RSN0012,1.0,23.978253346899866,3S_T060,3,0.6,0.2141375207353256,bilinear,0.004,0.0230576741766616,0.2497239901009143,0.0033198645187472,68.3691296355074,ood_a
2129,data/simulations/mdof/sim_002129.npz,RSN0012_PGA_1p000g,RSN0012,1.0,23.978253346899866,3S_T060,3,0.6,0.2141375207353256,bilinear,0.007,0.0230576741766616,0.2497239901009143,0.0033198645187472,68.3691296355074,ood_a
2130,data/simulations/mdof/sim_002130.npz,RSN0012_PGA_1p000g,RSN0012,1.0,23.978253346899866,3S_T090,3,0.9,0.3212062811029884,elastic,0.004,0.0414697469575905,0.251318430541923,0.0049445673861281,114.29598243108865,ood_a
2131,data/simulations/mdof/sim_002131.npz,RSN0012_PGA_1p000g,RSN0012,1.0,23.978253346899866,3S_T090,3,0.9,0.3212062811029884,bilinear,0.004,0.0358428313851169,0.2458196355144576,0.0045502282347265,130.2128516566214,ood_a
2132,data/simulations/mdof/sim_002132.npz,RSN0012_PGA_1p000g,RSN0012,1.0,23.978253346899866,3S_T090,3,0.9,0.3212062811029884,bilinear,0.007,0.0414697469575905,0.2513184305419236,0.0049445673861281,114.29598243108812,ood_a
2133,data/simulations/mdof/sim_002133.npz,RSN0012_PGA_1p000g,RSN0012,1.0,23.978253346899866,5S_T055,5,0.5499999999999999,0.1884215991249005,elastic,0.004,0.0149050739776449,0.2238053634399534,0.0013737373547062,41.24540409865491,ood_a
2134,data/simulations/mdof/sim_002134.npz,RSN0012_PGA_1p000g,RSN0012,1.0,23.978253346899866,5S_T055,5,0.5499999999999999,0.1884215991249005,bilinear,0.004,0.0149050739776449,0.2238053634399529,0.0013737373547062,41.24540409865483,ood_a
2135,data/simulations/mdof/sim_002135.npz,RSN0012_PGA_1p000g,RSN0012,1.0,23.978253346899866,5S_T055,5,0.5499999999999999,0.1884215991249005,bilinear,0.007,0.0149050739776449,0.2238053634399529,0.0013737373547062,41.24540409865483,ood_a
2136,data/simulations/mdof/sim_002136.npz,RSN0012_PGA_1p000g,RSN0012,1.0,23.978253346899866,5S_T085,5,0.8499999999999999,0.2911970168293918,elastic,0.004,0.0401097017245483,0.2461352842851709,0.0035817207248375,151.84013236136713,ood_a
2137,data/simulations/mdof/sim_002137.npz,RSN0012_PGA_1p000g,RSN0012,1.0,23.978253346899866,5S_T085,5,0.8499999999999999,0.2911970168293918,bilinear,0.004,0.0401097017245484,0.2461352842851716,0.0035817207248376,151.8401323613677,ood_a
2138,data/simulations/mdof/sim_002138.npz,RSN0012_PGA_1p000g,RSN0012,1.0,23.978253346899866,5S_T085,5,0.8499999999999999,0.2911970168293918,bilinear,0.007,0.0401097017245484,0.2461352842851716,0.0035817207248376,151.8401323613677,ood_a
2139,data/simulations/mdof/sim_002139.npz,RSN0012_PGA_1p000g,RSN0012,1.0,23.978253346899866,5S_T120,5,1.2000000000000008,0.4111016708179651,elastic,0.004,0.051116150516582,0.1993896246743603,0.0038615493306412,141.98395539088446,ood_c
2140,data/simulations/mdof/sim_002140.npz,RSN0012_PGA_1p000g,RSN0012,1.0,23.978253346899866,5S_T120,5,1.2000000000000008,0.4111016708179651,bilinear,0.004,0.051116150516582,0.1993896246743611,0.0038615493306412,141.98395539088452,ood_c
2141,data/simulations/mdof/sim_002141.npz,RSN0012_PGA_1p000g,RSN0012,1.0,23.978253346899866,5S_T120,5,1.2000000000000008,0.4111016708179651,bilinear,0.007,0.051116150516582,0.1993896246743611,0.0038615493306412,141.98395539088452,ood_c
2142,data/simulations/mdof/sim_002142.npz,RSN0012_PGA_1p200g,RSN0012,1.2,28.773904016279836,3S_T035,3,0.3499999999999998,0.1249135537622733,elastic,0.004,0.0094651149848311,0.3041498911485087,0.0014170513125843,29.835533914706453,ood_a
2143,data/simulations/mdof/sim_002143.npz,RSN0012_PGA_1p200g,RSN0012,1.2,28.773904016279836,3S_T035,3,0.3499999999999998,0.1249135537622733,bilinear,0.004,0.0094651149848311,0.304149891148508,0.0014170513125843,29.83553391470646,ood_a
2144,data/simulations/mdof/sim_002144.npz,RSN0012_PGA_1p200g,RSN0012,1.2,28.773904016279836,3S_T035,3,0.3499999999999998,0.1249135537622733,bilinear,0.007,0.0094651149848311,0.304149891148508,0.0014170513125843,29.83553391470646,ood_a
2145,data/simulations/mdof/sim_002145.npz,RSN0012_PGA_1p200g,RSN0012,1.2,28.773904016279836,3S_T060,3,0.6,0.2141375207353256,elastic,0.004,0.0276692090119941,0.2996687881210969,0.0039838374224967,98.45154667513168,ood_a
2146,data/simulations/mdof/sim_002146.npz,RSN0012_PGA_1p200g,RSN0012,1.2,28.773904016279836,3S_T060,3,0.6,0.2141375207353256,bilinear,0.004,0.0276692090119941,0.2996687881210986,0.0039838374224967,98.45154667513188,ood_a
2147,data/simulations/mdof/sim_002147.npz,RSN0012_PGA_1p200g,RSN0012,1.2,28.773904016279836,3S_T060,3,0.6,0.2141375207353256,bilinear,0.007,0.0276692090119941,0.2996687881210986,0.0039838374224967,98.45154667513188,ood_a
2148,data/simulations/mdof/sim_002148.npz,RSN0012_PGA_1p200g,RSN0012,1.2,28.773904016279836,3S_T090,3,0.9,0.3212062811029884,elastic,0.004,0.0497636963491086,0.3015821166503071,0.0059334808633538,164.58621470076667,ood_a
2149,data/simulations/mdof/sim_002149.npz,RSN0012_PGA_1p200g,RSN0012,1.2,28.773904016279836,3S_T090,3,0.9,0.3212062811029884,bilinear,0.004,0.0414359435435336,0.2765082570016981,0.0059645483302769,204.77341922940784,ood_a
2150,data/simulations/mdof/sim_002150.npz,RSN0012_PGA_1p200g,RSN0012,1.2,28.773904016279836,3S_T090,3,0.9,0.3212062811029884,bilinear,0.007,0.0497636963491087,0.3015821166503085,0.0059334808633538,164.58621470076756,ood_a
2151,data/simulations/mdof/sim_002151.npz,RSN0012_PGA_1p200g,RSN0012,1.2,28.773904016279836,5S_T055,5,0.5499999999999999,0.1884215991249005,elastic,0.004,0.0178860887731739,0.2685664361279442,0.0016484848256475,59.39338190206297,ood_a
2152,data/simulations/mdof/sim_002152.npz,RSN0012_PGA_1p200g,RSN0012,1.2,28.773904016279836,5S_T055,5,0.5499999999999999,0.1884215991249005,bilinear,0.004,0.0178860887731739,0.2685664361279433,0.0016484848256475,59.39338190206294,ood_a
2153,data/simulations/mdof/sim_002153.npz,RSN0012_PGA_1p200g,RSN0012,1.2,28.773904016279836,5S_T055,5,0.5499999999999999,0.1884215991249005,bilinear,0.007,0.0178860887731739,0.2685664361279433,0.0016484848256475,59.39338190206294,ood_a
2154,data/simulations/mdof/sim_002154.npz,RSN0012_PGA_1p200g,RSN0012,1.2,28.773904016279836,5S_T085,5,0.8499999999999999,0.2911970168293918,elastic,0.004,0.048131642069458,0.2953623411422025,0.0042980648698051,218.64979060036893,ood_a
2155,data/simulations/mdof/sim_002155.npz,RSN0012_PGA_1p200g,RSN0012,1.2,28.773904016279836,5S_T085,5,0.8499999999999999,0.2911970168293918,bilinear,0.004,0.0481317645415479,0.2953623411422041,0.0045822700923846,223.28123903578373,ood_a
2156,data/simulations/mdof/sim_002156.npz,RSN0012_PGA_1p200g,RSN0012,1.2,28.773904016279836,5S_T085,5,0.8499999999999999,0.2911970168293918,bilinear,0.007,0.0481316420694581,0.2953623411422041,0.0042980648698051,218.64979060037012,ood_a
2157,data/simulations/mdof/sim_002157.npz,RSN0012_PGA_1p200g,RSN0012,1.2,28.773904016279836,5S_T120,5,1.2000000000000008,0.4111016708179651,elastic,0.004,0.0613393806198985,0.239267549609236,0.0046338591967695,204.4568957628747,ood_c
2158,data/simulations/mdof/sim_002158.npz,RSN0012_PGA_1p200g,RSN0012,1.2,28.773904016279836,5S_T120,5,1.2000000000000008,0.4111016708179651,bilinear,0.004,0.0565786805364138,0.2423147767967185,0.0047689209616107,210.5243443225899,ood_c
2159,data/simulations/mdof/sim_002159.npz,RSN0012_PGA_1p200g,RSN0012,1.2,28.773904016279836,5S_T120,5,1.2000000000000008,0.4111016708179651,bilinear,0.007,0.0613393806198986,0.2392675496092352,0.0046338591967695,204.45689576287492,ood_c
